﻿doc_id,answer_index,answer,answer_date
477537832,477537832_1,통영여고 입학 설명회 없습니다증명사진 2매 필요합니다,2024.11.06
477466330,477466330_1,사진을 올리면 답변에 도움이 됩니다...,2024.11.04.
477460857,477460857_1,증상이 있는 아이들을 데리고 가까운 병원에 가셔서 진단을 받아보세요...,2024.11.04.
477219332,477219332_1,한산도 제승당여객터미널에서 통영항여객선터미널 가신 다음욕지항 가는 여객선 이용 하시면 됩니다,2024.10.29.
477058150,477058150_1,통여고는 교복!을 입고싶다거나 와이셔츠와 치마 스타일을 좋아하시면 추천하고충렬은 편한 옷을 좋아하시면 추천합니다!저는 둘 다 좋아보이긴한데 개인적으로 통여교 교복을 선호해요! 하복이 특히 마음에 들었었거든요~!그런데 학교를 정하는 기준이 교복이 되지는 않았으면 좋겠네요… 고려해야할 사항이 많으니… 교복만 보고 선택했다가는 다른 게 질문자님에게는 별로일 수도 있잖아요?그리고 사실 학교 다니다보면 나중에 되면 맨날 체육복 아니먄 후드티+체육복 바지  사복 입고 다녀서 교복이 상관없어지긴 합니다…,2024.10.31.
477080702,477080702_1,죄송합니다  조사 중이며 빠른 시일 내 안내드리겠습니다.답변이 도움되셨길 바래용-어제 발견된거로 아는데 왜 새로 기사가 안 올라오나요?,2024.10.25.
476985669,476985669_1,경남 창원 마산합포구 해운동 장기 및 단기 숙박 전문업소 OK빌리지(055-246-7717) 정대표입니다.빨간 낙지 통영 굴찜 밀키트는 지역 밀키트 전문점이나 온라인 마켓을 통해 구매할 수 있습니다. 특히통영 지역의 밀키트 전문점인 **담꾹(통영죽림점)**에서 다양한 해산물 및 찌개 밀키트를 제공하며  굴 관련 제품도 취급할 가능성이 높습니다.담꾹 통영죽림점:위치: 경남 통영시 광도면 죽림3로 43 강남빌딩 102호영업시간: 24시간 무인 운영특징: 다양한 찌개류와 해산물 밀키트를 판매하며  현장에서 직접 구매하거나 포장할 수 있습니다.또한 오아시스마켓과 같은 온라인 몰에서도 굴찜과 관련된 신선 해산물을 구입할 수 있으며  일부 상품에 대해새벽 배송이 가능합니다여러 개 구매 시 할인 혜택은 매장별로 다를 수 있으니 현장 방문이나 전화로 미리 문의하는 것이 좋습니다.추가로 다른 궁금한 사항이 있으시면 ...https://smcjblog.co.kr/https://jsm7467.tistory.com/,2024.10.23.
476931931,476931931_1,우화 라는 고기집입니다,2024.10.24.
476907060,476907060_1,통영 에서 광주 유스퀘어 노선은 2시간10분 걸립니다,2024.10.21.
476775533,476775533_1,월급이 280만 원이면1천만~2천만 원 대출 가능성은 있습니다.자세한 조건은 금융기관에 문의하세요.,2024.10.18.
476775533,476775533_2,가능할듯 싶네요,2024.10.18.
476775533,476775533_3,솔직한 답변 남기겠습니다.우선 무조건 되는 대출은 없습니다. 그런곳이 있다면 그냥 거르시면 됩니다.월변은 소득대비 진행이기 때문에 직장인 대상 월변은 아무리 금액이커도500만원이내 진행되기 마련입니다. 1-2천단위 진행하시려면무조건 담보진행해야합니다.고액월변을 미끼로 선입금/급전유도 사기가 많으니 조심하셔야 합니다.,2024.10.18.
476775533,476775533_4,수기로 작성된 점 참고 부탁드립니다.질문자님의 신용 점수에 따라 대출의 가능 여부가 달라질 것 같습니다.금융권에서 대출이 불가하다면 정부지원상품을 통해서 알아보셔야 하며그것 마저 부결된다면 대부업체를 통해서 진행하셔야 합니다.하지만 금융권 보다 고금리인 점은 인지하셔야하며진행하기 이전에 정식 등록된 업체인지 확인 후 진행하셔야 추후 불상사를 막을 수 있습니다또한 법정 최대 연 금리 20% 맞는지 확인 후 진행하시길 바라며선이자 선입금 수수료 등 불법이므로 요구시 중단하시길 바랍니다별도의 회원가입 필요 없이 글 작성을 하시면진행 가능한 업체의 전화번호를 열람하실 수 있습니다.하나의 업체보단 여러 업체와 상담 후 진행하시길 바랍니다.감사합니다.,2024.10.18.
476775533,476775533_5,직장인이 월변이나 일수를 천만원이상 쓴다라는것은 어불성설 입니다.직장이나 소득 다확인하고 채권자조건에 맞아야 3-4백 실행됩니다.너무 허황된 월변을 찾으시면 사기당할 위험이 너무 큽니다.인터넷에서 사기당하는 분들 대부분 이상적인 개인돈을 찾다 달콤한 꼬임에 넘너가는것입니다;아래글 차분하게 읽어보시고 문의주시기 바랍니다.개인돈.월변.일수.달돈.주변 등등...신용이 안좋은 분들이 돈이 급할때 지인찬스나 가족분들에게 피해갈까봐끙끙 고민하다 인터넷에 검색해보는 단어들입니다.짧은 지식이나마 도움이 되시라 몇자 남기고 가겠습니다.지금 이시간 이렇게 인터넷을 통해 급하게 돈을 찾는 이유는 그만큼 어제도 오늘도본인이 처한 상황이 안좋다라는 의미일겁니다.오직 급한불을 꺼야 한다는 일념으로 주변 시야가 흐려진채 하루종일 돈생각만 하고 계시리라생각됩니다.때론 여기저기 독촉전화에 시달리시거나 약속한 날이 다가와 조바심에 회사일도 잘안되고 세상에 태어나 지금이 가장 힘든시기라는 명분하에 스스로 위로하며 안절부절못하실것입니다.설명드릴것은 많으나 소규모대부업(개인대부업이하 개인돈.월변) 기준으로 몇가지 적어보겠습니다.부디 차분히 읽어보시고 심사숙고하시어 지금 본인의 상황이 너무 힘드시다면 조금이나마 도움이 될수있도록 정독해보시기 바랍니다.아래 써내려간 글들은 대부분이들이 원하는 정식등록된 월변업체 기준으로 말씀드리는 것이니듣보잡 무등록업체들이나 30만원 소액 혹은 체크카드 사기치려는 기타 많은 무늬만 월변인곳들과 혼동하지 마십시요.개인돈.월변.일수.급전 이런것을 통털어 속칭 사채(개개인간의 사사로운 빚)라고합니다돈을 빌려주는 궁극적인 목적은 같으나 상환하는 방식이 다른만큼 업체들마다 그 편차가심합니다.쉬운예로 직장인들은 한달에 한번 급여일에 상환하는 금융권에서 말하는원리금균등방식을 선호합니다.채무자와 채권자 사이에 동일한 금액으로 약속하여 매달 갚아나가는것이라 서로기억하기도 쉽고 추후 중도상환할때도 계산하기가 편하여 대부분 이방식을 쓰곤합니다.신용이 안좋으신 분들이 개인대부업(월변)을 이용하실려면 몇가지 유의하셔야 할 것들이 있습니다1.가장 중요한것은 월변을 알아볼때 그에 맞는 업체를 알아보셔야하는데 자력으론 한계가있습니다. (진짜 월변업체들은 광고를 따로 하지않기때문입니다)인터넷엔 여러분들이 생각하는 돈빌려주는 사장님들이 없습니다.(큰 착각입니다;;)열에 아홉은 꼭 앞서얘기한 소액급전업체를 먼저 선택을 하게됩니다.(대부분 사기업체)그이유는 이곳 인터넷의 깊고넓은 정보망에 광고나 댓글 쪽지로 수신받는 확률. 즉 비율상 정상업체를 찾을수있는 확률이 5% 미만입니다 그만큼 사기꾼들이 득실득실하다는 것입니다.정확한 정보를 전달해 주는사람을 만나는게 급선무이자 최고의 초이스라 감히 말씀드릴수있습니다열명중 아홉명은 무등록급전업체들이나 핸드폰 내구제 출장비만 받아 가로채는 이상한놈들등등...인터넷이 정보의 바다인것은 맞지만 그로인해 단점또한 많이 존재합니다. 유념하십시요2.급여는 180이상은 받아야 기본적인 조건을 갖춘다고 생각하십시요압류 금지 대상에 최저생계비 150만 원이 보장 되어있습니다최소한 생활을 보장하기 위해서 150만 원 한도에 한하는 금액에 대해서는 법의 보호를 받을수 있습니니다. 센스있으신 분들은 이말뜻을 금방 알아채실 겁니다(최저생계비제도:네이버 검색)3.4대보험 가입되있어야합니다. 채권자들 입장에선 제도적 안정장치라 보심 됩니다.부연설명 안드리겠습니다. 기본적인 자격조건이 계속 떨어질수록 하위 업체를 만나실수밖에없습니다; (작심하고 잠수탄 채무자들도 직장을 옮기게 되면 직장의료보험이 따라들어오기 때문에 소재지파악에 핵심이됩니다)4.세대구성.채권자들마다 호불호가 갈리는 부분입니다.단독세대 또는 기숙사생활인경우 채권자를 설득시킬 무언가의 명분과 얘기거리가 필요합니다!!! 각항목마다 자세한내용은 일부러 설명안드렸습니다. (개인월변은 무수히 많은 돌발적인변수가 발생하기때문에 일일히 각 경우의수를 따져가며 설명드릴수가없습니다.)글의 요지는 개인돈.월변에 대한 정확한 지식을 겸비하고있고 당신에게 도움을 줄수있는 사람을먼저 만나야 된다는 얘기입니다 (이글을 정독하신분들은 답변자가 전달하고자하는 취지를 알것입니다)세상모든것이 그렇듯 개인돈또한 어떤 정형화된 공식은 없습니다본인의 스펙이 부족해도 그것을 상쇄할수있는 무언가 장점이 있다면 의외로 승인률이 올라가곤합니다(호소력있는 목소리.짙은감정의 진정성있는 말솜씨.상큼발랄한 여성의 목소리.세금신고때문에일부러 최하위급여가 통장에 증빙되는직장인들.실제로 병원에 입원하신 부모님.예기치못한 차량사고 그로인한 합의금.급여가 작아도 짜임새있는 생활력 등등..위 예를든 사항들은 실제로 자격기준에 미흡했지만 승인후 대출이 이루어진 분들의 성공사례입니다)이밖에도 셀수없이 변수로 작용된 사례가 많습니다^_^부디 본인이 생각하기에 어떤 경우에 미흡하고 부족한지 판단해보시고꼭 위의 조건에 많이 부족하더라도 전문 상담사를 통해 긍정적인 방법으로 풀어가시길 바라겠습니다.끝으로 신용에 대한 부분은 패스하겠습니다.신용은 중요하지 않습니다.역설적으로 신용좋은분들이 개인돈월변을 쓸이유도 없고 포탈사이트에서 검색해보지도 않습니다.뻔히 신용안좋은분들이 이곳저곳 알아보시는거고 이는 채권자분들도 인지하는 부분이라직장다니고 4대보험적용되시면 어느정도 수월하게 진행이 가능합니다.(위축되지 마십시요)문의사항이나 궁금하신것이 있으심 닉네임 클릭하시어 1:1질문이나 메일 쪽지로 문의 주시길 바라겠습니다.많은 분들이 궁금해하시는 이자율은 대부분 법정이자를 준수하기 때문에 크게신경쓰실필요는 없습니다,2024.10.20.
476524281,476524281_1,통영은 버스가 은근 잘 되어있어서 차가 없다고 불편할 정도는 아닙니다. 근데  좀 외진 곳 가려고 하면 배차도 몇 없어서 은근 까다롭습니다.,2024.10.27.
476367582,476367582_1,만성 비염으로 고생하고 계시네요 ㅠㅠ비염은 정말 원인이 다양하고 알레르기 비염이 가장 흔한 증상이지만  그 외  식습관이나 패턴  스트레스  면역력 저하  유전적요소 등 원인이 다양하기 때문에  근본적으로 해결할수 있는 처방 또한 마련이 어려운 것도 사실입니다.다만  물리적 원인으로만 설명할 때  비염 증상은  어떤 알레르기 물질이 침투했을때 비점막 염증이 생기고  이에 대한 면역반응이 과하게 나타나면서  콧물 등 증상이 오는 것인데요.따라서  최근에는 이러한 비점막 염증을 치료 및 예방하는 방법을 많이 적용하고 있는 것으로 알고 있습니다.한의원의 경우  일부 이러한 비점막 염증을 잡는 포인트로 침을 놓는 곳이 있다고 들은 것 같은데  통영 한의원 쪽에 이런곳이 있는지 알아보시면 될 것 같습니다. 유명 한의원이 중요한 것이 아니라  이런 부분으로 한 번 알아보세요.추가로 질문주신 비염 치료 방법의 경우  아직까지 완벽한 답은 없지만 그래도 위에 말씀드린 이 비점막 염증으로 접근하면 좋은데요 아침마다 코세척을 한번씩 해주면 시원함이 느껴지고 좋습니다. 다만  오전에 일시적 완화에 그치는 경우가 많다는 단점이 있지만요. 그래도 일시적으로는 나쁘지 않은 방법이라 생각합니다.코 세척기기 인터넷 검색해보시면 많이 나오는데  이런 기구중 아무거나 구매하셔서 관리하셔도 비염 증상 완화에 많은 도움이 되더라고요.그리고  추가로 적외선 근적외선을 활용하는 방법을 최근들어 많은 사람들이 적용하고 있는데요.1차 원인인 비점막 염증을 완화하기 위해  최근에는 이 비점막 부위에 근적외선  적외선 찜질을 많이 해주는 방법 등을 병원  한이원 등에서 많이 사용해주고 있고  이를 집에서 할 수 있는 찜질기들이 많이 나오고 있는 상황입니다.비점막 찜질기 마찬가지로 인터넷 검색해보시면 많이 나오는데  이 중 질문자님께 맞는 제품 사용하시면 될 것 같습니다. 근적외선이 일반 온열팩보다는 확실히 효과가 좋고 쓰기도 편하긴 하네요.저희도 남편과 아이가 비염이 심한데  최근 침 맞으면서 (주1회) 집에서 비점막 찜질기로 매일30분-1시간정도씩 2-3 주 정도 하고나서  비염으로부터 확실히 고생하는 빈도가 줄긴 했습니다. 앞으로 계속 이렇게 관리해볼 생각입니다.참고하시기 바라며  본인에게 맞는 관리방법 찾으셔서 비염으로부터 하루빨리 벗어나시기를 바랍니다.빠른 회복을 바라며 제 답변이 도움이 되었다면 채택을 부탁드립니다.,2024.10.09.
476367582,476367582_2,면역성 호흡기 질환인 비염은 쾌적한 환경과 몸을 따뜻하게 해서 면역력을 키워주는 것과코의 '온도조절 기능’과 ‘코 속 점막의 기능’을 회복시켜야 합니다.비염으로 예민해진 코점막은 먼지나 환경  습도  온도 변화에 영향을 크게 받는데요 청결하고 쾌적한 환경  적당한 습도유지  콧속의 혈액순환을 좋게 하여 코 점막을 튼튼히 해주고 신선한 공기를 자주 접하시면 개선에 큰 도움이 됩니다.비염약을 오래 복용하게 되면 구강건조증  녹내장  전립선비대증 뿌리는 코막힘완화제의 만성사용으로 약물의존성 비염을 일으키는 등의부작용으로 우리 몸은 스스로 회복하는 기능을 잃어 더욱 약물에 의존하게 됩니다.약의 부작용  남용으로부터 보호하기 위해 약은 최소한으로 사용하시는게 좋은데요 꾸준한 관리가 필요한 비염은 약보다는 우리 몸을 살리는 자연치유법을 선택해야 합니다.불편하실 때마다 집에서 편리하게 관리할 수 있는 방법으로숲속에 있는 것과 같은 상쾌함으로 부작용 걱정없이 치유시켜주는 천연 향 자연요법을 추천해 드립니다.감기  비염  천식 등에 오래 전부터 사용되어온 선진국의 민간요법으로써자연에서 얻은 약효가 있는 여러 식물(유칼립투스  멘톨  클로브유  엽록소  캠퍼 등)의잎  줄기  뿌리에서 추출한 100% 순수 식물성 천연 향 자연요법이콧속 염증의 원인 깊숙한 곳까지 침투하여 세포를 개선시켜서코와 목  눈  귀 등 부비동의 주변 환경을 깨끗하고 건강하게 회복시키고 두통은 물론 두뇌를 맑고 상쾌하게 해주어 학생과 수험생에게 필요한 집중력을 높여줍니다.위 네임카드 자연요법의 도움을 받아 질환에서 건강하게 회복하시길 바랍니다.,2024.10.09.
476367582,476367582_3,"안녕하세요 과거 10년간 아토피 환자였으나 이제는 네이버 지식인으로 아토피·습진 등 만성 피부질환과 비염과 같은 난치성 질환의 상담을 도와드리고 있는청아한의원 임은교 한의사입니다.정확한 진단은 직접 진료를 보아야 가능하지만 만성화된 비염 증상으로 인해 힘든 시간을 보내고 계신 듯 한데요.비염은 면역력과 굉장히 깊은 관계가 있는 질환이기 때문에온도변화에 신체가 민감하게 반응하는 분들과 같은 경우 환절기에 증상이 악화 될 수 있습니다.만성화 된 비염이 있으시다면  질문자님의 몸은 현재 신체 전반적으로 면역력이 많이 저하되어 있으며 그로인해 발생한 염증반응이 증상을 유발시키고 있는 상황입니다.때문에 비염은 다른 알레르기성 질환과도 연관이 깊습니다.피부 면역력 또한 저하되어 계실 수 있고  기본적으로 면역력이 저하되어 계신 상태이기 때문에 집먼지 진드기  세균 등 알레르기 유발 물질들과 섭취하는 음식 등에 비염이 없는 사람들보다 쉽게 영향을 받게 됩니다.면역력이 저하되어 외부요인  외부에서 주어지는 자극에 과민반응을 일으키게 되는 것이죠.많은 분들이 '비염은 그냥 약을 먹거나 관리하거나  증상을 호전시키면서 평생을 갖고 살아야 하는 것'으로 알고 계시는데요.우리 몸은 신체 기관들이 모두 연결되어 상호작용하고 있습니다.분명 코에 나타난 문제지만 시작점이 다른 곳에 숨어 있어요.그리고 이것을 찾아낸다면 지긋지긋한 만성적인 비염에서 탈출하는 것도 불가능한 것이 아닙니다.비염은 구조적인 문제로 발생할 수 있습니다.이때는 수술적 치료를 진행하셔야 하는 것이 맞습니다.하지만 반드시 수술이 필요한 상황이 아니라면 이미 이비인후과에서 치료를 받아보았지만증상 완화제만으로는 기대했던 치료 효과를 보지 못하셨거나 약의 사용을 중단하자 다시금 증상이 재발되고 악화되는 상황이 반복되고 계시다면슘겨진 증상의 시작점을 찾으셔야 합니다.질문자님이 겪고 계신 증상은 코 속 점막이 정상적으로 습도를 조절하는데 어려움을 겪게 되면서 나타난 증상입니다.때문에 주목해야 할 부분은'코 속이 건조하고 꽉 막힌 느낌  붓는 느낌이 난다'   '입안이 마르면서 침이 있어도 텁텁하다'   '목이 늘 마르면서 칼칼하고 붓는 느낌이다'  '마른 기침이 난다'와 같은 환자분들 스스로가 나도 모르는 사이 계속해서 느끼고 있는 '건조감' 입니다.후비루 증상이 동반된 환자분들은 콧물  가래가 계속 나오고 이러한 분비물이 목 뒤로 넘어가는 느낌을 받으면서 건조하지 않은 것 같다 느끼실 수도 있지만 이렇게 코 속 분비물이 비정상적으로 늘어나게 된 것 또한 코 안이 극도로 건조하기 때문인 경우가 많습니다. 너무 건조하기 때문에 반사적으로 이를 보완하기 위해 콧물이 증가하게 된 것이죠.이처럼 건조감은 단순히 정말 건조하고 마른 것으로만 느껴지지 않기도 합니다.일부 환자분들이 경험하시는 코에서 나는 나에게만 맡아지는 이상한 냄새  두통  수면문제  호흡곤란 등도 건조함으로 인해 유발된 증상들일 수 있습니다.우리의 코는 촉촉하고 따뜻하게 유지되어야 숨을 잘 쉴 수 있도록 설계되어 있는데 점막에 수분이 공급되는 기능이 제대로 이뤄지지 못해 코 안이 건조하거나 따뜻하지 않으면 코 안 점막이 부어오르면서 염증이 일어나고 오랜 비염으로 온도조절 능력이 떨어져 코 안이 마르고 건조해지면 그 보상작용으로 분비물이 과도하게 생성 되기도 합니다.코와 입  목은 연결되어 있기 때문에 이렇게 과도하게 생성된 분비물이 넘어가게 되면서 마른 기침이 지속되고 목에 무언가 걸린 듯한  가래와 같은 이물감이 느껴지는 후비루 증상까지도 나타나게 되는 것입니다일부 만성적인 비염  후비루 환자분들은'코 막힘'   ‘자려고 눕기만 하면 코가 막히고’  '자꾸 입으로 숨쉬니 목도 건조하고' 와 같은 증상을 호소하면서인공눈물을 써도 효과를 잘 보지 못할 정도의 안구건조증이나 잦은 감기  마른기침  목이물감  음부소양증 등과 같이 구강 및 인후두부  신체 다른 점막까지도 건조한 경향이 있다 이야기하시는데이러한 증상들이 모두 문제가 되고 있는 '건조감'과 연결된 것들 입니다.때문에 ‘왜 수분공급이 제대로 이루어지고 있는지’에 대한 원인 파악과 치료가 이루어지지 않으면 언제든 증상이 재발하게 될 수 있어요.안타깝게도 이러한 증상들은 시간이 흐른다고 자연히 낫거나하루 아침에 자가 치료  관리만으로 해결 되기 어렵습니다.반드시 의료진과 함께하는 치료가 필요합니다.점막이 너무 건조해 증상이 나타나게 된 것이기 때문에 콧물이 줄줄 흐를 때와 유사한  콧속을 더욱 말리는 치료와 관리만을 받게 될 경우 겉으로 드러나 보이는 증상에만 맞춘  원인과 맞지 않는 치료로 증상이 더욱 악화될 수 있습니다.예시를 들어 설명드리자면 만약 주방에 자꾸 날파리가 꼬인다면 어떻게 하시겠습니까?처음 한두마리는 날파리를 잡는 데에 집중하겠지만  잡아도 잡아도 계속 날파리가 나온다면 하수구가 지저분하지는 않은지  음식물이 남아있어서 그런건 아닌지 확인해보고 문제의 원인을 해결해야 날파리가 없어지겠죠.마찬가지로 스프레이를 쓰거나 약을 복용해 보아도 효과가 없거나 일시적이라면이 질환에 대해 잘 아는 곳을 찾아 내원하시어 본질적으로 왜 몸이 자꾸 건조해지면서 비염이 반복되고 나를 괴롭히고 있는 이러한 증상들이 생겼는지를 함께 살펴서 치료하는 것이 필요한 것입니다.‘건조감’ 이 원인이 된 이 모든 증상들을 해결하기 위해서는 피부 세포가 수분을 머금고 있지 못하도록 방해하는 문제 요인을 찾고  이를 해결하기 위한 치료가 필요한데요.임상에서 많은 환자분들을 만나보았을 때 이러한 환자분들은 몸에서 수분이 빠져나가는 증상이 관찰되었습니다.대표적으로 소변을 자주 보고 싶거나 대변을 무르게 보는 증상이 있으신데  당장 코로 나타나는 증상이 아니다보니 이 증상이 비염의 원인이 될 수 있다는 점을 모르시고 계십니다.먼저 변이 무르거나 설사를 자주 보는 분들은장에서 수분이 잘 흡수되지 못하는  체내에서 수분을 잘 흡수하지 못해 물을 아무리 마시고 음식으로 수분을 취하더라도 전부 다 밖으로 빠져나가버리고 있는 건강상태일 수 있습니다.긴장을 하게 되면 소변 마려운 느낌에 꼭 화장실을 가야한다거나  밤만 되면 자기 전에 몇 번씩 화장실을 가고 자다가도 깨서 화장실을 가는 등 빈뇨 증상이 있는 환자분들 또한 마찬가지이죠.이런 환자분들이 비염을 치료하기 위해서는 우선 감각이 지나치게 예민한 것을 줄여주는 것이 필요합니다.그래야 긴장되거나 밤에 잠을 자다가도 일어나 화장실에 가는 횟수가 줄어들 수 있어요. 자꾸 소변을 보면서 수분이 빠져나가 버리는 것을 방지하게 될 수 있습니다.대변을 무르게 보는 것 또한 장이 수분을 흡수하지 못한다는 것이기 때문에 장 건강을 회복하는 치료도 반드시 동시에 들어가야 합니다.실제로 환자분들의 이러한 문제 원인과 처방된 한약이 맞아 들어가면서 한약치료에 대한 반응이 나타나기 시작하면 체감되는 건조감이 호전되면서 증상이 호전되는 것을 관찰할 수 있었습니다.특히 건조 비염 환자분들의 경우 ‘코가 답답하고 막히니까 잠을 잘 못자겠어요’ 라며 비염증상 때문에 쉽게 잠 들지 못하거나 깊은 잠을 자지 못해 오는 피로감을 호소하시는 경우가 많은데사실 알고 보면 이러한 증상이 나타나기 이전부터 ‘7시간 이상 잠을 자도 항상 피로감이 느껴지는데 새벽 2시  3시 이전에는 잠이 잘 오지 않는다’ 와 같이 수면패턴에 문제가 있어왔고 그것이 증상의 유발 원인이 되었을 수 있습니다.때문에 '수면의 질'  '수면 패턴'은 제가 진료실에서 환자분들의 문제 원인을 살펴볼 때 필수적으로 체크하는 항목 중 하나이기도 한데요.수면의 질이 떨어지면  꼭 심각한 불면증이 아니어도 면역력이 급격히 떨어지고 몸속에서 부터 염증반응을 유발하는 요인이 될 수 있습니다.컴퓨터를 오래 켜놓으면 본체에 열이 쌓이면서 뜨거워져 전원을 종료하고 식히는 시간이 필요하죠.우리 몸도 열을 식히면서 염증물질이나 피로물질을 분해하는 시간이 필요한데  수면의 질이 떨어지면 분명 충분한 시간을 잤는데도 며칠 밤을 새운 것처럼 머리가 뜨끈뜨끈 한 것 같고 실제로 미열이 나기도 합니다.우리 몸이 필요로 하는 생체 리듬에 어긋나는 수면패턴은 쾌적하고 질 높은 수면을 방해하고 오히려 피로는 계속 누적되게 만들기 때문이에요.그리고 그 결과 피부의 수분을 빼앗아가는 ""탈수 피부"" 를 유발할 수 있습니다.코속 점막이 더욱 건조해지고 염증반응이 심해지면서 붓게 되겠죠.코가 더욱 꽉 막히고 호흡에도 영향을 미쳐 밤에 원활한 숙면을 취하기는 더욱 어려워집니다.몸을 회복시키려 잠을 잤는데 그것이 오히려 증상을 악화시키고 결과적으로 숙면을 방해하는 요인이 되고 있었던 것입니다.이러한 케이스의 환자분들은 수면의 질과 면역력을 동시에 올리기 위한 치료·생활습관 교정에 들어가는 것이 중요합니다.너무 건조해서 보상적으로 분비물이 증가하는 것이기 때문에 점막을 촉촉하게 만들어주는 치료와 나에게 필요한 생활 습관의 교정을 통해 분비물이 점차 감소될 수 있고  이렇게 되면 점차 비염과 후비루로 인한 증상이 줄어들므로 일상 생활 또한 점차 편안해지게 되실 겁니다.이때 생활습관 교정을 시작함과 동시에  원하는 시간에 뇌가 스위치를 꺼 잠 드는 시간이 단축될 수 있게 도와주는 치료를 진행해야 합니다.누적된 열감을 해소시키는 치료를 함께 진행하면 머리로 열이 몰리는 것을 방지해 질 좋은 수면을 취하는데 도움이 됩니다.이러한 과정을 통해 수면 패턴이 정상화되고 문제가 해소되기 시작하면 면역력이 회복되면서 자연스럽게 증상 또한 함께 호전될 수 있습니다.또한 수면문제와 같이 정말 생각지도 않았던 문제 예를 들자면 조금 맵거나 기름진 음식에도 쉽게 설사를 한다든지  야채를 잘 챙겨 먹어도 변비가 잘 생긴다든지  자주 체한다든지 하는 증 약하게 지속되어 온 소화기 문제가 만성 비염 증상과도 연결될 수 있기 때문에비염의 치료는 표면적으로 드러나는 현상만 가지고 파악할 수가 없기 때문에 코만의 문제로 보고 접근을 하는 것은 근본적인 문제 해결에는 도움이 되기 어렵습니다.어떠한 요인으로 증상이 발생하고 악화되는지 파악하고 그에 맞추어 치료 방법 또한 달라져야 합니다.때문에 자가 치료·관리가 아닌 전문 의료진의 도움이 필요하며 충분한 진료 시간이 뒷받침 되어 원인 파악과 그에 맞는 치료의 과정을 함께 할 수 있는 곳에 내원하시는 것이 중요합니다.답변이 도움이 되었기를 바라며 빠른 치유를 응원합니다.-임은교 원장 드림",2024.10.10.
476367582,476367582_4,약으로 그 비염이 치료가 안되고 자꾸 재발 한다면비강엔 항체균형을 만드는 유익균 섭취를 해보세요새로운 세상이 펼쳐집니다무려 47년동안 비염으로 고생한 당사자이자 지금은 연구소장으로서 탁월한 비염 치료제 알러지 치료제를 식품으로 제조하는 의생명공학자로서 조언드립니다알러지성 비염은 말 그대로 알러지 때문에 생기는 것이므로 알러지가 생기는 근본적인 원인을 제거하면 해결됩니다.비염의 원인으로는 환경요인 스트레스 자극 연령 집먼지 진드기 집먼지 곰팡이 애완동물의 털과비듬 고초나 잡초  꽃나무 등의 화분(꽃가루) 유전적요인 등이 있습니다 그렇지만 근본적인 원인은 항체 불균형입니다.비염은 우리몸의 면역력  항체와 밀접한 관련을 지니고 있습니다.면역력 체계가 불균형해졌을 때 히스타민의 분비를 촉진시켜 콧물이 쉴새 없이 흐르고  코가 막히는 등의 비염 증상을 초래하죠.악성의 그 비염의 완치를 위해선 항체가 불균형해지는 것을 막는것이 매우 중요합니다.비염에 좋은 음식으로는 유익균이 있습니다.장내환경이 튼튼해질 수있는 음식을 드시는 것이 좋습니다.또한 알러지를 위한 주사  약처방  연고 등은 일시적으로 증상을 완화시킬 수는 있으나 중단시 다시 재발 할 수있으며  내성이 생겨 부작용을 초래 할수 있으므로 주의바랍니다.비염은 전형적인 Th2 type inflammatory disease로 정의 되어 집니다.이는 비염의 시작에 있어서 Th2 immune response가 중요한 기능을 담당하고 있기 때문입니다. 항원인 allergen이 피부를 통해 체내로 유입되면 피부에 위치하고 있는 항원제시 세포를 이를 인지하고 그에 반응하게 됩니다.이때 allergen은 특이적으로 Th2 type immune response를 유도하게 되고 Th2 type의 사이토카인이 발현하여 히스타민의 분비를 촉진시키고 IgE항체의 생산을 촉진하게 됩니다.IgE항체는 알레르기 질환의 발생에 관여하는 면역글로불린으로 알레르기질환  아토피  천식  비염 등이 일어날 경우 IgE항체가 측정됩니다.→ IgE항체를 줄임으로서 비염 치료를 하기 위해서는 유산균이 만드는 IgA항체가 인체내에 필요로 합니다.간단히 말하면 비염은 외부의 원인모를 항원에 대응하여 장내에서 자가면역항체를 만들지 못했기에 면역력이불균형이 일어났다고 보시면 됩니다 모든 면역력의 체계는 장내환경에서 만들어갑니다  혹시 배변활동은 어떠하신지요. 노란황금색 변으로 하루한번 쾌변으로 이루어져야 건강하다고 하겠습니다.그 만큼 장건강이 중요합니다  우리 몸은 거대한 세균숲으로 이루어져있다고 합니다 우리가 살아 숨쉬는 동안 끊임없이 균들은 자기세력을 늘리기위해싸우고 있습니다 .그러기에 수시로 균총은 변하면서 장내균총이 깨질 수 밖에 없습니다 인체의 장이 건강하면 알레르기성 비염이 해결됩니다장은 소화기관으로 알고있지만  면역기관임과 동시에 제2의 뇌인만큼 매우 중요한 소화기관입니다. 다양한 음식을 소화시키면서 많은 균을 접하게되고  그 과정에서 활발한 면역활동이 이뤄집니다.( 최첨단 생명공학의 유산균 섭취로서 비염발병의 근원과 같은 알러지성의 피부염들과 염증성 피부질환들도 빠르게 치료되는 모습 )끊임없이 괴롭힌 염증성의 비염도  만성적인 알러지성 비염도 알러지도 아토피도 지루성피부염도 여드름도 무조건 치료되는 상세한 정보는맨 상단의장관피부코면역의박사를 클릭하여 봐주시길 바랍니다.도움이되셨으면 꼭 채택해주시면 감사하겠습니다,2024.10.10.
476282595,476282595_1,통영 토박이로서 답변드립니다.하기 기사의 발췌문 인용드립니다.발췌원본 링크 (http://www.hansannews.com/news/articleView.html?idxno=79024)[기고] ‘바다의 땅 통영’이 ‘약속의 땅 통영’으로 변경  시민의 의견과 여론은 과연 어떨까? - 한산신문통영을 사랑하는 한 사람으로 고향에 대한 애증으로 이 글을 기고한다.‘바다의 땅 통영’은 2008년 통영시 슬로건으로 선포해 14여 년 동안 사용해온 대내외적으로 잘 알려진 통영의 특징을 잘 표현한 개성 있고...www.hansannews.com통영을 사랑하는 한 사람으로 고향에 대한 애증으로 이 글을 기고한다.‘바다의 땅 통영’은 2008년 통영시 슬로건으로 선포해 14여 년 동안 사용해온 대내외적으로 잘 알려진 통영의 특징을 잘 표현한 개성 있고 차별화된 슬로건이었다.지난 7월 1일 민선 8기 천영기 시장 취임식에서 통영시정 구호로 ‘약속의 땅  미래100년의 도시 통영’으로 바뀌었다. 시대적 환경변화와 수장의 시정에 의해 슬로건도 바뀔 수 있다.아쉬운 점은 시민의 의견 수렴과 여론의 청취 여부이다. 특히 전직 시장이나 시정을 지우려는 사고(思考)라면 유감이다. 물론 객관적으로 잘못된 부문은 바로 잡아야 마땅하다. 만일 앞으로 시장이 바뀌면 또 다른 슬로건을 채택할 것이 뻔하기 때문에 신중해야 했다.어느 시대 어떤 도시보다 살고 싶은 약속의 땅 통영을 만들어가겠다는 새 시장의 시정 목표에 대한 이견은 없다. 다만 시민을 위한 살기 좋은 도시  미래 100년을 위한 도시 비전에 대한 필자의 의견을 피력하고자 한다.출처 : 한산신문(http://www.hansannews.com)요약 : 슬로건을 바다의 땅에서 어느시대 어떤 도시보다 살고싶은 약속의 땅을 만들겠다는 목표랍니다.,2024.10.10.
476294063,476294063_1,대학도 공휴일은 다 쉽니다.따라서 한글날 수업 없습니다.,2024.10.08.
476328410,476328410_1,안녕하세요 지나가던 낚시꾼 입니다통영에 풀치를 잡으려고 나가는 배는 없고 갈치를 잡으러 많이들 나가죠 ㅎㅎ통영섬진호 추천 드립니다. 지금 갈치출조 하시는 지는 직접 확인해 보심이 좋을 것 같습니다. 이제 문어시즌이라 ㅎㅎ아니면 통영낚시방에 갈치출조배 문의 하심도 좋습니다,2024.10.14.
476201669,476201669_1,도드람이란 회사가 후원하고통영에서 열리는 대회이기 때문에둘다 이름을 넣어서 통영도드람대회라고 합니다.,2024.10.04.
476048688,476048688_1,통영 토박이로 답변드립니다.이사를 오셨다는 건가요? 이사를 하실거라는 건가요?주변에도 통영으로 이사 오시는 분들한테도 집위치나 학교를 추천드리고는 하는데요1순위무전동입니다.주택가도 형성되어 있고 아파트도 많이 있고 마트도 시장도 다 형성되어 있습니다.다만 중학교부터는 어느정도 거리가 있기에 버스통근은 필수로 생각하셔야 할듯합니다.상가도 많이 형성되어 있어서 유흥가 주변은 피하시는걸 추천드립니다.통영내 집값 top 2 지역입니다.2순위죽림입니다.역시나 주택가 아파트 마트 형성되어 있습니다.무전동이랑 유사하나 시장이 없고 유흥가가 더 많이 형성되어 있습니다.바닷가 산책길을 무시할 수 없는 요소일 수 있습니다.통영내 집값 top1 지역입니다.그외금액적으로 싼곳을 찾으신다면 미수동이나 봉평동 정량동도 답이 될 수 있습니다.아무래도 현실적으로 판단하기에는 집값이 1순위가 되지 않을까 싶지만 욕심내고 싶은 부분들이 생기면 점점 더 금액적인 부분이 부담이 되실겁니다.지도 어플 띄워서 주변 인프라(마트/학교/시장/상가/유흥가 등) 꼼꼼히 살펴보시고 필요하다면 저녁시간에 인근을 직접 둘러보시는걸 추천드립니다.도움이 되셨길~,2024.10.07.
475999809,475999809_1,해남에서 부산으로 가는 시외버스를 타고 부산에서 내려서 통영으로 가는 시외버스로 갈아타면 됍니다 해남에서 부산으로 가는 시외버스의 시간표입니다해남에서 부산으로 가는 시외버스의 시간표09:1513:1014:4016:30부산에서 통영으로 가는 시외버스의 시간표입니다부산에서 통영으로 가는 시외버스의 시간표06:0006:4807:2508:2508:4909:0409:1209:5010:5511:1611:5112:0012:3013:1214:0014:4415:2015:5115:5916:4017:4018:1518:2019:0520:10,2024.09.30.
475990392,475990392_1,미역치 입니다등지느러미에 독이 있어 손조심해야 합니다,2024.10.02.
475906644,475906644_1,통영종합터미널 기준 동피랑에서 가장 가까운 정류장인 중앙시장 정류장까지 가는 경로 기준101 104 105 121 128 141 181 184 200 231 240 281 300 301 321 341 354 381 400 401 428 436 442 481 500 501 530 531 534 535 540 541 543 581 600 660 661 663 664 665 667 672 673 674 675 676 678 931번 버스중 하나 타고 가시면 됩니다,2024.09.27.
475906644,475906644_2,네이버지도나 카카오맵에서 대중교통으로 이동하는 방법을 검색할 수 있습니다죽림이 넓은데 터미널을 출발지로 보고도착지는 동피랑 벽화마을로 입력하고대중교통검색 (버스모양 아이콘 클릭)을 하면이렇게 해당 목적지까지 버스노선의 검색결과가 나옵니다그런 검색결과 중에서 하나를 클릭하면 버스 탑승 및 하자 위치에 대한 설명이 나오고 지도를 확대하면예를 들어서 정차하는 정류장 쪽을 확대하면 이렇게 어느 정류장에서 내려서 걸어가야하는 지도 알려 줍니다이 방법을 이번에 알아 두었다가 다음에 다른지역에서 대중교통으로 이동해야할 경우가 생겼을 때 활용하면 되겠습니다궁금증 해결에 참고와 도움이 되었길 바랍니다,2024.09.27.
475881772,475881772_1,욕지도가 고등어가 유명하니 욕지 수협에 문의하시면 헤당업체와 연결 가능할것 같습니다,2024.09.28.
475862642,475862642_1,저녁 버스도 오전에 미리 구매 가능합니다.티머니GO어플로도 예매 됩니다,2024.09.26.
475862642,475862642_2,통영가는 버스는 아래 글을 참고하시면 인터넷으로 간단하게 사전 예약하실 수 있습니다.도움이 되셨으면 좋겠습니다.^^통영시외버스터미널 시간표ㅣ예매하기ㅣ근처 맛집ㅣ근처 관광지통영고속버스터미널은 통영시를 오가는 주요 교통 수단 중 하나로  많은 관광객이 찾고 있으며 그만큼 버스교통체계도 활성화 되어 있습니다.버스시간표 확인 및 사전 예매 클릭 내 국민연금 수령액은 얼마일까? 클릭 이번 글에서는 통영고속버스터미널의 시간표 및 예매방법  근처 맛집  근처 관광지 등에 대하여 자세히 알아보겠습니다. 버스시간표 및 예매하기 통영고속버스터미널에서는 서울  부산  대전  대구 등 주요 도시로 향하는 고속버스가 운행됩니다. 목적지별로 출발 시간이 다르며  계절이나 주말  공휴일 등에 따라 운행 시간표가 다를 ...ready4son.tistory.com,2024.09.28.
475791355,475791355_1,배구 유니폼 신발 용픔 판매합니다,2024.09.25.
475751216,475751216_1,통영>대전 시외버스 타시면 됩니다,2024.09.24.
475529728,475529728_1,통영이 섬이라서 버스 자가용뿐이에요,2024.09.19.
475529728,475529728_2,안녕하세요?대전에서 통영가는 방법으로자가용 또는 버스가 가장 좋을 것 같습니다.기차로 갈 경우 부산역에서 내려서버스 타고 가는 방법이 있습니다.,2024.09.19.
475271864,475271864_1,진주,2024.09.13.
475131871,475131871_1,일찍주무세요.,2024.09.09.
475106902,475106902_1,섬에 갔다오는 게 의미 있는지는 개인 취향에 따라 달라요. 배를 탈 시간과 섬에서 보낼 시간을 고려해서 결정하세요.,2024.09.09.
475056448,475056448_1,잘잡힙니다,2024.09.08.
