﻿doc_id,answer_index,answer,answer_date
476919762,476919762_1,시드니에 있는 오페라하우스입니다.,2024.10.21.
476640377,476640377_1,사는곳이 어딘지 알아야죠 ㅋㅋ네이버지도 길찾기 해보면  빠른길 다 나옵니다,2024.10.15.
476640377,476640377_2,네이버 지도 - 길찾기김제역 (고속철도) → 의정부역 1호선map.naver.com,2024.10.15.
476525240,476525240_1,의정부시외버스터미널 정류장 승차G20011시간 29분  12개 정류장 이동지하철노선도로드뷰경기도청북부청사홈플러스의정부성모병원중앙고등학교.지행역보산역.보산초등학교입구동두천역초성리역.청산면사무소앞전곡시외버스터미널통재입구.팔판서마을연천공영버스터미널신망리역대광리역앞 정류장 하차,2024.10.12.
476432779,476432779_1,전곡 우체국에 에어켑 구비 되어 있습니다,2024.10.10.
476116269,476116269_1,연천역 바로앞 광장 옆에 주차장https://blog.naver.com/iyc21net/223569656375⛲연천역 광장 바닥분수 운영 개시- ⛲연천역 광장 바닥분수 운영 개시 ✨일반운영 개시일 - 2024. 8. 12.(월) 10:00 운영기간 - 202...blog.naver.com,2024.10.02.
476116269,476116269_2,연천역 바로앞 광장 옆에 주차장,2024.10.02.
475774679,475774679_1,매일 11:30~22:30으로 되어 있습니다.혹시 모르니 전화 한번 해보시면 어떨까요?031-835-8399,2024.09.24.
