﻿doc_id,answer_index,answer,answer_date
477534981,477534981_1,선일여고 매점 없습니다시험 난이도 중간정도입니다. 조금만 열공하면 내신 잘 받을 수 있습니다학교시설 좋고 면학 분위기 아주 좋은 학교입니다,2024.11.06
477515974,477515974_1,금방옵니다단건으로 오면요이거저거 묶어오면 시간은 장담할수없습니다,2024.11.05.
477515974,477515974_2,1.네 안식습니다 이유는 배달 오토바이에 따뜻하게장치를 하기 때문 입니다2.그러나 배달 시간이 여러곳 다녀 길어지면 식을수 있습니다,2024.11.05.
477281211,477281211_1,역촌동이면은요 월수금,2024.11.01.
477281211,477281211_2,갈현로 81 역촌동월 수 금  역촌동 응암동 진관동 불광동 신사동 저녁 6시 ~ 8시 집중배출,2024.11.01.
477282480,477282480_1,은평구도 엄청 크기때문에 나눠야 함북쪽 6호선 연신내역 대형카페 맛집 놀거리는 매우많은곳남쪽 6호선 월드컵경기장역 경기장내 카페경기장 밖으로 나오면 우측으로 하늘공원이 보임가을 하늘공원 억새 유명계단타고 올라가거나 맹꽁이버스 이용,2024.10.30.
477233658,477233658_1,서울인구  연령별https://molbania.com/%EC%84%9C%EC%9A%B8%EC%8B%9C-%EC%97%B0%EB%A0%B9%EB%B3%84-%EC%97%B0%EB%8F%84%EB%B3%84-%EC%9D%B8%EA%B5%AC%EC%88%98-%EC%A6%9D%EA%B0%90/서울시 연령별 연도별 인구수 증감서울시 연령별 연도별 인구수 증감을 2024년 4월 기준으로 알아봅니다. 국적을 취득한 외국인 포함 인구수입니다. 서울시의 인구수는 2019년부터 계속하여 감소하는 수치를 보여줍니다. 특별히 10대의 인구감소가 큽니다.molbania.com,2024.10.29.
477067942,477067942_1,집가격 오른상태10킬로 미만 1250원 + 별도1350원  = 2600원일반 지하철이 일반버스이면 gtx는 광역버스,2024.10.25.
477067942,477067942_2,안녕하세요.GTX 이용에 참고가 되었으면 합니다.GTX 기본요금은 카드 1 550원(성인)이고 10Km까지 적용 됩니다.그리고 별도 기본요금이 추가되는데 평일 1 650원 토 일요일 1 300원 입니다.GTX-A 연신내역 - 서울역 구간은 9.4Km로 10Km 이하가 되어기본요금 구간으로 거리요금은 없습니다.평일은 연신내역 승차시 기본요금 1.550원이 나가고서울역 하차시 별도 기본요금 1 650원이 나가게되어 전체 3 200원 입니다.토 일요일은 연신내역 승차시 기본요금 1 550원이 나가고서울역 하차시 별도 기본요금 1 300원이 나가게 되어 전체 2 850원 입니다.반대로 이용시에도 요금은 동일 합니다.GTX 이용 요금에 도움이 되었으면 합니다.,2024.10.27.
476998924,476998924_1,확률은 낮으나 갈수도 있음,2024.10.24.
476998924,476998924_2,은명초 근처에 거주 하면 영락중학교 배정 가능 합니다50%-70% 정도 영락중학교 배정 됩니다,2024.10.25.
476947547,476947547_1,구파발역에서 3호선 대화행을 타고 대곡역하차대곡역에서 서해선 원시행을 타고 김포공항역하차,2024.10.22.
476947547,476947547_2,1. 구파발역에서 지축역 방향으로 3호선 승차해서 대곡역에서 하차2. 대곡역에서 능곡역방향으로 서해선 환승해서 김포공항역에서 하차,2024.10.22.
476947547,476947547_3,네이버지도나카카오맵에서대중교통으로 길을 찾아가는 기능이 있습니다출발지 : 구파발역도착지 : 김포공항역으로 입력하고 대중교통 검색(버스모양 아이콘 클릭)을 하면이렇게최적방법이 여러가지 나옵니다그중에 하나를 클릭하면환승해야 하는 역 (질문자님의 경우 대곡역)과 정보가 나옵니다이 방법을 알아두었다가 다른 곳을 찾아갈 때 대중교통으로 이동해야 하는 경우에 활용하면 되겠습니다비행기 시간이 몇시 비행기 인지는 모르겠는데 8시 비행기를 타야한다고 가정을 하면7시까지는 김포공항에 도착하는 것으로 보고 6시20분경에는 구파발역에서 지하철을 타는 것이 좋겠군요궁금증 해결에 도움이 되었길 바랍니다,2024.10.22.
476947547,476947547_4,서해선은 1시간 1 ~ 2회 운행 30분 ~ 1시간 기다리는 수가 있기  때문에 (시간표 보고 탑승)구파발역 3호선 1정거장 연신내역 6호선 환승  디엠시역 공항철도 전철 환승김포공항 하차 타는게 빠름,2024.10.22.
476947547,476947547_5,구파발역 승차3호선 대화방면빠른 승차 4-119분  6개 역 이동지하철노선도로드뷰지축역삼송역원흥역원당역화정역대곡역 환승서해선 원시방면11분  2개 역 이동지하철노선도로드뷰능곡역김포공항역 하차,2024.10.22.
476625024,476625024_1,1번에 대해서---- 백운대에서 만날수 있습니다2번에 대해서*** 두사람의 체력을 모르는 상황*** 두사람이 북한산 코스의 길을 잘알고 있다고 가정하고 의견을 남겨보면 양쪽에서 각각출발할때 백운대 까지 2시간정도 걸리겠습니다등산에서 산행코스별로 가파른길도 있고 완만한길도 있고 걸음이 빠른사람도 있고 느린사람도 있다보니 평균적으로 1시간에 2km를 간다고 봅니다. 그렇게 이동속도를 가정하고 길이 가파르고 중간중간에 휴식도 많이 취했다면 그런 시간만큼 2시간에서 추가로 걸리겠습니다코스들은 이렇게 가면 되겠습니다[] 우이역 - 백운대탐방지원센터 - 하루재 - 백운대: 약 4km[] 북한산성탐방지원센터 - 무량사 - 개연폭포 - 대동사 - 백운대 : 약 4km3번에 대해서가능한데 종로구에 있는 하산지점까지 다양한 갈림길이 존재합니다. 어느 갈림길에서든 최종 목적지를 구기동에 있는 구기탐방지원센터를 최종 목적지로 하고 내려가면 됩니다예를들면 백운대 - 노적봉 - 용암문 - 태고사 -  보국사지 - 대남문 - 구기계곡 - 구기탐방지원센터로 가면 됩니다. 예를들어서 남긴 코스로 간다면 약 8km로 4시간 정도 걸립니다.  혹시라도 길을 혼동하더라도 평창동으로 내려가더라고 크게 문제는 되지 않겠습니다. 이정표도 잘되어 있고 북한산은 등산객이 많다보니 오고가는 등산객분들에게 구기동 또는 평창동으로 하산하는 길을 물으면 되겠습니다. 길을 혼동하거나 하산하는 중에 휴식을 많이 취하면 4시간 이상 걸리겠습니다4번에 대해서따로 예약을 할 필요는 없습니다그리고 위에 2번 답변에 두사람이 북한산 코스를 잘아는 경우로 가정해서 적었는데 혹시라도 코스를 잘 모를 경우 다음이나 네이버에서[] 북한산성탐방지원센터 백운대 최단거리 [][] 우이역 백운대 최단거리 []와 같이 검색하면다양한 계절에 다녀온 후기글 블로글이 있는데 그런 글을 하나 둘 친구와 함께 읽어보고 풍경 산행코스 중간중간 갈림길 이정표 올라가야하는 길의 분위기 산행시 준비물(간식 음료 등)을 참고해서 준비잘해서 등산을 다녀오면 되겠습니다역시나 백운대에서 종류지점을 종로구 일대(구기동 또는 평장도) 로 할지는 위에 검색방법과 같이 검색으로 길과 코스를 알아보거나아니면백운대로 올라올 때 체력이 많이 소모되었다면 산행을 시작해던 곳 중에서 교통이 편리한 곳으로 하산해서 종로구일대로 이동하는 것도 하나의 방법이 될것 같군요궁금증 해결에 도움이 되었길 바랍니다,2024.10.14.
476526084,476526084_1,1. 은평구립도서관위치: 서울특별시 은평구 은평로 237특징: 은평구의 대표 도서관 중 하나로  다양한 장르의 책들이 많이 소장되어 있습니다. 특히 학습 공간도 잘 마련되어 있고  독서실과 열람실 등 편리한 시설을 제공합니다.웹사이트: 은평구립도서관2. 응암정보도서관위치: 서울특별시 은평구 응암로 233특징: 지역 주민들을 위한 작은 도서관으로  다양한 도서를 보유하고 있고  쾌적한 독서 환경을 제공합니다. 비교적 조용한 분위기에서 독서를 즐길 수 있습니다.3. 은평뉴타운도서관위치: 서울특별시 은평구 은평뉴타운 중앙공원 옆특징: 큰 규모의 도서관으로 최신 서적과 다양한 자료들이 잘 갖추어져 있습니다. 문화 프로그램도 자주 열려  독서 외에도 다양한 활동에 참여할 수 있습니다.4. 구파발도서관위치: 서울특별시 은평구 진관동 구파발역 인근특징: 도서관 내부가 깨끗하고 책의 보유량도 많습니다. 특히 지역 주민들에게 접근성이 좋아 자주 이용됩니다.,2024.10.12.
476437967,476437967_1,은평구 돼지보쌈 맛집 연신내역 4번 5번 출구 근처 목노집 추천합니다위치 참고하시기 바랍니다,2024.10.10.
476432927,476432927_1,근거리 은행 지점은구산동 새마을 금고 / 신한은행 역촌동점2개 은행이 그린빌딩 주변에 있으니 참고하시기 바랍니다.좋은 하루 되세요.<출처: 네이버 지도><출처: 네이버 지도>,2024.10.10.
476324561,476324561_1,"반갑습니다 ^^*1톤차량 2대 + 작업인원2명일반이사    40만원반포장이사  50만원입니다도움이 되셨다면 채택부탁드립니다※젊은 이사꾼이정직한 상담  친절한 이사를 약속드립니다※~~~~~~~~~~~~~~~~~~~~~~~~기본적인 이사비용을 간단히 소개합니다~아래 기본적인 비용에서☆거리(15km이하 기준)에따라 이사비용이  책정됩니다☆(사다리차   비용은 별도입니다)●차량만 이용한 용달이사((차량 운송만 필요시 ))*고객님께서 이삿짐을 직접 운반하시는저렴한 이사입니다기사는 차에서 상 하차 및 운전만 해드립니다운임 : 5만원부터~●일반이사((고객님께서 포장 ---> 기사와 함께 짐 운반))*고객님께서 잔짐 포장해두시면기사와 같이 함께 나르는 보편적인 이사입니다운임:기사도움 + 고객님과작업시 12만원부터~1톤차량 1대 + 작업인원2명  25만원부터~1톤차량 2대 + 작업인원2명  35만원부터~●반포장 용달이사(( 기사가 포장자재 가져가서 고객님과함께 포장 운반))*포장자재를 기사가 가져가서고객님과 함께포장 운반을 같이하고 도착지에서는큰짐(가구 가전)은 함께 배치 고객님께서 잔짐만 정리하시는 이사입니다운임: 기사도움+ 고객님과 작업시 17만원부터1톤차량 1대 + 작업인원2명  30만원부터~1톤차량 2대 + 작업인원2명  45만원부터~●보관이사기본적으로 보관이사는 두번의이사비용이 발생합니다첫이사 비용 + 두번째 이사비용 + 보관료예)첫번째 이사:  현재집 ---> 보관창고두번째 이사:  보관창고 ---> 새로운집보관이사는 유선상담시 정확한 이사비용을확인하실수 있습니다~""친절한 이사업체 만나셔서행복한  이사하세요 ♪(๑ᴖ◡ᴖ๑)♪ """,2024.10.07.
476324561,476324561_2,1톤2대    및  2.5톤반포장이사  46만원입니다자세한건  문의  상담가능합니다(한국로지스) 전국연합 { 주)틈새 }(운송면허 주선면허 이사면허 포장이사보험 완비)프로필 클릭~ 문자 & 톡으로 가격 문의 편하게 상담가능합니다언제든지 연락주시면~ 최선을 다해서 도움드리겠습니다고맙습니다,2024.10.07.
476324561,476324561_3,은평구에서 김포구래동2.5톤 또는 1톤2대 기사2명반포장이사 45만원 입니다,2024.10.08.
476324561,476324561_4,ㅡㅡㅡ언제든지 문의가능합니다.ㅡㅡㅡㅡㅡ좋은하루되세요 ❤️,2024.10.07.
476324561,476324561_5,은평구 - 김포 구래동        용달 비용1톤  용달   운송료     8만 원입니다.,2024.10.08.
476309166,476309166_1,서울 금플란트 치과의원은 토요일은 9시 30분부터 2시까지 진료를 하구요.일요일은 정규 휴무라고 하네요.,2024.10.07.
476007082,476007082_1,은평구 거울 있는 지하철역은 직접 가보세요그게 현명하게 답을 찾는 방법입니다.네이버 지도은평구 지하철역map.naver.com,2024.09.30.
476007082,476007082_2,은평구 전역에 거울은 전부다 설치,2024.09.30.
475824273,475824273_1,1.생활 하기 좋은편 입니다  롯데마트. 노브랜드. 롯데몰.성모병원이 있습니다2.지역 번화가는 연신내역  으로 가면 로데오거리  번화가가 있습니다3.교통은 지하철  노선. 심야버스  N37번이 다닙니다,2024.09.25.
475824273,475824273_2,소득수준이 높은 뉴타운이라서  조용하고 깔끔한 편조금 멀어서 그렇지 버스 이용 시 한 번에 서울 웬만한 곳 대부분 감연신내역까지 버스로 3정거장 지하철역 역간 거리가 긴편연신내와 생활권은 완전히 다른곳교통은 괜찮은 편,2024.09.25.
475823252,475823252_1,많이는 오르지는 않겠지만 오르긴 오름연신내는  서울역 중구 종로구 가는 교통으로 편중된 곳  강남 가는 교통은 741번 한 개굳이 비싼 gtx 탈 일은 없을 듯gtx 가 반쪽짜리 서울역까지만 가므로 삼성역까지 연결 완전 개통 후  상당히 오를 거로 기대됨,2024.09.25.
475823252,475823252_2,거리에 따라 달라지실거에요몇발자국 몇초면 가실수있는 바로앞이면 많이 오릅니다몇백미터 몇키로 넘어가시면 잘안오르죠,2024.09.27.
475781539,475781539_1,저는 재택 근무 하는데용부럽죠!?채택부탁드립니다:),2024.09.24.
475781539,475781539_2,1.네  맞습니다  보통 출근시간 40분  정도 입니디2.가장 많은 사람들이 40분 정도 출근 시간 정도 됩니다,2024.09.24.
475781539,475781539_3,평균적인 출퇴근 거리는 지역이나 직업에 따라 차이가 있지만  일반적으로 통계에 따르면 한국에서는 평균 출퇴근 시간이 약 30분에서 60분 정도입니다.특히 대도시인 서울이나 수도권 지역에서는 교통 혼잡으로 인해 평균 출퇴근 시간이 더 길어질 수 있으며  한 설문조사에서는 서울 지역 근로자의 평균 출퇴근 시간이 58분이라는 결과도 있었습니다. 지방이나 교통이 덜 복잡한 지역에서는 이보다 더 짧을 수 있습니다.통근 버스를 이용해 40분 정도 소요된다면 평균적인 범위 내에 있다고 볼 수 있어요. 출퇴근 시간을 더 효율적으로 활용할 수 있는 방법을 찾거나  더 짧은 통근 시간을 찾기 위한 방법을 고민하는 것도 좋겠죠!,2024.09.25.
475781539,475781539_4,출톼근하는 직장인 화이팅 ㅎㅎ,2024.10.05.
475724731,475724731_1,질문을 보니 걱정되서 하는 말인데 돈 많이 벌고 싶어도 불법적인 일은 하시지 마시구요청소년이 할 수 있는 일 중에 상하차 같은 거 하면 힘들긴 해도 돈은 꽤 벌거예요,2024.09.23.
475724731,475724731_2,1.현실적 으로  아래 돈많이 버는 직업 50가지 입니다2.50위 직업 선택 하여 열심히 노력 합니다돈 많이 버는 직업 순위 및 직업 종류 (한국고용정보원 연봉 1~50위)본인의 직업진로를 결정하는 기준은 여러가지가 있습니다. 업무 강도  업무 유형  본인의 적성  연봉 등이 ...m.blog.naver.com,2024.09.23.
475671420,475671420_1,주차가 가능한 도로인지 살펴봐야 함불법주차면 트럭과실,2024.09.22.
475522994,475522994_1,은평구안에도 체육센터가 있습니다. 응암동은 서부재활체육센도 일반인 이용이 가능해보이지만은평구민체육센터 이용을 권장합니다. 그런데 응암동에서 좀 멀어요 ㅠ곧 증산동쪽에 복합문화체육센터가 생깁니다.은평구민체육센터서울특별시 은평구 진관1로 40증산복합문화체육센터(2024년예정)서울특별시 은평구 증산동 210-13서부재활체육센터서울특별시 은평구 갈현로11길 30,2024.09.19.
475519446,475519446_1,은평구 아이제일산부인과 2003년 개원하였습니다21년 되었습니다,2024.09.19.
475450708,475450708_1,보통 헌혈은 헌혈의 집에서 하는 되요대한산업보건협회 한마음혈액원에서 지정한 병원중에헌혈을 하는 되요청구청심병원은 명단이 없어서 못하내요https://www.bloodnet.or.kr/%ED%97%8C%ED%98%88%EC%B0%B8%EC%97%AC/%EC%A7%80%EC%A0%95%ED%97%8C%ED%98%88-%EB%B3%91%EC%9B%90/지정헌혈 | 한마음혈액원Home » 헌혈하자 » 지정헌혈 #지정헌혈 #소개 지정헌혈이란 무엇인가요? 지정헌혈에 대해 안내드립니다. 지정헌혈 이란? 헌혈자가 헌혈카페에서 의료기관 및 환자를 지정하여 헌혈하는 것을 말합니다. 한마음혈액원은 문진 시 헌혈자가 지정헌혈을 요청할 경우 <지정헌혈의뢰서>를 자체 작성해 혈액과 함께 지정병원에 보냅니다. 지정헌혈을 원하는 헌혈자는 반드시 수혈자에게 수혈될 혈액의 종류 및 수혈 받을 병원 등에 대하여 정확히 확인하시는 것이 중요합니다. 지정헌혈 필수 지참 사항 ∨ “환자 또는 보호자＂로 부터 전달 받은 “수혈자 등록번호...www.bloodnet.or.kr,2024.09.17.
475450708,475450708_2,일반적으로 병원에서는 헌혈(수혈) 업무는 하지 않습니다.특수한 상황이 아니면  하지 않아요. (예를 들어 아주 긴급하게 피가 필요할 때는 즉시 모집을 하겠죠.)헌혈의 집이나 헌혈카페  헌혈 버스에서 하는 방법 밖엔 없습니다.,2024.09.17.
475450708,475450708_3,연신내역 6번출구 파리바게뜨 건물 4층에 헌혈의 집,2024.09.18.
475201505,475201505_1,인천 하고 은평구하고는 관련이 없고서대문구하고 이름이 비슷함인천 가좌동 서대문구 북가좌동 남가좌동 가좌역(모래내 시장 이름이  같은게 남가좌동 한강 모래가 쌓여서 형성된 시장 인천 바다 모래가 쌓여서 형성된 시장 유례는 비슷 )인천 계양구 갈현동은 법정동 (계양구 법정동은 23개정도 되고 갈현동은 계양1동에 들어감 )은평구 갈현동은 행정동법정동은  이름 겹치는 곳은 상당히 많음예로 서울 종로구의 법정동은 80개 중구 60개 정도 됨,2024.09.11.
475201505,475201505_2,인천시와 은평구는 자매도시가 아닙니다,2024.09.11.
475201505,475201505_3,인천이랑 은평구랑 자매도시는 아니구요지역명이 겹치는것은그냥 우연인것 같네요...,2024.09.11.
475001257,475001257_1,내가 선정학생은 아니라 대충 적음1. 과중만 높음. 일반은 걍 평반고임2. 가끔 한 과목이 ㅈㄹ나는거 빼곤 괜찮음. 그래도 은평구에서 하나-대성  예일 다음이니 빡세게 준비는 해야할 거임3. 아마 안 됨,2024.09.09.
475063924,475063924_1,구산역 쪽 네컷사진은 없고 비슷한곳은 있음고성능 DSLR 카메라가 장착된 무인사진관에서 나만의 인생네컷을 담을 수 있다. ©엄윤주서울디지털동행플라자를 매일 즐겨 찾고 계신 어르신이 인생사진을 찍어 보여줬다. ©엄윤주서울디지털동행플라자는 개관을 마친은평구 서북센터  영등포구 서남센터2개소 외에 앞으로 4개소가 추가로 조성될 예정이다. 직접 방문해 본 서울디지털동행플라자는 단순하게 디지털 기기들의 사용법만 알려 주는 공간이 아닌 어르신들의 다양한 필요를 채워주는 성장의 공간이었다. 특히 파격적으로 365일 연중무휴로 운영되는 공간이라 어르신들이 언제 찾아도 좋은 최고의 보금자리 역할을 해내고 있었다.서울디지털동행플라자 서북센터○ 위치 : 서울시 은평구 서오릉로 165 2층○ 교통 : 6호선 구산역 4번 출구에서 262m○ 운영일시 : 월~일요일 09:00~21:00  365일 연중무휴○누리집○인스타그램○ 문의 : 02-1566-2891,2024.09.08.
