﻿doc_id,title,question,region_id,views,question_date
477253996,질문함양박씨 밀직공파 항렬 질문드려요?,안녕하세요 아버지가 함양박씨 밀직공파 45세시면 아들인 저는 46세가 되는 건가요? 제 아들은 47세?,12101901, 34,2024.11.04
476761179,질문함양고등학교 갈수 있을까요..? 급해요ㅠㅠㅠ,중 3이고요 아직 기말은 안쳤지만 중간은 평균 75점정도인데요..기말때 평균 80초반대 받으면 갈수 있을까요..?? 함양고등학교 다니시는 분 계시면 어떤지도 알려주세요,12101901, 22,2024.10.17
476649995,질문함양에서 지리산 반야봉까지 가는법,학생들끼리 등산가는데ㅡ알려즈세여,121019, 27,2024.10.15
475840212,질문함양군 대봉캠핑랜드,대봉캠핑랜드 가려면 예약 전화로만 해요? 네이버 쳐봐도 홈페이지 같은거 없고 예약할수 있는 사이트가 없던데 아시는분 계실까요?,121019, 34,2024.09.26
475415142,질문함양군 쌀통 구매,경상남도 함양군 할머니댁에 왔는데 함양읍에 쌀 20kg정도 담을 수 있는 통 쌀통이라고 하나요? 혹시 그거 구매할 수 있는 가게가 있을까요?,12101901, 20,2024.09.16
475304617,질문신미년생나이함양박씨박필진,,12101901, 17,2024.09.13
