﻿doc_id,title,question,region_id,views,question_date
477482975,질문경주김씨 태사공파(상촌공파) 족보질문입니다,아버지께서 영자 돌림이시고 제가 식자 돌림입니다 저가 몇대손인지 궁금합니다 그리고 저희집이 종가라서 제사도 따로 엄청큰 무덤? 같은곳에서 매년 치르고있는데 지금 종가라고 해도 과거애 족보를 사서 종가가 될수 있는건가요? 전 지금까지 족보를 샀다고 생각했는데 얼마전에 아버지께 물어봤더니 종가라 그럴일은 없을거라고 하시더라구요,12160703, 29,2024.11.05
477301927,질문여기 경남 양산이라는데 어디입니까?...,여기 경남 양산이라는데 어디입니까?,12160706, 35,2024.10.31
477021338,질문영동에서 황간가는 버스시간표좀 알려주세요,할머니집 가는데 알려주세요,121607, 25,2024.10.24
476840892,질문양산여고 성적,제가 중3인데 여고 가고싶거든요 근데 지금 70프로인데 가기 힘들까요?ㅜ,12160706, 16,2024.10.19
476830486,질문오늘 도착할까요?,경남 양산이에요!!,12160706, 19,2024.10.19
476460851,질문부산 효암고,양산에 위치한 효암고 인식이나 교육 등 어떤 편인가요?,12160706, 25,2024.10.12
475975553,질문지금 야외 걷기운동하면 더울까요,제폰엔 28도 뜨네요. 양산쓰고 공원가서 70분 걸을려구요 화창한 날이예요,12160706, 34,2024.09.29
475492087,질문김해 양산 보육원 봉사,경남 (김해 양산) 보육원 애기들 봉사할 수 있는기관이 있을까요?,12160706, 7,2024.09.18
475405990,질문배우 주부진 선생님 토스트가게 알 수 있을까요?,하이킥에서 영기엄마로 출연하셨던 주부진 선생님께서 충북 영동에서 토스트 가게 하신다고 들었는데 정확히 영동 어디에 위치해 있고 가게 이름 알 수 있을까요?,121607, 40,2024.09.16
475252532,질문택배 언제 출고 될까요?,계속 입고중인데 출고는 몇시쯤 하나요?,12160706, 16,2024.09.12
