﻿doc_id,title,question,region_id,views,question_date
477485826,질문한라산 예약,한라산 정상으로 당일치기 갔다올려하는데 예약 해야되는건가요? 성악판코스로 갈려고합니다,12140223, 30,2024.11.04
477433681,질문제주도 1종 연습장,제주도내에서 1종 운전연습을 할 수 있는 시설이나 학원 없을까요? 익숙해지고 싶어요.,121402, 27,2024.11.04
477479372,질문제주도에서 당근하고 사과 싸게 살 수 있는 곳,어디 없나요? 못난이 판매하는 곳도 상관 없습니다. 현지 분들의 도움이 필요합니다.,121402, 17,2024.11.04
477464416,질문제주 백화점 질문,제주도에 꼼데 아미 톰브라운 그런 옷들이 파는 매장이 있을까요? 백화점이던 아웃렛이던 편집샵이던 그냥 좀 유명한곳 다 알려주세요,121402, 26,2024.11.04
477448643,질문제주도가는데 11일비가오나요,제주도가는데11이날에비가오나요,121402, 23,2024.11.03
477428476,질문차로제주도 갈수있나요,비행기 안타고 제차로 제주도 갈수있나요 선착장에서 배에다 차 실고 제주도 갈수있나요,121402, 22,2024.11.03
477425658,질문제주도 플리마켓에 고전문구 있는곳 어딘가용??,제주도 (서귀포××)에 플리마켓 중에 고전문구 고전 스티커 필통 같은거 많이 파는데 있을까요? 아님 제주도에 오래된 문구점같은데도 괜찮아용,121402, 21,2024.11.03
477416957,질문제주도 바다 찾아주세요!!,재즈도 바다찾아주새용,121402, 26,2024.11.03
477354588,질문요즘 제주공항 줄,토요일날 제주에서 김포로 1시 비행기로 가는데 줄 많이 기나요? 한시간전에 공항 도착하는데 더빨리 가야하나 고민이네요,121402, 28,2024.11.01
477311043,질문인천 아라고등학교 2학년13반,2024년 인천아라고등학교 0나0 김지0 김민0 00아 00아 0이0 0수0 우리 포에버하자 사랑해 누가 적었게 맞춰바 메로오오오오오오옹 -참고로 영어수행때 적고있어 00아는 자고있네?잘자아아아아앙,12140211, 17,2024.10.31
477288776,질문제주도에서 축제,제주도에서 15년도에 했던 음악 관련 축제 알려주세요 제발요,121402, 22,2024.10.30
477255411,질문제주 노형에서 세화고 까지 가는 버스,노형에서 세화고 까지 가려면 어디 정류장에서 몇 번을 타서 어디에 내려서 환승해야 해요?,12140203, 28,2024.10.30
477244944,질문제주시 함덕 제주선샤인호텔 폐업했나요?,코로나 전 갔을 때 뷰가 너무 좋아서 또 가고싶은데 홈페이지도 터져있고 전화도 안되네요 건물은 있는 것 같은데 아예 폐업한건가요?? 현지인 답변 부탁드립니다,121402, 24,2024.10.29
477235579,질문제주시내 모텔,서울토박이인데 갑작스럽게 제주살이를 하게되었어요. 잠깐 살건 아니고 2~4년정도 살려고하는데 보증금이 힘들어서 3개월에서 6개월정도는 모텔이나 쉐어하우스에서 지낼 생각하고있어요. 20대 여자 혼자 모텔에서 지내기는 위험한가요?,121402, 25,2024.10.29
477161590,질문제주도 1월초 여행 3박4일 코스를 어떻게 짤지?,2025년 1월 제주도 3박4일 가족여행을 가려는데 코스를 어찌 짜야할지 머리가 아픕니다. 우선 제주올패스를 48시간짜리 5명 구입하려하구요. 공항에서 애월쪽으로 이동해서 주변 관광지 몇군데 보고첫째날 숙소 더큐브리조로 가려하구요. 둘째날 숙소는 덕천연수원 셋째날은 애월에 위치한 펜션에서 자고 뒷날 공항으로 이동하려합니다. 제주올패스를 효과적으로 사용하면서 숙소를 기점으로 여행을 할수있는 코스면 좋을것 같은ㄷㅔ요. 전문가님들의 의견이 듣고싶습니다.,12140213, 73,2024.10.27
477089710,질문제주 시 시민들이 식사하러 가시는 밥집 추천 좀요,어디 몇만원씩 받는 관광객용 식당 말고,121402, 47,2024.10.27
477108281,질문우도 스쿠터 대여 외국인관광객도 가능한가요??,외국인들 데리고 우도에가려하는데요 스쿠터를 대여하고싶다하는데 외국인도 대여가능한가요?,12140230, 21,2024.10.26
477047963,질문노선이 그냥 단선이라면,제주안동 버스 같은 경우에는 그냥 지도보면 회차를 안하는것 같은데 종점도착후 어떻게 하는 건가요?,121402, 26,2024.10.24
476999164,질문제주도에 관해서 궁금한게 있습니다..,1. 삼성페이 되나요?? 2. 카카오택시 돼요? 3. 버스탈때 찍고 거리만큼 가서 추가되는게 아니라 기사님한테 ㅇ어디까지 간다고 하면 기사님이 현금으로 얼마내라고 한다던데.. 진짜예요??,121402, 47,2024.10.23
476979593,질문11월 제주도 많이 추울까요?,이번에 수학 여행으로 제주도에 가는데 4~7일 이렇게 가거든요? 근데 많이 추울까요? 어떤 댓은 따듯하다고 하고 어떤 댓은 춥다고 하시는데….,121402, 38,2024.10.23
476899705,질문제주 조천읍이나 함덕 쪽 숙소,미성년자가 부모님 동의서 받으면 투숙할수 있는 제주 조천읍이나 함덕쪽 숙소 알려주세요 ㅠㅠ,12140228, 38,2024.10.21
476899638,질문고래꿈해몽,꿈해몽^^^ 저수지에서 엄청나게 많은 고래가 화려한 쇼를 하는데 ~ 고래가 저수지 옆에 있는 말을 공격해서 말 몇마리가 물려서 쓰러져~~ 죽은것 같기도 하구요 뭘 의미 할까요 저는 65세 여자입니다,12140213, 31,2024.10.21
476874584,질문자전거 택배 보내는데 택배비,제가 자전거 중고로 팔아서 택배로 보내야하는데 어떻게 보내야하나요 그리고 전남담양에서 춘천이면 택배비 어느정도 나오나요,12140213, 18,2024.10.20
476870567,질문제주도 속옷가게 추천 해주세요..,18살 여고생인데요 저희 부모님께서 평소에 속옷을 잘 안사주세요.. 그래서 브래지어가 너무 작아져서 새거를 사야할거같은데 고등학생이 갈만한 속옷가게 없나요? 길거리 속옷가게는 야한속옷 앞에 전시되서 들어가기 꺼려져서요..,121402, 24,2024.10.20
476835654,질문삼화지구에서 봉개가는 버스 막차시간 언제인가요?,335336351등등 삼화지구에서 봉개까지 가는 버스 막차시간이 언제인지 궁금합니다,12140208, 17,2024.10.19
476815427,질문세븐틴 제주도 애월읍,제가 11월에 가족들이랑 제주도 여행가는데 숙소가 애월에 있어서 세븐틴이 애월에 왔다간 곳 좀 알려주새요,12140227, 23,2024.10.19
476799407,질문제주도 2박3일 여행,다음주 결혼하는데 결혼 전에 엄마랑 제주도 여행 잠깐 다녀오고 싶은데요 비행기 예매랑 숙소 등 필요한거 어떻게 찾나요? 다음주 월~수 다녀오고 싶거든요,121402, 39,2024.10.18
476775900,질문연예인제주도국제학교 다니는 자녀 누가 있을까요?,제주도 국제학교에 자녀를 보낸 연예인이 누구인지 궁금합니다. 해당 연예인이 누구인지 알려주시구 제주도 국제학교는 어떤 커리큘럼으로 교육하는지도 궁금합니다! 자세한 정보 부탁드려요!,121402, 21,2024.10.18
476733095,질문제주국제학교보내는연예인 누가 있을까요?,제주도 국제학교에 자녀를 보낸 연예인이 누구인지 궁금합니다. 해당 연예인이 누구인지 알려주시구 제주도 국제학교는 어떤 커리큘럼으로 교육하는지도 궁금합니다! 자세한 정보 부탁드려요!,121402, 17,2024.10.17
476708469,질문빛의벙커 제주에 대해 질문드려요.,학교에서 여행가서 제가 빛의벙커를 맡았구요. 해설하듯이 가서 소갸해주는 역할입니다. 혹여나 잘아시는분이 계시다면 도움을 구하고 싶습니다.,121402, 19,2024.10.16
476696832,질문제주도식당,제주도 공항 근처 식당을 찾기가 어려워서ㅜ 혹시 11시쯤 까지 늦게 하는 식당 좀 알려주세요,121402, 41,2024.10.16
476636349,질문고속버스 의자 사이에 핸드폰 꼈는데 찾을 수 있나요??,고속버스 의자 사이에 핸드폰이 꼈는데 의자 다 뜯어야 하고 시간도 늦어서 낼 아침에 다시 사무실로 방문 하라는데 잘 찾아줄 지가 궁금합니다....,12140218, 16,2024.10.15
476612950,질문제주도에 중국인들 많나요,제가 지금 제주도인데 거리에 중국인들이 엄청 많더라고요 (중국말 밖에 안 들릴 정도로)원래 그런가요,121402, 71,2024.10.14
476604214,질문서귀포 마사지 테라피 샹그릴라 서귀포점 주차장 있나요?,주말에 여자친구와 함께 제주도로 여행을 갈 예정입니다. 걷는 일정이 많아서 저녁에 마사지를 받아보려고 하는데 서귀포 마사지 테라피 샹그릴라 서귀포점 주차장 있나요? 주차장은 넓은지 전기차 충전은 가능한지 등 주차 정보 좀 알려주세요.,121402, 16,2024.10.14
476604095,질문서귀동 마사지 테라피 샹그릴라 몇 시 까지 하나요?,주말에 여자친구와 함께 제주도로 여행을 갈 예정입니다. 걷는 일정이 많아서 저녁에 마사지를 받아보려고 하는데 서귀동 마사지 테라피 샹그릴라는 몇 시까지 하나요? 커플로 예약이 가능한지도 알려주시면 감사하겠습니다.,121402, 17,2024.10.14
476603113,질문자동차.호텔 꿈해몽,남편이 운전을하고 같이 여행을 갔는데 5성급의 많은 호텔이 있는곳에서 자동차를 타고 어느 호텔에 들어갈까 얘기 하며 호텔 주변을 천천히 차를 몰며 호텔을 고르고 있는 꿈해몽 부탁 합니다.,121402, 34,2024.10.14
476594207,질문호텔에어시티제주 근처 현지인 맛집 추천 부탁해요,10월 마지막주에 수학여행을 가게됐는데 자유시간이 없어서 배달 시키거나 몰래(?) 빠져나가서 사먹으려고 하는데 근처에 그렇게 멀지도 않고 맛있는 집 있을까요? 저녁에 야식느낌으로 먹을거고 1~5명 정도 먹을것 같아요!! 놀러간다해도 학생들이라서 그렇게 돈이 많지 않아서 적당한 가격 이면 좋겠어요..ㅠㅠ 현지에서만 먹을 수 있거나 그 주변에서 먹을만한곳 추천해주세요.,121402, 25,2024.10.14
476576308,질문제주도 수목원길 야시장,소주파나요?,121402, 34,2024.10.13
476558609,질문버스 현금 안받기,오늘 버스타고 여기저기 다닐건데요 혹시 제주 버스 이제 현금 안받고 카드만 받나요? 그리고 교통비가 얼마정도인지 좀 알려주세요,121402, 161,2024.10.13
476552456,질문천렵(쪽대 물고기 잡기),다음 주 10월20일(일요일) 초등학생(1 4학년) 천렵(쪽대 물고기 잡기) 체험을 하고자 합니다. 안양 평촌지역에서 가까운 곳으로 쪽대로 물고기 잡이 체험에 적합한 곳을 추천하여 주시면 감사하겠습니다. 물론 잡은 고기는 되돌려 보낼 것입니다 어린아이들에게 자연을 접하고 보호하는 기초를 가르치고자 하는 체험이 목적입니다. 좋은 장소를 알려주시기를 부탁 드리겠습니다.,12140213, 18,2024.10.13
476516081,질문애월에 있는 얘네는 풍력발전기인가요??,여기서 말고는 못 봤던 것 같은데 대왕 송풍기처럼 생긴 얘네들 정체가 궁금합니다. 아시는 분들 계시면 알려주세요 :) 제주특별자치도 제주시 애월읍 애월로3길 48-15,12140227, 28,2024.10.12
476500049,질문제주도 단체 60명정도가는데 해장할만한 식당있을까요?,함덕해수욕장이나 제주공항가는길 그 근처 어딘가였으면 좋겠습니다,121402, 31,2024.10.11
476476367,질문범칙금 우체국에서 내도 되나요?,킥보드 무면허 때문에 10만원을 내려고 하는데 대전 봉명동 우체국에서 내도 되는건가요?,12140202, 41,2024.10.11
476450637,질문제주 애월 맛집추천해주세요!,11~12월중 방문예정입니다. 기가막힌 애월 맛집 추천해주세요~ 점심으로 먹으려고 합니다.,121402, 194,2024.10.10
476390745,질문제주도 회원권 얼마인가요?,제주도 회원권 얼마정도 인가요?,121402, 32,2024.10.10
476438108,질문한라산 소주 640ml 가격 알려주세요,지역 아무 데라도 상관 없습니다,12140223, 30,2024.10.10
476402390,질문제주 성문화 박물관,커플끼리 오면 보고 느낄텐데 혼자 오다보니 짝이 아직 어떤가요 전시 혼자볼경우,121402, 34,2024.10.09
476393383,질문제주 맛집,안녕하세요 제주 도민입니다 제주에 살면서 자주 들리시는 점심 밥집이나 회식 장소 있으면 추천해주세요 제주 맛집이라고 해서 갈치 흑돼지 해장국 국수 이런 거 추천 X 정말 자주 가는 도민 맛집으로 추천해주세용,121402, 31,2024.10.09
476383539,질문제주 시청 잘 곳,숙박 말고 적당히 4시간정도 자고 나올만한 곳 없나요 벌툰 오픈시간이 너무 늦어서.. 오픈 시간 빠른 뭔가 잘만한 곳 없을까요..,121402, 25,2024.10.09
476294953,질문에이블리 제주도,내가 10월 6일 11시에 옷을 하나 시켰고 내일 출발 예정인데 10월 10일 밤까지 옷 받을수 있을까? 제주도 사는데 10월 11일날 입고 가야돼,121402, 26,2024.10.08
476375575,질문제주도 여행 일정,안녕하세요 10월11일 ~ 10월12일 제주도 여행을 갈려고 합니다 일정을 작성 했는데요 비행기 시간이 21:20 입니다 비행기 탑승 몇시간 전 까지 공항에 와야하나요? 일정이 빡빡 한것 인가요? 제주 공항 도착 16:30분 ~ 렌터카 17시 닭머르 17시30분 ~ 18시 일몰 오드랑 베이커리  함덕 해수욕장 18시30분 숙성도(흑돼지) 19시 동문 제주시장 20시 - 21시 일통 이반 (모듬 해산물 포장) 21:30 성산 숙소 22시30분 도착 취침 11시 토요일 성산 일출봉 (일출) = 6시35분 = 5시30분 숙소 출발 섭지 코지 7시 이동 성산 고등어 쌈밥 김치찜 식사 (8시) 해일리 카페 9시~ 9시30분= 풍경 맛집 김녕바닷길 10시~ 10시20분 청궁물 10시:30분~11시 창꼼바위 11시~11시30분 명진 전복 = 12:00~ 13:00 용눈이 오름 13:00~14:00 비밀의숲 14:30 ~ 15:30 사려니 숲길 16:00 ~17:00 제주시 이동 17:00 - 18:00 우진 해장국 18:00 ~ 19:00 (제주시) 식사 차 반납 및 주유소 19:00 ~ 19:40 제주공항 20:20분,121402, 31,2024.10.08
476326351,질문제주도 유전자 검사소,제주도에는 유전자 검사소가 없습니까?,121402, 26,2024.10.08
476356916,질문제주도 이도이동 마트 위치와 영업시간은?,이도이동에 있는 마트의 위치와 영업시간을 알고 싶습니다. 이도이동에는 여러 마트가 있다고 들었는데요. 마트마다 위치랑 영업시간이 궁금해요. 또 휴무일은 언제인지 알려주시면 좋겠어요. 여행가기 전 마트 정보 참고하려고요.,12140220, 29,2024.10.08
476354713,질문제주도일주일살기비용,아기랑남편이랑제주도일주일정도 갓다오려는데 일주일살기비용 얼마정도 드나요? 저렴히알뜰하게잘다녀올수있는방법좀 알려주세요 숙소나놀곳음식점추천좀해주세용,121402, 69,2024.10.08
476354286,질문제주도 여행,안녕하세요  10월11일 16:30 ~ 10월12일 21:00 비행기 입니다 제가 동부쪽으로 여행계획 일정을 작성 했습니다 이 루트 대로 가면 정해진 시간 안에 여행을 할수 있을까요? 부족하거나 빼야 되는 부분 있으면 알려주세요 ㅜㅜ 제주 공항 도착 16:30분 - 롯데 렌터카 17시 닭머르 17시30분 ~ 18시 일몰 숙성도(흑돼지) 19시 저녁식사 동문 제주시장 20시 ~ 21시 = 선물 구매 일통 이반 (모듬 해산물) 포장 성산 일출봉 근처 숙소 (취침) 토요일 성산 일출봉 (일출) = 6시35분 = 5시30분 기상 섭지 코지 7시 이동 성산 고등어 쌈밥 김치찜 식사 (8시) 해일리 카페 (9시) 김녕바닷길 ( 10시) 청궁물 10시30분~11시 창꼼바위 11시30분 ~12시 런던베이글 12시 30분 = 변경될수 있음 ( 서울에도 있는데 메리트가 있을까요) 명진 전복 = 점심식사 13시 ~14시 비밀의숲 14:30 ~ 15시20분 백약이 오름 15시40분 ~ 16시20분 용눈이 오름 16:20분 ~ 17시 제주시 이동 우진해장국 18시 주유소 및 차반납 19시~19시30분 비행기 탑승 21시 20분,121402, 46,2024.10.08
476267463,질문제주시 도남동 내 옆집에 사는 새끼 3명 달린 이웃의,제주시 도남동 내 옆집에 사는 새끼 3명 달린 이웃의 100년 후 후손들은 얼마나 많을까요? 100년 200년이 지나면 그 후손들은 엄청나게 불어나서 제주도를 가득 채울까요?,12140204, 30,2024.10.08
476318999,질문화이트펜슬 스터디카페 지역 달라도 연동 되는지?,화이트펜슬 스터디카페 지역 달라도 체인점이라서 연동이 되나요? 시간 남아있으면 다른 지역에서도 사용이 되나요?,12140212, 22,2024.10.07
476264524,질문제주도 집값,저는 제주도 사는 청년인데요. 제주도 분들에게 묻습니다. 제주시 집값이 한림이나 조천 이런 시외쪽보다 훨씬 비싼가요?,121402, 42,2024.10.07
476108247,질문성판악 근처 숙소 추천부탁드립니다.,첫째날은 한라산 등반예정인데 성판악근처 숙소 추천부탁드립니다. 온천이나 사우나가 가능한 곳이 더좋겠고 뚜벅이인 관계로 버스나 택시이용 가능한곳으로 숙소 부탁드리며 픽업 서비스도 가능한곳도 부탁드립니다. 둘째날은 제주공항 근처 숙소 추천부탁드립니다. 세번째- 성판악에 캐리어24인치 보관소 있을까요? 관리소에서 짐 부탁하면 맡아 줄까요?,12140228, 34,2024.10.07
476242390,질문제주시 현지 분들이 애용하시는 식당 추천,을 부탁드립니다.,121402, 36,2024.10.05
476210325,질문끝사랑 경희진휘 제주도 양식식당 어딘가요,여기 제주도 어느식당인가용?,121402, 22,2024.10.04
476195407,질문애월 카페 제주만주 추천 메뉴 무엇인가요?,애월 카페 제주만주에서 어떤 메뉴를 주문하면 좋을지 고민입니다. 제주도 특산물인 만쥬를 즐길 수 있다는데 혹시 애월 카페 제주만주를 방문해보신 분이 계시다면 맛있는 메뉴 추천 부탁드립니다.,12140227, 19,2024.10.04
476158749,질문등산가능 시간,혹시 산은 등산이 불가능한시간이 있나요? 모든시간에 언제든지 입산이 가능한가요?,12140223, 36,2024.10.03
476085429,질문결과보고서,제주도 가족들이랑 갔다와서 결과보고서 써야되는데 뭐라고 써야 할까요ㅜ 중3이고 대충 쓰면 다시 불러서 써오라 하십니다..,121402, 32,2024.10.01
476084595,질문제주도 한라산둘레길 질문이요(숙소.렌트카),안녕하세요 이번에 제주도 한라산여행을 5박6일 갈 예정입니다. 성인남자 두명이고. 그동안 관광지랑 바다 한라산등반 으로 몇번 제주도 방문해서 낯설진 않지만 한라산 둘레길 여행은 처음입니다. 궁금한게 숙소랑 렌트카 입니다. 매일 매일 숙소옮기는게 번거롭고 식사도 숙소에서 먹는게 편한 집돌이 취향인데 한라선둘레길 여행은 한군데 숙소 거점을 잡아놓고 여행하면 많이 불편할까요? 렌트카도 빌리는게 나을까요? 차량이 아예 없으면 장보거나 트레킹후 잠깐식 돌아다닐때 불편할거 같아서요 경험있으신 트레킹선배님들 고견부탁드립니다~,121402, 21,2024.10.01
476065686,질문제주도 반려견 일시 보호소 아시는분~??,저는 지금 제주시 연동에서 반려견 장군이 (4살) 진도견 백구랑 살고 있는 62세 남자 입니다. 안산에 여동생이 변환중이신 어머님을 모시고 있는데 장군이 식사와 배변 산책 때문에 저는 항상 단일 일정으로 다녀오곤 합니다. 그런데 어머님이 돌아가시면 장례절차 때문에 제가 부득이 2-3일의 시간을 장군이와 떨어져 있어야 하는데 장군이 식사와 배변이 걱정이 됩니다. 성품을 매무 온순하고 사람을 잘 따르고 소형견하고도 잘 어울리며 사회화가 잘 되어 있습니다. 특별한 사유가 없으면 잘 짖지도 않습니다. 3-4일정도 비용을 부담하고 장군이를 보호해주실 시설이나 개인을 소개 해주시면 감사 하겠습니다 미리 알아두고 대비해야 될것 같아 이렇게 글를 올립니다. 제주도에는 아는 사람이 없어서 난감하네요~!! ,121402, 23,2024.10.01
476062934,질문제주 휠체어여행,제주도에 2박3일동안 11월초에 갈예정입니다 제주도 휠체어 탄장애인분과 일반인한명 같이갈예정인데 주변 관광지와 휠체어들어갈만한 식당카페 코스알려주심감사하겠어요 힘든곳말고 보는관광위주로 짜주심감사하겠어요,121402, 54,2024.10.01
476062179,질문제주에서 렌트카 빠른시간에 인수가능한 곳 있을까요?,렌트카 대부분이 8시부터인데 더 빠른 시간에도 인수받을수 있는 곳 있을까요?,121402, 44,2024.10.01
476023274,질문애월 곽지해수욕장 근처...,애월 곽지해수욕장 근처 소품샵이나 혼자 놀기 좋은 곳 추천해주세요 차 X,12140227, 27,2024.09.30
476012792,질문제주도 동문시장 광명식당 없어졌나요..?,제주도 동문시장 광명식당 없어진건가요 지도에도 안뜨고 최신블로그 후기도 없던데 ㅜㅜ 도민ㅇ분들알려주세요,121402, 212,2024.09.30
476005982,질문관음사에서 성판악까지 버스,성판악에 주차를하고 관음사로 내려올 계획입니다. 관음사에서 성판악까지 버스차편이 있을까요?,12140228, 179,2024.09.30
475942289,질문11월 제주도,11월초에 제주도로 수학여행 가는데 추울까요??? 맨투맨같은거 챙기면 더울까요? 잠바같은것도 챙겨가야할까요?,121402, 41,2024.09.28
475915560,질문보호관찰 야간전화,야간전화 재인증할때 그 번호 02.. 그리고 뭐였죠 .. 제주도에여,12140212, 15,2024.09.27
475861129,질문제주도 청년지원 뭐 있는지 알 수 있을까요.,이번에 제주도에 있는 신화월드란 곳에 일하게 됬어요 혹시 지원사업있으면 신청하고픈대 잘 몰라가지구요. 청년지원 무엇이있고 지금 지원이 가능하다면 지원방법 알려주세요 ㅠㅠ,121402, 62,2024.09.26
475805589,질문제주특별자치도 아동참여위원,제주에서 아동참여위원 해보신분 계실까요? 후기 알려주세요ㅠㅠ,121402, 34,2024.09.26
475838717,질문제주도에서 귤농장 일자리 구하는방법 궁금합니다,저는 서울에서 조경을 하고있습니다. 겨울이되면 방학에 들어가서 겨울에 단기로 할수있는것들을 찾아보고있는데 제주도에서 숙식제공에 귤농장을 보게 되서 어디서 구하고 지원하는지 제주도분들이 이용하는곳을 알고싶습니다,121402, 30,2024.09.26
475814501,질문제주도 정방폭포...,"제주도 정방폭포 ""주변 옛 주소(예 북제주군 ? ? 면 ? ? 리 이렇게 옛 주소를 아시는 분 있을까요? 혹시 알고 계시는 분 알려 주시면 고맙겠습니다.",121402, 21,2024.09.25
475810751,질문6개월 아기와 기차 탑승 가능한가요?,6개월 된 아기와 함께 기차를 탑승하려고 합니다. 아기와 함께 기차를 타는 것이 처음이라 걱정이 되는데 아기와 함께 기차를 탈 때 주의해야 할 점과 준비해야 할 사항이 무엇인지 알려주세요. 또 유아 동반석을 예약하는 것이 좋을까요?,12140223, 68,2024.09.25
475748107,질문제주도에서 현무암 가져오면 안되나요?,해변가에 흔히 보이는 작은 현무암 조각들 주워오면 불법인가요??,121402, 20,2024.09.24
475680944,질문제주 중문고 기숙사 있나요??,궁금해요 제가 조금 많이 떨어진 곳에 사는데 아침마다 가는게 그래서,121402, 31,2024.09.22
475578535,질문제주도 씨유와 올리브영,제주도에 씨유가 총 몇개 인가요? 그리고 올리브영은 총 몇개 인가요? 대략도 가능합니다 알려주세요:),121402, 24,2024.09.20
475528291,질문제주시에서 서귀포 탁송,회사 렌트카를 빌려서 쓰는데 혹시 제주시에서 서귀포까지 탁송? 대리운전? 해주는 괜찮은 업체 있을까요?? 가격은 어느정도 할까요?,121402, 63,2024.09.19
475526592,질문제주 2일 투어,제주에 관광갑니다. 10월 11일 점심시간에 도착하는데. 랜트카 픽업하고. 해안도로를 따라서 천천히 구경하면서 성산 일출봉앞에 있는 숙소까지 갈 겁니다. 저녁은 대충 때울거구요 10월 12일. 성산 일출봉에서 출발해서 제주를 반을 보게 계획을 세워주세요 꼭 가봐야 하는 곳 4-5 군데만 넣어줘도 됩니다. 밥집. 맛있는 곳으로 점심 저녁 알려주세요. 코스에 맞게 넣어주셔야 움직이기 좋겠죠 11월 13일. 마찬가지로  성산 일출봉에서 출발해서 제주를 반을 보게 계획을 세워주세요 꼭 가봐야 하는 곳 4-5 군데만 넣어줘도 됩니다. 밥집. 맛있는 곳으로 점심 저녁 알려주세요. 코스에 맞게 넣어주셔야 움직이기 좋겠죠 ★ 챗봇으로 적는 답변은 사양할게요. 대신에 답변 적는 분들은 모두 다 채택하겠습니다. 감사합니다,121402, 27,2024.09.19
475409930,질문제주도 집값,저는 제주도 사는 청년인데요. 제주도 분들에게 묻습니다. 제주시 집값이 한림이나 조천 이런 시외쪽보다 훨씬 비싼가요?,121402, 27,2024.09.16
475398882,질문제주도 바가지가 심하다는데 어느정도인가요?,,121402, 61,2024.09.15
475398875,질문제주도 바가지가 심하다는데 어느정도인가요?,,121402, 26,2024.09.15
475369109,질문제주고 호텔제과제빵 제과제빵,둘중에 한곳을 가려고하는데 제가 학교문제때문에 자주 결석하고 조퇴까지하고 다음달엔 자퇴숙려제 2달 신청하려고하거든요ㅠㅠㅠ 출석률 이정도로 안좋으면 못가나요..?ㅠㅠ,121402, 32,2024.09.15
475367417,질문제주시 도남동에 핵폭탄을 떨어뜨리는 방법,제주시 도남동에 핵폭탄을 떨어뜨리는 방법은 뭘까요?,12140204, 26,2024.09.15
475185050,질문매봉산 지네 개체수 감소 이유,제가 서울 메봉산 근처에 사는데 원래 매년 지네가 주변에 많이 있었는데 올해부터 개체수가 급격히 감소했어요. 개체수 감소한 이유가 궁금합니다.,121402, 23,2024.09.14
475351108,질문제주 탐라도서관 내일 문 여나요??,네이버에 검색해보니까 추석 연휴에는 닫는다고 해서ㅜㅜ 내일 9월 15일(토)에 가도 될까요..?,121402, 47,2024.09.14
475267994,질문제주 세화해수욕장 에서 비자림 가는 길,안녕하세요 대중교통을 이용하여 ( 자전거 스쿠터 등 ) 제주여행을 계획중입니다 찾아보니 세화해변에서 비자림 까지 거리가 그리 멀지않은것같은데 ... 혹시 자전거나 스쿠터를 이용하여 갈 수 있는 곳일까요? 도로사정이 어떠한지... 초행길인 저에게는... ^^;; 아시는 지식인 님께 도움을 얻고자 합니다,121402, 29,2024.09.14
475319792,질문제주 시내 쪽에 토박이 분들이 가시는,식당 추천 좀요.,121402, 26,2024.09.13
475294728,질문제주시에서 갈만한 관광지좀,알려주세요,121402, 59,2024.09.13
475268141,질문방아머리해변 횟집,방아머리해변 주변에 물고기 잡아가면 회 떠주는 곳 있나요??,121402, 16,2024.09.12
475251755,질문아버지가 몸이 안좋은상태로 꿈에나온 꿈해몽 부탁드려요,올초 시아버지라유친정 아버지가 같은달에 돌아가셨어요 시아버님은 뇌경색이있어서 몸이 마비증세가 있었고 친정아버지도 몸이 안좋으셨어요 어제밤에 시아버지가 병상에 누워 계셨는데 목이안돌아가서 제가 아버님 눈촛점있는곳으로 자리를 옮겨 눈을 바라보며 '아버님 괜찮아요?' 하며 제가 안아드리며 울었어요. 친정아버지는 옆에 의자에 앉아계신데 아버지 눈이 검은동자가 없어서 깜짝놀랐어요.꿈에서 두아버지 몸상태가 슬프고 걱정된 느낌이였어요.,121402, 29,2024.09.12
475057467,질문제주시내인문계고등학교,오현고대기고중에 핸드폰패드와같은 전자기기 압수안하는 학교있나요? 아니면 야자시간이라도 압수하지않는학교..... 교복사진도 보여주세요!!,121402, 27,2024.09.09
475127342,질문수학여행 제주도 질문,당장 내일 제주도로 수학여행 가는데요 학교에서 학생증 안만들어줘서 에초에 없고 민증도 아직 없고 청소년증도 없는데 학교에선 뭐 가져오란 말 없었거든요 그냥 가도 돠겠죠..?,121402, 79,2024.09.09
475080699,질문캐리어 제주도,제주도 갈려고 합니다. 한 일주일정도 갈 생각입니다. 근데 캐리어 어느 정도 예상하면 되는지 물어봅니다. 20인치 24인치 28인치 30인치 32인치 알려주세요 급합니다.,121402, 22,2024.09.08
475076751,질문친구랑 원신 카페 둘이서 가려는데 학생증이 없어요,제 학생증을 못찾겠어요. 친구가 예약해놨고 친구는 학생증 있는데 저만 없어도 들여보내주나요?,12140227, 22,2024.09.08
