﻿doc_id,answer_index,answer,answer_date
477402935,477402935_1,차도 중간에 빨간불은 안찍힘,2024.11.02.
477066837,477066837_1,가덕도 천성저수지에서는 그의 낚시하지 않아요 바다가 좋은데  좋은 바다 낚시를 두고민물 낚시는  하지않죠,2024.10.25.
476685348,476685348_1,1.내륙 육지도 있고 섬도 있습니다2.육지와 섬 도있습니다,2024.10.16.
476609380,476609380_1,찍혔을 거 같습니다 ㅜ,2024.10.14.
476609380,476609380_2,찍혔을것 같지만통지서 나오기전까지 한번 봐보세요,2024.10.14.
476553510,476553510_1,김해국제공항 -> 비행기 -> 김포국제공항 -> 김포공항국제선(7번홈) -> 인천공항T1-3층(버스) -> 인천국제공항제1터미널(도보),2024.10.14.
476179515,476179515_1,명지 차량등록사업소에서는 제가 알기로 폐지는되는데 등록은 기억이 안나네요051-202-5432전화해서 여쭤보십시요,2024.10.04.
476179515,476179515_2,차량사업자 등록소로 가면 됩니다,2024.10.04.
475844606,475844606_1,대중교통 최적으로는 테크노파크입구에서 12번 버스를 탄 뒤 하단역에서 내려 서면역 하차 후 2호선으로 환승하여 해운대역으로 가는데 총 2시간 7분이 걸립니다(총 1800원).,2024.09.30.
475632474,475632474_1,동아대학교는1  하단에 승학캠퍼스2  동대신동 (동아대병원옆)에 구덕캠퍼스2  토성역 옆 부민동에 부민캠퍼스3곳에 있습니다명지에는 없어요,2024.09.23.
475632474,475632474_2,아니요  동아대학교는 명지국제신도시에 위치하지 않습니다.답변이 도움되셨으면 좋겠네요 좋은하루보내세요-올려주신 질문내용 :동아대학교가 명지 국제신도시에도 있어요?,2024.09.21.
475632474,475632474_3,아니요  동아대학교는 명지국제신도시에 위치하지 않습니다.도움되는 답변이 되셨길 바래요-질문정보 :동아대학교가 명지 국제신도시에도 있어요?,2024.09.21.
475577596,475577596_1,가덕도 동선 새바치는 알고 계시는 대로 그것입니다 바람이 쎄다고 하여 새바치라고 한다는데 거기서 안으로 비행장 만든디고 하는 대항까지 산책로가 좋습니다 1시간 체 안걸리는 산책길이 아주 조용하고 좋습니다 동선 자체는 알고 계시는 바 대로 입니다 거기서 등산을 해도 연대봉까지 아주 멋진 풍경을 보며 즐길 수 있습니다,2024.09.20.
475297713,475297713_1,안녕하세요!파손 시 업체 보상!+추가 본사 최대 1 000만 원 보상까지!상담만 해도 무료 체크리스트 & 비대면 견적 드리는 '아정당이사'입니다.이사를 하시며 비용 저렴하고 말끔하게 처리 가능한 곳을 찾고계시는데요 이사를 할 때  특히 포장이사를 하실 때에는 무조건 저렴한 곳을 선택하기보다잘 하는 곳을 선택하시는 것이 좋습니다!이사를 잘 하는 업체는 경력자가 다수 상주하고 있으며 이사 중 발생하는 파손에 대해 100% 보상이 가능합니다!업체마다 제공해드리는 서비스가 상이하니 여러군데 비교해보시고원하시는 조건에 맞는 업체 선택하시기 바랍니다!지식인 운영 원칙상 자세한 내용을 전달드리기 어렵기 때문에네임카드(프로필)를 참고하셔서 궁금한 사항 문의 주시면친절하게 답변드리겠습니다.,2024.09.19.
475297713,475297713_2,다음달 1일부산강서구에서 대전동구포장이사상담가능합니다,2024.09.14.
475297713,475297713_3,ㅡㅡㅡ언제든지 문의가능합니다.ㅡㅡㅡㅡㅡ좋은하루되세요 ❤️,2024.09.13.
475297713,475297713_4,안녕하세요 ~~!문의  상담가능합니다(한국로지스) { 주)틈새 }(운송면허 주선면허 이사면허 포장이사보험 완비)프로필 클릭~ 문자 & 톡으로 가격 문의 편하게 상담가능합니다언제든지 연락주시면~ 최선을 다해서 도움드리겠습니다고맙습니다,2024.09.13.
475297713,475297713_5,질문자님  안녕하세요?질문해 주셔서 감사합니다.질문주신 내용 확인 해봤는데요이사는 동일한 짐과 거리여도업체에 따라 금액이 변동되는데요이사를 준비하면서 가장 큰 걱정은바로 가격과 서비스의 차이입니다.여러 이사업체의 견적을 비교하는과정은 복잡하고 번거롭습니다.고객님의 요구에 맞는 최적의 견적을제공주는곳도 있다고 하니 질문자님의상황의 경우 지식인을 통한 해결보다는전문가와의 무료 상담을 통해이사에대한 궁금증을 해결하시는게좋을거 같습니다.- 검증된 업체를 통해 안전하고 신뢰할 수 있는 서비스를 제공- 최대 3개의 업체를 매칭하여 고객 맞춤형 견적을 제공- 1차 상담을 통해 친절하고 신속하게 이사 정보를 제공- 다양한 시간대와 비용을 비교하여 최적의 선택- 고객님의 위치를 기준으로 최적의 업체를 매칭- 시간대나 비용을 다양하게 비교- 이사가격  업체 정보 등을 꼼꼼히 분석하여 여러 업체를 비교상담을 원하시면    프로필을 확인해 주세요답변의 내용이 질문자님께 도움 되셨길 바라며원하시는 좋은 결과 있길바랍니다오늘도 남은 하루 행복하고즐거운 하루 되길 바라겠습니다.감사합니다.본 포스팅으로 일부 수수료를 받을 수 있습니다.,2024.09.15.
