﻿doc_id,title,question,region_id,views,question_date
477383559,질문광주 금호동 cbs방송국 버스정류장,친구가 내일 cbs 방송국 버스정류장에서 보자고 했는데 거기가 어딘지 모르겠오요 ㅜㅜㅜ 제발 아무나 빨리 알려주세요..,12050802, 20,2024.11.02
477048206,질문금호고등학교 진학,광주 주월중학교에서 광주 금호고등학교로 가려면 어떻게해야하나요?,12050802, 16,2024.10.24
476693819,질문GS25  김대중센터점 가보신분?,GS25 김대중센터점 가보신분? 입출금기 있을까요? 오늘 밖에 나갔을때 신한은행 갔다온다는걸 깜빡했어요 김대중컨벤션센터까지 버스2번타고 지하철까지 타고가야되는데 중간에 내리는곳에서 가까운곳에는 없어요 그래서 목적지 김대중컨벤션센터 근처에있는곳을 가려고요 신한은행도 목적지에서 멀어요,12050815, 21,2024.10.16
476653519,질문치평동 레이저 제모 데이뷰 의원 광주 상무 잘하나요?,턱 수염이 너무 고민이라 레이저 제모를 받으려고 알아보고 있습니다. 치평동에 데이뷰 의원 광주 상무점 남자 수염 제모도 잘하나요? 제가 이런 피부관리를 받아 본 적이 없어서 오히려 후유증이 생길까 걱정인데 효과가 있는지 후기 공유 좀 해주시면 감사하겠습니다.,12050815, 12,2024.10.15
476527147,질문버스 환불관련,제가 10월 4일 오전 11시 10분에서 11시 40분 사이에 덕동공영차고지방면 105번 버스를 탔는데 워치 인식이 안 되서 오천원권을 돈통에 넣었습니다. 그러나 버스 기사님이 잔돈이 없으니 계좌번호를 적어 달라 하셔서 적어 드렸지만 끝내 10월 12일까지 돈이 입금되지 않았습니다. 혹시 제가 돈을 받을 수 있는 방법이나 버스 기사님 성함과 버스 회사 전화번호를 알 수 있을까요? 학생이라 오천원권도 귀해 꼭 돌려받고 싶습니다.,12050815, 45,2024.10.12
476297187,질문광주 서구 화정동에 있는 무등주차장 가격 얼마인가요?,유스퀘어 대신 저기가서 댈려고 하는데 가격을 모르겠네요..,12050817, 20,2024.10.07
476234870,질문광주(서구)금호동 핸드폰 충전 가능한곳,광주 금호동에 폰 충전 가능한곳 있나요? 많이 급해서ㅠㅜ,12050802, 20,2024.10.05
475991126,질문광주 패밀리랜드 잔디밭 근처에 매점 있나요?,전자레인지도 있나요?,12050815, 17,2024.09.29
475232885,질문마이아티필름 카리나,이번 마이아티필름 카리나 무대인사 오는건지 확정이 안난거 같은데 맞나요? 만약에 온다면 언제 오나요?,12050815, 41,2024.09.11
475052874,질문광주 서구 갈치웜 많은 낚시가게,광주 서구쪽에 갈치웜 종류많은 낚시집있나요?,120508, 16,2024.09.08
