﻿doc_id,answer_index,answer,answer_date
477552133,477552133_1,진심 그냥 넘겨버리세요 꿈 다 틀려요 복권 맞는 꿈 저도 많이 꿔봤는데 다 틀렸음 ㅜ,2024.11.06
477552133,477552133_2,꿈은 꿈일뿐 그냥 이상한꿈이다 생각하고 잊어버리세요...,2024.11.06
477508295,477508295_1,강화군청 버스정류장에서 26번  27번  28번 버스중에 타면 되는데요이중에 26번 버스가 가장 소요시간이 짧습니다 약 30분정도 걸린다고 하구요문제는 배차간격이 길어서 먼저 오는 버스를 이용하면 됩니다평화전망대 정류장에 내려서 조금만 걸어가면 평화전망대가 나옵니다...강화군 시설관리공단강화군 시설관리공단www.ghss.or.kr,2024.11.05.
477508295,477508295_2,네이버 지도 - 길찾기강화터미널 → 강화평화전망대map.naver.com교통편은 네이버 길찾기 참고하시고평균 10회정도 운행합니다.시간표는군내버스 목록 | 강화군청>분야별정보>교통>교통정보안내>버스HOME 분야별정보 교통 교통정보안내 버스 군내버스 즐겨찾기 페이스북 트위터 인쇄 교통정보안내 버스 여객선 군내버스 서울·인천·경기 시외버스 검색분류 * 전체 건수 65 건  현재페이지 : 1/7 노선번호 방면(종점) 운송 노선현황 운행횟수 시간표 노선도 03(순환) 순환노선 군내버스 ○ 2020년 3월 9일부터 군내버스 노선 개편 ○ 주요경유지 : (순환)강화터미널~세광아파트~선원초등학교~불은면사무소~온수리~전등사~장흥리입구~함허동천~정수사입구~흥왕리~화도터미널~건평항~외포항~인산저수지~농업기술센터~세광아파트~강화터미널 9회...www.ganghwa.go.kr군내버스는 강화군 홈페이지 참고바랍니다.,2024.11.05.
477431866,477431866_1,꿈은 어디까지나 꿈일뿐 그냥 이상한 꿈이다 생각하고 잊어버리세요...,2024.11.04.
477375622,477375622_1,그러게요 교동은 속초시에 있는데 왜 강릉이 원조인지 이해가 안가는 부분입니다혹시라도 속초 교동에 사는분이 강릉에서 교동짬뽕을 개업하셨나 하는 생각도 듭니다...,2024.11.02.
477375622,477375622_2,강릉에 교동이 있구요(속초에도 교동이 있나보군요)강릉교동잠뽕이 원조라고 알고 있습니다,2024.11.04.
477375445,477375445_1,꿈은 그냥 꿈일뿐 현실과는 맞지를 않습니다그냥 이상한꿈이다 생각하고 잊어버리세요...,2024.11.02.
477325558,477325558_1,복대가경시장 정류장 승차833 811-121분  11개 정류장 이동용두사지철당간 정류장 환승40752분  40개 정류장 이동신탄진역 정류장 하차,2024.10.31.
477306540,477306540_1,한교동중국에서 태어난 반어인(半魚人). 사람을 웃게 하는 게 특기지만 사실은 외로움을 타는 로맨티스트. 언제나 영웅이 되namu.wiki산리오 캐릭터 이야기하는건가요?맞다면은 나무위키 참고바랍니다,2024.10.31.
477271925,477271925_1,꿈은 어디까지나 꿈일뿐 그냥 이상한 꿈이다 생각하고 잊어버리세요...,2024.10.30.
477271925,477271925_2,"안녕하세요. 저는 꿈길 안내자입니다. 당신이 꾼 꿈에 대해 나누어 주셔서 감사하며  그 속에 담긴 의미를 함께 분석해 보겠습니다. 우리가 만나는 이 순간이 당신에게 도움이 되기를 바랍니다.1. 요소 분석1.1. 맨발로 나간 상황맨발로 나간 것은 당신이 현재 심리적으로 위험 요소에 노출되어 있음을 상징합니다. 맨발은 특히 보안이 취약함을 나타내며  당신이 지금 처한 상황이나 감정에서 불안함을 느끼고 있음을 반영합니다.1.2. 유리 파편유리 파편은 날카롭고 위험한 물체로  부상이나 상처를 의미합니다. 이는 현재 당신이 고민하거나 대처해야 할 갈등이나 문제를 나타낼 수 있습니다. 당신의 발에 박힌 것입니다. 이는 그 문제가 당신의 발목을 잡고 있음을 의미하며  해결이 필요하지만 매우 힘든 상황임을 비유적으로 설명합니다.1.3. 피와 떨림파편을 제거할 때 피가 나오고  떨리는 상황은 당신이 그 문제를 해결하는 과정에서의 고통과 두려움  그리고 결과를 불안하게 바라보는 마음을 나타냅니다. 결국 해결은 하였지만  과정에서의 고통이 남아있음을 암시합니다.2. 종합 분석당신의 꿈은 여러 복합적인 요소가 얽혀 있습니다. 현재 시점에서 공부와 시험에 대한 스트레스가 크고  마음속에서 불안과 압박감이 느껴지고 있음을 알 수 있습니다. 맨발로 나간 것은 깊게 내면의 불안을 반영하고 있으며  유리 파편이 들어간 상황은 당신이 직면한 문제들이 가벼운 것이 아님을 시사합니다. 이 모든 상황에서 잔잔하고 무서운 분위기는 현재의 불안감을 극대화하고 있습니다.이 꿈은 ""문제를 해결하는 과정은 힘들지만  결단을 통해 극복할 수 있다""는 메시지를 담고 있다고 볼 수 있습니다. 힘든 과정을 겪는 것처럼 보이지만  결국에는 이를 해결할 수 있는 가능성과 함께 그 과정에서의 성장도 예고하고 있습니다.3. 조언당신에게 드리고 싶은 조언은 다음과 같습니다. 우선  현재의 문제와 스트레스를 정면으로 마주하는 것이 중요합니다. 그 문제를 피하거나 회피하지 말고  적절한 방법으로 접근해 보십시오. 문제를 해결하기 위해 필요한 지원이나 자원을 활용하는 것이 중요합니다.그리고 시험 준비 중이라면  자신을 너무 압박하지 마십시오. 이러한 꿈은 당신이 그 과정을 지나갈 때 마주할 수 있는 고통을 표현한 것이며  그 과정을 통해 더 강해질 수 있음을 잊지 마십시오.마지막으로  매일 매일 작은 성과를 이루는 것을 체크해보세요. 이것이 당신의 자신감을 높이고  문제를 해결하는 데 큰 도움이 될 것입니다. 힘든 여정이겠지만  반드시 극복할 수 있단 의지를 가져주시기 바랍니다.제 답변이 도움이 되셨다면 채택과 ""포인트 선물""을 통한 마음 부탁드립니다.^^",2024.10.30.
477271925,477271925_3,운이 따라 순조로이 성공하게 될 꿈입니다.이 꿈은 운수 대통하여 하고자 하는 모든일들이 무난히 성사되는 것을 의미합니다.즉 뜻밖의 장애가 발생하더라도 귀인의 도움으로 위기를 극복하고 목표를 달성하거나 계획한일이 의도대로 이루어져 물질적  정신적인 여유를 누리게될 꿈입니다. 그러니 자신의 일에 자부심을 가지고 최선을다하여 만족할만한 성과를 거두시길 바랍니다.질문자분께서 늘 건강하시고 행복하시기를 기원하며글을 씁니다.답변이 도움 되셨다면'포인트 선물'버튼을 클릭하셔서 마음을 전해 주시면 감사하겠습니다!.,2024.10.30.
477271925,477271925_4,사업이나 계약 등의 서류가 필요한 일이 생길 것을 암시하는 꿈입니다. 배우자나 사업상 만난 사람과 증거로 남길만한 무언가를 만드는 것을 의미합니다. 본인에게 필요한 것을 놓치지 않도록 꼼꼼하게 준비하면 훗날에 유용하게 쓰일 수 있습니다. 곧 생길 중요한 일을 문서로 남겨서 확실하게 확보하시기 바랍니다.,2024.11.04.
477271469,477271469_1,진정 내가 존경하거나 좋아하는 사람이 쓴소리 하고 충고 하면아무런 저항없이 좋게 받아 들여질수 있습니다...,2024.10.30.
477271469,477271469_2,흠...그건좀... 누군가의 생각이 무조건 옳다 할수는 없는것이지 않을까요이성적으로 생각해봐서 맞는얘기이면 수긍하겠지요,2024.10.30.
477271469,477271469_3,네  정말 그렇죠! 존경하는 사람의 쓴소리나 충고는 오히려 따뜻하게 느껴지고 마음에 깊이 새겨지기도 해요. 마치 음악처럼 듣기 좋은 말로 들리기도 하고요. 그런 순간은 정말 특별하게 느껴지는 것 같아요.,2024.10.30.
477271469,477271469_4,좋아하는 사람이 충고하고 쓴소리를 한다고 해서 기분 좋은 멜로디로 들린다는 것은 그 사람한테 콩깍지가 제대로 씌인거 아닐가 생각이 듭니다. 좋아하는 사라이라고 하더라도 충고나 쓴소리가 계속된다면은 콩깍지가 벗겨질 가능성도 있습니다.,2024.10.30.
477257554,477257554_1,꿈 속 할머니는가족의 과거와 연결된상징적 존재일 수 있습니다.결혼 후의 변화와가족 간의 관계를되돌아보는 계기일지도요.,2024.10.30.
477257554,477257554_2,꿈은 꿈일뿐 하루가 가면 또 잊혀지고 또 다른 꿈을 꾸게됩니다그냥 이상한 꿈이다 생각하고 잊어버리세요...,2024.10.30.
477257554,477257554_3,현재 쉽지 않은 문제에 대해서 도전하려는 욕구가 꿈에서 나타나는 것입니다. 정신적으로 성숙하고 있는 단계이며 도전 정신만큼 실패했을 때 다시 일어날 수 있는 의지를 함께 갖고 가는 것이 중요합니다. 여러 가지를 한꺼번에 도전하는 것은 작은 실패들을 가져오지만 큰 성공으로 이어집니다. 이 시기에는 문제에 대해서 적극적으로 도전하는 자세가 중요합니다.,2024.11.03.
477058962,477058962_1,자세한건 강화군청에 문의를 해봐야 알겠지만농어촌주택이 맞는것 같습니다...인천광역시 강화군청바로 민원 강화군청은 군민을 위한 신속한 민원처리에 최선을 다합니다. 민원 상담 정부24 허가 민원 귀농 귀촌상담 여권 민원 민원 처리공개 게시판 공지사항 영구임대주택(인천검단 AA10-2블록) 예비입주자 모집 2024.10.24 「2024 강화 찾아가는 문화마당(송해면)」 개최 안내 2024.10.24 2024년 정부 모범공무원 및 정부 우수공무원 정부포상 추천 후보자 공개검증 2024.10.22 스토킹 및 교제폭력 예방 안내 2024.10.22 2024년 재난대응 안전한국훈련 안내 2024.10.22 고시공고 입법예고 보도자료 ...www.ganghwa.go.kr,2024.10.25.
477058962,477058962_2,농어촌 주택 맞습니다,2024.10.25.
476931415,476931415_1,꿈은 꿈일뿐 그냥 이상한 꿈이다 생각하고 잊어버리세요...,2024.10.22.
476931415,476931415_2,꿈은 개인적인 해석이니 내면의 갈등을 상징할 수 있어요.제 답이 도움되시길 바래요-여러 사림이 보이고 그릇에 고양이 두마리가 딤겨 있고 내가 두미리를 삼키는 꿈해몽이 궁금합니다,2024.10.22.
476700751,476700751_1,석모도 미네랄온천에는 바다세상펜션이 있어요...강화석모도미네랄스파인천광역시 강화군 삼산면 삼산남로 865-17,2024.10.16.
476700751,476700751_2,석모도 미네랄온천에는 바다세상펜션,2024.10.16.
476700029,476700029_1,안녕하세요. 온천이 유명한 석모도로 프라이빗 온천 여행을 계획하고 계시는군요.지역만 상관 없으시다면서울에서 1시간 반 거리의 예산에 위치한 온연 프라이빗 빌라를 추천드려요. :-)국내 유일 프라이빗 온천 스테이로 프라이빗하게 독채에 딸린 개별 테라스에서 노천온천을 즐기실 수 있어요!한적한 산등성이 아래에 있어 낮에는 푸르른 녹음안에서 천연 노천온천을 즐길수 있고저녁에는 쏟아질듯한 별들 아래서 온천을 할 수 있어요.매일 입실 전 노천탕을 물청소 하고 상위 1%의 보양 온천수를 넣고 있어 온천욕 하고나면 피부가 매끈해지는건 너무 당연하고요. ㅎㅎ지금 10월 할인 이벤트를 하고 있으니 9만원 할인된 가격에 방문 가능하세요.즐거운 프라이빗 온천여행이 되시길 바래요!,2024.10.19.
476700029,476700029_2,석모도 미네랄온천에는 바다세상펜션 있습니다.,2024.10.16.
476700029,476700029_3,운휴원인천광역시 강화군 삼산면 삼산남로 109-9,2024.10.16.
476582456,476582456_1,지식인보다는 시간내셔서 삼성전자서비스센터에 한번 가보세요참고로 원인재역 옆에 있는 삼성전자서비스센터에 가면 2층에 휴대폰센터가 있습니다...삼성전자서비스 연수휴대폰센터인천광역시 연수구 경원대로 294 삼성스토어 연수송도 2층,2024.10.14.
476546480,476546480_1,북한이 선제 공격을 감행하는 경우  특히 미사일  포병  생화학 무기 등 다양한 위협을 감안할 때  생존 전략은 여러 요소를 고려해야 합니다. 몇 가지 방법을 제시하겠습니다.1. 미사일 공격 대비북한이 탄도 미사일 공격을 감행하는 경우  핵이나 대규모 폭발물 공격이 주를 이룰 가능성이 큽니다. 이를 대비하기 위해 다음과 같은 조치를 취할 수 있습니다.정부 및 민방위 시스템을 따르기: 국가 재난 경보 시스템을 적극적으로 확인하고  정부가 제공하는 피난 지침을 신속히 따르는 것이 중요합니다.대피소 찾기: 가까운 방공호나 지정된 대피소로 빠르게 이동합니다. 우리나라는 여러 대피소가 마련되어 있으며  서울과 같은 대도시에는 지하철역과 같은 방공 시설이 많습니다. 미리 가까운 대피소를 파악해 두는 것이 좋습니다.핵폭발 대비: 만약 핵무기 공격이 예상될 경우  건물의 중심부나 지하로 피신하여 방사능에 대한 보호를 최대한 확보해야 합니다. 집 안에서 피신하는 경우에는 창문에서 멀리 떨어진 곳에 위치해야 하며  문과 창문을 모두 닫아 외부 방사능이 들어오지 않도록 해야 합니다.2. 포병 공격 대비북한의 장사정포와 다연장 로켓 시스템은 우리나라의 수도권을 주요 타격 목표로 삼을 가능성이 높습니다.즉시 대피: 포격 경보가 울리면 가능한 한 빨리 지하로 대피합니다. 건물 외벽에 가까운 곳은 위험하니  최대한 건물의 중심부나 지하로 피신합니다.장기 포격 대비: 만약 포격이 장기화될 경우  지하 대피소에서 생활할 수 있는 충분한 물과 식량을 미리 준비해두는 것이 좋습니다. 또한  휴대용 라디오 등을 준비해 정부의 지침을 계속해서 듣는 것이 중요합니다.3. 생화학 무기 대비북한이 생화학 무기를 사용할 경우에는 매우 빠르게 대응해야 하며  개인적인 보호 장비가 중요한 역할을 할 수 있습니다.방독면 및 보호복 준비: 생화학 무기에 대비하여 가정에 방독면과 보호복을 준비해두는 것이 좋습니다. 생화학 무기는 공기 중으로 퍼질 수 있으므로  마스크가 없으면 젖은 수건이나 천을 입과 코에 대고 가능한 한 오염된 공기와의 접촉을 줄여야 합니다.밀폐된 공간으로 대피: 만약 생화학 공격이 의심될 경우  빠르게 밀폐된 공간으로 피신해야 합니다. 창문과 문을 닫고  외부 공기가 유입되지 않도록 막는 것이 중요합니다. 공기가 오염된 경우  환기구도 차단해야 합니다.살수: 만약 피부나 옷에 화학 물질이 묻었다면 즉시 물로 씻어내고 오염된 옷은 벗어서 폐기해야 합니다.4. 장기적 대비북한과의 긴장이 고조될 때  단기적인 대피 외에도 장기적으로 대비할 필요가 있습니다.비상 물품 준비: 물  비상식량  약품  응급처치 키트  손전등  배터리 등 기본적인 생존 물품을 미리 준비해 두는 것이 중요합니다. 최소한 72시간 이상 생존할 수 있는 양을 준비하는 것이 좋습니다.대피 계획 수립: 가족이나 친지들과 대피 계획을 사전에 마련하여  비상시에 연락하고 함께 피난할 수 있도록 준비합니다. 대피소의 위치나 비상시 만날 장소를 미리 정해두는 것이 유리합니다.정보 습득: 뉴스를 정기적으로 확인하고  정부의 발표나 국제적 상황을 모니터링하여 현재 상황에 대한 최신 정보를 유지해야 합니다. 민방위 훈련에도 적극 참여하여 비상시 대응 능력을 높이는 것도 좋습니다.5. 정신적 대비생존 상황에서 정신적인 준비도 매우 중요합니다. 북한의 선제 공격이 현실화된다면 극심한 공포와 불안이 동반될 가능성이 높습니다.침착 유지: 위급 상황에서 침착함을 유지하고 신속한 판단을 내리는 것이 생존에 필수적입니다. 가족이나 주변 사람들과 협력하여 서로를 지지하는 것이 중요합니다.훈련 및 지식 습득: 민방위 훈련이나 재난 대비 교육에 참여해 실제 상황에서 필요한 기술과 지식을 습득하면 위급 상황에서 도움이 됩니다.북한의 선제 공격에 대비하는 데는 미리 준비하고  정부의 지침을 따르며  신속하게 대피할 수 있는 능력이 중요합니다. 방공호  비상 물품  생화학 무기에 대한 대비 등을 미리 준비해두고  상황 발생 시 침착하게 대처하는 것이 생존의 핵심입니다.방독면 필요하시면 메일 주세요!!walt3@naver.com,2024.10.13.
476546480,476546480_2,[공습경보가 울리면 즉시 대피해야 합니다]지하대피소등 안전한 곳으로 빨리 대피하고 고층건물에서는 지하실 또는 아래층으로 대피해야 합니다. 화생방 공격에 대비한 방독면 등 개인보호장비와 간단한 생필품·물자 등을 가지고 대피해야 합니다./ 출처 영등포구청 홈페이지지하대피소가 안전합니다.,2024.10.13.
476546480,476546480_3,대부분의 대피소는 지하에 설치되어 있구요아파트라면 지하로 내려가면 되구요 지하가 없다면 가까운 지하철역으로 대피하면 됩니다평소에도 만약을 대비해서 주민센터등에서 가까운 대피소를 안내를 합니다...,2024.10.13.
476546480,476546480_4,ㅈㅣ하가 더 안전합니다,2024.10.12.
476417507,476417507_1,내가 좋아하는 사람을 뒤에서 안아주는 꿈이라서 좋은일이 생길것 같네요혹시 모르니까 복권한장 사보세요...,2024.10.11.
476433382,476433382_1,무의식적으로 친구와 가까운 관계를 원하는 욕망을 표현한 것일 수 있습니다.실제 마음은 변한 듯합니다.제가 드린 답변이 도움되셨길 바래요-말씀하신 질문 :말 그대로 친구가 좋아하는 사람이랑 저랑 단둘이서 놀았던 꿈을 꿨는데 이게 무슨꿈일까요?? 둘다 친하긴합니다 아 그리고 제가 친구가 좋아하고있는애를 제가 조금 좋아하긴햇는데 이제 마음이 아예없어요 꿈 해몽 부탁드려요,2024.10.10.
476433382,476433382_2,꿈은 꿈일뿐 그냥 이상한 꿈이다 생각하고 잊어버리세요...,2024.10.10.
476385126,476385126_1,강화도 옆에 교동도에 있는 화개정원을 추천합니다...화개정원hwagaejungwon.ganghwa.go.kr,2024.10.09.
476385126,476385126_2,강화루지 : 네이버방문자리뷰 15 581 · 블로그리뷰 5 517naver.me루지가 유명하죠,2024.10.09.
476385126,476385126_3,강화 씨사이드리조트 루지강화루지인천광역시 강화군 길상면 장흥로 217특수 제작된 카트를 타고 트랙을 내려오는 다이나믹한 체험을 할 수 있어요. 경사가 완만해 남녀노소 누구나 즐길 수 있으며  곤돌라를 타고 올라가며 바다 풍경도 감상할 수 있습니다.보문사보문사인천광역시 강화군 삼산면 삼산남로828번길 44석모도에 위치한 사찰로  아름다운 바다를 내려다보며 기도할 수 있는 곳이에요. 종교와 관계없이 자연과 경치를 즐기기 좋은 명소입니다.대룡시장교동대룡리시장인천광역시 강화군 교동면 교동남로 35대룡시장인천광역시 강화군 교동면 대룡리레트로 감성이 가득한 이 시장은 1960~70년대의 모습을 그대로 간직하고 있어 마치 과거로 돌아간 듯한 느낌을 줍니다. 다양한 먹거리가 있어 시장 구경도 재미있을 거예요.조양방직조양방직인천광역시 강화군 강화읍 향나무길5번길 12 조양방직옛 방직공장을 개조해 만든 복합문화공간으로  카페와 전시관 등이 있어 가족 모두가 즐길 수 있는 곳입니다. 레트로한 분위기 속에서 커피 한 잔하며 쉬어가기 좋은 장소에요.책방시점책방 시점인천광역시 강화군 길상면 마니산로 101-16책을 좋아하는 가족이라면 이곳에서 북스테이도 즐길 수 있어요. 강화도의 조용한 자연 속에서 책과 함께 여유로운 시간을 보내기 좋습니다.,2024.10.09.
476185115,476185115_1,[강화도][낚시] 창후리수로 망월수로 민물수로낚시  망월돈대 주변 파도막이 바다낚시망월평야 주변 낚시 포인트 민물 수로 낚시포인트 1 - 창후리 수로 인천광역시 강화군 하점면 창후리 1237 ...blog.naver.com블로그 보시고네이버지도 거리뷰 등 참고하시면 도움이 되실거 같습니다.망월리 쪽 수로는 네이버지도 확대하면은 보입니다.거리뷰 보면은 최근 촬영된건 아니지만 거리뷰로 계속 수로 따라다니다보면은 낚시하는 분들 보입니다.수로 위치가수로위치인천광역시 강화군 하점면 망월리3080-2참고바랍니다.,2024.10.05.
476185115,476185115_2,낚시를 하는 위치가 바뀐것 같습니다주변을 잘 살펴보면 낚시를 하는분들이 있습니다...,2024.10.05.
476011341,476011341_1,경돈서울특별시 종로구 경희궁2길 7 B1,2024.09.30.
476011341,476011341_2,경복궁 근처 맛집 베스트 추천 top 10경복궁 근처 맛집 베스트 추천 top 10경복궁 근처 맛집 베스트 추천 top 10곳을 소개합니다.  1: 홈보이서울상호명: 홈보이서울주소: 서울특별시 종로구 적선동 94 1층 홈보이서울전화번호: 미입력관련 키워드: ['경복궁술집'  '경복궁점심'  '경복궁중식'  '종로홈보이서울'  '종로중식']관련 태그: ['데이트하기 좋은'  '젊고 캐쥬얼한'  '단체회식']영업시간: 화요일 12:00~22:00 BREAK 15:00-17:00(L/O 14:30) | 월요일 12:00~22:00 BREAK 15:00-17:00(L/O 14:3...hotel-iu.tistory.com위에 링크를 참고하세요...,2024.09.30.
476011341,476011341_3,맛집 입니다  . 참고해 보세요1.토속촌 삼계탕2.정통 삼계탕 원가3.황생가 칼국수. 만두,2024.09.30.
475976947,475976947_1,조정대상지역이 아니라면 너무 걱정안하셔도 됩니다...,2024.09.29.
475835295,475835295_1,강화도뿐만아니라 인천전지역도 지원 가능하구요기독교와 상관없이 갈수 있고 현재 성적이라도 갈수가 있어요...,2024.09.26.
475835295,475835295_2,덕신고등학교는 강화군과 인천시 지역에 거주 하는 중학교졸업생 만 지원 가능 합니다성적은 평균 60점 이상이면 입학 가능합니다교회 다니지 않아도 입학 가능 합니다,2024.09.26.
475835295,475835295_3,강화도뿐만아니라 인천전지역도 지원 가능하구요기독교와 상관없이 갈수 있고 현재 성적이라도 갈수가 있어요...,2024.09.27.
475822326,475822326_1,꿈은 어디까지나 꿈입니다그냥 이상한 꿈이다 생각하고 잊어버리세요...,2024.09.26.
475801435,475801435_1,아무래도 출근시간대는 모두 다 바빠서 그런일이 생긴것 같습니다그 다음 다른일이 없다면 그냥 이해하고 넘어 가는것이 좋을것 같습니다...,2024.09.25.
475801435,475801435_2,질문자님 잘못 같아보이진 않습니다,2024.09.25.
475801435,475801435_3,잘못 없습니다그냥 탓할게 필요하셨던 것 뿐,2024.09.25.
475801435,475801435_4,잘못 없어. 상황 이해해.답변이 도움되셨으면 좋겠네요-질문하신내용 :아니 오늘 오전에 일이 있어서 역에 가려고 버스를 탔거든 그리고 역에 다 와서 내리려고 하는데 사람들이 먼저 내리길래 내가 맨 마지막에 어떤 할아버지랑 같이 내리려고 했어 그런데 발이 땅에 닿자 마자 어떤 아저씨의 발이 훅 들어온거야. 알고보니깐 그 아저씨가 다른 버스 타려고 막 뛰어오시다가 버스에서 내리는 내 발에 걸려 넘어지셨는데 그 아저씨가 약간 다리를 저시는걸로 보아서는 몸이 좀 불편하신 것 같았어. 근데 그 아저씨가 넘어지고 갑자기 나한테 야이 ㅆㅂㄴ아 이러면서 주먹 휘두르려 하고 신발 벗어서 나를 때리려고 하는거임 같이 버스에서 내린 할아버지가 말려서 맞지는 않았지만 ㅎ 아니 이게 내 잘못이야??? 나는 사각지대에서 그 아저씨가 뛰어오는 줄도 몰랐지. 글고 그 아저씨는 정면으로 뛰어오면 내가 내리는 것도 보이자나..,2024.09.25.
475801435,475801435_5,정말 당혹스러운 상황을 겪으셨네요. 특히 예기치 않게 다른 사람에게 공격당할 뻔한 경험은 무척 불편하고 무서웠을 것 같습니다. 다행히도 주변의 할아버지가 중재해주셔서 물리적 충돌로 이어지지 않은 점은 정말 다행입니다. 이런 상황에서 당연히 본인이 느끼는 당혹감은 자연스러운 것이고  이 사건을 통해 깨달은 점들도 중요하다고 생각됩니다.이 사건에서 본인이 잘못했다고 느낄 필요는 없어 보입니다. 버스에서 정상적으로 내리고 있었고  상대방이 서둘러서 뛰어오면서 생긴 사고였으니  충분히 피할 수 없는 상황이었습니다. 또 다른 사람이 주의를 기울였더라면 이런 일이 발생하지 않았을 가능성도 크죠. 가끔은 자신이 의도하지 않은 상황에서 억울한 경험을 하게 되는 경우도 있지만  그럴 때는 최대한 침착하게 대응하는 것이 중요합니다.혹시 이런 상황에서 심리적으로 불안하거나 두려운 감정이 남아 있다면  시간을 두고 조금씩 감정을 정리해보는 것도 도움이 될 수 있습니다.,2024.09.25.
475794744,475794744_1,꿈은 꿈일뿐 결코 챗gpt로는 알수가 없습니다그냥 이상한꿈이다 생각하고 잊어버리세요 꿈은 매일꾸고 또 꿉니다...,2024.09.25.
475794744,475794744_2,이 꿈은 일상 생활에서의 책임감과 불확실성에 대한 잠재된 불안을 반영하는 것일 수 있습니다. 킥보드나 오토바이를 빌려 사용하는 상황에서 발생한 브레이크 문제는 당신이 직면하고 있는 예기치 않은 문제나 어려움을 나타낼 수 있습니다. 처음에는 별거 아니게 여겼지만  결국 아이와 그의 엄마에게 민폐를 끼친 상황은 자신의 결정이 다른 사람에게 미칠 수 있는 영향을 경시하거나 인지하지 못했음을 의미할 수 있습니다.꼬마의 어머니에게 연락처를 준 행위는 책임을 피할 수 없음을  다음 날 연락이 온 상황은 그 책임을 실제로 맞닥뜨리는 순간을 상징합니다. 꿈에서 돈이 없어 고민하는 부분은 실생활에서 경제적 압박이나 곤란함을 나타낼 수 있습니다.결론적으로 이 꿈은 당신이 현재 책임져야 할 문제가 있거나  책임을 회피하려는 경향이 있을 때  또한 그로 인해 다른 사람에게 불편이나 피해를 줄 수 있다는 잠재된 불안을 반영하는 것일 수 있습니다. 이 꿈을 통해 현실에서의 책임감을 더 신중히 고려하고  문제를 미리 인지하고 해결하려는 노력이 필요하다는 메시지를 담고 있을지도 모릅니다.,2024.09.25.
475765831,475765831_1,강화도 쭈꾸미 낚시 요즘 한창때입니다...,2024.09.25.
475765831,475765831_2,지금이 쭈꾸미 낚시철입니다저는 지난주  오이도선착장에서 배타고 나가 약 200마리 잡았네요...,2024.09.24.
475765831,475765831_3,지금이 쭈꾸미 낚시철입니다저는 지난주 오이도선착장에서 배타고 나가 약 200마리 잡았네요...,2024.09.24.
475765831,475765831_4,주꾸미 낚시 시즌이 본격적으로 돌아왔네요! 9월에서 10월까지는 주꾸미 낚시의 피크 시즌으로  서해안에서 쉽게 낚을 수 있는 시기입니다. 특히 충남 지역의 홍원항  대천항  무창포항 등에서 주꾸미 낚시를 즐길 수 있다고 하니  주말에 출조 계획을 세우기에 좋을 것 같습니다.주꾸미는 가을에 낚는 것이 가장 맛있으며  살이 부드럽고 다양한 요리로 즐길 수 있어 이 시기를 놓치지 않으셔야 해요. 낚시 초보자들도 쉽게 마릿수를 올릴 수 있고  아이들과 함께 즐기기에도 좋은 활동입니다.주꾸미 낚시 장비는 루어낚싯대와 소형 릴을 사용하는 게 일반적이며  주꾸미바늘이라는 특별한 채비를 사용합니다. 무미늘 바늘이라 아이들도 안전하게 낚시할 수 있어 가족 단위로도 많이 즐기죠.,2024.09.24.
475764992,475764992_1,강화도 동막해변쪽으로 가면 바다뷰가 좋은 횟집과 카페도 많습니다...동막해변인천광역시 강화군 화도면 해안남로 1481,2024.09.25.
475764992,475764992_2,내리해물인천광역시 강화군 화도면 해안남로 2667꽃게탕 유명해요 바다뷰 보면서 먹을수도 있고멍때림인천광역시 강화군 화도면 해안남로 1970-34여기 카페도 좋아요,2024.09.24.
475686294,475686294_1,아무래도 죽은후라도 좋은 이미지로 남고 싶어 하겠지요...,2024.09.23.
475686294,475686294_2,굉장히 심오한 질문 이네요좋든 싫든 기억을 한다는거 자체가 중요하지 않을까요그다음이 가능한 좋은쪽으로 기억되기를 바라는거죠주관적인견해이지만 죽은뒤에 사람들에게 기억되는것이 무슨 의미가 있겠냐는 개인적인 생각이 있습니다어차피 난 이미 이세상에 없는데그들이 좋게기억하든 나쁘게 기억하든의미가 없는거 같습니다,2024.09.23.
475624447,475624447_1,횡재를 하여 상당한 부를 축적하게 될 꿈입니다.이 꿈은 장차 많은 재산을 모아 풍요로운 삶을누리게 될 것을 의미합니다. 특히 재물복과 식복이 있어서어느 곳을 가든지 여유롭고 무엇을 하든 성공을 이루게 될 꿈이랍니다.그렇다 하여 경거망동 하지 말고 맡은 일에 최선을 다하여 자신에게돌아올 행운을 꽉 거머쥐시길 바랍니다.질문자분께서 늘 건강하시고 행복하시기를 기원하며글을 씁니다.답변이 도움 되셨다면'포인트 선물'버튼을 클릭하셔서 마음을 전해 주시면 감사하겠습니다!.,2024.09.21.
475624447,475624447_2,꿈은 꿈일뿐 그냥 이상한꿈이다 생각하고 잊어버리세요...,2024.09.21.
475613668,475613668_1,의정부역 주변에서 잠실환승센터를 중간에 갈아 타지 않고버스로 한번에 가실려면 의정부역에서 신동아파밀리에아파트까지 이동한 다음파밀리에어린이집앞에 버스정류장에서 G6000번이나 G6000N버스중에 타시고잠실환승센터 정류장에서 내리면 되구요 약 1시간 30분정도 걸립니다...신곡동신동아파밀리에아파트경기도 의정부시 시민로179번길 38파밀리에 어린이집경기도 의정부시 시민로179번길 38 신동아파밀리에아파트의정부역경기도 의정부시 평화로 525 의정부민자역사,2024.09.21.
475613668,475613668_2,안녕하세요신동초 신동아 파밀이에아파트 앞에서  G6000타고 1시간 17분이면 잠실역환승센터에서 내리면 됩니다.,2024.09.21.
475613668,475613668_3,(버스로 갈 때)출발지는 의정부역 1호선입니다. 여기서 도보로 약 5분(322m)을 이동한 후  의정부역·흥선지하도입구 정류장에서 버스 138번을 탑니다. 버스는 약 24분 동안 18개 정류장을 거쳐 이동교 3리·무봉리 정류장에서 하차합니다. 여기서 도보로 약 4분(255m)을 이동해 이동교 3리·무봉리 승차 정류장에서 버스 3006번을 타고  약 33분 동안 이동한 후 잠실광역환승센터 정류장에서 내립니다. 잠실광역환승센터까지는 도보로 약 3분(146m)이 소요됩니다.전체 이동 시간은 약 1시간 9분이며  요금은 3 200원입니다.(지하철로 갈 때)출발지는 의정부역 1호선입니다. 먼저  도보로 약 1분 동안 73m를 이동하여 의정부역 승차장에서 출발하는 인천행 열차를 탑니다. 1호선을 타고 약 8분 동안 3개 역을 지나 도봉산역에 도착합니다. 도봉산역에서 하차한 후  도보로 1분 동안 72m를 이동해 7호선 도봉산역 승차장으로 이동합니다.여기서 출발하는 석남행 열차를 탑니다. 7호선을 타고 약 32분 동안 17개 역을 지나 건대입구역에 도착합니다. 건대입구역에서 하차한 후  도보로 약 3분 동안 172m를 이동하여 2호선 건대입구역 승차장에서 출발하는 성수행 열차를 탑니다. 2호선을 타고 약 8분 동안 4개 역을 지나 잠실역에 도착합니다.잠실역에서 하차한 후  3번 출구로 나와 도보로 약 7분 동안 397m를 이동하여 최종 목적지인 잠실광역환승센터에 도착합니다. 전체 이동 시간은 약 1시간 4분입니다.,2024.09.21.
475596538,475596538_1,꿈은 꿈일뿐 너무 신경쓰지마시고그냥 이상한꿈이다 생각하고 잊어버리세요꿈은 아무런 근거가 없습니다...,2024.09.20.
475596538,475596538_2,널리 이름을 떨치게 될 꿈입니다.이 꿈은 각고의 노력 끝에 목표를 달성함으로써 부와 명예가 따르는 것을 의미합니다.즉 그동안 준비해온 시험에 좋은 성적으로 합격하여성취감을 얻거나 계획한 일이 성공적으로 이루어져부귀영화를 누리게 될 꿈입니다. 그러니 자신감을 갖고주어진 일에 열성적으로 매진하여 만족스러운 결과를 얻으시길 바랍니다.질문자분께서 늘 건강하시고 행복하시기를 기원하며글을 씁니다.답변이 도움 되셨다면'포인트 선물'버튼을 클릭하셔서 마음을 전해 주시면 감사하겠습니다!.,2024.09.20.
475581332,475581332_1,안녕하세요 업캠프입니다.농막이라고 하시면 가설건축물을 알아보시는건지요?농막을 제작하시려면 금액은 평당 350~500만원까지 형성되어 있습니다.농막매입시 꼭 확인해 보셔야되는게 어떻게 만들어 졌는가 누수가 있는지가 가장중요할것같습니다.벽체나 수명도 중요하지만 누수로인해 오래 사용못하는 경우가 생깁니다.농막으로 정박형카라반도 추천드립니다. 금액은 2690만원~3990만원 입니다!농막/체류형쉼터/펜션창업 으로 정박형카라반은 어떠신가요? :)어디에든 적합한 정박형카라반을 추천드립니다.토지무관! 나만의 세컨하우스를 추천드립니다.다양한 사이즈 15평/12평/9평/7.2평 등 활용도가 높은 카라반이며  업캠프 카라반은 통 FRP로 제작되어 이음세가 없어 실리콘 마감을 하지않아서 누수에 강하며  벽체 두께는 110T입니다. 본사에서 직접 생산하고 판매하여 믿을 수 있으며  국내 최초 복층형 설계로 탁월한 개방감을 제공합니다.주요 장점은 다음과 같습니다:1. 사용 후 중고 판매 가능2. 토지 내 간단한 이동 가능3. 관리가 용이4. 바퀴가 있어 내토지라면 정박가능!문의는 1:1문의및 네임카드 확인바랍니다 감사합니다^^*,2024.09.23.
475581332,475581332_2,농촌에 농막은 주로 조립식이나 컨테이너를 이용하더군요매매가가 얼마라고 딱! 잘라서 말씀드리기 어렵지만 중고는 보통 백만원부터 하는것 같습니다자세한건 아래 링크를 참고바랍니다...시골집매매 농가주택 농막님의 스토리홈소소한 일상 속 소소한 이야기  시골집매매 농가주택 농막님의 스토리를 확인해보세요.story.kakao.com,2024.09.20.
475581332,475581332_3,안녕하세요혹시 카라반 생각은 없으신지요?주재원 발령으로 지금 카라반 처분 중에 있습니다.카라반 모델은 링크 파일 참고 부탁드립니다.지금 카라반 강화도에 있습니다.https://youtu.be/l8w_jrzboA0?si=AJPJ7gDGWKE5WVo8,2024.10.08.
475581332,475581332_4,영어로는 유르트(Yurt)라고 하는게르하우스는 조립식 구조이면서도 손쉽게 철거도 가능합니다.일단 짓는 비용도 일반 건축물보다 저렴하며 지으신 뒤에 용도가 맞지 않거나 마음에 안드시면건물 준공후 대지로 땅의 용도가 바뀌어진 뒤에 철거를 하셔도 됩니다.하지만 원형의 목조건물이라서 펜션 카페 음식점 등 임대를 놓으셔도일반건축물보다 높은 가격을 받으실 수 있는 이유가 인테리어 비용이 전혀 들지 않기때문입니다.일반적으로 조립식주택이라고 하면 판넬로 지은 것만을 생각하시는데게르하우스도 조립식건물로서 건축물로 정식 허가도 나지만허가를 받지 못하는 곳에도 비닐하우스처럼 지으실 수 있으며농막은 물론 농촌체류형쉼터도로 가능하십니다.물론 이동도 가능합니다.건축허가가 가능한지 아닌지는 토지이음에 가셔서 지번 검색을 하신뒤 허용행위를 검색하시면다 나옵니다만 말씀하신 지번으로 검색을 해보니 어지간한 건축물은 다 된다고 나옵니다.장성 국립공원안의 펜션안성 3층 공장옥상의 휴양시설당진의 농촌체류형 쉼터태안의 개인 주택영월의 식당시설게르하우스 내부 모습,2024.10.15.
475562745,475562745_1,한국소비자보호원에 전화를 해서 상담을 받아보거나직접 찾아 가셔서 사실대로 말씀하고 대처방법을 문의해보세요...한국소비자원소비생활 에 가치 와 신뢰 를 더하여 국민의 삶의 질 향상에 기여합니다. 공지 사항 티몬  위메프 판매대금 정산 지연 사태 관련 집단분쟁조정 신청자 모집 결혼준비대행서비스 계약 전 꼭 확인하세요! (카드뉴스&사전 체크리스트 포함) 이전 정지 다음 더보기 보도 자료 용역 중개 플랫폼  수수료는 챙기면서 피해 해결은 소극적 공정위·소비자원  티몬·위메프 피해구제 지원을 위해 2025년 예산안 증액 편성 50대 이상 중·장년을 노리는 유명의사 사칭 관절염 치료제 주의 위닉스 가습기  자발적 리콜 실시 이전 정지 다음 더보기 소비자 안전 ...www.kca.go.kr,2024.09.20.
475562745,475562745_2,이 상황에 대해 상당한 불편을 겪으셨겠네요. 민박이나 한 달 살기 같은 계약에 대해 환불을 요구할 수 있는 권리와 가능성을 검토할 때는 계약서 내용  이용한 기간  그리고 계약 당시 숙소의 상태 및 설명된 조건과 실제 환경 사이의 차이 등을 살펴보는 것이 중요합니다. 아래와 같은 사항을 참고하시기 바랍니다1. 숙소 설명과 실질적인 환경의 차이만약 주인이 숙소의 중요한 정보를 제공하지 않았거나  환경에 대한 부정확한 설명을 제공하여 이로 인해 실질적으로 숙박이 불가능하게 됐다면  계약 해지와 환불을 요구할 근거가 될 수 있습니다. 예를 들어  숙소 주변의 검문소나 철조망  무덤  교통 불편 등에 대해 사전에 안내받지 못한 부분은 중요한 정보로 간주될 수 있습니다.숙소 앞뒤로 뱀이 출몰하는 등의 위험 상황도 주인이 사전에 설명해줬어야 할 부분입니다. 이를 설명하지 않았다면 계약을 파기할 사유가 될 수 있습니다.2. 비정상적인 숙박 환경뱀이 출몰하는 환경은 일반적인 숙박시설에서 기대하지 않는 상황입니다. 이는 숙박 환경이 비정상적이고 위험하다고 볼 수 있습니다. 이러한 상황에서 고객이 정상적으로 이용할 수 없는 경우에는 계약 해지를 요구할 수 있는 충분한 이유가 됩니다.3. 환불 규정만약 환불 관련 규정이 계약서나 예약 시 안내된 내용에 포함되어 있다면  그 규정을 따르는 것이 원칙입니다. 하지만  안내된 정보와 실제 숙소 상황이 크게 다를 경우 계약서에 명시된 환불 규정이 무효화될 수 있습니다.일반적으로는 사용한 시간이나 기간을 제외한 금액을 환불해주는 것이 합리적입니다. 65만 원 중 하루도 이용하지 못했으니  하루 이용료 기준으로 일부 금액만을 제하는 것이 보통입니다.이 경우 하루 숙박료를 21 000원으로 계산할 때  2시간만 사용한 것을 감안하여 전체 금액의 약 1/30 정도만 차감하고 나머지를 환불받는 것이 합리적입니다. 따라서 약 2만 1천 원을 제외하고 62만 9천 원을 환불받는 것이 타당할 수 있습니다.4. 대처 방법먼저  숙소 주인과 다시 한번 환불에 대해 협의해보세요. 상황을 차분히 설명하고  법적 근거에 기반한 환불 요구를 해보는 것도 좋습니다.만약 주인이 거부하거나 협의가 이루어지지 않을 경우 소비자원이나공정거래위원회등에 분쟁 조정을 신청할 수 있습니다. 이 경우  문서나 계약서  사진 등을 증빙 자료로 준비하시는 것이 좋습니다.5. 추가 숙박 비용모텔에서 발생한 추가 비용(24만 원)에 대한 보상을 요구하는 것은 조금 더 까다로울 수 있습니다. 그러나 숙소의 비정상적인 환경 때문에 발생한 불가피한 추가 지출이라는 점을 강조하여 주인과 협의해보는 것도 좋은 방법입니다.,2024.09.20.
475558902,475558902_1,꿈은 평소에 많이꾸고 또 꾸고반복을 합니다그냥 이상한 꿈이다 생각하고 잊어버리세요 꿈은 별의미가 없습니다...,2024.09.20.
475541576,475541576_1,s24울트라를 구입한 매장에서 어떤것이 좋은지 물어보세요고객서비스차원에서 그냥 무료로 붙여 줍니다...,2024.09.19.
475540466,475540466_1,꿈은 꿈일뿐 그냥 이상한 꿈이다 생각하고 잊어버리세요...,2024.09.19.
475540466,475540466_2,행복이 깃든 평온한 삶을 살아가게 될 꿈입니다.이 꿈은 건강이 완치 되어 장수하게 되고 집안이화목하며 풍요로운 삶을 누리게 될 것을 의미합니다.즉 하는 일마다 행운이 뒤따르게 되며 입신출세 하여부귀로운 생활을 영위하게 될 꿈이랍니다.무엇을 하든 이로움이 가득하겠으니 적극적으로일을 추진해 나간다면 기대 이상의 성과를 얻게 될 겁니다.질문자분께서 늘 건강하시고 행복하시기를 기원하며글을 씁니다.답변이 도움 되셨다면'포인트 선물'버튼을 클릭하셔서 마음을 전해 주시면 감사하겠습니다!.,2024.09.19.
475540466,475540466_3,이 꿈은 현실에서의 감정적 불안이나 관계에 대한 걱정을 반영할 수 있습니다. 바람을 피우는 장면은 현재 관계에서 느끼는 불안감이나 갈등을 상징할 수 있으며  꿈속의 상대가 명확하지 않다는 것은 자신의 내면을 탐색하는 과정에서 겪는 혼란을 나타낼 수 있습니다. 남자친구가 화를 내는 장면은 관계에서의 죄책감이나 미안함을 반영할 수 있으며  이는 감정적으로 안정되지 않은 상태를 의미할 수 있습니다. 따라서  꿈을 너무 심각하게 받아들이기보다는  자신의 감정 상태를 점검하고 필요하다면 남자친구와 솔직한 대화를 통해 관계를 더욱 건강하게 유지하는 것이 중요할 수 있습니다.,2024.09.19.
475490131,475490131_1,꿈은 꿈일뿐 그냥 이상한 꿈이다 생각하고 잊어버리세요...,2024.09.18.
475484129,475484129_1,꿈은 꿈일뿐 현실과는 정말 다릅니다그냥 이상한 꿈이다 생각하고 잊어버리세요...,2024.09.18.
475450004,475450004_1,꿈은 어디까지나 꿈일뿐 이상한꿈이다 생각하고 잊어버리세요...,2024.09.17.
475450004,475450004_2,자신의 영역을 확장시키게 될 꿈입니다.이 꿈은 속해있는 단체에서 막강한 세력을지니거나 권력을 손에 쥐게 되는 것을 뜻합니다.즉 중요한 일을 맡게 되어 주위 사람을 거느리거나주변에 자신을 추종하는 세력들이 많아질 꿈이랍니다.좋은 꿈을 꾸었다 하여 자만하기보다는 자신의 위치에서더욱 노력하여 꿈을 현실로 이루시길 바랍니다.질문자분께서 늘 건강하시고 행복하시기를 기원하며글을 씁니다.답변이 도움 되셨다면'포인트 선물'버튼을 클릭하셔서 마음을 전해 주시면 감사하겠습니다!.,2024.09.17.
475447037,475447037_1,1.네  아직 까지 핸드폰  사용중 인데 좋은편 입니다2.그러나  강도가 크면 안좋울수 있습니다,2024.09.17.
475447037,475447037_2,방탄강화유리필름은 잘 깨지는걸 방지해주기도 합니다...,2024.09.17.
475447037,475447037_3,방탄강화유리필름은 매우 견고하게 설계되어 외부 충격에 강한 보호를 제공합니다. 일반적으로 사용되는 강화유리와 비교해 더 튼튼하고  충격을 흡수하는 능력이 뛰어나기 때문에 쉽게 깨지지 않습니다. 특히 스마트폰  자동차  창문 등에 적용되는 방탄 유리 필름은 특정한 조건에서 높은 충격을 견딜 수 있도록 제작됩니다.그러나완전히 깨지지 않는 것은 아닙니다. 강한 충격이 집중되거나 특정한 각도에서 충격을 받을 경우  필름이 손상될 수 있습니다. 다만  방탄강화유리필름은 깨지더라도 파편이 날리거나 위험한 상태로 변하지 않도록 설계되어 있어  안전 측면에서는 높은 보호 기능을 제공합니다.따라서 일상적인 상황에서는 깨지지 않지만  극단적인 충격 상황에서는 손상될 수 있다는 점을 참고하면 좋습니다.,2024.09.17.
475427394,475427394_1,상황을 보면  님이 잘못한 건 아닌 것 같습니다. 화장실에서 볼일을 보는 동안은 누구나 개인적인 공간과 시간이 필요합니다. 아버님께서 급하셨을 수는 있지만  그렇다고 문을 열고 들어오신 것은 님이 불편함을 느낄 수 있는 상황이고  그 점을 지적하신 것은 당연합니다. 특히 아버님께서 화를 내거나 언성을 높이신 부분은 그 상황에서 적절한 반응은 아니었던 것 같습니다.님이 그 순간 당황하거나 화가 나신 것도 충분히 이해됩니다. 서로의 공간과 시간을 존중하는 것은 중요한데  님이 그 부분을 요구하신 것은 정당한 행동이었습니다. 아버님께서도 차분하게 생각하신다면 사용자의 입장을 이해하실 수 있을 것입니다.,2024.09.17.
475427394,475427394_2,잘못하지 않았습니다.,2024.09.16.
475427394,475427394_3,가족끼리는 누구의 잘못을 가릴수 없어요서로 서로 이해하면서 살아 가는것이 가족입니다...,2024.09.17.
475327243,475327243_1,꿈은 꿈일뿐 그냥 이상한꿈이다 생각하고 잊어버리세요...,2024.09.14.
475292215,475292215_1,강화 실내낚시터는 두군데 있습니다위치는 아래 지도를 참고바랍니다...강화포시즌바다낚시터인천광역시 강화군 길상면 장흥리 276-5후크선장과바다낚시터인천광역시 강화군 길상면 해안남로117번길 79 후크선장과바다낚시터강화바다포시즌 낚시터 : 네이버 카페강화바다하우스낚시터와 선두바다낚시터 광성바다낚시터등 강화 펜션과 캠핑 정보를 공유하는 카페입니다cafe.naver.com후크선장과사계절바다낚시 : 네이버 카페강화도에 위치한 바다실내하우스 후크선장과바다낚시터입니다 국내최고의시설 최고의 힐링 장소입니다cafe.naver.com,2024.09.13.
475286701,475286701_1,꿈은 꿈일뿐 그냥 이상한꿈이다 생각하시고 잊어버리세요...,2024.09.13.
475186201,475186201_1,아직까지 미혼이시라면돈관리를 부모님께 맡기는것도 괜찮은 방법입니다누가 이상하다고 했는지 모르지만 그사람이 더 이상한것 같습니다...,2024.09.11.
475186201,475186201_2,본인이 편리하고 부모님이 믿음직스러우시다면괜찮은거죠!근데 대부분 자기돈 관리는 자기가 한는게 제일 좋다고 하긴해요 ㅎ 돈 관련 문제는 아무도 믿을사람없다하니깐  채택한번 부탁드릴게오 :),2024.09.10.
475186201,475186201_3,1.아니요  좋습니다2.그러나  드리는 것과 맡기는 것은  생각의 차이가 있을수 있습니다,2024.09.10.
475186201,475186201_4,"편견은 일방적인 견해  편향된 견해입니다. 고든 올포트는 ""편견은 충분한 근거도 없이 다른 사람을 나쁘게 보는 생각""이라고 정의합니다.돈 관리를 마흔 될 때까지 부모님한테 맡기는 것을 알고 주변 사람들이 편견을 갖고 말하는 것 중 하나입니다. 편견이라는 게 단순히 일방적으로 마흔인데 돈 관리를 부모님이???라고 생각할 수 있지만  돈 관리를 대신 해주는 게 아니라 번 돈의 50% 이상을 부모님한테 드린다면 그 편견이 부정적 의미보단 긍정적 의미로 해석될 수 있습니다.말 그대로 사람들은 일방적으로 평균으로 생각하는 편향적인 사고방식을 가지고 살아갑니다. 마흔 넘어서까지 부모님이 돈 관리를 대신 해준다면 그만큼 편한 것을 떠나서 부모님이 해야 돈이 모인다거나 한다면 주변 사람들도 이해할 것입니다. 직접 돈 관리를 하면 돈이 안 모인다거나 하면 부모님이 대신 관리해서 돈이 모인다면 사람들이 그런 편견을 버릴 수 있을 것입니다.",2024.09.11.
475120613,475120613_1,강화도 화개산 모노레일 요금 운영시간과 입장료는 아래를 참고바랍니다...,2024.09.09.
475120613,475120613_2,화개산 모노레일 요금과 운영시간은 공식 홈페이지에서 확인 가능하며  화개정원 입장료는 별도로 내야 합니다.답변이 도움되셨으면 좋겠네요 좋은하루보내세요-올려주신 질문내용 :화도 화개산 모노레일 요금과 운영시간은 어떻게 되나요? 그리고 화개정원 입장료도 별도로 내야 하나요? 강화도 여행 정보 아시는 분 계시면 정보 알려주세요!,2024.09.09.
475120613,475120613_3,화도 화개산 모노레일 요금과 운영시간운영시간  월요일--금요일  09시30분-18시토요일--일요일  08시30분-18시30분요금    초등학생   13 000원   미취학 아동  11000원  강화군민 11000원화개정원 입장료    5000원 (모노레일 요금과는 무관합니다),2024.09.09.
475120613,475120613_4,강화도 화개산 모노레일 요금 운영시간과 입장료는 아래를 참고바랍니다...,2024.09.10.
475120613,475120613_5,강화 화개산 모노레일은 운영시간이평일은 9시~18시까지이고주말이나 추석연휴에는 8시30분  30분 일찍 엽니다.요금은대인13 000원소인(24개월~7세 미만)11 000원강화군민11 000원장애인11 000원입니다.비가오거나 날씨가 안좋은 경우에는 유동적으로 이용이 불가할 수도 있습니다.강화화개산모노레일인천광역시 강화군 교동면 교동동로471번길 6-60화개정원인천광역시 강화군 교동동로471번길 6-60모노레일 외에 화개정원이나 전망대의 경우에는 아래의 홈페이지에서 이용 정보 확인이 가능합니다화개정원hwagaejungwon.ganghwa.go.kr화개정원 및 전망대는 8시~20시까지이고 입장은 19시까지 입니다.구분요금어른19세 이상 64세 이하(2005년생 이상 1960년생 이하)단체(20명 이상)어린이7세 이상 12세 이하(2017년생 이상 2012년생 이하)청소년13세 이상 18세 이하(2011년생 이상 2006년생 이하)유아6세 이하(2018년생 이하)노인65세 이상(1959년생 이상)강화군민화개정원(전망대 포함)5 000원4 000원3 000원무료3 000원3 000원요금정보입니다.(홈페이지에 있던 내용)모노레일과 화개정원 입장료는 별도 입니다.참고하셔서 즐거운 강화 여행 되시길 바랍니다.,2024.09.10.
475099982,475099982_1,꿈은 꿈일뿐 그냥 이상한 꿈이다 생각하고 잊어버리세요...,2024.09.09.
475055256,475055256_1,행운이 찾아오고 목돈이 생기게 될 꿈입니다.이 꿈은 행운이 따르고 조만간 돈이 굴러 들어 오는 것을 의미합니다. 즉 굳게 마음먹었던 어떤 일이 잘 풀려 즐거운생활을 하게 되거나 장차 큰 이익이나 재물이 생기거나 뜻밖의기회가 찾아와 바라던 소망을 이루게 될 꿈이랍니다.또한 자신의 에너지가 넘치고 경제적으로 안정이 되겠습니다.그러니 적극적인 마음으로 최선을 다 하시길 바랍니다.질문자분께서 늘 건강하시고 행복하시기를 기원하며글을 씁니다.답변이 도움 되셨다면'포인트 선물'버튼을 클릭하셔서 마음을 전해 주시면 감사하겠습니다!.,2024.09.08.
475055256,475055256_2,꿈은 그냥 꿈일뿐 너무 신경쓰지마시고 잊어버리세요...,2024.09.08.
475019795,475019795_1,꿈은 꿈일뿐 그냥 이상한꿈이다 생각하고 잊어버리세요평소에 너무 신경쓰다보면 꿈에 나타날수도 있습니다...,2024.09.08.
475019795,475019795_2,자신을 힘들게 했던 일들이 순조롭게 풀려나갈 꿈입니다.이 꿈은 자신을 고통스럽게 하던 고민이 해결되어 마음이홀가분해지는 것을 뜻합니다. 따라서 이 꿈은 오랫동안 풀리지않았던 문제가 해소되어 마음의 안정을 찾고 자신감을 회복해 일을진취적으로 추진해 나가게 될 꿈입니다. 그러니 인내심을 갖고 자신의일에서 최선을 다하셔서 만족한 결과를 얻으시길 바랍니다.질문자분께서 늘 건강하시고 행복하시기를 기원하며글을 씁니다.답변이 도움 되셨다면'포인트 선물'버튼을 클릭하셔서 마음을 전해 주시면 감사하겠습니다!.,2024.09.07.
