﻿doc_id,answer_index,answer,answer_date
477076966,477076966_1,함창버스터미널에서 상주터미널 가는 시외버스 운행 시간표입니다오후5시20분 시외버스 있습니다,2024.10.25.
476836703,476836703_1,알바이나 잡코리아 같은 사이트에 상시 공고되니 들어가서 지역 설정하시고 매일 검색해 보세요!자주 들어가서 확인하시는 방법 밖에 없습니다.https://www.albamon.com/알바를 리스펙 알바몬알바 정보부터 알바 채용까지  알바 취업포털 알바몬www.albamon.com,2024.10.19.
476645684,476645684_1,오늘 배송은 힘들고 수요일 배송 예정입니다단 배송 물량이 많아 배송 지연 발생 되면 목요일 배송 됩니다,2024.10.15.
475317846,475317846_1,경북자체가 정서가 그렇고.소멸도시가 많은 만큼  사고방식이 스마트하지 않고 대부분 진부합니다.그래서 경북도 진부한만큼이나 정치세력에게 일방적으로 세뇌를 당해 있죠. 특정 정당을 지지하는 지역이죠.특정정당에 의해 함몰돼 있기에 발전되지 못하고 쇠퇴하는 지역입니다. 구미 대구의 발전했을 때와는 다르죠.결국에는 대구 경북을 통합하자는 얘기가 나오고 있습니다.  살아 남으려면 합쳐지겠죠.제주 전북 강원도가 행정자치도가 되었듯이요.,2024.09.18.
475317846,475317846_2,상주에 이사오신지가 얼마안되신 분인가 보네요.저도 고향은 대구고 서울에서 살다가 상주로 왔습니다.역시 고향이 제일이라는 생각 많이 했습니다.하지만 25년을 살면서 결혼하고 애들 키우고나니 이제는 제2의고향이라고 생각하고 삽니다.상주는 도농복합도시여서 아직 시골인심이 그대로 남아서 외지분이 적응하기가 어려운 부분이 많습니다.요즘은 귀농귀촌해서 외지분들도 많이 오시는데 살아보면 주민들과의 사이가 좋지않아 다시 떠나는 분들도 많다고 합니다.질문자분이 어떤 이유로 상주에 오셨는지  나이대는 어떻게 되시는지 잘 알수는 없지만 큰 결심하고 여기로 오셨다고 생각합니다.저는 상주에 살면서 욕심없이 자기일만 열심히 하고 살다보니 단점도 이해가 되고 조금씩 적응해가면서 살아온거 같습니다.어차피 본인이 결정해서 이사오셨으니 조금은 여유를 갖고 적응해보시는 것이 좋을거 같습니다.내가 살던 고향이 아니라면 어디를 가던 낮설고 사람에 실망할수밖에 없을거 같습니다.상주분들 공통적인 성격이 처음에는 경계를 많이하고 조금은 접근방식이 무례한 부분이 있습니다. 하지만 한번 친해지면 바로 형님 동생이 되어서 완전 내편이 되곤 합니다.원래 성격이 좋지않은 사람도 있지만 주변분들에게 먼저 다가가서 친근하게 대하다보면 어느새 사람문제는 해결될겁니다.상주는 교통도 좋고 복잡하지 않아서 저는 제일 좋습니다. 많지는 않지만 상주에서 즐길수있는 것들을 찾아보시면서 잘 적응하시길 기원합니다. 화이팅 하세요.^^,2024.09.27.
475109918,475109918_1,상주시내에 위치하고 있는 기운찬우리들의원 추천합니다.정형외과  통증의학과  재활의학과 진료하고 있고 물리치료실 따로 있습니다.상주전통시장이 서는 2일  7일에는 오전에 엄청 복잡하니까 참고하세요.원장님 아주 친절하고 진료 상세하게 잘 보십니다.^^기운찬우리들의원경상북도 상주시 상산로 251 경동메디컬빌딩 2층,2024.09.21.
