﻿doc_id,title,question,region_id,views,question_date
477569225,질문의정부 송양 vs 송현 어디갈까여,어디가 괜찮나요,12040704, 15,2024.11.06
477368768,질문원화여고송현여고 어디,이제 곧 고1되는 중3입니다 동네에서 애들이 가장 많이 간다는 2곳인데요 비슷하긴 하겠지만 어디가 더 나은지 말해주세요 1. 내신 따기 좋은곳? 문제 난이도도 궁금해요 2. 선생님들 괜찮나요? 3. 분위기는 어떤가요? 4. 매점있나요 5. 대학 진학률? 6. 교칙 빡센가요,12040704, 24,2024.11.04
477402973,질문꿈해몽 꿈해몽,착한동구님 대답 부탁드려요,120407, 19,2024.11.02
477281232,질문인천동구 앤드아워 카페,인천동구 에 새로생긴 앤드아워 카페 주변에도 한옥이 있던데 이한옥은 언제쯤 지어진 건가요?,12040703, 27,2024.10.30
477270864,질문인천 송림동 부영주택...,인천 송림동 부영주택 일제감정기인 1941년에 지어진 유일한 한옥형 부영주택 이라는데 지금도 남아있나요?,12040703, 31,2024.10.30
477085845,질문인천동구 재개발?구역인가요?,동구 재개발 구역 여긴 철거후 3년동안 공터로만 남겨져 있던데 이유가 뭔가요? 그리고 몇구역에 해당되나요? 지도 캡쳐본 동그라미 친곳 궁굼합니다,120407, 35,2024.10.25
475737163,질문47dyehejshxhx,Rhdhdjdjdj,12040704, 27,2024.09.23
475700411,질문Erierieri,Orioriori,12040704, 26,2024.09.23
475445982,질문인천동구 송림패션몰 폐점방치,인천동구 송림패션몰 전매장 페점해서 명개의 음식점만 남고 그 외 옷매장들은 전부 페점되서 몇년째 빈 상가로 방치되어 외부 벽들이 다 무너지고 흉물 스러운데 이대로 방치인가요?,12040703, 16,2024.09.17
475115044,질문인천서구가정동에서  송림동 으로이사,인천서구 가정lh3단지에서 인천동구송림동으로 이사예정인데 동 서 남 북으로 봤을때 송림동은 어느 위치인지 알려주심 감사해요~^,12040703, 43,2024.09.09
