﻿doc_id,answer_index,answer,answer_date
477524314,477524314_1,두류사랑니치과의원대구광역시 서구 달구벌대로 1739 대산빌딩 6층안녕하세요^^대구두류사랑니 치과의원 구강악안면외과 전문의 장성백입니다.두류에 있다보니 답변 달게되었습니다!!지금 야외음악당 다소 추우실 수 있으시요ㅠㅠ두류 사랑니 치과의원 : 네이버 블로그2024.11.1 OPEN 두려워 하지 말아요 두류 사랑니 치과의원 두류역 2번출구 053 556 2875m.blog.naver.com지금 저녁 7시인데..다들 외투 모두 입고 계세요 .두텁게 입고 거닐기엔 좋으나 앉아서 음식을 먹기엔 다소 추우실수도 있습니다!!오늘도 수고 많으셨습니다,2024.11.05.
477503016,477503016_1,집안에 많은 재물이 들어와 풍요로워지고 먹을 것이쌓이게 될 꿈입니다. 이 꿈은 뜻밖의 횡재로 인해 생활의풍요를 누리게 되고 행운이 따라 어디서든 기쁜 일들이가득할 것을 의미합니다. 특히 횡재수가 있어 복권 당첨을기대해도 될 만큼 좋은 꿈이라 할 수 있으며 누군가에게귀한 선물을 받아 마음이 한 없이 즐거워질 꿈입니다.질문자분께서 늘 건강하시고 행복하시기를 기원하며글을 씁니다.답변이 도움 되셨다면'포인트 선물'버튼을 클릭하셔서 마음을 전해 주시면 감사하겠습니다!.,2024.11.05.
477503016,477503016_2,안녕하세요~꿈을 꾸고 기분이 안좋다고 해서 모두 안좋은 꿈도 아니며반대로 좋은 꿈을 꾸었다고 전부 좋은꿈도 아닙니다다만 깨고 일어났을 때 기분이 좋은 꿈은 그 날 하루의기분을 좋게 만들기 때문에 해몽과 상관없이 좋은 꿈으로 분류되기도 합니다.질문자님께서 주신 꿈의 해몽은현재 자신의 현실에서겪고 있는 불안감이 해소되고 뜻밖의 귀인이 나타남을 의미합니다.꿈이 아무리 좋아도 노력없이 이루어지질 않고꿈이 안 좋다고 다 신상이 해로운 것은 아닙니다.꿈이 좋아도 성실한 주의 의무를 다 하라듯이 노력해야 이룰수 있고꿈이 안 좋아도 조심하고 주의하면 그리 염려 안 하셔도 될 것입니다.결국 모든 일은 내 하기 나름에 있습니다 하루하루 단 1개라도 좋은 방향으로 가는선택을 하고 행동으로 옮긴다면 꿈의 해몽과는 상관없이1년 뒤 10년 뒤는 지금보다 나은 삶을 살고 있으실 겁니다복채는 채택입니다. 하시는 일 다 잘되시길 바랍니다,2024.11.05.
477405947,477405947_1,주말에 친구들 모아서 가세요,2024.11.04.
477389091,477389091_1,"대구 지역은 모르지만   탈모 ??원인 식습관( 식습관이 나쁘면 면역력 약해지고 스트레스 잘 받는 체질 과 질병에 잘 걸리는 체질이 됨)개선 해도 나빠 진다면치료가 힘드니 전세계 대머리분들 늘어 나니무엇이던 해보시길   빨리.단 탈모병원등 검색후 탈모병원 홈피에 탈모에 대한 실제사람 두상에임상을 한 사진 영상 등 많이 있는지 그리고 후기도 보시고 가야 합니다아니면꾸준히(평생) 먹고 발라야 하는 약물에 고생을 할수 있게 됩니다제 생각은 영양제도 아니고 약물을 치료 목적으로 평생 먹는 것은아니라고 봐 요그러니탈모치료 해도 매일 숱이 많아지는것을 보여 주는곳 없다면마지막 이다 생각 하고 찾아 오시길탈모약 부작용으로프카(피나) 부작용 우울증사망 제조사숨김..몸 다이 부작용 까지 ㅠ프페 와 카피 약물 경구형 탈모 치료제 성분이 온몸 전해져서.이로 인해서 전신에 영향을 준다.'5α리덕타제' 효소가 머리  간  고환 등 다른 장기에도 전달 된 것이다.기존 경구형 탈모치료제가 고환 압박과 통증  성기능 장애 간 독성 등 부작용 문제로 인해 다들 힘들어 한다근육도 빠지기 한다고 최근 추가됨..가족에게도 탈모약물 직 간접적으로 영향을 주게 됩니다   원탈모클리닉센터20년 탈모인들 치유 임상와 특허 방송출현 .전국에서유전탈모 유전탈모 지루성두피염탈모 두피열.선천적 가는모굵게 모발이식 후 에도 탈모 더 굵고 많이. 원형 전두  스트레스탈모.모발이특정 샴푸 NO 굵고 많아진뒤 방문 안해도 유지 되게 도움 드립니다 전  후 현미경사진.두피근접사진.동영상촬영 매일.매주비교 개선 되것 보여줌 특허  미국대학논문 비교 &후기https://cafe.daum.net/leeandk/6l0U/36부산시진구양정1동 중앙대로931 원탈모크리닉센타 대표 이홍희양정역 5 7 9번 출구위 (051.867.1662)드라마 MBC""아직도 결혼 하고 싶은 여자"" 등 지역방송탈모방송 다수 출현 탈모개선특허취득무한지대.vj특공대 리얼스토리묘 세상의 아침.살맛나는세상https://map.naver.com/p/entry/place/1727224399?c=15.00 0 0 0 dh&placePath=/homehttps://youtu.be/NiVtrjd63vQ?si=rki3KThHgDmwFfovhttps://cafe.daum.net/leeandk/83tQ/204전라 광주에서 당일 2회 탈모클리닉 전 후 굵고 좋아지는 전 후 사진들   관리센타 홈페이지   : http://cafe.daum.net/leeandk                                                              관리사 名   :                  ㅇㅣ 홍희고객 연 령 성별  :                30대 중반  여성      탈모기간 유형  :cafe.daum.nethttps://youtu.be/IqVY7Imau-U?si=tOVAXo7NjOhf9wMjhttps://youtu.be/EcDfe7UppJU?si=XCxo5trosTblkyT-https://youtu.be/O9FDdkbHBTA?si=ojm-Tpc8Ghy8WL5Vhttps://youtu.be/bjq-8XE6aTU?si=9FiHV7E-20-Et3LLhttps://youtu.be/DJ_Jl1WZNlg?si=hnaNFExj8lYoVguthttps://youtu.be/C9_J-fReVQI?si=K9FjFhrUlFjuba32https://blog.naver.com/leek8671662원탈모클리닉센터 : 네이버 블로그부산시진구양정1동 중앙대로931 원탈모크리닉센타 대표 이홍희 양정역 5 7 9번 출구위 605.17.73209 (051.867.1662) cafe.daum.net/leeandk https://cafe.naver.com/daedamo8282  드라마 아결녀 등 지역방송 탈모편 출현탈모개선특허취득  무한지대.vj특공대 리얼스토리묘 세상의 아침.살맛나는세상 유전탈모 모든탈모 본인폰카로 매일 숱이 많아지는것 확인 가능함 먹고 바르고 특정 샴푸 NO blog.naver.com",2024.11.02.
477251556,477251556_1,가천대역 1번 출구에서 대운동장까지 거리는 약 1.20km입니다걸어서 약 20분 거리 입니다아래 지도 참고 하고 가천대 정문을 통하여 걸어 가시면 됩니다,2024.10.30.
477051677,477051677_1,특수 학급 있습니다.현재 3학년만 운영하고 있습니다,2024.10.25.
476793059,476793059_1,엘베있음.,2024.10.18.
476777692,476777692_1,카카오톡 친구추가로 하면되지요,2024.10.18.
476743558,476743558_1,관심분야라 따서 활동을 하고 싶든데..??무슨 학원을 찾는지 구체적으로 올리셔야 관계자분들이 대답을 올리실거에요~,2024.10.18.
476743558,476743558_2,안녕하세요  자격증 무료교육원 비전큐 교육매니저입니다.저희 교육원은 온라인으로 수강하시고 온라인으로 시험 응시하셔서합격하시면 자격증 발급을 도와드리는 온라인 교육원입니다.비전큐에서는 전문자격증 290여 종을 무료로 수강하실 수 있습니다.강사과정  취업과정  전문가과정  IT과정  병원과정  커피과정  심리과정  실버과정  방과후과정 반려동물과정  운동과정  공예과정  아동과정  뷰티과정  지자체과정 등 분야별로 다양한 자격증이개설되어 있습니다.한국직업능력연구원에 정식으로 등록된 1급 자격증으로 이력서에 기재가 가능한 자격증입니다.합격률도 높고 단기간에 취득하실 수도 있습니다.비전큐에서는 수강료 뿐만아니라 시험 응시료까지 전액지원 해드립니다.자격증 발급비용만 부담하시면 되기때문에 자격증 취득을 준비하시는 분들께경제적 부담을 최소한으로 줄여드립니다.감사합니다.,2024.10.18.
476732309,476732309_1,이월드 종일권은 이월드 폐장 시간까지 이용 가능 합니다,2024.10.17.
476585197,476585197_1,안녕하세요~!설치 당일 최대 사은품 지급! 아닐 시차액 120% 보상하는 '아정당' 전문 상담사가 직접 답변드립니다!와이파이를 사용하기 위해서는 유선 인터넷이 필수입니다.따라서 질문자님 댁에 설치된 인터넷이 있다면공유기만 연결하여 와이파이를 사용하실 수 있는데요!사용 중이신 인터넷 통신사 측에 와이파이 추가를 요청하시면 됩니다설치된 인터넷이 없다면 먼저 가입 및 설치를 하셔야 이용이 가능합니다.공유기 구비 전이라면 통신사의 인터넷 + 와이파이 통합 상품에가입하여 이용하시는 것을 추천드립니다.답변이 도움되셨길 바랍니다 :),2024.10.17.
476585197,476585197_2,안녕하세요. SK브로드밴드 본사 공식 지식파트너입니다.우선  와이파이는 기본적으로 인터넷이 필수입니다.해서 현재 댁에서 통신사 인터넷가입해서 사용 중이시면시중에서 와이파이 공유기만 구매해서랜포트 또는 모뎀과 연결하시면 되는데요.어렵지 않은 작업이기 때문에 질문자님께서 직접 연결할 수 있습니다.다만 랜포트가 활성화되지 않았을 경우 인터넷 연결이 불가하니해당 통신사의 고객센터를 통해 기사 출동을 요청하셔야 합니다.반면 인터넷가입이 필요할 경우 원하시는 통신사에서 가입하셔야 하고 통신사 기사님을 통해 인터넷 회선 설치가 필수입니다.대신 인터넷 와이파이 통합상품으로 가입 시공유기 대여 옵션이 포함되기 때문에 별도로 구매하지는 않으셔도 됩니다.또한 기사님께서 인터넷설치 후 와이파이까지 연결해 드립니다.답변 내용이 조금이나마 도움이 되었기를 바랍니다.SK인터넷은 SK브로드밴드 공식 온라인 가입센터 'B다이렉트샵' 이용 시24시간 어디서나 빠르게 가입 신청 가능하고 요금 할인과 사은품 중 원하시는 혜택을 직접 선택할 수 있습니다.선택하시는 인터넷 속도 및 B tv 가입 여부 등에 따라 요금이 상이하니상세한 내용은 1670-0995로 문의주시거나링크  배너를 통해 공식 가입센터를 방문하여 확인해보시길 바랍니다.■ 가입 사은품 및 지식인 추가 혜택 보기▷https://www.bworld.co.kr/shop/sns.do?mkt=giga_in※ 위 내용은 답변일 기준으로 작성되었습니다.,2024.10.14.
476585197,476585197_3,딱히  공유기만 출장해서 설치 해주겠다고 하는 곳이 잘 없죠.설치방법이 크게 어려운건 아니라서...대부분은 구매자가 직접 쉽게 설치하는 편입니다.인터넷 설치가 필요할 경우에는 인터넷 업체 기사가 반드시 출장을 해야만 설치가 가능하구요.인터넷 설치가 되어있는 환경이면  사용자가 쉽게 와이파이 공유기를 사서 선만 꽂으면 설치 끝입니다.완전 간단한거죠.인터넷 미설치 환경일 경우에는따로 다른 사람이 출장을 가더라더  와이파이 공유기만으로는와이파이 설치를 절대로 못합니다.PC가 있어도 못해요. 절대로 못합니다.인터넷이 설치되어있는 환경일 경우에만 와이파이 설치를 할 수가 있어요.,2024.10.14.
476200708,476200708_1,내당동 두류역 자이대구광역시 서구 내당동 220-1,2024.10.04.
476200708,476200708_2,지역과 시세에 따라 다르지만 전반적으로 상승 중이에요.제가 드린 답변이 도움되셨길 바래요-말씀하신 질문 :아파트가격이우애되나요?관심이있는데~~,2024.10.04.
476059665,476059665_1,네 많이쌓여요 똑같이,2024.10.01.
476059665,476059665_2,잘 닐 드물어요.제가 드린 답변이 도움되셨길 바래요-말씀하신 질문 :고층이어도 창문 열면집에 먼지 많이 쌓이나요?,2024.10.01.
476059665,476059665_3,바람타고 많이 쌓임,2024.10.01.
475480952,475480952_1,산후 조리원 까진 모르겠지만 죽전네거리에 미래산부인과가 유명하단 말 있어요..한번 알아보시길 바랍니다..,2024.09.18.
475354733,475354733_1,가천지는 모르겠고  신령면 가천리라는 마을은 있습니다.지하철로 대구 반야월쪽(안심역)으로 갑니다.안심역에 내려서 하양방향555번 타고 영천시외버스 터미널에 하차합니다.영천시외버스 터미널에서 치산계곡가는 271번 버스 타고 치산관광지 입구에서 내려서조금 걸으면 될듯 합니다.,2024.09.16.
475180644,475180644_1,첫 인생네컷 후기 대구 인싸포토 계명대점대구나들이 2탄 첫 인생네컷 후기 11월 12일) 이날은 민이네가 대구에 간 날이예요. 아이들과 저녁 먹으러 ...m.blog.naver.com계명대 학생이시군요계대 동문앞에 있어요,2024.09.10.
