﻿doc_id,answer_index,answer,answer_date
477554080,477554080_1,무안공항 주차장은 현재까지 무료로 운영되고 있네요.또한 국제선 노선도 6개만 운항되고 있네요.목포종합버스터미널에서 07시 50분  16시 50분  20시 50분 3회 운행 됩니다.,2024.11.06
476913637,476913637_1,무안 영암 평준화 지역 아닙니다...,2024.10.21.
476193002,476193002_1,주차장 있습니다.일로장터백반전남 무안군 일로읍 시장길 17-12https://naver.me/GY2C3ujl일로장터백반 : 네이버방문자리뷰 334 · 블로그리뷰 70naver.me옛날시골밥상전남 무안군 일로읍 시장길 17-10https://naver.me/x5Ku1bP7옛날시골밥상 : 네이버방문자리뷰 377 · 블로그리뷰 85naver.me두집다 맛있습니다.    두집다 추천 드려요시장 백반이라 감안하시고 입맛 등등 참고하세요반찬이 많이 나와서 좋고찌게 국 등등도 맛있습니다  보통 20개 정도 나옵니다가격은 두집다 10 000원 입니다.,2024.10.29.
475516476,475516476_1,목포에서 무안고 지원 못합니다목포시는 평준화 지역 입니다,2024.09.19.
475106908,475106908_1,전라남도 무안군의 지역 변화와 문제점  해결 방안에 대한 자료는 무안군청 공식 웹사이트나 지역 연구 기관에서 찾을 수 있습니다. 관련 논문과 보고서도 참고하세요.,2024.09.09.
