﻿doc_id,title,question,region_id,views,question_date
477489898,질문광주 경화여고 질문,고등학교가 고민이 되어 질문드립니다. 원래 제가 세마고를 희망하고 있었는데 주변에서 경화여고를 추천하기도 했고 적당히 열심히 하기 좋은 학교인 것 같아 관심이 생겼어요. 내신은 199 초반이고 선행도 어느정도 되어 있습니다. 그런데 재학생 분들이 오지말라고 하는걸 많이 접한데다 아는 선배도 적응 안돼서 전학 가셨다고 하더라고요. 그래서 경화여고가 실제로 어떤지 궁금해졌는데 내신따기 힘든지 그리고 다른 학교 대신 경화여고를 선택했을 때 얻을 수 있는 메리트는 뭐가 있는지 답변해주시면 감사하겠습니다!,120908, 21,2024.11.06
477524697,질문시트지시공업체 경기도 광주쪽에 괜찮은곳 아실까요?,무인카페 오픈 앞두고 인테리어중인데 통유리 필름시공을 하려고 하는데 셀프시공은 무리겠죠...? 비용절감 했으면 싶은데 혹시 필름이나 시트지시공업체 비용 경기도 광주쪽에 괜찮은곳 아실까요?,120908, 21,2024.11.05
477455912,질문경기 광주에서 김천,경기도 광주 역이 없던데 김천구미역까지 ktx 타려면 어디서 타야하나요..?,120908, 28,2024.11.04
477440262,질문행운이란게 있나요?,가족과 여행을 가 박물관에 갔는데 저는 관심이없어 대충보고 나올려했는데 키가 크고 제 이상형인 분이 있었습니다 팔짱을 끼고 역사에 대한 내용을 읽고 작품을 천천히 보고있었어요. 저랑 1~2살 차이밖에 안나보였는데 너무 성숙하고 우아해보였어요..뒤만 쫒아다니다가 갑자기 사라져 지금까지도 너무 속상하고 우울해요..번호라도 물어볼걸..이름이라도 물어볼걸..너무 후회하고 있어요.첫 눈에 반한거같아요.. .제가 박물관을 오기 몇 분 전에 네잎 클로버를 찾았는데 행운이 정말 있다면 언젠간 그 사람을 만나게해주세요. 제가 부끄러워서 얼굴은 보지 못했는데 그 사람의 행동을 보고 딱 알아볼수 있을거 같아요! 잘때도 그 사람생각만 해요..뭘 해도 생각나요. 전 여자고 그때 파랑목도리를 하고있었어요 그 남자분은 초록색깔 자켓을 입었던거로 기억하고요 ..2024년 11월2일 경주궁립박물관에 있었던 일이에요..아 제발..행운이 인연이 됬으면,12090816, 24,2024.11.03
477328987,질문안녕하세요 내년에 경기 광주중앙고 들어가려는 학생인데요,제가 내신이 180 중후반에서 190..? 정도 되는데 기숙사 입학이 가능할까요?? 그리고 기숙사 입학하면 제한은 심한편인가요?(취침시간이나 폰 제출 등이요) 그리고 음악동아리 같은게 있을까요??,120908, 30,2024.11.02
477386479,질문경기광주 터미널 올리브영,지금 블랙프라이데이 재고떨이 하나요?,120908, 20,2024.11.02
477366506,질문곤지암 cu물류센터알바 피킹 쉽나요?,곤지암 cu물류센터 피킹쉽나요?,12090814, 14,2024.11.01
477161315,질문가내신 162면 광남고 가능하나요?,이번에 광남고에 학생들 몰린다던데 커트라인이 얼마나 될까요?,120908, 27,2024.11.01
477331234,질문경화이비고,면접 어떤식으로 보나요?ㅠ,120908, 23,2024.10.31
477329386,질문초2 영어와 수학 경기광주 학원 문의드려요~,고산동 오포자이 1단지로 이사온 지 얼마 안됐는데요 초2 영어와 수학 학원 어디가 괜찮은지 추천 부탁드려요ㅎㅎ 집 근처에는 학원이 없는 것 같고 태전동 상가들 쪽으로 나가야 할 것 같은데 거리가 꽤 되더라구요.. 그래서 차량도 되고 영어는 파닉스 수업이 있고 수학은 기초 연산부터 잘 봐주시고 이제 3학년 진도까지 같이 봐주시는 학원이면 좋겠네요~~ 기왕이면 두 과목 같이 봐주는 학원을 원합니다!,120908, 19,2024.10.31
477309412,질문꽃냉장고 1800 이전 및 설치 비용 얼마나 할까요,1800 800 2000 사이즈입니다 광주시 신현동에서 인천 부평으로 이전하려고 합니다 이동 및 설치 비용 궁금합니다,120908, 22,2024.10.31
477298542,질문광주에서는,큰 정신병원이 어디에 있나요?,120908, 20,2024.10.31
477294422,질문경화여고 광주중앙고 기숙사 질문,경기도 광주시 광주중앙고 경화여고 방학때나 주말에 기숙사 무조건 비워야하나요?,120908, 27,2024.10.31
477201798,질문경기광주중앙고,지금 가내신 164인 학생인데요 중앙고 갈 수 있나요? 이번에 중앙고가 자공고로 바뀌어서 갈 수 있을지 모르겠네요...,120908, 29,2024.10.29
477248450,질문광주시 삼동근처 빌라 월세 구합니다,제가 무릎이 불편해서 1층이나 2층이였으면 좋겠구요 누구나 마찬가지겠지만 깔끔했으면 좋겠습니다 여유자금이 없어서 보증금1000에 월세 60~70정도 였으면 좋겠습니다. 010 7724 5222. 문자남겨주시면 전화드리겠습니다,120908, 16,2024.10.29
477207013,질문수서역에서 경기광주역 막차,주말에 수서역에서 경기광주역까지 가는데 막차 몇 시일까요?,120908, 23,2024.10.28
477154661,질문경기광주 고등학교,경기도 광주에 잇는 고등학교 좀 싹 다 알려주세요,120908, 91,2024.10.27
477041668,질문경기도광주 출산축하금 질문,경기도광주 출산축하금 100마넌 받으려고 경기지역화폐 앱도 깔고 개구리카드도 실물카드 받아서 카드 등록까지 했는데 축하금은 언제 들어오나요? 아가 출생신고 하면서 지원금들 주민센터에서 싹다 신청은 이미 해놨어요. 개구리카드에 경기광주출산축하금 쓰고싶은데 신청은 했지만 앱에선 0원이네요 ㅠ,120908, 53,2024.10.26
477056104,질문Cj 대한통운 596952919886,원래 곤지암 허브에서 천안 배달지로 갔는데 왜 갑자기 서울 관악미성으로 간거죠? 거리도 더 먼데 언제쯤 도착할까요?,12090814, 17,2024.10.25
477039513,질문경화이비고,이비고 원어민 수업 창업마케팅과여도 하나요? 아니면 비지니스영어과만 원어민 수업 하나요?,120908, 15,2024.10.24
477038675,질문CJ택배 곤지암HUB에 있는데 내일 수령가능할까요 ㅠㅠ,송장번호 5934-3767-8112 금요일 무조건 받아야하는데 어지럽네요 진짜 ㅠㅠㅠ 도움 좀 부탁드려요,12090814, 17,2024.10.24
477036998,질문낼 곤지암 화담숲가는데요 질운이 있어서요?,낼 가는데 일행중에 80넘으신 어르신하고 거동이 좀불편한 형제가 있어서요 네비에서보니 제123이렇게 나오던데 고객센터에 문의하니 상담원분이 잘 모르시는지 그냥슬로프주차장 치시면돼요 하던데 맞나요?혹시 화담숲가려면 입장하는곳에서 젤가까운 주차장이 어디인지 궁굼합니다,12090814, 21,2024.10.24
477021159,질문경기도 광주 휠판매하는곳 찾습니다,제가 경기도 광주에사는데 타이어는 바꿨는데 휠을 바꾸고싶은데 휠판매하고 장착해주는데 아시는데 있으시면 추천좀 해주세요,120908, 17,2024.10.24
476913211,질문화담숲 단풍 기간,화담숲 단풍 구경하려고 11월 9일 자를 힘들게 구했는데요.. 그때까진 단풍이 들어있겠죠? 힘들게 구해서 갔는데.. 끝물일까봐 걱정이네요,120908, 549,2024.10.21
476779528,질문광주 >>>> 안성,퇴근할때 용인에서 길 엄청 막혀요ㅠㅠ 용인가는길로 가야 제일 빠른길인데 ㅠㅠ 돌아서 가면 너무 멀고ㅠㅠㅠ 차만 안 막혀도 꼬리물기는 없을텐데...,120908, 33,2024.10.21
476637950,질문경기도 광주 근처에 배기 구조변경 대행 해주는 업체,경기도 광주 근처에 배기 구조변경 대행 해주는 업체있을까요 ? 있으면 추천좀 부탁드립니다 !,120908, 33,2024.10.21
476892822,질문경기광주화담숲,오늘 당장 10월21일 월요일 예약이 확정됐는데 홈페이지 들어가서 보니 월요일 휴원이라고 써져있고 전화는 연결음가는데 안받고 어떻게 해야하나요 부모님 생신이라 모시고 가려고 예약한건데,120908, 49,2024.10.21
476836811,질문경기광주 미개통도로,제목 그대로,120908, 16,2024.10.19
476688959,질문경기광주 피부관리 어디가 잘하나요?,최근에 경안중 옆 이편한세상 이사 왔어요~ ^^ 내년 봄에 우리 딸내미가 결혼을 하는데 축 처진 피부 때문에 큰일났어요 기미잡티도 없애고 싶고 처진 피부도 좀 쭉쭉 올리고 싶은데 장지동 어디 좋은 곳 없을까요.? 자차가 없어서 태전동은 좀 멀어요~^^ 장지동 쪽으로 추천 부탁드려요~~~,120908, 49,2024.10.16
476679743,질문경안여고 질문ㅜㅜ,안동에 경안여고 생각중인데 1. 기숙사 샤워실 공동인가요? 2. 기숙사 몇명씩 사용하나요? 3. 화장 많이 잡나요? 4. 쉬는시간 휴대폰 사용 가능 한가요? 이정도만 알려주세요ㅜㅜ,12090801, 32,2024.10.16
476673691,질문경기 광주중앙고등학교 학원 질문합니다.,안녕하세요ㅎㅎ 지금 딸 아이가 중3입니다. 경기도 광주에 살고 있고 내년에 광주중앙고등학교가 자립형공립고등학교가 된다고 해서 광주중앙고등학교로 보내려고 합니다. 아무래도 자공고가 되면 전보다 내신 만들기도 어려울 것 같아서 광주중앙고 내신 잘 봐주는 학원을 미리 찾아서 보내볼까 하는데요.. 기숙사를 보내고 싶어서 바로 근처 학원으로 알아보려고 하는데 채원석학원 어떤가요? 또는 근처에 좋은 학원들 있다면 추천 부탁드립니다!!,120908, 222,2024.10.15
476576616,질문집 사러갈때는,어디로 가고 어떤걸 준비하고 가야되나요? 부동산가서 집 사고싶어서 왔다 그러면 되나요? 예) 경기도 광주 살고싶을때 광주 지역 부동산 가면 되나요?,120908, 19,2024.10.13
476521526,질문하나카드 문자,하나카드 쓰면 문자 오는데 거기 보면 어디서 썼는지 적히잖아요 거기에 만약에 예를 들어 가게 이름이 미도인이고 광주충장로점이면 미도인만 표시 되나요 아니면 광주충장로점도 같이 표시되나여,12090801, 34,2024.10.12
476267385,질문경기도 광주시 경안동 탄벌동 송정동 교회,경안동이나 탄벌동이나 송정동에 있는 싸이비 아닌 교회좀 알려주세요 근데 크리스마스 같은날에 연극하는 그런 교회 알려주세요,12090801, 22,2024.10.11
476391473,질문꿈해몽 알려주세요,어떤 건물에 불이나는데 그 건물 들어가서 계단으로 아래층 내려가 애기 3명을 구하고 안고 테라스쪽에서 숨어 총을 누가 저한테 쏘려고 해서 피하고 나중에는 제가 이기는꿈인데 무슨 꿈일까요ㅠㅠ,120908, 19,2024.10.09
476331368,질문초월고 야자시간표 알려주세요,초월고 야자 있다는데 몇시부터 몇시까지 하는 지 시간표는 없더라고요.(초월고에 다니는 아는 사람한테 물어봤는데 야자 있다고는 하더라고요 근데 그렇게 친하지가 않아서 깊이 물어보진 못했습니다.) 초월고 야자 최대 몇시까지 할 수 있어요. (야자 시간 끝날 때 까지 할 생각이여서요.) 경기도 광주 초월고등학교 입니다,12090816, 16,2024.10.07
476225483,질문경기광주 중앙고,중앙고 인문계 등교 몇시까지에요?,120908, 28,2024.10.06
476149560,질문회담숲 질문합니다,11월에 엄마랑 회담숲 가려고 하는데요 시스템이 너무 빡쳐요 입장권은 예매가 편한데 시간 정해서 들어가면 화담채나 모노레일은 다 매진이라서 속터지네요 ㅠㅠ 뒤로가기하묜 다시 인증해야하고 무한 반복인데 ㅠㅜ 화담채 포기했고 엄마 다리가 약해서 모노레일이라도 타고싶은데 선택가능한 시간을 알수가 없으니까 계속 무한 반복이네요 ㅠㅠ 모노레일 선택 가능한 날짜에 입장권을 구매하는게 나을거 같은데 모노레일 선택 가능한 날짜나 시간만 따로 확인은 못하나요? 원래 이렇게 빡센가요 ㅜㅜ 징징거려서 죄송한데 너무 스트레스 받아서요 저도모르게 절로 이렇게 울게되네요 죄송합니다 ㅠㅠ 엉엉,12090814, 21,2024.10.05
476194914,질문카카오네비 무료도로?,카카오네비 무료도로는 고속도로는 안내해주나요?,120908, 21,2024.10.04
476181949,질문경기광주 근처 게이아카데미가 있나요?,안녕하세요?경기광주에 살고있는 중2입니다. 초등학교때부터 PC배그에 푹 빠져서 지금도 계속하고있어요 꿈이 배그프로게이머인데..혹시 경기광주 근처에 게임 아카데미가있을까요?그리고 배그 프로게이머가 될라면 필요한 자질이있을까요?,120908, 29,2024.10.04
476074585,질문곤지암 영화 나무방...,곤지암 영화 나무방이 얼굴쪽이 아니라 가슴쪽에 구멍 뚫려 있는데 왜 그런건가요,12090814, 27,2024.10.02
476092419,질문경기광주광남고...,경기광주광남고 내신 커트라인 몇인가요 제가 지금 가내신 165인데 갈수 있을까요 제발 답변 해주세요 너무 걱정돼요...,120908, 101,2024.10.02
476062922,질문경기광주 알바,경기광주에 청소년이 일할수 있는 마땅한 알바 어디 없을까요.. 숙식 제공 가능한 알바라던지..,120908, 17,2024.10.01
476044112,질문경기광주(+성남) 연기학원 추천해주세요!,입시를 준비하다가 원래 다니던 학원이 너무 멀어서 집 근처로 다니려는데 성남까지도 괜찮으니 몇 군데만 추천해주세요!,120908, 30,2024.09.30
476027504,질문사실확인서 전자소송에서 입증방법에 해당되나요?...,사실확인서 전자소송에서 입증방법에 해당되나요? 사실확인서 신분증 사본은 진술서 작성할때 첨부 서류라고 쓰고 신분증 사본 이라고 적어야 하나요? 그리고 사실확인서 확인자 신분증 사본은 전자소송에서 서증에 들어가서 첨부하면 되는건가요?,12090801, 21,2024.09.30
476020677,질문경기광주보다658 카페 메뉴 어디서 볼 수 있나요?,이번에 경기 광주에 있는 보다658 카페에 가려고 하는데 메뉴와 주차 정보가 궁금합니다. 스테디 메뉴 추천과 주차 가능 여부 알려주세요. 자세한 정보 공유해 주시면 감사하겠습니다!,120908, 21,2024.09.30
475957984,질문경기광주 교통이 많이 안좋은가요?,이사를 준비중이고 직장은 판교 입니다. 경기광주 경안동 외곽쯤 하고  쌍련동 양벌동 고산동 쪽으로 보고있는데 버스가 있긴 있는거 같더라고요. 근데 거주자 리뷰보면 교통이 너무 안 좋아서 자차가 필요하다고 써있던데 버스가 타기 힘든건가요? 굳이 버스로 판교까지가 아니더라도 광주역까지 버스로 가기만 해도 될거같은데 그것조차도 힘들 정도로 교통이 안 좋은가요? 배차간격이 긴건지 아니면 버스가 하나뿐이라 사람이 많은건지 길 자체가 좁아서 이동 자체가 힘든건지 자세히 알려주셨으면 좋겠습니다.,120908, 20,2024.09.29
475893454,질문경기광주조리원 비용과 시설적인 비교는?,경기 광주에 위치한 조리원 중에서 비용과 시설은 어떤지 프로그램은 어떻게 구성되어 있는지 남편 출입 가능 여부 등을 비교하여 추천해 주세요. 자세한 정보 공유해 주시면 감사하겠습니다.,120908, 26,2024.09.27
475889184,질문경기 광주 음식물 처리기 지원금 신청 어디서 하나요?,경기 광주에 살고 있는 30대 주부입니다. 이번에 큰 맘먹고 음식물 처리기를 구매했는데 지역에서 음식물 처리기를 구매하면 지원금을 준다고 하더라고요. 혹시 이건 어디서 신청해야 하나요? 링크 좀 공유해 주세요!,120908, 859,2024.09.27
475888161,질문경안동 소주기행 없어졌나요?,친구들이 술을 정말 좋아해서 예전에 경안동 소주 기행에서 자주 모임을 했었는데 만나기가 힘들어서 한참 못 갔거든요. 최근에 친구들이랑 모임을 하려고 보니 안 보여서요. 친구들과의 추억이 많은 곳이라 애정 하는 술집인데 혹시 경안동에 소주기행 사라졌을까요?,12090801, 11,2024.09.27
475853557,질문경기 광주 경안동 모도리 식당은 어떤 메뉴가 있나요?,경기도 광주 경안동에 위치한 모도리 식당은 어떤 메뉴가 있나요? 그리고 영업시간은 어떻게 되나요?,12090801, 29,2024.09.26
475853515,질문경기 광주에 체험 카페가 어디에 있나요?,경기도 광주에 다양한 체험을 할 수 있는 카페가 있다고 들었는데 어디에 있는지 알려주세요. 아이와 함께 즐길 수 있는 곳이면 더욱 좋을 것 같아요.,120908, 26,2024.09.26
475853113,질문경기 광주 시청 고시 공고 확인 어디서 하나요?,경기 광주 시청의 고시 공고를 확인하고 싶은데 어디서 확인할 수 있나요? 광주 소식 메뉴를 클릭한 후 고시 공고 게시판에 접속하면 되나요?,120908, 43,2024.09.26
475848645,질문경기광주떡꼬치 추천할 만한 맛집 있을까요?,남편과 제가 떡꼬치를 참 좋아하는데 집에서 해먹는게 쉽지 않더라구요. 경기도 광주에 떡꼬치 맛집 있을까요? 학교 앞에서 팔던 그 맛을 찾고 있습니다. 소스가 맛있고 떡이 쫄깃한 곳으로 추천 부탁드립니다.,120908, 26,2024.09.26
475848059,질문경기 광주에 지역화폐 사용 가능한 주유소 있나요?,안녕하세요. 경기 광주에 살고 있는 30대 남자입니다. 지역화폐가 10% 할인이 된다고 하여 많이 충전했었는데 쓸 일이 잘 없네요. 주유소에서도 지역화폐 사용 가능한가요? 사용 가능한 주유소 좀 알려주세요~,120908, 26,2024.09.26
475847945,질문경기 광주 고급유 요즘 가격이 어떻게 되나요?,부산에서 경기 광주까지 자차로 출장을 가는데 주유가 풀이라 그냥 올라가도 될 것 같아 주유를 하지 않고 갈 예정입니다. 그런데 광주에서 내려올 때는 주유를 해야 할 것 같은데 요즘 경기 광주에 고급유 가격이 어떻게 되나요?,120908, 72,2024.09.26
475845106,질문경기도 광주 영어 과외 선생님 있을까요?,경기도 광주에서 영어 과외 선생님을 찾고 있습니다. 경력이 많고 실력이 좋은 선생님으로 추천해주세요. 영어실력이 월등히 향상되었으면 좋겠는데 관련해 노하우도 알고 계시면 정보 부탁드립니다.,120908, 19,2024.09.26
475844781,질문경기도 광주 데이트 맛집 있나요?,경기도 광주에서 데이트하기 좋은 맛집을 찾고 있습니다. 분위기도 좋고 음식도 맛있는 곳으로 추천해 주세요. 주차가 가능한 곳이면 더욱 좋겠습니다. 주차장 자리도 많은 곳이면 더 좋을 것 같습니다.,120908, 21,2024.09.26
475805132,질문경기 광주 점 잘 빼는 곳 추천 가능한가요?,안녕하세요~ 저는 경기 광주에 살고 있습니다. 귀에 큰 사마귀 같은 점이 있는데 두 번이나 제거했는데도 점점 더 커지고 진하게 자라요. 그래서 점 잘 빼는 곳으로 가보고 싶은데 아는 곳 있다면 추천 부탁드립니다.,120908, 17,2024.09.25
475804789,질문경기 광주 돌사진 촬영 잘 하는 곳 어딘가요?,경기 광주에서 아이를 키우고 있는 엄마입니다. 곧 아이가 돌이라서 돌사진 촬영을 하려고 하는데 광주에 아기 사진 촬영 잘 하는 곳 추천해 주실 수 있나요! 여러 곳 추천 주시면 감사하겠습니다.,120908, 18,2024.09.25
475761100,질문경기도 광주 웨딩 촬영하기 좋은 곳 아시나요?,안녕하세요. 내년에 결혼을 앞두고 있는 예비신부입니다. 저희는 셀프로 웨딩촬영하고 싶어서 알아보고 있습니다. 경기도 광주에 웨딩 촬영하기 좋은 촬영지 있을까요? 잘 알려지지 않은 곳이면 더 좋을 것 같아요.,120908, 62,2024.09.24
475746391,화담숲 걸어서 완주하려면 몇분걸리나요 ??,모노레일 예매가 매진되서 걸어야되는데 얼마나걸리나요?? 경사는 어느정도인가요?? 어머니가 무릎이 살짝 안좋으신데 괜찮을까요 ?>,12090814, 456,2024.09.24
475713615,질문경기 광주 점심특선 괜찮은 맛집 있을까요?,이번에 경기도 광주에 잠깐 방문하게 되었는데요 경기도 광주에서 점심특선 메뉴가 맛있는 맛집을 추천해 주세요. 가격은 1인당 1만원 이하로 주차가 가능한 곳이면 더욱 좋을 것 같습니다.,120908, 19,2024.09.23
475588025,질문경안동에 눈썹 문신 잘하는 곳 있나요?,경기도 광주 경안동에서 눈썹 문신을 잘하는 곳을 찾고 있습니다. 자연스러운 눈썹 모양과 색상을 만들어주는 곳이면 좋겠습니다. 또한 안전한 재료를 사용하고 위생적인 환경을 제공하는 곳이면 더욱 좋겠습니다.,12090801, 24,2024.09.20
475587551,질문경기 광주 내부 세차 잘하는 곳 있나요?,경기도 광주에서 내부 세차를 꼼꼼하게 잘하는 곳을 찾고 있습니다. 차량 내부의 먼지와 오염물을 깨끗하게 제거하고 살균 소독까지 해주는 곳이면 좋겠습니다. 또한 내부 세차 후에 차량 내부에서 나는 불쾌한 냄새를 제거해주는 서비스를 제공하는 곳이면 더욱 좋겠습니다.,120908, 115,2024.09.20
475587209,질문경기도 광주에 복합쇼핑몰 있나요?,경기도 광주로 이사를 갈 예정인데요. 롯데몰 같은 복합쇼핑몰이 광주에도 있나요? 제가 쇼핑하는걸 좋아해서 있으면 가보려구요.,120908, 104,2024.09.20
475375516,질문공원묘원 분양 등 질문드립니다.,안녕하세요. 예전에 부모님께서 공원묘원(경기도 광주)을 분양 매입하여 소유하고 계십니다. 공원묘원에 문의하니 토지(약 10평)만 보유하고 있다고 합니다.(석물비 등 조성비용 제외) 부모님이 돌아가셔서 묘원에 모실때(평장 또는 봉안) 들어가는 비용은 토지는 보유하고 있으므로 묘 조성비용(석물비 각자비 등)만 들어가는게 맞는지요? 또한 묘 조성을 위해 그 공원묘원이 직접 또는 소개하는 업체가 아닌 제가 알아본 업체로 해도 되는건지요? 그렇게 되면 대략적인 비용은 어떻게 되는지요? 답변 부탁드리겠습니다.,12090805, 31,2024.09.20
475581257,질문경기 광주에 반찬 배달되는 곳 있나요?,이번에 결혼하면서 경기 광주로 이사 온 새 신부입니다. 제가 일을 하고 있어서 집에서 반찬을 만들어 먹기가 쉽지 않네요. 혹시 경기 광주에 반찬 배달되는 곳 있나요? 반찬 종류가 많고 국도 파는 곳이었으면 좋겠습니다.,120908, 22,2024.09.20
475579727,질문경기 광주 추어탕 맛집 아시는 곳 있나요?,제가 추어탕을 엄청 좋아하는데요 여기로 이사 오고 나서는 일이 너무 바빠 아직 한 번도 먹지 못했습니다. 맛있는 추어탕이 너무 먹고 싶은데 경기 광주에 추어탕 맛집 아시는 곳 있다면 추천 좀 부탁드려요~,120908, 17,2024.09.20
475533372,질문경기 광주 이색 카페 있을까요?,경기도 광주에 이색 카페가 많다고 들었는데 어디가 좋을까요? 아이들과 함께 갈 수 있는 곳이나 데이트하기 좋은 곳으로 추천 부탁드립니다. 평범한 카페 말고 이색적인 곳이 가보고 싶어요,120908, 19,2024.09.19
475532554,질문경기 광주에 상견례 하기 좋은 한정식집이 어디인가요?,이번에 상견례를 준비하려고 합니다. 경기도 광주 근처에서 상견례를 하려고 하는데 분위기 좋고 음식이 맛있으며 주차하기 편하고 조용한 룸이 있는 한정식집이 어디인가요? 가성비도 좋은 집이면 좋겠어요!,120908, 23,2024.09.19
475531890,질문경기도 광주 저렴한 상가 임대 있을까요?,경기도 광주에 저렴한 상가 임대 문의드려요! 작은 카페 창업을 시작해 보고자 상가를 알아보고 있습니다. 상권이 좋으면서도 저렴한 상가 있을까요! 원하는 평수는 20평대 내외입니다.,120908, 11,2024.09.19
475431413,질문반택 곤지암센터,이틀째 곤지암센터에서 멈춰있는데 혹시 누락일까요? 누락 아니면 언제쯤 올까요ㅠㅠ 210383790606 입니다,12090814, 35,2024.09.16
475428207,질문경기도 광주 한~두달 달방 있나요?,24년 9월 29일부터 한~두달 단기 임대가능한 무보증 2룸 or 3룸 또는 모텔 달방 시설 괜찮은데가 있을까요? 경기도 광주에서 잠깐 다같이 일을 하러가게될거같은데 인원은 약 5~6명 예상되는 상황이구요 달방을 2~3개 구하던가 무보증 2~3룸 넓은 방을 구하면좋을것같은데 있을까요..?,120908, 8,2024.09.16
475186103,질문초월역 힐스테이트 아파트 역세권 맞는지요.,초월역 힐스테이트 아파트 역세권 맞는지요. 걸어서 초월역 가려면 힘드네요. 먼 거리 정류장 3개 정도 거리 부지런히 걸어서 3번 국도까지 오면 갈등이 생깁니다. 저멀리 초월역이 보이는데 버스를 타고 갈까 걸어갈까. 새 아파트인데 옵션으로 다른거 하는건 몰라도 아파트 바닥을 새로하는 집들이 있습니다. 장판 바닥은 살다가 오래되면 새로 바꾸는게 보통인데 새건데 왜 또 새로하지 깨끗하지만 바닥 물기에는 취약하다고 합니다. 비올때 창문열고 외출했다가 늦어 바닥 망가지면 어떻하지 또한 찍힘에 너무 약한거 같습니다. 바닥은 나무고 위에 코팅한거 같은데 용어가 무언지 모르겠습니다. 힐스테이트 아파트 바닥은 원래 다 이런 재질로 시공 하는지요.,12090816, 22,2024.09.15
475305257,질문성남이나경기광주근처에야매로 판금도색하는곳이있나요,성남이나경기광주근처에 야매로 길거리에서 판금도색해주는곳이 아직 있나요?,120908, 14,2024.09.13
475299499,질문경기 광주 태국 음식 맛집 있나요?,경기 광주에 태국 음식 맛있는 곳 아는 분 있나요? 제가 팟타이를 너무 좋아하는데 뭔가 찐 로컬 맛이 나는 집이면 좋을 것 같아요! 가본 곳 중에 맛있었던 곳 있다면 추천 부탁드려요~,120908, 14,2024.09.13
475297425,질문집안에 귀신이 있으면?,경기도 광주 사는데 경기도 광주가 산이 많고 음산해서 귀신이 많다고 들었는데 광주 아파트에 이사 온 지 7년 정도 되는데 돈 나갈 일이 자꾸 생기고 불화도 종종 있고 집에 있으면 우울하고 밖에 나가고 싶고요 제가 예민할 걸까요? 귀신이 자꾸 장난치는 것 같아서요 엘리베이터도 장난을 치고요,120908, 84,2024.09.13
475211698,질문경기 광주에 점심 맛집 있나요?,경기도 광주에서 점심 먹을 만한 맛집을 추천해주세요. 한식 양식 중식 등 종류는 상관 없습니다.,120908, 14,2024.09.11
475208735,질문경기 광주에 테라스 빌라 괜찮은 곳 있나요?,내년쯤 경기도 광주로 이사를 가게 될 것 같은데 경기도 광주에 위치한 테라스 빌라를 찾고 있습니다. 교통이 편리하고 주변에 편의시설이 잘 갖춰진 곳을 선호합니다. 괜찮은 곳이 있다면 추천 부탁드립니다.,120908, 52,2024.09.11
475208510,질문경기광주대형카페 어디가 좋나요?,경기 광주에 대형카페가 많더라고요~ 그래서 이번에 부모님 모시고 가보려고 합니다. 어디가 괜찮을지 추천 좀 부탁드려요! 자연경관을 감상할 수 있는 곳이면 더 좋을 것 같습니다.,120908, 61,2024.09.11
475207553,질문경기 광주에 초밥집 맛있게 하는곳있을까요?,출장으로 잠시 경기도 광주에 다녀오게 될 것 같은데요. 저녁으로 지인분들과 저녁 식사 대접해야 하는 자리가 있어 초밥을 메뉴로 생각하고 있는데 괜찮은 맛집 있을까요? 신선하고 맛있는 초밥집 추천 부탁드립니다.,120908, 16,2024.09.11
475206539,질문추천해주실만한 경기 광주 야채곱창 맛집 있나요?,이번 주말에 가족들과 함께 경기 광주로 여행을 갈 것 같은데요 와이프가 야채곱창을 좋아해서 알아보고 있는데 경기 광주 근처에 야채곱창 맛있는 곳 있을까요? 잡내 안 나고 양념 맛있는 야채곱창집 추천 부탁드립니다.,120908, 26,2024.09.11
475202237,질문경기광주운전면허시험장 학과시험 예약 어떻게 하나요?,경기도 광주에 위치한 운전면허시험장에서 학과시험을 보려고 합니다. 저번에 한번 시험 삼아 봤었는데 좀 오래되어 기억이 잘 안 나서요 학과시험 예약 방법과 준비물에 대해 알려주세요.,120908, 186,2024.09.11
475195789,질문오포터널 지금 시간,능평리 오포터널 지금 가면 막히나요 어제 출근 두시간 걸려서요 무슨일인가요..,12090815, 16,2024.09.11
475165043,질문경기 광주 납골당 좋은 곳 있을까요?,이번에 부모님 묘를 이장하여 납골당에 모시려고 합니다. 지역은 경기 광주이며 좋은 곳에 모시고 싶은데 추천받을 만한 곳 있을까요? 근처에 계셔야 자주 찾아뵐 수 있을 것 같아서 가까운 곳이었으면 좋겠습니다.,120908, 78,2024.09.10
475120768,질문경기도 광주에 불가마 있는 찜질방 있을까요?,경기도 광주에 불가마가 있는 찜질방을 찾고 있습니다. 시설 깨끗하고 찜질하기 좋은 곳으로 추천해주세요. 좀 오래된 곳이더라도 시설이 깨끗하고 관리가 잘 된 곳이면 좋겠어요.,120908, 30,2024.09.09
475112498,질문경기도 광주에서 하남으로 아침 출퇴근,괜찮나요? 광주로 이사가야할꺼 같은데..ㅠ.ㅠ 버스타고 다녀야할꺼 같은데 어떤가요?,120908, 41,2024.09.09
475101275,질문광주 이투스247 기숙 윈터스쿨어떤가요?,광주 초월읍에있는 이투스기숙 윈터에 들어갈예정입니다. 다녀오신 선배님들계심 어떤지 부탁드립니다. 분위기.시스템 이런거요,12090816, 245,2024.09.09
475080310,질문경기도 광주에서 가장 가까운 바다 아딘가요?,학생인데 바다를 가고 싶은데 가장 가까운 바다는 어디인가요??,120908, 16,2024.09.08
475026060,질문앗 이노래 짐 어디축제에서 연속으로 열번틀어주는데..,가수랑 제목이 넘넘 궁굼합니다 왜 검색해도 안나오죠 너오나 다시 만나리 사랑 가득한 그날 가사~~ 20240907_151013_기본 내PC 저장 MYBOX 저장,12090814, 29,2024.09.08
