﻿doc_id,title,question,region_id,views,question_date
477563043,질문광주 메가박스,충장로 메가박스 어디인가요,12050623, 16,2024.11.06
476537594,질문충장로 오티티프라이빗,예약가능한가요? 내일 가려는데 사람 많을까봐요..,12050623, 36,2024.10.16
476362029,질문나주 애듀캐슬(LH)4단지에서 충장로로 갈 수 있는...,나주 애듀캐슬(LH)4단지에서 충장로로 갈 수 있는 버스 정류장버스 있나여???버스번호랑 버스정류장 위치 좀 알려주세요..,12050623, 24,2024.10.08
476141646,질문충장로 맛집 추천해주세요,여자 2명이 갑니다 각자 10000원으로 배부르게 먹을수있는 충장로 맛집 추천해주세요 5일 토요일 점심 먹을거에요,12050623, 20,2024.10.03
475588711,질문광주 충장로 근처 애견카페 추천,광주 충장로-동명동 근처에 강아지 없이 갈만한 애견카페 있을까요?? 꼭 충장로-동명동이 아니어도 여기에서 대중교통 이용 2-30분 정도의 거리였으면 좋을 것 같습니다! 급해서 그러는데 최대한 빠르고 많은 곳 알려주세요ㅠㅠㅠㅠ 내공 1-500? 걸겠습니당,12050623, 26,2024.09.20
475563425,질문충장로 분위기 있는 맛집!!,남친이랑 곧 100일인데 충장로에 분위기 있고 가성비 좋은 밥 집 찾고 있는데 어디가 있을까용 ~?,12050623, 27,2024.09.19
475313643,질문담양에서 광주,담양 버스터미널에서 광주 충장로에 있는 로라보까 롤러장가려고 하는데 버스 어떤 거 타야 하나요 혹여나 타고 중간에 갈아야 한다면 어떤 걸 타야 하는지 다 알려주세요,12050623, 23,2024.09.13
475158169,질문광주 충장로 플리마켓에 참가한 업체를 찾습니다.,광주 충장로 플리마켓에 참가한 업체를 찾습니다. 명함을 받았던것 같은데 잃어 버린거 같아요. 2024.2.15~2024.2.20일 사이에 열리 플리마켓에 참가업체중 소잉(바느질/의복)계열로 한복조끼나 허리치마를 팔고 계셨었는데 솜씨가 좋아서 기억에 남았거든요.,12050623, 17,2024.09.12
475246408,질문광주 알라딘충장로점 주차장 있을까요?,제가 부산에서 집안일로 잠깐 광주에 와있습니다. 책을 늘 인터넷으로만 구매하다 추석이라 택배가 안될거 같아 직접 알라딘으로 가려는데 가까운곳이 충장로점으로 나오네요. 걸어서 가려니 거의 40분이 걸리고 지하철을 타려고 해도 학동중심사역까지 또 가야하는데 너무 더워 자차를 타고 가려고 합니다.근데 주차장이 없거나 작아서 주차가 힘들거나 하면 어떻게 해야 할지 모르겠는데 혹시 광주 알라딘충장로점에 주차장 있나요?,12050623, 38,2024.09.12
475184514,질문광주 충장로 말고 다른곳 놀만한곳이 있나요??,광주 놀러갈려는 중1입니다. 충장로는 너무 자주가서 질리는데 다른곳 갈만한곳이 있나요???,12050623, 222,2024.09.10
475170984,질문광주 충장로 아트박스 꿈드리미 카드,학용품이랑 같이 사면 에어팟이나 게임기 제외하고 잡화를 살 수 있다고 하던데 맞나요??,12050623, 233,2024.09.10
