﻿doc_id,answer_index,answer,answer_date
477531326,477531326_1,오전 8시까지 입니다.,2024.11.05.
477445540,477445540_1,부근 거주자 우선 고려  희망을 가지고 도전해보세요.제 답변이 도움되셨으면 좋겠어요-부산 연제구에 사는데요 특성화고인 금정구 부곡동에 있는 부산정보관광고등학교에 원서를 넣으려고 하는데 거리가 너무 먼데 뽑힐까요??,2024.11.03.
477428749,477428749_1,보일러 대리점장님의 추천을 받아 교육을 받을수도 있습니다.,2024.11.03.
477224278,477224278_1,연일중학교 건너경상대학교 서문에서 100-1번 버스를 타세요배차간격은 평일 10분 정도 입니다,2024.10.30.
476666542,476666542_1,내신딸거면 앵간하면 연제고가세요,2024.10.18.
476597403,476597403_1,지도상의 방위를 참고하시기 바랍니다신촌로23번길 10부산광역시 연제구 신촌로23번길 10 브라운 하우스동부산광역시 연제구 거제천로118번길 61서부산광역시 연제구 거제천로 98남부산광역시 연제구 연산동 1360-24북부산광역시 연제구 연산동 1479-11,2024.10.14.
476518827,476518827_1,신세계는 점심 이후로 가면 자리 없구요 신세계 이용하시려면 오전에 가셔야 돼요 센텀역은 신세계보단 널널할 건데 날마다 달라서 신세계 만큼은 확답 못드려요,2024.10.12.
476169546,476169546_1,30%대면 가능성 있습니다,2024.10.04.
475535055,475535055_1,녹슬지 않게 살짝 발라주는 것도 좋겠네요,2024.09.19.
475364587,475364587_1,- 서울 종로구 평창동에 있는 미술관서울시립 미술아카이브입니다.:https://blog.naver.com/gudluk2u/223532626050(2024년 8월):https://blog.naver.com/hellojye/223238574094(2023년 10월  /  아래 사진 출처),2024.09.15.
475363275,475363275_1,달동네는 아니지만 번화가나 부산의 중심이 되는 동네는 아니지요.,2024.09.15.
475294536,475294536_1,연산동 치과 찾으시면  지하철역 바로 앞에 화이트스토리치과의원 있어요~화이트스토리치과의원부산광역시 연제구 중앙대로 1094 코리아빌딩 4층,2024.09.28.
