﻿doc_id,title,question,region_id,views,question_date
477542844,질문군포역에서 김포공항까지 가는 가장 빠른 방법,뭐가 있을까요? 비행시 시간은 오전 7시 15분입니다. 리무진 버스 첫차가 5시 15분인데 김포공항까지 한시간이 넘게 걸릴 수도 있다고 해서 다른 방법의 차편 문의드립니다 ㅠㅠ 짐도 부쳐야해서 늦어도 6시 10분까지는 도착하고 싶습니다. 리무지누버스 말고 더 빨리 갈 수 있는 방법이 있을까요... 시내 버스 타고 환승하는 방법도 괜찮습니다.,120910, 27,2024.11.06
477528776,질문특성화고에서 일반고 전학,현재 군포에 있는 특성화고등학교를 다니고 있는데 1학년이구요 거주지는 의왕입니다. 제가 가려는 일반고가 제 거주지에 있어요 이 경우엔 같은 시에선 전학을 못간다고 들었어요 이사를 갈 순 없는데 진로변경 전입학제는 경기도에 포함되지 않나요? 기간은 지났나요? 적응도 못하겠고 묘하게 선생님들이 절 갈구는데 친구들도 질 나빠서 못어울리겠어요 1학기 내신 2등급~3등급 나왔어요 출결 문제 없어요 정말 방법이 없을까요,120910, 11,2024.11.05
477472884,질문경기도 금정역 근처 접대할만한 곳 있나요?,금정역 근처에 점심대접을 해야하는 데요.. 가능하면 룸으로 되어 있고 접대할만 곳이 있나요? 어디든 상관없지만 한식당이 제일 좋고 중식이나 일식 둘다 괜찮습니다 근처 사시는 분들 알려주시면 감사드립니다.,12091001, 29,2024.11.05
477415470,질문군포에서 제일 큰 번화가가 산본역,주변들인가요?,120910, 26,2024.11.03
477356343,질문금정역이나 산본시장 입원가능한 정형외과있나요?,요즘에 입원 가능한곳이 없어진거같아서그런데 이근처에 입원가능한 정형외과있나요?,12091008, 16,2024.11.01
477251655,질문군포. 산본 지역에서 오카리나 배울수 있는 곳이 있나요,제목 그대로예요~ 군포. 산본 지역에서 오카리나 배울수 있는 곳이 있나요?,12091008, 28,2024.10.29
477251614,질문군포.산본 지역에서 팬플룻 배울수 있는 곳이 있나요?,제목 그대로예요~ 군포. 산본 지역에서 팬플룻 배울수 있는 곳이 있나요?,12091008, 24,2024.10.29
477143431,질문산본 군포에서 캘리그라피를 배울 수 있는곳 있나요,산본 군포 안양 의왕 인근에서 캘리그라피를 배울수 있는 장소나 프로그램 있나요,12091008, 33,2024.10.27
476990328,질문군포고등학교 요즘 학비가 많이 들거나 공부가 빡세나요?,군포 고등학교를 가고는 싶은데 요즘 정보가 없어서 남겨봅니다.. 1.학비가 어떻게 되나요(중요!!) 2.군포고등학교를 갈때 중학교 성적을본다는데 진짜인가요? 만약 진짜면 어느정도인지 알려주실수 있나요..? 3.군포 고등학교에서 수시하기 많이 힘든가요? 4.수련회 같은것 갈때 보통 얼마정도 드나요? +여기서부턴 개인적 질문 답하기 어려우시면 안하셔도 됩니다. 5.요즘도 야자가있나요?야자가 있다면 몇시까지 하나요? 6.밥은 ..맛있나요..?(개인취향),120910, 31,2024.10.23
476973395,질문군포 산본 안양 실용음악학원 건반입시,건반으로 실용음악과 진학을 하고싶은 고1학생입니당 일단 입시를 하려면 실용음악학원을 다니는게 좋다고 해서 알아보려고하는데 잘몰라서 질문합니당 군포 산본 안양 근방에서 좋은 실용음악학원 추천해주세요!! 실용음악과 입시 준비를 도와줄 수 있는 학원을 찾고싶습니당!!,12091008, 26,2024.10.23
476887266,질문같은학군 다른구역 진학,안양군포의왕과천 이렇게 같은학군으로 묶여있고 저는 군포구역에 살고 중학교도 다니고있어요 그러면 과천구역 고등학교를 가고싶으면 원서에 과천만 쓸 수 있는 건가요? 붙을확률이 거의없나요?,120910, 21,2024.10.21
476866171,질문군포에서 김포공항까지 소요시간,리무진 버스로 평일 아침 첫차가 5시 15분인데 소요시간이 얼마나 걸릴까요?? 한시간 정도면 충분한가요? 가셔본 분들 궁금합니다.,120910, 26,2024.10.20
476748710,질문흥진고등학교 진학,의왕부곡중에서 흥진고등학교 진학하고싶은 중3입니다 작년에는 군포지역중학교 졸업생중 70%? 먼저 뽑고 그 다음에 다른 지역에서 뽑아서 의왕졸업자 확률이 희박하다고 들었는데 맞나요? 올해 제가 들은 거로는 학군내배정과 구역내배정이 있었거든요 작년이랑 전형이 다른건지.? 1지망 흥진고 쓴 사람들끼리만 랜덤인건가요? 자세히 알려주실 분 구함요,12091001, 21,2024.10.17
476575821,질문군포지역 고등학교 수준,저는 지금 중학교 2학년 학생입니다. 안산에 있는 본오중에 다니고 있는데 중학교는 본오중에서 졸업하고 고등학교 올라가기 전 겨울방학에 군포로 이사를 할 예정이라 군포 지역에 있는 고등학교에 가려 하는데 어디가 좋을까요? 일단 군포고 산본고 수리고 흥진고 용호고 이 중에서 고민중입니다. 제 성적은 평균 90 중반대이긴 한데 저희중이 안산에서도 수준이 많이 낮은걸로 알고있습니다. 그래서 제가 여기서 성적이 잘나와도 공부를 잘하는건 아닐텐데 고등학교를 어딜가야 내신점수를 그나마 잘 받을 수 있을지 궁금합니다. 마음으론 학업분위기가 좋게 잡혀있는 군포고나 산본고쪽을 가고 싶은데... 제 성적 수준에서 그런 고등학교를 갔다가 내신이 어찌될지도 잘 모르겠고... 용호고는 공부하는 분위기가 아니라고하던데 흥진고쪽이 맞을까요? 제 수준에 맞는 고등학교 좀 알려주세요 ㅠㅜㅠ 아직 중2라 이런 고민하는게 이를수도 있겠지만.. 넘 걱정이돼서... 친절한 답변 부탁드립니다ㅏ,120910, 24,2024.10.14
476463287,질문군포hub 도착했으면 언제 오나요?,전북 고창인데 군포hub에 10월 10일 목요일 오후 6시 반에 간선하차햤습니다. 아주 빨리 택배가 온다면 언제 올까요?,120910, 19,2024.10.10
476452438,질문안양 군포 산본 송년회 할만한 장소 추천해주세요!,안녕하세요~! 안양 군포 산본에서 30~50명 수용가능한 송년회 하기 좋은 장소 추천부탁드리겠습니다! 음식도 맛있었으면 좋겠고 주류도 같이 판매하는곳이 좋을것같아요~,120910, 35,2024.10.10
476185680,질문군포 30번버스 분실물 종착역으로 가면 되나요?,제가 10월 2일 목요일날 오전 8시 21분경 군포 30번 버스를 타고 8시 45?6분쯤에 하차했는데요 안경을 두고 내린거같아서 30번 버스 회사인 산본여객에 전화를 여러차례해보았는데 연결음만 들려서요 30번 버스 종착역이 군포복합화물 터미널역이던데 거기 정류장으로 가면 분실물을 확인할 수 있을까요? 버스 번호는 기억나지 않습니다ㅜㅜ,120910, 25,2024.10.04
476153680,질문안녕하세요...,안녕하세요 ㆍ 군포역에서 군포지심병원갈라면 버스를 몇번타고 어느방향으로 가는걸 타고 가면. 됄까요?? 빠른답변부탁드릴께요,120910, 20,2024.10.03
476152851,질문안녕하세요...,안녕하세요 ㆍ군포역에서 군포 지샘병원을 갈라면 어디쪽으로 몇분거리인가요?? 혹 버스타면 몇번을타고 어느방향으로 몇번을타고 가야하는지요?? 빠른답변 부탁드릴께요,120910, 25,2024.10.03
476142876,질문금정역 근처 24시 찜질방 알려주세요,안녕하세요 금정역에서 도보10분내외 24시 찜질방 알려주세요,12091001, 28,2024.10.03
476142003,질문직장이 합정인데 군포시 당동쪽으로 이사하는건 별루인가여,안녕하세요. 제목 그대로 직장이 합정인데 군포시 당동쪽으로 이사하는건 별루인가에 대한 질문입니다. 당동에 뭐 딱히 뭐가 있어서가 아니라 그냥 집 이곳 저곳알아보다 보니 궁금해져서요. 당동에서 합정까지 1시간정도 걸리더라고요. 지금 사는 곳에서도 1시간정도 걸리는데 이사 할 때가 되어서 이곳 저곳 알아보고 있습니다. 직장이 합정인데 어느 지역으로 가면 좋은지도 의견 남겨 주셨으면 좋겠습니다.,120910, 28,2024.10.03
476087498,질문군포시 고등학교,산본고 수리고 흥진고 군포중앙고 용호고 흥진고 내신이 빡센 순으로 정리해주실 슈 있나요??,120910, 31,2024.10.01
475966613,질문금정2동이 어디에요?,재개발을 한다고 플랜카드가 걸려있던데 금정2동이 어디죠...?,12091001, 31,2024.09.29
475875818,질문산본 개인피티 잘하는곳 알려주세용(당뇨가 있어요 ㅠ),얼마 전에 당뇨 진단을 받아서 산본에 피티 잘하는 곳 있나요? 몸무게가 많이 나가다 보니 혼자 하긴에 좀 힘들기도 하고 끈기가 안 생겨서요 ㅠ 당뇨에 대해서 잘 아시는 분이면 좋겠어요ㅠ,12091008, 21,2024.09.26
475675206,질문백호랑이꿈 해몽,주변이 물로 고립됐고 작은 땅????숲으로 꾸며져있고 무츤 물에 차서 작은 땅?언덕만 남았는데 그때 옆에 백호랑이랑 어린남자아이가 누워있었어요 그때 친 남동생이 어린 아이 이불 덮어주고 백호랑이는 남자아이 옆에 자리를 지키고 있었구요 꿈에선 호랑이가 무섭긴 했지만 친해지려고 했었어요 한번은 쓰다듬었나 혹시 이거 태몽인가요?? 몇일전에 엄마가 밤 줍는 꿈을 꿨다곤 했는데 해석 해주세요 ㅠ,12091001, 31,2024.09.22
475378246,질문군포시랑 부산 광역시랑 어디가 더 시골,군포시가 부산보다 시골은 아니지 않나요 군포시는 경기도인데... 어디가 더 시골 같나요?,120910, 37,2024.09.15
475225653,질문산본 이마트에 데이즈 있나요?,산본 이마트에 데이즈 있나요? 이마트 자체 의류브랜드요.,120910, 13,2024.09.11
475164701,질문군포시도서관 추천,군포시 도서관가서 책읽고싶은데 산본도서관이랑 중앙도서관중에 어딜가야할까요? 좀 감성넘치는 장소가 있었으면 좋겠어요,120910, 17,2024.09.10
475157754,질문군포tml에 있는 제 택배 내일까지 받을 수 있을까요?,참고로 집은 부천입니다 제가 내일 지방으로 내려가야 해서 내일까지 받아야 합니다 ㅠ,120910, 27,2024.09.10
