﻿doc_id,title,question,region_id,views,question_date
477558322,질문온조왕이 하남 지역에 처음 쌓았던 성은?,,120930, 18,2024.11.06
477504695,"질문경기도 "" 하남 """,경기도 하남에는 하남자들만 사나요??...,120930, 26,2024.11.05
477415216,질문하남시  고등학교,하남시 고등학교 순위가 히님고미사고풍산고잖아요 내신 189고 중위권인데 어디고 가는게 날까요? 참고로 제집이 미사역쪽이라 하남고가 제일가까워요 ++경영고 신장고 미강고는 절대가기싫어용..,120930, 24,2024.11.03
477352953,질문하남돌잔치 장소 단독홀 플로XX하남 돌잔치 예약하신분,안녕하세요 하남돌잔치 장소 찾아보다가 하남 플로렌X 파티하우스가 눈에 띄더라구요 단독홀이라고 해서 다른 돌잔치랑 섞이지도 않고 최근에 돌상도 새로바꼈다고 큰행사도 하는것 같아서 이번주말에 아기돌잔치관련해서 상담 받아보고 마음에 들면 바로 돌잔치예약하려고 하는데... 혹시 하남돌잔치 플로렌X 하남점에서 돌잔치 최근에 상담 받아보신분 계시나요? 아기돌잔치 날짜는 2025년 3월이 돌잔치인데 더 늦기 전에 돌잔치예약 해두려구요..ㅎㅎ 하남 미사 천호 강동구돌잔치 이근방에 돌잔치 장소 찾아봤는데 단독홀은 플로렌X하남점 여기밖에 없죠?,120930, 30,2024.11.01
477269472,질문하남스타필드 아쿠아필드 복장,워터파크 상체는 면티 입어도 되나요?,120930, 28,2024.10.30
477065748,질문하남시 가장 큰 카페,3위 부터 알려주세요,120930, 25,2024.10.25
476493165,질문하남돌잔치 하남 미사 인기많은장소 추천,하남돌잔치 하남 미사 인기많은장소 추천받고싶어요 인원은 3~40명은 거뜬할거같은데 그 이상이 될수도있어요 식사는 코스메뉴보다 뷔페차림을 더 선호하고 케이터링도 비선호합니다 모시는 식구분들 연령대가 높아서 잔치는 무조건 뷔페로 생각하셔서요~,120930, 23,2024.10.11
476401611,질문하남 스타필드 사람 많을까요?,금요일 오후 12시 쯤 하남 스타필드 가려고합니다. 혹시 사람 많을까요?,120930, 36,2024.10.09
476357243,질문미사 치과 퍼스트치과 의원 점심시간이 어떻게 되나요?,최근 치아 통증이 있어서 검진을 받으러 가보려는데 혹시 치과도 점심시간이 따로 있나요? 만약 있다면 미사 치과 퍼스트치과 의원 점심시간은 어떻게 되나요? 몇 시부터 몇 시까지인지 좀 알려주세요.,120930, 22,2024.10.08
476334836,질문하남 스타필드 금요일 오후에 가면 사람 많아요?,금요일 오후에 하남 스타필드 가보려고하는데 사람 많을까요?,120930, 49,2024.10.07
476279855,질문경기도 하남시 미사역 근처 카페 추천해주세요,허브티인데 우려먹을수 있고 아이스로 마실수 있는 카페 추천 부탁드립니다 (보통 캐모마일 페퍼민트 등등 이런것만 있길래)...,12093009, 29,2024.10.06
476040121,질문하남 스몹...,하남 스몹을 예액 하려는데 성수기라 비수기가 있는데 뭐해야 하나요? 10월1일에 갑니다,120930, 28,2024.09.30
476033538,질문하남시403호께,미안하지만 윙윙 소리 때문에 잠을 잘 수가 없네요 ㅠㅠ,120930, 39,2024.09.30
476016847,질문하남시 주변에 고교 미용위탁학교가 있나요?,위탁관련 질문이있습니다 1.제가 경기도에 사는데 언니오빠가 하남시에있어서 그 주변 위탁학교를 가고싶습니다. 근데 학교에서 최대한 가까운곳(수원) 아니면 학교장 허가가 나야한다고 합니다. 허가가 안날것처럼 말씀하시는데 정말 방법이 없을까요? 2.하남시 아니더라도 하남 미사덕풍에서 대중교통30분 정도로 통학할수있는 위탁학교가 있을까요? 3.무단결근이 많으면(유급될정도X) 위탁학교에 못갈수도있나요?,120930, 63,2024.09.30
475949497,질문하남 스포츠 몬스터,서울에 하남 스포츠 몬스터 같은 곳은 없을까요?,120930, 142,2024.09.28
475888202,질문감일 아이 꿈 놀이터 운영시간이 어떻게 되나요?,하남에 감일 아이 꿈 놀이터라고 아이 데리고 가기 좋은 놀이시설이 있더라고요. 어떤 곳인지 잘 몰라서 몇 가지 질문드립니다. 1. 감일 아이 꿈 놀이터 운영시간이 어떻게 되나요? 2. 몇 세까지 입장 가능한가요? 3. 예약은 어떻게 하는지 방법 좀 알려 주세요.,12093003, 48,2024.09.27
475858915,질문송파/위례/경기 하남쪽 웨딩카페 있나요?,송파/위례/경기 하남쪽 지역기반 웨딩카페 있을까요? 가입해서 정보도 얻고 하고 싶은데 회원수 정보 많은 곳 추천 부탁드립니다.,120930, 18,2024.09.26
475795127,질문하남시 부근 핑크뮬리 볼 수 있는 곳...,하남시 부근 핑크뮬리 볼 수 있는 곳이 있나요?,120930, 38,2024.09.25
475689632,질문공통수학 1풀어주세요! 급해요!,제발요ㅠㅠ,120930, 26,2024.09.22
475689563,질문공통수학 1 풀어주세요!ㅠㅠ,급해요!ㅠㅠ,120930, 27,2024.09.22
475545242,질문경기도 하남시에서 지원하는 기숙사가 있나요..??,주변 대학 친구 중에 철원 사는 친구가 철원학사라고 철원시에서 지원하는 기숙사에 거주하고 있더라구요 저도 혹시 이러한 혜택을 누릴 수 있는지 궁금해서 여기에 질문 남깁니다. 제목 그대로 경기도 하남시에서 지원하는 기숙사가 있을까요...??,120930, 29,2024.09.19
475500554,질문하남경영고에 밴드부 있나요?,내년에 갈지도 모르는 고등학교인데 고등학교 때는 밴드부를 꼭 하고싶었거든요ㅠㅠ 경영고에도 밴드부가 존재할까요?? 궁금합니다ㅠㅠ 간절해요ㅠㅠㅠㅠㅠㅠㅠㅠㅠㅠㅠㅠ,120930, 39,2024.09.18
475457884,질문하남시의 부족한 점이나 개선해야 할 점이 있을까요?,설문조사 겸 질문합니다. 하남시가 타 도시들과 비교 했을 때 부족한 점이나 개선해야 할 점이 있을까요?,120930, 16,2024.09.17
475428223,질문하남 덕풍동쪽에서 급하게 쪽쪽이 Moyum 사는곳,이시간에 급하게 필요합니다,12093007, 15,2024.09.16
475272331,질문미사경정공원 펜싱훈련장 위치,안녕하세요 주니어 생글생글 어린이 기자입니다 이번에 미사경정공원 펜싱훈련장에 구본길선수 인터뷰하러 가는데 미사경정공원 찾아보니 펜싱훈련장에 관한 이야기는 없더군요 혹시 어떻게 가는지 아시는분 계실까요?,12093009, 25,2024.09.15
475154622,질문안녕하세요 이게 제 핸드폰 화면인데요 이 화면만 바꾸려...,안녕하세요 이게 제 핸드폰 화면인데요 이 화면만 바꾸려면 어떠네 해야하나요,12093009, 27,2024.09.10
