﻿doc_id,answer_index,answer,answer_date
477563817,477563817_1,오늘 결과가 나왔었죠. 예비를 받았다고 해서 너무 실망하실 필요는 없습니다.37번이면 가능성 있는 번호입니다.수시1차 일반고전형 건축과25년 모집 44  경쟁률 3.32  ?24년 모집 44  경쟁률 3.2  최종합격예비등수 9723년 모집 52  경쟁률 3.6  최종합격예비등수 7322년 모집 52  경쟁률 3.8  최종합격예비등수 59그래도 불안하시면 수시2차까지 지원하셔도 좋습니다!,2024.11.06
477474857,477474857_1,직원 전용 엘레베이터 따로 있습니다,2024.11.06
477536117,477536117_1,송내역 치안 아주 좋습니다골목마다 CCTV 설치 되어 있고 취약지구는  수시로 경찰들이 순찰을 돌고 있습니다,2024.11.06
477519446,477519446_1,부천역에서 1호선 연천방면을 타고 신도림역하차신도림역2번출구에서 영등포01번타고 대림1동새마을금고하차 도보부천역에서 1호선 연천방면을 타고 대방역하차대방역1번번출구앞 150 5531번타고 강남성심병원 대림성모병원(중)하차,2024.11.05.
477519446,477519446_2,부천역에서 1호선 연천방면을 타고 신도림역하차신도림역2번출구에서 영등포01번타고 대림1동새마을금고하차 도보부천역에서 1호선 연천방면을 타고 대방역하차대방역1번번출구앞 150 5531번타고 강남성심병원 대림성모병원(중)하차,2024.11.05.
477514817,477514817_1,1.구로역 입니다    전철역 기준 입니다2.번화가는 영등포역  추천 합니다,2024.11.05.
477489188,477489188_1,부천역쪽에 오피스텔많은데 다온하브  프리존  가온  대준원룸투룸 매물 가지고 있는 부동산이있더라구요.저도 거기서 했는데 부동산 추천해드릴게요부천역쪽에 3번출구쪽으로 나가면 프리존 건물있거든요?거기에 프리존쁘띠하임공인중개사라고 있어요.그 부동산 사장님이 매물들이 좋고 지금 살고 있는데도세입자 편의를 많이 봐주셔가지고 추천드려요.https://naver.me/GZZIczoM프리존쁘띠하임공인중개사사무소 : 네이버naver.me,2024.11.04.
477482708,477482708_1,1. 도서관 책보기. 도서관 PC 이용 하기 합니다2.이후 PC방 가기. 이마트. 홈플러스. 다이소 가기 합니다,2024.11.04.
477440618,477440618_1,1.개인 사유지 이기 때문입니다2.따라서  재개발 절차의 복잡성. 고가의 건설 비용. 추가비용 발생 등등 종합적인 이유로 예상 됩니다3.또한 주민투표의 뜻대로  모든것이 움직 이기 때문에  반대 표가 많은면 어렵습니다,2024.11.03.
477440618,477440618_2,재개발을 하려면 건물소유주들의 동의가 있어야하는데일부 지역들은 건물주들이 굳이 재계발을 원하지않고 또는 일부 높은 금액들을 제시를 해서재개발이 정상적으로 이루어지지않습니다.단순히 건물이 낙후되어다고 재개발을 추진하면 공산주의와 다르지 않으니까요,2024.11.03.
477436212,477436212_1,앞길이 트일 길몽으로 하는 일이 잘 풀리고이익이 생기게 될 꿈입니다. 이 꿈은 진행하는일에서 많은 이득을 얻어 경제적으로 풍족해지는것을 의미합니다. 즉 평소 하고 싶었던 일을 하여많은 돈을 벌거나 손을 대는 일마다 만족할만한 성과를거두어 윤택한 생활을 영위하게 될 꿈이랍니다. 그러니 자신의위치에서 더욱 분발하여 많은 부를 축적하시길 바랍니다.질문자분께서 늘 건강하시고 행복하시기를 기원하며글을 씁니다.답변이 도움 되셨다면'포인트 선물'버튼을 클릭하셔서 마음을 전해 주시면 감사하겠습니다!.,2024.11.03.
477436212,477436212_2,인터넷을 통해 새로운 정보를 찾을 수 있습니다.,2024.11.06
477386259,477386259_1,리첸시아 중동아파트 입니다가장 최근에지은 아파트로중동에서  제일  높습니다,2024.11.02.
477315208,477315208_1,50번 버스를 타고가도 춘의역을 갈수 있구요반대방향으로 탄것 같습니다 타기전에 기사님께 춘의역가는지를 물어보고 타세요...,2024.10.31.
477315208,477315208_2,50번 버스 춘의역 갑니다. 노선 참고바랍니다.,2024.10.31.
477312778,477312778_1,1.이유는 오랜시간 안자 있는 시간이 많은 것 으로 예상 됩니다2.또한  오래된 질환. 가족력.  유전. 사고. 후유증 . 디스크  증상 점검 합니다3.대책은 바른자세 운동. 바른자세  교정.  마사지. 스트레칭  자주 하여 줍니다,2024.10.31.
477257975,477257975_1,바퀴벌레.독일바퀴 유충으로 봅니닭,2024.10.30.
477257975,477257975_2,독일바퀴 입니다,2024.10.30.
477158623,477158623_1,부천역 번화가 추천합니다놀거리 먹거리 볼거리 많습니다,2024.10.30.
477158623,477158623_2,부천역 번화가는 형성된지 오래되어 시설이 낙후된 곳이 많고  다소 거슬릴 수 있는 버스킹이나 노숙자가 간간히 있습니다. 이에 반해 신중동이나 상동은 신도시이다 보니 전반적으로 부천역보다는 나은 분위기를 갖고 있습니다.,2024.11.01.
477218165,477218165_1,주정차 금지구역이고 견인지역입니다,2024.10.29.
477218165,477218165_2,질문 :송내역 남부(송내대로 27번길)불법주정차 지역인가요?>> 답변 : 네  불법 주정차 지역입니다.나의 주정차 위반 과태료 조회해보세요.,2024.10.29.
477191617,477191617_1,부천 중동역과 송내역 근처  또는 중앙공원 사이에 위치한 마라탕집 중에서 소스바가 있는 곳으로 몇 곳 추천해드릴게요:마라탕 101: 중동역 근처에 위치하며  다양한 재료와 소스를 선택할 수 있는 소스바가 있습니다.마라샹궈 전문점: 송내역 근처에 위치해 있으며  마라탕뿐만 아니라 마라샹궈도 즐길 수 있습니다. 소스바도 잘 갖춰져 있습니다.마라탕 부천점: 중동역과 중앙공원 사이에 위치한 곳으로  다양한 소스를 직접 선택할 수 있는 소스바가 특징입니다.이 외에도 부천 지역에 여러 마라탕집이 있으니  방문 전에 리뷰를 참고해보시는 것도 좋습니다! 맛있게 드세요!,2024.10.28.
477182059,477182059_1,부천 아인스월드&부천 영화의전당 추천해요부천 아인스월드는 세계의 다양한 랜드마크를 축소해 놓은 테마파크이며  밤에는 조명이켜져 아름답구요.부천 영화의전당은 전시와 체험 프로그램이 있어서  영화에 관심있다면 더욱 좋아하실것 같습니다.,2024.10.28.
477173878,477173878_1,현재 공사 진행 되지 않고 있습니다,2024.10.28.
477168558,477168558_1,넷플릭스 복수의 레퀴엠때문에 왔을수도 있고마트에 파는 건프라때문에 왔을수도 있습니다,2024.10.28.
477165864,477165864_1,네 성인도 괜찮습니다.아이들 엄마 아빠도 타는데요 뭐 ㅎㅎ,2024.10.29.
477052429,477052429_1,고등학교 원서접수전에 주민등록상 주소지를 소명여고 근처로 바꾸시거나 그게 어려우시다면 일단 근처 고등학교 아무데나 들어가신다음에 전학을 하시는 방법도 있습니다.그리고 주민등록상 주소지를 바꾸시고 꼭 지금 담임선생님께 말씀드리셔야합니다 담임선생님이 부모님하고 상담도 하셔야하고요.돈이 많이 들어가는지는 학교 홈페이지 참고하시면 될것 같고요분위기는 직접 가보셔야 알것 같습니다정 알고싶으시면 학교 홈페이지에서 학교생활 인권규정 다운받아서 읽어보세요.,2024.10.27.
477151525,477151525_1,부천역에는 1호선 지상철이 다니는데요.그래서 부천역을 경계로 북쪽(북부역)과 남쪽(남부역)의 이미지가 상당히 다릅니다.3번  4번 출구 북부역 쪽은 부천역 광장이 있는 곳으로부천대학교가 근교에 있고부천 전통의 상권인 부천역 로데오 거리 등이 있는 번화가구요.1번  2번 출구 남부역 쪽은 부천자유시장이 있는 곳으로시장과 주거지 등이 위치한 곳입니다.,2024.10.29.
477150513,477150513_1,송내역도 각종 체인이나 먹거리 등이 있긴 하지만부천 번화가는 보통 부천역 부근(로데오)  부천시청역 부근(현대백화점 뒷쪽)  상동역 부근(뉴코아-홈플러스-세이브존) 이 정도를 말합니다.신중동역 부근도 롯데백화점  먹거리 골목 등이 있어 번화가라고 할 수 있구요.,2024.10.29.
477148666,477148666_1,시간제 알바가 아니라면가게가 문닫는 정기휴일에도 근무일수에 들어 갑니다...,2024.10.27.
477132973,477132973_1,신중동역 근처부천역 근처 입니다,2024.10.27.
477066874,477066874_1,육지요 바로 옆에 인천이 해안가이죠,2024.10.25.
477066874,477066874_2,경기도 부천시는 해안가 아닙니다육지입니다!채택해주시면 감사하겠습니다좋은하루 되세요,2024.10.25.
477052585,477052585_1,원종금호어울림 아파트입니다,2024.10.25.
477052585,477052585_2,원종동금호어울림아파트경기도 부천시 오정구 소사로819번길 33,2024.10.26.
476936489,476936489_1,부천대학교 코스모스 과정은졸업이 가능합니다.,2024.10.22.
476936489,476936489_2,부천대학교 코스모스 졸업 없습니다,2024.10.22.
476933992,476933992_1,새로운 변화를 맞이하게 될 꿈입니다.이 꿈은 자신이 처해있는 상황이 좋은쪽으로 달라지는 것을 의미합니다.즉 구직자는 좋은 일자리를 얻고 수험생은 만족스러운 성적을 받는 등 바라는 일들이이루어져 기뻐하게 될 꿈입니다.그러니 자신감을 가지고 맡은 일에 열성적으로 매진하여 목표를 달성하시길 바랍니다.질문자분께서 늘 건강하시고 행복하시기를 기원하며글을 씁니다.답변이 도움 되셨다면'포인트 선물'버튼을 클릭하셔서 마음을 전해 주시면 감사하겠습니다!.,2024.10.22.
476869792,476869792_1,부천버스에서운행하고 전번은032-677-0320,2024.10.20.
476811190,476811190_1,우등석 버스는대부분 핸드폰 충전이 가능합니다.,2024.10.19.
476811190,476811190_2,우등석 버스는대부분 핸드폰 충전이 가능합니다.,2024.10.19.
476744649,476744649_1,네 맞아요.이 기도를 믿고 소리내어 따라 말하세요사랑의 하나님저는 죄인입니다.제가 제 인생의 주인되어 살았던 것을 회개하니 용서해 주세요하나님의 아들 예수께서 저의 모든 죄를 대신 지고 십자가에서 죽으시고 사흘만에 부활하신 것을 믿습니다예수님 지금 제 마음에 들어오셔서 나의 구원자  나의 주인이 되주세요하나님 아버지! 절 사랑하셔서 자녀삼으시고 모든 죄를 사하시고 구원과 영생을 주셔서 감사합니다저도 천국가는 날까지 하나님과 사람들을 사랑하며 기쁘게 살겠습니다예수님 이름으로 기도합니다 아멘,2024.10.18.
476744649,476744649_2,귀신일 수도 있겠지만 잠도 잘 못 자고 몸이 허약한 상태라서 헛것이 보인걸 수 있어요 또 공포영화도 보고 이러니 별 거 아닌데 잘 못 본걸수도 있져죽은 자가 산 자를 건드리지 못 하니 안심하세요 걱정 말고 푹 자고 밥 잘 먹어요 그래야지 좋아요,2024.10.19.
476598469,476598469_1,범벅고 보다는 소사고 내신 받기는 쉽습니다대학 진학률은 범벅고가 높습니다,2024.10.17.
476723859,476723859_1,안녕하세요! 리프팅 테이프를 오래 사용하신 후 얼굴이 살이 쳐진 것 같은 느낌이 드신다니 많이 걱정되시겠어요.첫번째로 리프팅 테이프는 피부를 일시적으로 당겨 주어 탄력을 부여하는 역할을 해요. 하지만 장시간 동안 지속적으로 사용하면 피부에 부담을 줄 수 있어요. 피부가 지속적으로 당겨지면 탄력에 영향을 미칠 수 있지만  일반적으로는 일시적인 효과에 그치는 경우가 많아요.두번째로 과도한 사용은 피부 자극이나 손상을 초래할 수 있어요. 테이프를 너무 오래 붙여 놓으면 피부가 손상될 수 있고  이로 인해 피부 탄력이 저하될 수 있어요. 피부가 적응하면서 자연스럽게 탄력을 회복하는 데 시간이 걸릴 수 있어요.세번째로 올바른 사용 방법을 따르는 것이 중요해요. 제품의 사용 지침을 준수하고  하루에 사용하는 시간을 제한하는 것이 좋아요. 필요 이상으로 오래 사용하면 피부에 부담을 줄 수 있으니 주의가 필요해요.마지막으로 피부 상태가 걱정되신다면 전문가와 상담하는 것이 좋아요. 피부과 전문의와 상담하여 현재 피부 상태를 평가받고  적절한 조치를 취하는 것이 중요해요. 피부 건강을 위해 올바른 관리 방법을 찾아보세요.그리고 피부 탄력과 주름 개선에 도움을 줄 수 있는사과엑소좀 크림을 소개드릴게요. 이 크림은 자극이 적고 주름 개선에 효과적이라  리프팅 테이프 사용 후 피부 관리에 큰 도움이 될 거예요.빠른 회복을 바라며  건강한 피부 관리 잘 하시길 바랄게요!,2024.10.17.
476723859,476723859_2,오래하면 오히려 좋진않을꺼같아요 ! 저는 테이핑보다 리프팅 울쎄라나 슈링크도 좋아서 추천드리구요가볍게 피부관리랑 같이해보신다면 아무아갈바닉 디바이스인 LED 모드가 다양한 제품도 추천드려요가성비 좋고 피부결도 좋아져서 좋더라구요^^,2024.10.18.
476633283,476633283_1,선생님이 다르므로 각 학원을 직접 방문해 강의 스타일과 분위기를 살펴보는 것이 좋습니다.,2024.10.17.
476579853,476579853_1,심원중학교 추천!,2024.10.15.
476655932,476655932_1,많습니다.,2024.10.15.
476611735,476611735_1,재개발사업은 돈을 주는 것이 아니라 조합원으로서 본인이 가진 종전부동산을 현물출자하여 신축되는 아파트를 분양 받는 구조입니다.재개발 사업에 반대하거나 분양신청을 하지 않는 경우에 현금청산을 받으시게 됩니다.구체적인 상담은 네이버 엑스퍼트를 통해서 상담받으시길 추천드립니다.,2024.10.14.
476577892,476577892_1,안녕하세요!잇올 스파르타입니다 :D우선  잇올 스파르타에 관심을 가져 주셔서 감사드립니다.잇올 스파르타는 말씀해 주신 바와 같이 전국 센터 모두 센터별로 비용을 관리하고 있어이용하실 예정인 센터로 전화 문의하시어 안내 받아보실 수 있습니다.현재 부천지역에는 부천센터 1관과 2관으로 운영 중에 있어1  2관 연락처 모두 안내드리오니 확인 후 문의 부탁드립니다.■ 부천센터 1관 : 경기 부천시 길주로 181 (중동) 골든벨타워 6층 (☎ 032-715-5852)■ 부천센터 2관 : 경기 부천시 소향로 131 (중동) 로하스빌딩 6층 (☎ 032-715-4268)이외에도 더 궁금한 점이 있으신 경우잇올 고객센터 또는 카카오톡 채널을 통해 문의 부탁드립니다.감사합니다.☎ 잇올 고객센터 : 1599-6289■ 카카오톡 채널 :https://pf.kakao.com/_xjxgnvd,2024.10.16.
476560036,476560036_1,"혹시 전자기구 꽂을 콘""센""트 말하시는거면없습니다",2024.10.13.
476545120,476545120_1,우리나라에는 야생호랑이가 없습니다.멸종 되었습니다.아마 어렸을 때 기억의 오류가 있을 수 있어요.,2024.10.12.
476545120,476545120_2,1.우리나라 호랑이는 공식적으로 1943년 까지 보고 있습니다2.따라서  삵으로 예상이 됩니다 고양이과 동물중 중간 크기 동물에 속한편 입니다,2024.10.12.
476545120,476545120_3,"저희 아버지 세대 분들도 간혹 호랑이를 봤다는 목격담이 들려옵니다.발견된 사진이 없다고 해서 호랑이가 멸종 되었다고 하는데...호랑이를...아니 표범만 봐도 사진 못찍습니다.조용히 지나가기만 바래야 하고 덜덜 떨고 있는데 사진을 무슨수로 찍습니까?예전에 비무장지대에서 호랑이가 출몰했으니 조심해라. 라는 얘기가 있는것도 그렇고호랑이는 생존합니다.지금 한반도에 먹을게 천지인데 호랑이가 생존 못할 이유도 없죠.다만 호랑이는 냄새로 남자 여자를  구분하고 쇠냄새로 총기를 든 사람인지. 카메라를 든 사람인지 구분하고 피하는데..일반인이 쉽게 보기 어려운건 사실이죠.연해주에서 카메라를 수백대 설치해서 2년동안 한컷 찍었다는 정도이며.덪을 설치했는데 그 뒤로 돌아가서 덪을 부수는등.. 똑똑함 때문에우리가 못볼수도 있습니다.옛날 사냥꾼들이 한말이 있죠?""설원에서 너가 호랑이를 본다면...그건 호랑이가 너를 죽이기로 마음 먹었을때뿐이라고.""",2024.10.13.
476500067,476500067_1,평준화는 다 뺑뺑이입니다 성적 안 봐요,2024.10.11.
476424843,476424843_1,싼거갔습니다.,2024.10.09.
476417037,476417037_1,안양  안산  군포,2024.10.09.
476417037,476417037_2,1.안양역   안양 일번가 번화가 입니다2.또는 수원역  수원 로데오 거리 입니다,2024.10.09.
476417037,476417037_3,강남역이 딱중간부천역에서 1호선 신도림역 2호선 강남역 하차 59분소요용인에서 강남역 가는 광역버스 는 많음 1시간 정도 소요강남 역11번 출구 강남역 지하상가 200여개 매장리니게이트 팝업스토어 콜투마인드 팝업스토어 악세사리 폰 등 옷가게가 유명 10시 ~ 22시애플샵 cgv 뒤쪽골목에 방탈출 보드게임 등 이색까페 네컷사진 이 많은곳먹거리 꼬꼬이 일식 카레 디저트 빌리엔젤 1만원대8번 출구 삼성전자 딜라이트샵 무료10번출구 골목이 성인상권 이고 건너편 11번출구 cgv 쪽은 학생들 상권)중간 카카오프렌즈 3층 까페 음료 도넛 5천 ~ 3천뒤쪽 제로ㅇㄷ 방탈출까페 먹거리 강ㄴ교자 칼국수1만원대 콤보 샌드위치클럽 포차거리가장 끝 신논현역 교보문고4번 출구 직진 10분 kbo 회관 프로야구 정보 전시관 무료,2024.10.09.
476403312,476403312_1,부천서 6년간 노숙자 돌본 50대 노점상 지병으로 별세 | 연합뉴스 (yna.co.kr)부천서 6년간 노숙자 돌본 50대 노점상 지병으로 별세 | 연합뉴스(부천=연합뉴스) 윤태현 기자 = 경인전철 부천역 광장에서 노점을 운영하며 노숙자들을 가족처럼 돌보던 50대 상인이 지병으로 세상을 떠나 주변을...www.yna.co.kr,2024.10.09.
476384909,476384909_1,있습니다카카오맵이나 네이버 지도에서 소사역을 클릭하면 이렇게 열차 시간표가평일 / 토요일 / 일요일 및 공휴일로 구분해서 나옵니다첫차는 5시 19분경에 소사역을 지나간다고 합니다. 그 때부터 운행을 하는데질문자님이 6시 25분경에 소사역에서 지하철을 타고 서울역으로 가려고 한다면6시 15분경에 소사역에 도착해서 6시21분에 지나가는 지하철을 타면 되겠습니다궁금증 해결에 참고와 도움이 되었길 바랍니다,2024.10.09.
476363007,476363007_1,부천역 지하상가 굿즈샵부천역 3번출구 로데오거리 국민은행쪽 애니굿즈삼산체육관역 5번출구 한국만화박물관,2024.10.08.
476357269,476357269_1,"안녕하세요! 입주청소 관련해서 답변드립니다.저는 입주청소 받을 때 ‘숨고’ 사이트 통해서 견적 받은 경험이 있습니다! 다만  가격도 좀 비싸고 마음에 드는 곳이 없었어요.그래서 좀 더 알아보니  돈 안내고 입주청소 견적 비교할 수 있는 서비스가 있더라구요!해당 서비스 통해서 만족스럽게 청소 끝내고 입주하여 생활 중입니다!혹시 몰라 제가 이용했던 서비스 업체 링크 남깁니다! (어차피 무료라 견적 받아보고 마음에 안 드시면 안 하셔도 됩니다! 그래서 마음 편하고 좋았어요~!)https://iryan.kr/t7rpesugtf우리집 청소비용 얼마? ""클린데이즈""에서 무료 견적 받으세요!프리미엄 청소 브랜드 ""클린데이즈"" 내게 딱 맞는 맞춤형 견적! 1:1 고객 맞춤 컨설팅 -홈 클리닝 (입주 청소/이사 청소/거주 청소/사무실 청소) -오피스 클리닝 (사무실·상가·의자·바닥 왁싱·파티션) -준공 클리닝 (준공·인테리어 청소·병원 클리닝) -클린데이즈만의 5가지 특별함 1. 독일제 친환경 약품 사용 -일반 화학 세제가 아닌 친환경 세제로 특히 어린 유아나 반려견이 있다면 더욱 신경 써야 되는 부분. 2. 구역별 걸레 분리사용 -화장실  주방 등 구역별로 분류하여 걸레 사용. 3. 분해 클리닝 -등커버  붙박이장  서...iryan.kr",2024.10.09.
476357269,476357269_2,부천 중동 입주청소를 전문적으로 제공하는 업체는 '클린마스터'입니다.부일로 인근에 위치하며  저렴한 가격과 꼼꼼한 청소 서비스로 유명합니다. 클린마스터는 다양한 입주청소 패키지를 제공하며  고객의 요구 사항에 맞게 맞춤형 서비스도 제공합니다.,2024.10.10.
476320081,476320081_1,일품돼지 본점 메뉴판 참고하세요모듬한판 추천합니다,2024.10.07.
476293428,476293428_1,체력이 좋아지고 몸의 컨디션이 상승하게되는 꿈입니다. 이 꿈은 장수하게 되는 것을뜻하는데 몸의 면역력이 높아져 모든 질병이사라지고 건강함을 유지하게 될 것을 의미합니다.병을 앓고 있던 환자는 이 꿈으로 인해 자리에서 벌떡일어나 새로운 삶을 살아가게 될 것이니 끝까지 희망을 잃지말고 긍정적인 사고를 지녀야 할 꿈이랍니다.그러니 항상 즐거운 마음으로 일상에 임하며 꾸준한운동도 함께 병행하시길 바랍니다.질문자분께서 늘 건강하시고 행복하시기를 기원하며글을 씁니다.답변이 도움 되셨다면'포인트 선물'버튼을 클릭하셔서 마음을 전해 주시면 감사하겠습니다!.,2024.10.06.
476268710,476268710_1,권력을 얻게 될 꿈입니다. 이 꿈은 일을 진행하는 데있어 큰 영향력을 행사하는 위치에 오르게 되는 것을의미합니다. 즉 자신의 분야에서 만족할만한 성과를거두어 주변 사람의 부러움을 사게 되거나 맡은 일에서성공하여 능력을 인정받고 지위가 상승하게 될 꿈입니다.그러니 추진하는 일에 열성적으로 매진하여 좋은 결과를얻고 삶의 여유를 누리시길 바랍니다.질문자분께서 늘 건강하시고 행복하시기를 기원하며글을 씁니다.답변이 도움 되셨다면'포인트 선물'버튼을 클릭하셔서 마음을 전해 주시면 감사하겠습니다!.,2024.10.06.
476266578,476266578_1,저 지금 인천 살고 있는데 인천은 나쁘지 않지만 놀거리가 없고부천이 놀거리가 많아 보여요....인천은 부평 월미도 말고는 딱히,2024.10.06.
476266578,476266578_2,1.부천이 살기 좋습니다2.이유는 서울과 인천 중간 이여서 양쪽 직장권. 생활권. 문화권. 의료권 등등 위치 적으로  좋습니다,2024.10.06.
476266578,476266578_3,부천이랑 인천 둘 다 살아봤는데 개인적으로 부천이 더 살기 좋은 것 같아요 서울 바로 옆이라 접근성도 좋고,2024.10.06.
476266578,476266578_4,서울이 가깝다고 다 살기 좋은건 아니구요인천도 청라나 송도 등등 살기좋은곳이 많아 졌습니다...,2024.10.06.
476266578,476266578_5,살기 좋은 기준을 어디에 두냐에 따라 달라집니다. 서울로 출퇴근한다면 부천이 낫겠고  바다산책을 좋아한다면 인천이 낫겠죠. 판단은 본인이 해야합니다.,2024.10.06.
476264119,476264119_1,규칙적인 유산소 운동과 균형있는 식습관으로 허벅지살을 조금씩 줄일 수 있어요.답변이 도움되셨으면 좋겠네요 좋은하루보내세요-올려주신 질문내용 :4일동안 허벅지살 조금이라도 빼는법 아시나요..?,2024.10.06.
476262160,476262160_1,오후 10시까지입니다.답변이 도움되셨으면 좋겠네요 좋은하루보내세요-올려주신 질문내용 :몆시까지 하나용,2024.10.06.
476234025,476234025_1,1.부천시 입니다2.시청기준.  주민센터 기준 입니다,2024.10.05.
476191826,476191826_1,야간진료 안합니다.,2024.10.04.
476152160,476152160_1,부천은 서울이나 인천으로 통근 통학하는 비율이 높은 반면외곽에 위치한 양평은 양평으로 통근 통학하는 비율이 높기때문입니다.,2024.10.03.
476152160,476152160_2,부천과 양평의 주간 인구 지수를 비교하는 내용이 나와 있는데  주간 인구 지수가 높다는 것은 특정 시간대에 그 지역에 많은 사람들이 일하거나 방문한다는 의미입니다. 부천은 인구 밀도가 높고 주거 지역이 많은 반면  양평은 상대적으로 교외 지역이지만 관광지나 휴양지로서 방문하는 인구가 많을 수 있습니다.따라서 양평은 평일에 일하거나 생활하는 상주 인구는 적더라도  관광객이나 일시적으로 머무는 사람들이 많아 주간 인구 지수가 부천보다 높을 수 있습니다.,2024.10.03.
476147386,476147386_1,ㅋㅋ 있겎냐,2024.10.04.
476121187,476121187_1,부천역으로 와서 1호선 타고 가는게 빠름원종역 서해선은 배차간격이 길고 좀더 멈,2024.10.02.
476121187,476121187_2,언니 송내역 그 인천 쪽 [17사단하고 인천대공원쪽]에 있는 파리바게뜨 앞에 보시면 길 가에사람들이 한 줄로 서 있을 텐데요 거기서 8106번이라고 서울외곽순환고속도로하고 경부고속도로로해서 성남IC로 해서 수내역  미금역  정자역 가는 차 있어요,2024.10.05.
476121187,476121187_3,https://map.naver.com/p/subway/1000/148/826/-네이버 지도부천역 → 모란역map.naver.com,2024.10.03.
476121187,476121187_4,부천역으로 와서 1호선 타고 가는게 빠름,2024.10.02.
476091229,476091229_1,초경은 하셨나요?글로만 봐서는 그냥 냉인 것 같습니다평소에도 냉이 나오셨는데 조금 다른 느낌이라면산부인과 한 번 가보시는걸 추천합니다.. 아니면 부모님께 여쭤봐도 되구요,2024.10.04.
476064927,476064927_1,괜찮습니다,2024.10.01.
476035476,476035476_1,그냥 부천역근처 영화관에서 영화보고 돌아다녀보세요.,2024.10.01.
475999002,475999002_1,새싹유치원은 외부활동 거의 없어요 원내활동이 많아요.도담은 승마도 하고 계획표 꽉 차 있어요~엄마들끼리 계획표 공유하는게 있어서 그떄 보고 나서 결정했죠~왜 맘카페에 언급이 안되는데는 이유가 있을거라 생각이 드네요..요즘은 모르니 각 두 유치원 상담하면서 월 계획표 좀 보여달라 해보고 비교하세요~,2024.09.30.
475999002,475999002_2,새싹유치원 원생 엄마에요.외부활동이 거의 없다는 건 잘못된 정보입니다.새싹유치원은 엄마들 사이 입소문 타서 추천 추천으로 많이 입학하시는 거 같더라구요.저희도 추천으로 들어갔습니다.입학 희망하는 원생들이 많아서 이례적으로 작년부터 두반으로 나뉜걸로 알고 있어요.,2024.10.25.
475969706,475969706_1,네  편의점반값택배는 최대한 집에서 가까운 편의점주소로 하면 편리합니다집주변에 있는 GS25편의점이나 CU편의점주소를 알려 주고 이때는 받는 사람의이름과 폰번호를 꼭 알려줘야 됩니다 반택이 주소를 알려준 편의점에 도착을 하면님의 폰으로 반택이 도착했다고 카톡으로 연락이 옵니다 카톡을 보면 큐알코드가 있는데요반택을 찾으러 가서 카톡에 있는 큐알코드를 직원에게 보여주고 찾아오면 됩니다...,2024.09.29.
475936983,475936983_1,부천시 옥길동 버들공원 주차장은 유료로 운영되고 있으며  장기 주차가 가능합니다.하지만 2주간 장기 주차를 하려면 부천시 도시공사에 문의해 정확한 절차를 확인하는 것이 좋습니다. 요금은 일반적으로 30분당 1 000원이 부과되며  장기 주차를 위해선 정기권 또는 별도의 문의가 필요할 수 있습니다. 부천시에 사전 문의하는 것이 안전합니다.,2024.09.28.
475936983,475936983_2,옥길동 버들공원주차장요금표30분 400원1시간 1 000원2시간 2 200원4시간 4 600원버들공원 주차장경기 부천시 소사구 옥길동 752-1place.map.kakao.com,2024.09.28.
475901498,475901498_1,1.보통 싼곳은 역에서 먼곳.  건물년수. 교통 안좋은곳 입니다2.보통  원룸 500~40만원 정도 합니다3.대책은 부동산 중개소에 원하는 금액 예약 하면 연락이 옵니다,2024.09.27.
475888079,475888079_1,mj 컨벤션 스튜디오가 주차장 3곳 이용 가능 합니다2시간 무료 주차권 발급 합니다,2024.09.27.
