﻿doc_id,title,question,region_id,views,question_date
477563817,질문부천대학교 건축과 수시 2차,일반고 부천대 건축과 예비 37번인데 수시 2차를 써야할까요,120914, 22,2024.11.06
477474857,질문현대백화점 중동점 관련 질문,부천 현대백화점 중동점 관련 질문인데요 현대백화점 중동점에 직원전용 출입구가 있는걸로 알고 있습니다 그럼 혹시 그 출입구로 들어가면 직원전용 엘리베이터가 따로 있나요?? 중동점에서 근무 해보셨던분 계시면 답변 부탁드립니다,1209140308, 35,2024.11.06
477536117,질문부천 송내역 치안,대구에 있다가 부천으로 이사를 가려하는데 부천에 대한 정보를 아무것도 몰라서 부천 송내역 치안 괜찮나요ㅠㅠ?,120914, 15,2024.11.05
477519446,질문부천에서 강남성심병원가려면?,부천에서 강남성심병원가려면 어떻게가야하나요? 서울이 초행길이랍니다.,120914, 25,2024.11.05
477514817,질문안양과부천사이,제친구가 안양살고 제가 부천사는데 중간에서 지하철역어디사 보ㅓ야하나요?,120914, 15,2024.11.05
477489188,질문부천에 허위매물없는 괜찮은 부동산 추천좀요 부천역 근처,이번에 부천쪽으로 이직을 하게 되었는데 전월세 보고 있어요. 혼자 살건데 몇군데 가보니까 좀 허위매물이 있는거 같더라구요. 원룸 투룸 오피스텔 좀 신뢰있고 잘하는 부동산 추천좀 해주세요. 부천역 근처입니다.,120914, 24,2024.11.04
477482708,질문놀기로 했는데,부천역에서 3500원가지고 11시부터 5시30분까지 신나게 놀 방법이 없을까요ㅠ 2명이서 노는데 한명은 15000원있고 한명은 3500원 가지고 있단말이죠ㅠ 근데 사줄순있긴한데 그래도 18500원 가지고 부천역에서 어디가기엔 너무 돈이 적잖아여... 완전 구경같은거 잘 안하는 스타일이고 진짜 완전 재밌게 놀방법이요 공원같은데는 가족들 말고는 한번도 안가본 사람입니다ㅠ 정 안되면 역곡역부천역(부천역 근처 역) 이렇게라도 ㅠㅠ,120914, 16,2024.11.04
477440618,질문부천시 더럽게 생긴 건물이 많은데,왜 재개발이 없는 낙후 도시인지 궁금합니다,120914, 22,2024.11.03
477436212,질문꿈 해몽 질문,요즘들어 꿈에 같은 장소가 자주 나옵니다 그런데 전 현실에선 그 장소를 한번도 가 본 적 없는 처음 보는 장소였고 꿈에서도 그 장소가 자주 나오는 걸 인지합니다 어떤 꿈인지 해몽 부탁드립니다,1209140104, 22,2024.11.03
477194972,질문선유고 갈수있나요??,부천 일신중 다니는 학생인데 선유고 주변으로 이사가는데 선유고가 비평준화여서 거기로 갈려면 1번만 지망할수있다는데 내신이나 인기가많나요?? 아니면 그냥 갈수있을가요 #선유고 #학교 #고등학교 #학교 #교육,120914, 30,2024.11.03
477386259,질문부천시청 부근..? 중동부근? 건물 저거 뭔가요,부천시 오정구 까치울터널에서 바라본 거리뷰 모습입니다 저기 능선에 높이 솟은 건물 저거 무슨 건물인가요? 직선으로 그어보면 부천시 중동 주변 나오는거 같아요,120914, 25,2024.11.02
477381710,질문무리에서 떨궈지는 꿈,꿈에서 같이 다니는 무리에서 떨궈져서 선생님께 도와달라고 울면서 하소연 했어요ㅠ 실제로 고등학교 때 무리에서 떨궈졌었고 실제로도 힘들어했는네 오늘 꿈에서 이 꿈을 꿨어요 꿈 해몽 부탁드려요,12091403, 23,2024.11.02
477342847,질문부천 산악회 추천,부천에 거주하고 있는 50대 부부입니다. 매월 첫째주 토요일 부천시의회(부천시청) 주차장에서 출발하는 산악회 추천 부탁드립니다. 많을 걸로 알고 있는데 검색해도 안나와요,120914, 23,2024.11.01
477315208,질문춘의역 가려고하는데요,50번버스 타고가면되나요? 저번에 잘못탔는지 고강동차고지로 들어가더라고요,1209140309, 25,2024.10.31
477312778,질문허리가 이상함,옆모습을 보면 이런식으로 들어가있는대;; 왜그럴꺼요,120914, 22,2024.10.31
477273090,질문부천 밤까주는 집,자유시장 부근에 밤까주시는 분이 있을까요? 키로는 좀 안되는데 자취하는 학생이라 혼자서 밤까기가 어려워서요...,120914, 18,2024.10.30
477257975,질문이거 무슨 해충인가요?,바퀴인가요?,120914, 17,2024.10.30
477158623,질문부천역 번화가 vs 신중동역 번화가 vs 상동역 번화가...,부천역 번화가 vs 신중동역 번화가 vs 상동역 번화가 번화가 크기 분위기 차이 궁금합니다.,1209140308, 27,2024.10.29
477218165,질문송내역 남부(송내대로 27번길)불법주정차 지역인가요?,아래 사진상 붉은색으로 표시한 부분 불법주정차 장소인가요? 출근때 저기다 주차하고 가려고하는데 가능할까요? 새벽에 저기 주차할 곳 없을까요? 미리 감사합니다!,1209140105, 30,2024.10.29
477191617,질문부천 마라탕집 추천해주세요,중동역-송내역 근처나 중동역-중앙공원 사이에 있는 마라탕집인데 소스바 있는데ㅡ알려주세요!!,120914, 21,2024.10.28
477182059,질문인천부천근처 1박2일여행하기 좋은코스 추천...,인천부천근처 1박2일여행하기 좋은코스 추천 부탁드려요. 썸녀랑 하룻밤 같이 보내려구요. 안되면 각방쓰던지 하구요 잘부탁드립니다.,120914, 23,2024.10.28
477173878,질문역곡 안동네...,역곡 안동네 3기 신도시 현재 완료되어 있나요? 역곡에서 초중학교 나왔는데 안동네에 미니 신도시 들어선다는 뉴스 예전에 들었는데 현재는 어떤지 궁금하네요.,1209140306, 32,2024.10.28
477168558,질문비아프 축제에서 건담 상영하는데,관객들중에 건담 모르는 사람들이 많이 왔더라고요 어떤 경로로 온 것일까요?,120914, 24,2024.10.28
477165864,질문키즈카페 볼베어파크 성인커플,볼베어파크 썰매같은거 재밌어보여서 가고 싶은데 성인도 가서 타도 되나요?,120914, 25,2024.10.27
477157213,질문부천 제일시장 붕어빵 몇시에 여나요?!,붕어빵이 4개천원이라는 가성비가 올라와서 꼭 한번 가고 싶은데 몇시부터 하시는지 궁금합니다!!! 알려주세요,120914, 17,2024.10.27
477052429,질문소명여고 지망,내년에 고1 되는 인천 살고 있는 중3입니다 소명여고 지원하고 싶어서 타지역인데도 소명여고 지원이 가능한 지 알고 싶어요 혹시 된다면 어떻게 해야하는 지 소명여고 어떤 지 알려주시면 감사하겠습니다 -사립고등학교인데 돈이 많이 들어가는 지 -전체적 분위기는 어떤 지 내신 따기 많이 어려운 지 궁금합니다 제가 고등학교 갈 때부턴 고교학점제도 있고...제가 운동선수라서요 최저학력은 맞춰야해서 자세히 알려주시면 감사하겠습니다ㅜ,120914, 38,2024.10.27
477151525,질문부천북부역 부천남부역이 따로 있었나요?...,부천북부역 부천남부역이 따로 있었나요? 부천 토박이들은 부천북부역 부천남부역 이런 말들을 쓰는 거 같던데 현재의 어디를 가리키는 건지,120914, 20,2024.10.27
477150513,질문부천 송내역 부근은 번화가가 아닌가요?...,부천 송내역 부근은 번화가가 아닌가요? 부천 다른 번화가에 비해서,1209140105, 17,2024.10.27
477148666,질문한달안된 직장을 그만두게됐는데요?,식당직원으로 사장님과 저 둘이일하는데.. 배달홀 둘다 하는곳인데 업무가.너무많고.과해서 10월14일 첫출근해서 일해오다가 손목이 쓸수없을지경이되어 10월 30일 까지만 근무하기로했습니다. 매주금요일이 휴무라서 두번휴무했습니다 총 17일 근무중 가게 정기휴무 2번을 제외하면 15일근무 제가 묻고싶은것은 급여 330만원에 주1회휴무 하루 근무시간 10시간30분 인데 제가 30날 그만두게되면 정기휴무는 근무일수에서 빠지나요? 아니면 가게가 문닫는 정기휴일이니 그날도 근무일수에 들어가나요.. 그렇다면 얼마가 나올지요?,120914, 28,2024.10.27
477132973,질문부천 번화가가 어디어디 인가요?,,120914, 35,2024.10.27
477093324,질문천안 다복향 마라탕,제가 다복향마라탕 신방동점을 가려고 하는데요 혹시 맵기가 얼마나 매운지 알수 있을까요?? 저 신사부에서는 2단계 먹어요,120914, 19,2024.10.26
477066874,질문경기도부천시는 육지인가요해안가인가요...,경기도부천시는 육지인가요해안가인가요.,120914, 20,2024.10.25
477065670,질문부천시청역 카페 soap 부천본점 소개팅하기 좋나요?,부천 시청역에서 소개팅을 하기로 하여 맛집을 알아보고 있습니다. 부천 시청역 인근 음식점 중에  soap 부천 본점이 인테리어도 예쁘고 음식도 괜찮아 보이던데 소개팅하기 어떨까요? 의견 부탁드립니다.,120914, 14,2024.10.25
477065510,질문인천경기 만화 쪽 특성화고 알려주세요,인천에 사는데 부천에 가깝습니다 인천 부천에 가까운 특성화고좀 알려주세요 젤 잘쓰신분 채택 해드려요,120914, 18,2024.10.25
477062597,질문부천파티룸세이파티룸부천역점 어떤가요?,부천 파티룸 중에서 브라이덜 샤워하기 좋은 곳은 어디인가요? 브라이덜 샤워 패키지가 있는지 반려동물 동반이 가능한지 바비큐도 함께 즐길 수 있는지 궁금합니다. 자세한 정보 공유 부탁드려요!,120914, 13,2024.10.25
477052585,질문원종동 아파트 질문,원종동 아파트 중에서 그래도 제일 가격대 있고 고급스러운 아파트 어딘가요?,120914, 27,2024.10.25
476998978,질문스카이랜드 찜질방...,스카이랜드 찜질방 성인으로 사우나랑 사우나+찜질방 있는데 찜질방만 할수는 없을까요,120914, 15,2024.10.23
476950779,질문상동 뉴코아 아울렛 5층 청년다방 부천페이 되나요,부천 상동 뉴코아 아울렛 5층 청년다방 부천페이 되나요,120914, 18,2024.10.22
476936489,질문부천대학교...,부천대학교 코스모스 졸업 되나요?,120914, 19,2024.10.22
476933992,질문이성과 같이 사는 꿈 해몽해주세요,꿈에서 어떤 남자랑 같이 살고 잠도 갗ㅌ이 잤어요,1209140104, 24,2024.10.22
476916114,질문부천 상일고 분위기 어떤가요?,제가 지금 부천 상일고를 가고싶어하긴하는데요.(중3) 요즘 상일고 분위기는 어떻고 공부를 어느정도해야 거기서 살아남을 수 있을 지가 궁금해여!,120914, 19,2024.10.21
476883676,질문시온고 범박고 소사고,옥길로 이사 가는 예비고1인데요 대학 진학을 이공계로 목표를 하고 있고 내년 교육과정을 보니깐 시온고가 제일 괜찮아 보이던데 시온고를 써도 될까 모르겠어서요 셋중에 어디가 제일 괜찮을까요? 그리고 어디가 제일 대학 잘 보내나됴?,120914, 18,2024.10.20
476873598,질문이거 애니매이션 제목 뭔가요?,어릴 때 본거라 기억 안나는데 대충 머리반묶음에 회색?갈색?머리카락 애는 케이크 만드는거 좋아하고 머리 양쪽으로 반묶음 했고 밝은 갈색머리카락애는 운동 돟아하나?그럴걸요? 그리고 멜로디?이런식으로 음악 관련된 이름을 가진 흰색 고양이랑 검은색 악역 고양이가 나왔던것같아요. 검정고양이가 반묶음이랑 양쪽 반묶음 우정을 방해하는 내용인걸로 기억합니다. 꼭 알려주세요! 내공 많이 걸게요!!,1209140104, 26,2024.10.20
476869792,질문버스에 물건 놓고 내렸는데 어디에 전화 해야 하나요??,용못내공원 방면에서 내렸어요 부천 10번 버스 6시에 타서 6시40분에 내렸는데 어디에 전화해야하나요?,120914, 25,2024.10.20
476811190,질문부천터미널소풍,부천소풍터미널에서 청주로 갈려고 합니다 우등석 버스인데요 내부 좌석에 핸드폰 충전할수 있나요?,120914, 32,2024.10.19
476672138,질문부천남중에 대해,안녕하세요. 서울에 사는 초6 여자입니다. 부천으로 이사를 가게 되었는데 집이 남중학교와 가장가깝습니다. 이제 질문 할게여. 1.(중요) 제가 재배정을 받아서 가는거라 부천남중에 가려고는 하는데 갈 수 있을가요? 2.꼴통일찐 많나요? 공부를 못하는 학교라고 들어서(헛소문이라면 지송) 3.교복이 편한가요? 제가 치마 진짜 싫어해서.... 글고 어떻게 생겼는지 사진도 보여주심 좋겠습니다. 4.학교 규모가 큰가요? 수학여행도 가고 현장체험학습도 가고 축제도 많고 예산도 많은지 궁금해요. 5.(진짜중요)급식 맛있나요? 6.거기 친구들 착한가요? 제가 아는 사람이 1도 없어서 걱정입니다. ㅠㅠ 이상입니다. 성의있게 답변 바랍니다.,120914, 25,2024.10.18
476708890,질문내공 10 드릴게요! 특성화,제가 일반고에서 입학하기전 2월달에 전입을 했는데 이 학교가 경기에서 서울에 있는 특성화고로 간거에요 근데 저랑 너무 안맞는 것 같아서 다시 전에 입학했던 일반고로 가고 싶은데 가능할까요??,120914, 30,2024.10.18
476744649,질문제가 본게 귀신 맞나요,때는 2021년 8월 여름방학때 제가 심야괴담회를 엄청많이 봤고밤에 졸려도 안자고 게임만하고 무서운걸 많이봤는 탓인지 가위도 눌리고 무서운 꿈도 꿨었는데요. 아빠가 안되겠다 싶어 주말마다 절 데리고 자전거를 타러 갔어요. 그때도 자전거를 타고 오는길에 오른쪽으로 도는 코너가 있는데 거기 바로 전에 인도쪽으로 가는 길이 있는데 그 길 끝쪽에 하얀 소복?한복? 같은걸 입고 머리카락이 거의 바닥에 닿을듯한 귀신?이 뭔가를 찾는듯이 빠르게 양쪽 주위를 돌아봤어요. 참고로 그때 귀신이 제가 가는 방향 반대쪽에 있어서 저희는 서로 못보는 시점이였습니다. 근데 뭐 처음엔 정병걸린 사람인줄 알았는데 제가 그때 시력이 안좋아서 안경을 쓰고 나와야 됐는데 그날은 안쓰고 그냥 나와서 멀리서보면 흐릿하게 보여야 되잖아요? 근데 그 귀신 몸 테두리에서 검은색 기? 바람? 같은게 뿜어져 나오고 있었어요. 약간 아이스크림 꺼내면 막 하얀 연기같은거 있잖아요 그런것같이 검은색 공기? 가 귀신 을 덮고있었고 귀신만 마치 안경을 쓴듯 선명하게 보였어요. 그리고 그 주위가 부자연스러웠습니다. 그리고 주위에 있는 사람들이 그 귀신이 안보인다는듯이 그냥 지나쳐 갔었던것같아요. 또 약간 그 귀신을 계속 보고있으면 정신이 빨려들어갈것같이 멍~ 해집니다.. 마치 멍때리듯이 계속보고 있었는데 갑자기 제 머릿속이 귀신인가..? 날 찾는건가..? 이런 온갖생각이 다 들어서 아빠보고 아빠 빨리 저기 봐봐 하면서 귀신있는곳을 가리켰는데 아빠가 귀신이 어딨냐고 걍 빨리 오라고 그래서 무서워서 엄청빨리 집에 갔어요. 그 귀신이 절 아직까지 찾지 못했는지 이렇게 끝이 났는데 이거 귀신인가요? 그때당시 무서운걸 많이봐서 기가 약해진걸까요? 몇년전 일이지만 아직도 생생하게 기억이 나네요.. 귀신 맞나요..???,1209140104, 64,2024.10.17
476734998,질문제주 옥탑 부천 맛집 흑돼지고기 맛있나요?,남자친구와 저녁으로 부천에 있는 제주 옥탑에서 흑돼지를 먹기로 했습니다. 제가 흑돼지는 처음 먹어보는데 맛있나요? 냄새에 예민한 편인데 잡내는 안 나는지 삼겹살이랑 같은 맛인지 궁금합니다.,120914, 16,2024.10.17
476732002,질문안마의자 이전설치 비용(부산-부천),안녕하세요! 바디프렌드 안마의자 이전 설치비용 혹시 아는분 계실까요? 부산에서 부천까지 비용이 얼마정도 할까요? 감사합니다.,120914, 19,2024.10.17
476598469,질문시온고 범박고 소사고,제가 이번에 부천으로 이사를 갈 예정인데 시온고 범박고 소사고 중에 고민입니다 ㅡㅠㅠ 1. 내신 따기 비교적 쉬운 곳 (2024년 고1 기준) 2. 대학을 더 잘 보내는 곳 등등이 궁금합니다ㅠㅠ 지금은 여고를 다니고 있는데 내신 따기 좀 어려움이 있어서요ㅠㅠ 답변 부탁드려요,120914, 39,2024.10.17
476723859,질문리프팅 테이프 오래 쓰면 얼굴 살 쳐지나요..?,저 진짜 지금 누무 심각해요ㅠㅠㅜㅜ 그 리프팅 테이프 있잖아요 그걸 제가 좀 장시간 붙이고있고 엄청 오래 붙이고있는데 뭔가 떼니까 얼굴 살이 쳐진 느낌이에요 ㅠㅠㅠㅠ 계속 끌어 올리고 있다가 떼서 그래보이는건지 아니면 진짜 살이 쳐지는건지ㅠㅠㅠ 제발 알려주세요 오래ㅜ사용하면 얼굴 살 쳐징나요..?ㅠㅠ,120914, 49,2024.10.17
476633283,질문레셀 분당 부천 러셀 어디가 좋나요?,모두 최고의 학원이지만 선생님들이 다르시잖아요? 어디가 좋을 지 고민입니다. 근처 숙소를 잡을 예정이라 러셀 분당 부천 러셀 미친듯이 공부할 예정입니다. 아~ 뇌에 좋은 유산균이 나왔던데 어디께 좋은지 추천도 해주세요,120914, 29,2024.10.16
476703458,질문반깁스해주는병원,인천병원에서 다친곳은 없지만 반깁스 요청하면 해주는 병원 있나요ㅠㅠ 당연 돈 내고 받을 생각인데 안다쳤어도 해주는 병원 있을까요ㅠㅠ,120914, 13,2024.10.16
476579853,질문중학교가 어디가 좋을까요?(경기도부천),1근에 부곡중이랑 심원중이 있는데 어디가 좋을까요 거리로만 보면 심원이 20m 더 가까운데,120914, 30,2024.10.15
476655932,질문경기도 부천시 원미구 원미동 초미세먼지 많나요?,경기도 부천시 원미구 원미동에 있는 원룸에 거주하고 있습니다. 매일 아침 창문을 열면서 청소를 하고 있는데 창가에 먼지가 엄청 많이 쌓이네요. 혹시 부천 쪽도 초미세먼지가 많나요?,1209140307, 15,2024.10.15
476621168,질문부천에서 인스파이어아레나 어떻게 가나요,최대한 환승 안 하고 가는 방법 있을까요? 인천공항까지 간 다음에 버스타고 가는게 제일 나을 구 같긴한데 자동차없이 인천공항까지 어떻게가죠??,120914, 16,2024.10.14
476613341,질문직화쭈꾸미쭈천원미구맛집은 어떤가요?,원미구에 위치한 직화쭈꾸미 쭈천이 쭈꾸미로 유명하다고 들었습니다. 사진을 보니 내부가 넓고 테이블 간 간격도 넓어 보이는데 단체 회식이나 가족 모임 하기에 좋아 보입니다. 드셔보신 분들의 후기가 궁금합니다. 주말에도 영업을 하는지 주차가 가능한지도 알려주세요.,12091403, 12,2024.10.14
476611735,질문아파트 재개발 질문 합니다,안녕하세요 저희는. 부천시 중동 은하마을애 거주 하는데요. 재개발 당첨이 되서 재개발 예정 이라고 하는데.. 재개발 되면.. 집값 받고 나갓 다가 재개발 다되면 다시 들어오면 되는건가요?? 재개발 할때 돈은 많이 주나요?... 아니면 새로 분양을 받아야 하는건가요????,120914, 50,2024.10.14
476540627,질문부천 비싼 레스토랑 추천,가격 상관없이 분위기좋고 사진찍기좋고 비싼곳 알려주세요,120914, 23,2024.10.14
476592970,질문부천시 오정동 새터어린이공원 앞 의류수거함,안녕하세요 제가 옷을 오정동 새터어린이공원 앞 의류 수거함에 옷을 잘못넣어 버리게되었는데 찾을 수 있는 방법 있을까요..? 구청에 전화하면 전화번호 알 수 있나요? ㅠㅠ 오정구-원종2동-170 이렇게 적혀있었습니다 찾을 수 있는 방법있을까요..ㅠㅠ,1209140206, 20,2024.10.14
476577892,질문부천 잇올 재수 가격 얼마인가요,1/1일 부터 수능 전 주까지 다니고싶은데 가격 얼마일까요 재수할거예요 지점마다 가격 다른가요,120914, 23,2024.10.13
476567429,질문부천 푸르지오 힐스테이트 옥상,부천에 푸르지오랑 힐스테이트 옥상 열려있나요 아니면 비번같은거 걸려있어서 입주민만 들어갈 수 있나요?,120914, 16,2024.10.13
476560036,질문부천만화도서관...,부천만화도서관 책상에 콘셉트 있나여,120914, 21,2024.10.13
476554624,질문부천 지하상가,금요일에 니트를 사고 어제밤에 확인하려고 꺼내니 밑단이 저금 플려서 벌어져있었어요ㅠㅠ 불로 마감하려고 당기니 옆에가 쫙 풀렸는데 교환될까요? 마네킹이 입고 있던거 주셨고 처음부터 올이 풀려있었어요ㅠㅠ,120914, 22,2024.10.13
476545120,질문어릴 적 본 호랑이가 진짜 호랑이인지 궁금해요,지금 저는 고1이고 초등학교 2~3학년 쯤에 할아버지 댁에 놀러갔었습니다. 할아버지 댁 앞에는 도로가 있었고 뒤에는 산이 있었습니다. (할아버지 댁과 진짜 가까웠음 거의 20미터 차이? 눈으로 뒷산 구경할 수 있었음) 할아버지 댁 뒤에서 놀다가 뒷산을 보았습니다. 근데 호랑이 한 마리가 산을 내려오고 있었습니다. 그때 저는 너무 신기해서 호랑이가 가는 곳을 계속 쳐다보다가 아빠와 할아버지께 알려야 한다는 생각에 잠시 자리를 비우고 아빠와 할아버지와 같이 온 사이에 호랑이가 사라져있었습니다.. 아직도 기억이 나는게 호랑이를 정말 보았는데 그때할아버지와 아빠는 잘못 본 것이라고 했습니다.. 호랑이를 본 후 2~3년 뒤에 할아버지와 아빠에게 이 이야기를 다시 얘기하였는데 만약 호랑이가 정말로 있었다면 기사가 났거나 뉴스로 나왔을 것이라고 하더군요.. 기사는 일절 뜨지 않았습니다. 맞는 말이여서 아무 말도 못했지만 저는 정말 호랑이를 봤습니다.. 소리 내면 달려올까봐 조용히 쳐다보기만 했구요.. 이제 할아버지 댁은 뒷산은 반만 사라지고 그 자리가 주차장으로 바뀌었습니다.. 제가 본 호랑이는 진짜인지 아니면 수호신? 같은 것인지 궁금합니다..,1209140104, 26,2024.10.12
476500067,질문고등 진학 뺑뺑이,일반고 진학 완전 뺑뺑이인가요? 집은 부산진구인데 동래구랑 가까워서 1지망이 동래구인데 성적 높은 학생은 1지망 붙여준다는 얘기가 있어서요 성적은 원점수 평균 99점 정도 되고 170명 중에 전교 3등 안에 들어갈거에요,120914, 20,2024.10.11
476494866,질문부천 누가 참빛 정형외과 진료시간 알 수 있을까요?,최근에 무릎을 다쳐서 집 근처 부천 누가 참빛 정형외과에 가려고 하는데  진료시간과 주차장 정보를 알고 싶습니다. 그리고 병원의 위치와 예약 방법도 함께 알려주시면 감사하겠습니다.,120914, 21,2024.10.11
476463538,질문부천 서울신학대학교 피아노질문,혹시 전문연주자형 피아노부분 작년에 몇분들었는지 아시는분 계신가요??,120914, 16,2024.10.10
476451314,질문중3 고등학교 원서 쓰고 성적 산출 다 끝나면,미인정 결석 해도 되지 않아요? 어짜피 제가 사는 지역이 평준화라서 고등학교도 성적 순으로 가는게 아니고 기말 끝나고 하는 활동들도 추억이 되긴 하겠지만 어짜피 친구도 없어서 추억 같은 건 필요 없어요 원서 쓰고난 뒤에 학교 안가면 내신 점수에 지장 없죠?,120914, 22,2024.10.10
476424843,질문피씨방 2시간 3천원 비싸나요,제목 그대로,1209140104, 20,2024.10.09
476417037,질문중간에서 만날곳,부천시사는 사람과 용인시사는 사람이서 중간에 봐서 놀만한곳 추천해주세요!대중교통이용해서 갈 수있는 곳이면 좋을것 같아요,120914, 24,2024.10.09
476403312,질문부천북부역에 노점 탕수육집 영업시간 아시는분~,영업시간 아시는분 계신가여 . 계속 가보고 잇는데 계속 문닫혀잇어서 . 요즘은 장사 안하시나여 ?,120914, 26,2024.10.09
476397615,질문소사본동 전망좋은 집,소사본동 소사역근처쪽 전망 확 뚫려있는 오피스텔이나 집을 찾고있는데 어느쪽이 괜찮나요,12091401, 22,2024.10.09
476384909,질문첫차시간 알려주세요!!,소사역에서 서울역까지가는데 6시25분쯤 소사역에서 탈수있는 지하철이 운행할까요?? 참고로 주말입니다!! 내공걸어요!!,12091401, 28,2024.10.09
476363007,질문부천과 가까운 곳 중에 가볼만한 곳,부천이랑 가까운 가볼만한 곳 좀 많이 추천해주세요 그리고 부천 근처에 애니메 굿즈샵 같은 곳들이 있으면 그것도 많이 알려주시면 감사하겠슴다,120914, 58,2024.10.08
476357269,질문부천 중동 입주청소 부일로에 잘하는 업체 있나요?,이번에 새로운 아파트로 이사를 가게 되어서 입주청소를 알아보고 있습니다. 부천 중동 입주청소 부일로에 잘하는 업체 있나요? 금액이 비싸지 않고 꼼꼼한 업체로 추천해 주시면 감사하겠습니다.,120914, 32,2024.10.08
476249468,질문부천 관내 특성화에서 부천 관내 일반고로 전학 방법,거의 일년째 전학 고민 중인 특성화 고1입니다. 학교 환경 제 진로적성 친구들 다 저랑 다르고 안 맞아요. 한 순간의 생각이 아닌 진지하게 생각한 일입니다. 제발 여러가지 방법 중에서 될 방법 없을까요 부천!은 관내로 안 된다고 들었어요. 근데 진짜 전학밖에 생각이 안드는데 방법 없을까요 일반적인 답보단 정말 전학갈 수 있는 방법을 알고 싶습니다,120914, 24,2024.10.08
476320081,질문상동 맛집 일품돼지 부천 상동 본점 어떤가요?,부천 상동에 위치한 일품돼지 식당에서 모임을 가지려 합니다. 타 지점에 비해 본점에서 먹으면 더 맛있을까요? 추천 메뉴와 가격대가 어느 정도인지 궁금합니다.,120914, 21,2024.10.07
476310693,질문부천시 심곡본동 치과 오늘미소치과의원 공휴일 쉬나요?,부천시 심곡본동에 있는 치과 오늘미소치과 의원 공휴일에도 하나요? 갑자기 오른쪽 치아가 통증이 있어서 검진을 가보려는데 이번 수요일밖에 시간이 되지 않습니다. 혹시 공휴일에 운영한다면 몇 시까지 하는 지도 알려주세요~,120914, 22,2024.10.07
476293428,질문잘려있는 머리 본 꿈 해몽,꿈에서 잘려있는 머리 2개를 봤는데 꿈 내용상으론 그 머리 중에 하나가 아들한테 죽임당한 어머니의 머리인 것 같아요 이건 뭘 의미하는 꿈일까요…?,1209140104, 42,2024.10.06
476268710,질문목 매단 사람을 본 꿈 꿈해몽,저희 집 마당에서 누가 목을 매단 꿈을 꿧어요. 처음에는 무서워서 발만 보고 엄마 아빠한테 바로 이야기하고 거실에 언니랑 동생이랑 앉아있었어요. 언니가 그 목 매단 사람 얼굴을 봤다고 했어요. 얼굴에는 흰 천이 씌여져 있었어요. 엄마 아빠가 치우려고 시체를 들어서 바닥에 놓았는데 몸이 아직 말랑 말랑해서 얼굴에 천을 벗겨보니까 아직 살아계시더라구요. 약간 멋쩍은 표정?을 하셨어요. 그래서 엄마랑 아빠가 빨리 지갑을 찾아서 어찌저찌 아들들에게 연락을 했어요. (한 50대 아저씨였어요) 그래서 아들들이 오고 병원에 같이 데리고 갔는데 저랑 제 동생은 거실에서 마당을 통하는 창문으로 이 광경을 처음부터 끝까지 지켜봤어요. 나가기에는 무섭고 집 안에 있기엔 너무 궁금해서요. 근데 꿈에서 충격이 너무 컸어요. 그 아저씨가 흰 천 옷? 같은 거 입고 있었고 흰 버선에다가 얼굴에 흰 천을 쓰고 있던게 아직 충격이예요. 이 글을 쓰면서도 생각이 나서 무섭네요… 꿈 해몽 좀 해주세요. 너무 찝찝하고 무서워요,1209140104, 56,2024.10.06
476266578,질문인천이 살기좋나요부천이살기좋나요...,인천이 살기좋나요부천이살기좋나요.,120914, 100,2024.10.06
476264119,질문제바아ㅏㅏㅏㄹ,4일동안 허벅지살 조금이라도 빼는법 아시나요..?,120914, 17,2024.10.06
476262160,질문르꼬끄 부천점 일요일에도 영업하나요?,몆시까지 하나용,120914, 20,2024.10.06
476234025,질문부천 인천 중 어디가 위인가요,경기도 부천시랑 인천시 논현동 중 어디가 더 지도상으로 위에 있나요,120914, 22,2024.10.05
476191826,질문부천 소사구 치과 오늘 미소치과 의원 야간진료 하나요?,제가 최근 치통이 있어서 병원을 가보려는데 회사를 마치고 가려니 어려움이 있어서 질문드립니다. 혹시 부천 소사구 치과 오늘 미소치과 의원 야간진료도 하나요? 야간진료를 한다면 몇 시까지 하는지도 알려주시면 감사하겠습니다.,120914, 25,2024.10.04
476191589,질문원미구 레브 왁싱&케어숍도 슈가링있나요?,제가 곧 바디 프로필 촬영을 할 예정이라 왁싱을 하려고 합니다. 일반 왁싱은 무섭고 슈가링 왁싱이 덜 아프다고 해서요~ 원미구에 레브 왁싱&케어숍이 왁싱을 잘해주신다고 해서 가보려는데 여기도 슈가링있나요?,12091403, 18,2024.10.04
476152160,질문한국지리 궁금한점!,부천보다 양평이 주간 인구지수가 높은 이유가 먼가요??,120914, 35,2024.10.03
476147386,질문제 지갑좀 찾아주실 수 잇나요ㅜㅠㅠㅜ???,제가 10월 2일 오후 7시 40분 조금 넘어서 경기도 춘의역 6번출구와 신증동역 롯데백화점 그 사이와 근처에서 토스카드 2개와 ‘병원‘이라고 쓰여잇는 카드 1개와 학생증 증명사진 스티커 증명사진 현금 28000원이 들어았는 지갑을 잃어버렷아요ㅠㅜㅠㅜㅠㅜㅠㅜㅠ 사진차람 생긴 지갑 찾으시면 제가 최대한 드릴 수 잇을 만큼 돈 드리겟습니다!!!!!! 내공 100 걸게효ㅜㅠㅜㅜㅜㅜㅠㅠㅜㅜㅠㅜㅠ,120914, 43,2024.10.03
476141932,질문탐정사 문의드립니다,현재  탐정사 자격증이  있어서  탐정쪽으로  일을 배우면서하려고 하는데 탐정 모집하는곳이  전부  윗지방만  있네요 경험은 없지만  오랜 경호 .경비.보안업무했으며  무술유단자로  탐정일을  배우면서  일하수 있는곳 찾습니다  부산.경남쪽이면  좋겠습니다  이사도 가능합니다 탐정사  꼭해보고 배워보고싶은 일입니다  꼭  자리가  있으시면  답글주세요,1209140302, 21,2024.10.03
476121187,질문부천에서 모란역가는 방법,부천시 오정구 원종2동에서 모란역빨리가는 방법알려주세요^^,120914, 36,2024.10.02
476091229,질문중1 고민,전 중1 여자이고요 어제? 그제? 부터 성기부분에 오줌이 묻어나는 느낌이나고 콧물 같은거 있잖아요 그게 계속 묻어있는 느낌이 나요 찝찝하고 그래서 계속 닦는데도 안 묻어나와요 계속 찝찝한 상태로 있으면 잠도 안오거 불편하고 닦고 싶어서 미치겠는데 또 닦을때 박박 닦아야지 없어지는 느낌이라 박박 닦아서 따갑고 닦을 땐 개운한데 앉거나 누우면 신경쓰여요 너무 스트레스 받아요 도와주세요,1209140302, 40,2024.10.02
476064927,질문부천 송내고 어떤가요,송내고랑 거주지랑 가까워서 가려고 하는데 전체적으로 괜찮나요?,120914, 28,2024.10.01
476035476,질문고딩)남사친이랑 부천역에서 놀거 추천,남사친이랑 부천역애서 놀기로 했는데 재밌는거 없을까요?,120914, 28,2024.09.30
475999002,질문부천 새싹유치원과 도담유치원 고민되네요..,부천맘들께 문의 좀 드리려고 합니다 3주후에 이사를 심곡천쪽으로 이사가게 되었어요 아이가 6살이라 유치원 알아보고 있습니다 근데 가까운거리는 새싹유치원이고 맘카페에서는 도담이 괜찮다고 하는데 새싹은 언급이 없어서 어떤지 궁금해요 내년 7살까지 다녀야하는거라.. 신중하게 생각하고 있거든요.. 저희 아이는 남자애라 활동력이 좋은데 외부 활동이 많은곤으로 알려주시면 감사하겠습니다!,120914, 35,2024.09.29
475969706,질문반택한번도 안해봤는데..,친한언니가 반택 보내준다고 반택려달라는데 그냥 집근처 편의점 주소 알려주면 되는건가요..?? 급해요!!ㅠㅠㅠ,120914, 25,2024.09.29
475936983,질문부천시 옥길동 버들공원주차장 장기주차 되나요?,안녕하세요. 동네 주민입니다. 사정상 가족의 차를 2주간 맡게 되었습니다. 제가 살고 있는 단지 내에는 외부 차를 장기간 주차를 할수가 없습니다 ㅠㅠ 집 근처에 버들공원 주차장이 있는데 여기에 장기 주차를 해도 될까요? 된다면 비용이 어느정도 발생할까요? 된다면 부천시에다가 말을 해야하나용? 차량은 레이 입니다.,1209140107, 28,2024.09.28
475901498,질문부천 원룸 싼 곳...,부천 원룸 싼 곳이 어디쪽일까요 또 그 쪽 시세는 얼마정도 될까요,120914, 59,2024.09.27
475888079,질문mj 컨벤션 스튜디오 주차는 몇 대까지 가능한가요?,안녕하세요. 결혼을 준비하고 있는 예비신부입니다. 저희가 양가 하객 인원이 많아서 주차에 대한 고민이 많습니다. mj 컨벤션 스튜디오가 주차장이 넓다고 하던데 여기는 몇 대까지 주차가 가능한지 알 수 있을까요?,120914, 33,2024.09.27
