﻿doc_id,title,question,region_id,views,question_date
477570522,질문반값택배가 집화센터에 도착을 안 해요,반값택배를 배송기사분이 새벽에 수령받으셨는데 다음날이 현재까지 아무런 바뀌는 게 없네요.. 이런 경우가 처음이라서 묻습니다! 분실이 된 걸까요..? 아니면 가끔 지체되는 건가요? 제가 옅에 시킨 반값택배들이 다 하루 뒤에는 집화센터에 도착해있어서 잘 모르겠습니다!ㅜ 분실되면 어떻게 해야하나요?,120911, 17,2024.11.06
477554208,질문경민대 기숙사,김포 사는데 경민대 기숙사 가능할까요..? 신입생 여자에요! 같은 경기라ㅠ 어려울까봐 가능성많이없으면 빨리 고시원 찾아보려구요,120911, 23,2024.11.06
477483848,질문김포시 농어촌 특별전형 질문이요,내년 중학교 가는 아이가 있어 김포로 이사를 가서 농어촌 특별전형을 받아보려 하는데요. 작년 말에 나온 뉴스에...김포시가 서울시로 편입되는 이야기 또 2030년 까지만 농어촌 특별전형을 유지한다는 말도 있고...그래서 2030년까지만 유지된다는 법이 확정된 것 인지요? 그렇다면 이사를 보류하려고 하거든요 아시는 분 답변 부탁드립니다~~,120911, 30,2024.11.06
477547989,질문5300번 버스,5300번 버스는 김포공항 안가고 인천공항만 가는거죠?,120911, 24,2024.11.06
477546814,질문선릉역에서 김포공헝,김포공항에 오전 6시 비행기라 5시30분까지는 탑승수속해여해서 5시까지공항가야하는데 가는 방법이 있을까요.. 대중교통 없죠.. 버스도없나용,120911, 22,2024.11.06
477525423,질문(최신) 중기청 질문,제가 김포 오피스텔을 중기청으로 들어가려고 합니다. 여기서 중기청 대출을 받을 때 김포지역 안에 있는 은행에서만 대출 받을 수 있나요? **서울(여의도합정등등)지점의 은행에서는 대출이 안돼는 건가요??,120911, 13,2024.11.05
477486420,질문김포 주변에 제일 가까운 위탁 교육 시설,3개이상 알려주세요!!,120911, 39,2024.11.04
477451977,질문김포 마송고,김포살지만 현재 학교가 일산이라 전학가고 싶은데 마송 사는 거 아니면 마송고로 전학 못가나요?,120911, 15,2024.11.03
477444650,질문풍무리버시티1단지 무인택배보관함...,풍무리버시티1단지 무인택배보관함 있나요? 보관기한은 몇주인가요? 시킬 게 있는데 집이 아닌곳으로 시키고 싶어서요 1단지 101102동 쪽입니다.,12091107, 13,2024.11.03
477368910,질문김포제일고 커트라인,내년에 고등학생 되는데 내신이 153인데 김포제일고나 운양 갈 수 있나요..?ㅠ,120911, 36,2024.11.03
477414448,질문김포제일고 입결,운양동에 있는 김포제일고등학교 수도권 대학교 입결정보 알려주세요 아무리 검색해도 안나오네요 (20242023년도),12091105, 21,2024.11.03
477394958,질문옹정초등학교 교가,저의 모교 <옹정초등학교>교가를 한번 들어보고 싶은데 홈페이지에 찾아보니깐 안나오고 혹시 옹정초 교가 들을수 있는 방법 있나요 ㅠㅠ??ㅠ,120911, 18,2024.11.02
477325747,질문도와주세요,안녕하세요! 저는 김포로 전학가는 고1 학생 입니다! 제가 지금 다니는 고등학교는 애들이 꽤나 공부를 잘해서 내신따기 어려운 상황입니다.. 이사가는 집 근처에 장기고와 운유고가 있는데요 학교 분위기도 잘 모르고 장단점도 잘 몰라서 두 고등학교가 그 지역에서 어떻게 평가되는 지 알고싶습니다! 김포에 거주하시는 분들이나 재학중이신 분들(잘 아시는 분 누구라도) 저 좀 도와주시면 감사하겠습니다!!!!,120911, 40,2024.11.01
477354514,질문김포제일고,중학교 가내신 183인데 제일고가서 내신 따서 수시로 가려면 어느정도 해야하나요?,120911, 20,2024.11.01
477325543,질문대곶사거리에서 마송고 가는 방법좀 알려주세요,버스타고 갈거에요,12091110, 13,2024.10.31
477320471,질문김포휴대폰성지 찾아요,김포휴대폰성지 있으면 알고 싶은데 정보가 없네요.. 어디서 알아보나요..? 싸게 사고 싶은데 어디서 사는게 나은가요??,120911, 44,2024.10.31
477157977,질문서울 김포 피시방 로고 질문,서울인지 김포쪽에 있는 피시방인데 ㅜㅜ 혹시 여기 이정도 로고만 보고 어디인지 아시는 분 있나요,120911, 31,2024.10.31
477301095,질문어머니 꿈 해몽 요청 - 흰색양복입은 아들 보는 꿈,어머니께서 큰아들인 제가 꿈에 흰색 양복을 입고 어머니를 뵙는 꿈을 꾸셨다고 합니다. 꿈 해몽 부탁드립니다.,12091111, 41,2024.10.31
477250313,질문김포 이음1 심야 버스,김포 운양동에서 홍대입구역으로 가려고 하는데 새벽 몇 시부터 몇 시까지 운행하는지 알수 있을까요? 1시에 운양동에서 타려고 하는데 가능할까요?,120911, 19,2024.10.29
477248283,질문김포하이패스센터 영업시간은 언제부터 언제까지인가요?,최근에 하이패스를 교체하려고 알아보는중인데 혹시 영업시간이 언제부터 언제까지인지 아시는 분이 계신가요? 네이버지도에 검색해봐도 안 뜨네요... 아시는 분이 계시다면 답변 부탁드려요!,120911, 21,2024.10.29
477233611,질문사업자등록 비과밀억제권역 질문입니다.,1. 비과밀억제권역인 (용인 김포 남양주 인천등)만 포함되는건지 그 외의 대구 대전 부산등은 비포함인지 궁금합니다. 2. 이전에 대전으로 사업자 냈다가 폐업한적이 있는데 (전자상거래) 청년혜택 못받는건지 궁금합니다,120911, 18,2024.10.29
477165014,질문시외버스터미널,김포에서 용인 가는 시외버스 타고 갈수 있나요? 있으면 시간이랑 예매 방법 뭐 그런거 알려주세요 자전거 탑승 여부도요,120911, 41,2024.10.29
477136834,질문김포 운양고 폰 제출...,김포 운양고 폰 제출 하나요?,120911, 33,2024.10.28
477195987,질문시외버스터미널,김포에서 용인 가는 시외버스 타고 갈수 있나요? 있으면 시간이랑 예매 방법 뭐 그런거 알려주세요 자전거 탑승 여부도요,120911, 13,2024.10.28
477176384,질문창문밖에 누군가 보고 있는 꿈해몽 해주세요 궁금합니다,꿈에서 창문밖에 처음에는 누군가 배달 왔나 했다가 그뒤로 계속 쳐다보더라구요 그래서 창문을 잠그려다가 못찾아서 못잠근거 같아요 그러다 조금 지나서 확인 해보려고 창문쪽으로 가니 집안에서 누군가 와서 저를 막더라구요 갔다고 보지말라고 그러다가 제가 갑자기 든 생각인데 할아버지예요 이렇게 말을 한거 같아요 그리고 꿈에서 이건 꿈이야 하면서 깼는데 뭘까요,12091111, 21,2024.10.28
477147091,질문에일린의뜰 야시장,오늘 김포 마산동 에일린의뜰 야시장 하는거 맞나요 ?,120911, 34,2024.10.27
477094733,질문브로드웨이,저도 뉴욕에 갔을 때 걸었던 기억이 나는데 그게 뉴욕에만 있나요? 캘리포니아 네바다 조지아 플로리다에서 못 본 거 같은데,120911, 30,2024.10.27
477093191,질문더 킹오브 파이터즈 98,제가 모바일 게임으로 하는데 거기 명인당 남캐들은 일견여구 여캐들은 일견종정 그래서 음식을 주면 레벨이 올라가서 일정 레벨 도달하면 여캐들은 워아이니 我爱你이렇게 생긴 글자 제가 중국어를 배워서 알아요 너를 사랑해 그 뜻이에요 근데 남캐들은 상견한만이라고 나오는데 상견한만은 도대체 무슨 뜻이에요？,120911, 30,2024.10.27
476999949,질문김포제일고 내신 160도 갈 수 있나요?,안녕하세요 커트라인이 어느정도 인가요? 160초반도 제일고 25학년도 입학 가능할까요?,120911, 29,2024.10.27
477075405,질문Danny흔함?,영어 쓰는 나라에서 Danny라는 이름 흔해요?,120911, 31,2024.10.27
477125832,질문김포중학교,김포 중학교 다 알려주세요 제발요 세글자 중학교엿는데 막 ㅇㅇㅇ 중학교엿어요 아닐수도잇는데 제발 김포 중학교 좀 다 알려주세여,120911, 31,2024.10.26
477120508,질문김포시 통진읍 쪽에 초등학교 많나요?,안녕하세요~ 김포시 통진읍쪽에 초등학교가 몇개정도 있을까요? 교습소를 하나 오픈할까 하는데 고민되네요. 아무래도 읍 이니까 별로 없겠죠?,12091108, 21,2024.10.26
477066701,질문탑시드 가능성 높은 나라,변수도 있고 해봐야 알겠지만 그래도 탑시드에 갈 나라들이 높은 나라들은 어디인가요? 개최국 3나라 이외에 5개 나라만요,120911, 31,2024.10.26
477104671,질문김포 하성고 내신,김포 하성고 작년 내신컷 어느정도였나요ㅠㅠ 190인데 어림도 없겠죠ㅠㅠㅠ,120911, 45,2024.10.26
477099781,질문김포 우체국은 토요일날 배송 안하나요?,6321501166086 왜 배송출발을 안할까요 고촌인데 저번에도 토요일날 일찍 도착한거 배송 안해줘서 월요일날 받았는데 진짜 어이가 없네요 김포우체국,120911, 19,2024.10.26
477094999,질문메뚜기 꿈 해몽좀,저는 20살 여자입니다. 생일이 필요하다면 알려드리겠습니다. 꿈의 앞부분이 기억나지 않습니다. 장소는 누군가의 가정집입니다. 굉장히 넓었고 과거 집 말고 다른 용도로 쓰였다고 했는데 지금은 그냥 집으로 쓰이고 있다고 했습니다. 친할머니와 아이들과 함께 있었습니다. 아이들은 처음보는 남자 아이였고 두세명 정도 있었습니다. 저는 화장실이 급해 화장실에 들어갔는데 화장실이 2중 문으로 되어있었습니다. 반투명한 유리문과 그냥 나무문인데 처음에 제가 유리문만 닫고 볼일을 볼려고 하자 친할머니가 질겁을 하며 나무문을 닫아주셨습니다. 그런데 갑자기 장소가 바뀌면서 정말 긴 방으로 바뀌었습니다.(화장실도 정말 가정집치곤 넓었습니다.) 밝았던 분위기는 어두워지고 집은 잘 분위기가 되어 모두 잠자리에 들고있었어요. 방에 불은 모두 꺼지고 창 밖으로 들어오는 불빛과 텔레비전의 빛이 보였어요. 제가 방의 한쪽 끝이 있었는데 반대편은 잘 보이지 않았습니다. 아이들은 사라지고 정말 늙은 할아버지가 소파에 누워있었습니다. (제기억에는 친할머니의 가족쯤 되는 사람이었는데 누군지는 자세하게 기억나지 않습니다.) 그 할아버지는 죽은 듯 누워있었습니다. 그 옆에 친할머니도 누워계셨습니다. 친할머니가 할아버지가 계신 소파옆에있는 소파? 침대에 누워계셨습니다. 저는 그 아래 누웠었고 제 옆에는 모닥불? 같은게 있었어요. 저는 이불을 덮고 편안하게 잠을 자려고 했어요 친할머니가 갑자기 작고 나른한 목소리로 메뚜기다 라고 하셨습니다. 이 전에도 일반 가정집인데 메뚜기가 있다고 말씀하신적이 있었습니다. 할머니 메뚜기가 있는거 어떻게알아요? 할머니 메뚜기가 자꾸 보여요? 제가 이렇게 말했어요. 제가 의도한건 할머니 이전부터 자꾸 메뚜기를 봤다고 말씀하셨는데 자꾸 잘못보시는거 아닌가요? 이거였는데 자꾸 말이 헛나와서 할머니가 알아듣지 못하셨습니다. 그런데 진짜 갈색 메뚜기가 나타났어요. 생긴건 메뚜기보다 곱등이나 여치였는데 꿈 속의 저는 그게 메뚜기라고 화신하고있었어요. 꿈에서는 감정이 좀 고조되어 느껴지잖아요. 메뚜기를 보자마자 지금까지 느껴본적 없는 공포에 시달렸습니다. 뒷목이 저릿해지고 온 몸이 경직되고 아무튼 너무너무너무 무서웠어요. 근데 그것이 갑자기 저를 쫓아오기 시작했습니다. 메뚜기를 피하려고 열심히 도망다녔습니다만 계속 제자리를 빙글빙글 돌았습니다. 저는 메뚜기를 피하기 바쁜데 어르신 두분께선 누워있던 자세 그대로 편하게 누워계셨습니다. 제가 메뚜기라 그랬지만 여치초럼 생겼다고 했잖아요. 갑자기 눈 앞에 여치의 얼굴이 천천히 그려지기 시작했습니다.다 그려지기 전에 깨어났어요. 개꿈같지만 메뚜기가 죽음과 연관되어 있을 수도 있다는 생각에 올려봅니다. 왜 이런생각을 했냐면 정말 예전에 비슷한 꿈을 꾼적 있습니다.메뚜기는 나오지 않았지만. 7살무렵 꾼 꿈이었고 외할머가 돌아가실때쯤 꾼 꿈으로 기억합니다. 엄마큰이모 2살차이나는 여동생과 이모의 둘째 딸과 제가 있었어요. 그때 할머니가 추모공원에 안치되셨었는데 꿈속의 그 장소도 추모공원 쯤으로 저에게 인식되었습니다. 건물 내부는 정말 방대하게 넓었습니다. 7층 높이정도 되어 보이는 천장에 운동장 만한 넓이였고 건물의 바닥은 매끈한 흰 돌이었습니다. 정말 탁 트이고 밝은 분위깅 건물이었습니다. 건물 내부에는 공원이 하나 있었어요. 정말 넓디 넓고 끝이 보이지 않는 넓은 공원. 연못이 있고 수풀이 빼곡하게 자라있었고 군데군데 나무가 있었습니다. 그곳에 들어가려면 유리문을 열고 들어기서 성인 남성키보다 약간 더 높은 작은 절벽 속으로 떨어져야 했습니다. 같이 가던 일행이 저를 그곳에 던져버리고는 뒤도 안돌아 보고 떠났습니다. 7살이었던 저는 당연히 작은 절벽을 올라갈 힘이 없었습니다. 천천히 사라지는 뒷통수를 향하여 열심히 소리쳐보았지만 목소리가 나오지 않았어요. 저는 너무나도 슬펐습니다. 공원 안으로 향하였습니다. 정자? 같은 건물 내부로 들어갔습니다. 현대식 노인정 같은 분위기였고 실제로도 어르신들이 많이 계셨습니다. 이분들과 같이 살아야겠다 라는 생각이 들어서 일단 안으로 들어갔습니다. 수많은 노인들을 지나 어느 한 분이 저를 보고는 소스라치게 놀라셨습니다. 외할머니셨습니다. 외할머니는 저를 보고는 단호하게 여기서 나가라고 하셨습니다. 몇번이고 여기서 나가라며 말했고 저는 그자리에서 꿈에서 깨어났습니다.(외할머니 옆에는 외할머니의 어머니가 계셨었어요) 꿈에서 깨어난 후 방금 꾼 꿈과 7살때 그 꿈이 같은 장소이서 이루어졌다 라고 생각했습니다. 다른 점은 친할머니와 그 할아버지는 아직 돌아가시지 않았다는 점입니다. 같은 장소라고 생각했는데 분위기도 완전 달랐고 제가 말했던 것 처럼 예전에 다른 용도로 쓰였던 가정집이었습니다. 기억나는대로 적었습니다. 주작 아니라 ㄹㅇ입니다. 뜨문뜨문이지만 가위에 자주 눌려봤고 어릴적 몇번 귀신을 본 적 있습니다. 최근에도 비슷한 걸 봤던 것 같은데 제대로 확인하지 않았습니다. 지금도 제 방에 귀신이 있다고생각하고있습니다. 더 필요한 정보가 있다면 질문해주시고 진지하게 답변 부탁드립니다.,12091111, 29,2024.10.26
477067869,질문포도주 주요 수출국은 아니지만,요즘 포도주를 보면 옛날부터 해왔던 프랑스 이탈리아 칠레 그 다음에 부쩍 치고 올라오는 아르헨티나 미국이 많은데 스페인도 와인이 많이 나오나요? 스페인산도 있긴 있던데,120911, 21,2024.10.25
477066876,질문오늘은 독도의 날,중국에 있지만 우리나라 사람이라 독도는 일본을 주면 절대로 안 되죠 일본한테 그냥 대마도 주고 독도는 우리가 지켜야 합니다 대마도를 주는 게 낫죠?,120911, 38,2024.10.25
477065014,질문사이드킥 게임,제가 중 1때 우리나라 남아공 상대였는데 11:10으로 아깝게 져서 오늘 했는데 남아공이 나왔는데 4:1로 이겼는데 프랑스가 복수해줬는데 우리나라 안 한게 아쉽지만 프랑스로 복수하는 건 괜찮죠? 일본이나 중국이 해주는 것보다는,120911, 23,2024.10.25
476973071,질문풍무고등학교 정시 수시,1. 김포로 전학하게 되었는데 수시가 엉망이라 정시로 대학교를 갈 생각인데요 김포고 풍무고 사우고 중에서 정시로 학교를 더 잘 보내는 학교나 학교 분위기 좋은 학교 추천해주세요 2. 그리고 현재 살고 있는 지역이 평준화 지역인데 김포는 비평준화 지역이라 공부 수준이 많이 차이가 심할까요??,12091107, 39,2024.10.24
477036543,질문청소년 김포 공항 청소년 제주도,내일 제주도를 가는데 학생증청소년증 아무것도 없어요 아침 10시 비행기라는데 학교 선생님이 그 공항에서 지문 등록하라는데 저 혼자 아무것도 없이 할 수 있나요? (주민등록번호는 다 알아요),120911, 28,2024.10.24
477030940,질문김포점집신선당운세사주 예약 어떻게 하나요?,이번에 운세사주를 보러 김포 점집 신선당에 예약을 하고 싶은데 방법을 알려주세요. 예약 가능한 전화번호나 예약 방법 그리고 운영 시간 등 자세한 정보를 공유해 주시면 감사하겠습니다.,120911, 24,2024.10.24
477030733,질문김포점집오색당신점 예약 어떻게 하나요?,이번에 점을 보러 김포 점집 오색당 신점에 예약을 하고 싶은데 방법을 알려주세요. 예약 가능한 전화번호나 예약 방법 그리고 운영 시간 등 자세한 정보를 공유해 주시면 감사하겠습니다.,120911, 19,2024.10.24
477030173,질문김포점집햇님당용한점집 예약 어떻게 하나요?,이번에 점을 보러 김포점집 햇님당 용한점집에 예약을 하고 싶은데 방법을 알려주세요. 예약 가능한 전화번호나 예약 방법 그리고 운영 시간 등 자세한 정보를 공유해 주시면 감사하겠습니다.,120911, 16,2024.10.24
477017271,질문김포 장소대여할만한곳 추천좀부탁드려요,저희가 100여명 대상으로 설명회를 할예정인데 장소 대여할만한곳이 있을까요?ㅠ 저럼한곳이면 좋을것같습니다!,120911, 23,2024.10.24
476897897,질문강서구 김포 차이점?,강서구는 서울 김포는 경기도 그런데.. 그렇다고 동네 차이점도 클까요? 서울에 전세로 계속 버티며 살고 있지만 이제 그만 떠돌아 다니고 싶어서요 강서구 알아봤더니..후덜덜 하더군요. 김포or 인천 생각중인데.. 김포 알아보니 가격은 적당한 것 같아서요 깅서구 김포 인천 동네? 수준? 차이점 환경 좀 알려주실 분 계실까요? 1~2년안에 결혼하면 이쪽을 고려해 보려고요,120911, 51,2024.10.22
476941909,질문미성년자 배달 가능한 일반대행 업체 (김포),현재 18세 (만 17세) 미성년자인데 전기자전거로 배달하고 있습니다 혹시 김포에 가입 가능한 일반대행 업체 있을까요,120911, 21,2024.10.22
476933315,질문꿈해몽해주세요,제가 헛소문이 났다가 어떤 친구가 헛소문을 다시 풀어줬는데 이게 무슨 꿈인가요…,12091111, 15,2024.10.22
476882953,질문급해여 채택빠름 에이블리,김포살고 내일 월요일오전에 에이블리 샥출발하면 언제쯤 도착일까요?,120911, 20,2024.10.20
476876003,질문김포에 있는 고등학교,제일고장기고운양고운유고 어디가 제일 내신이 쉽나요? 순위해줏에여,120911, 21,2024.10.20
476852759,질문이것뭐예요?,아마 김포 방향같은데 먹구름같지는 않고 좀 시커먼 뭉탱이거든요,120911, 46,2024.10.20
476841118,질문lh청약 김포 경쟁률2.5대1 가능할까요?,구래동 나비3단지 2.5대1 나왔는데 1순위에 넣었습니다. 과연 될까요?,120911, 21,2024.10.19
476838984,질문김포에서 서울역까지 가는 버스 M6117 질문있습니다.,평일에 뉴고려병원에서 아침 8시에 버스타면 앉을 자리가 있을까요? 그리고 홍대입구역까지는 얼마나 걸리나요?,120911, 33,2024.10.19
476794417,질문김포 전학,학교에서 안 좋은 소문이 퍼져서 힘들어서 중간고사 보고 전학을 가려고 하는데 1. 이모집이 김포인데 주소 옮겨서 부모님은 서울에서 살고 저만 이모집에서 살면 전학갈 수 있나요?? 2. 김포 중학교 중에 과밀 아닌 데 있나요?? 3. 풍경마을래미안에서 가까운 중학교 어딘가요??,120911, 29,2024.10.19
476715345,질문김포제일고등학교 갈 수 있을까요?,165정도 되면 김포제일고등학교 갈 수 있나요? 진짜 너무 제일고를 가고싶어요..,120911, 137,2024.10.19
476809868,질문감정동 홈플러스 운동화 세탁,감정동 홈플러스에 운동화 맡기는곳 있나요? 위치 알려주세요,12091101, 23,2024.10.19
476799208,질문김포공항 주변 남자고등학교,김포공항 주변지역이나 주변에 있는 남자고등학교 몽땅 알려주새요 제발요 ㅠㅠㅠ,120911, 16,2024.10.18
476788391,질문김포 81-1차고지,분실물 찾으러 차고지에 가려고 하는데 어딘지 알 수 있을까요? 차 타고 가려고 하는데 찾아봐도 안 나와 있어서요... 아까 차고지에 전화도 했는데 그냥 버스 타고 차고지에 오라고만 하셔서 주소 궁금해서 물어요. 다시 전화드리기도 좀 그래서요,120911, 24,2024.10.18
476758747,질문사우 사거리에서 왜 이럴까요??,왜 사우동 시청 쪽에서 밤 마다 차량으로 배기음 시끄럽게 부앙 거리는 거에요? 지금 계속 밤 9시에서 10시 사이에 계속 그러네요. ;(,12091104, 29,2024.10.17
476731348,질문경기도 김포시마산동 질문,나이도 나이인지라 결혼준비도하고 집을 구해야하는데 전세로 구하려루요 예산은 1억3천까지 장기동이나 구래동 운양동 이런곳은 직방으로 알아보면 집이 거의 없거나 맘에 들지가 않더라구요 그래서 마산동을 봤는데 집도 많고 진짜 엄청 이쁜 집들이많아요 맘에 드는 집 몇군대 찜해놨는데 주변 로드 뷰 보면 걍 원룸 촌같은 건물만있고 암것도 없더라구요 마산동은 죽은 동네라던데 주변에 암것도 없나요? 현재 양촌읍 LH살고있는데 차로 5분만 나가면 구래동이라서 볼것도 먹거리도 많거든요 마산하고 구래동까지 차로 20분정도 걸리구요 왜 마산동은 매물이 좋은게 많은데 안나가는거죠? 마산은 가본적이없어서 비추 인가요?,120911, 22,2024.10.17
476621368,질문김포세종헤르메스 오피스텔 평면도 실측,김포 세종 헤르메스 살고계시는분 평면도에 나와있는 가로세로 실측 사이즈 좀 알려주세요......,120911, 23,2024.10.16
476649479,질문w52 김포 대형 카페 맥주도 판매하나요?,w52 김포 대형 카페를 가려는데 야외 테라스도 있고 메뉴도 다양해서 저녁식사로 방문할 예정입니다. 혹시 카페 내에 술도 판매하나요? 생맥이나 와인이 있는지 정보 좀 알려주세요.,120911, 16,2024.10.15
476612908,질문비린내.. 뭔가요,김포인데 안개도 많이 끼고 밖에서 비린내가 나요. 수산시장 가면 나는 그냄새요.. 뭔일 나는거 아니겠죠..?,120911, 22,2024.10.14
476611347,질문김포 구래동 입주청소 청소 홀릭 가격 얼마인가요?,이번에 김포 구래동으로 이사를 가게 되었는데 입주청소 업체를 알아보다가 청소 홀릭이라는 곳을 알게 되었습니다. 혹시 청소 홀릭에서 입주청소를 해보신 분들 중에 가격이 어느 정도였는지 알 수 있을까요?,12091115, 20,2024.10.14
476603930,질문경기도 김포시 구래동 하수구 막힘 업체 추천되나요?,원룸에 살고 있는데 집이 오래되어서 그런지 하수구가 막혔습니다. 업체를 불러야 할 것 같은데 경기도 김포시 구래동 하수구 막힘 잘 뚫는 업체가 있다면 여러 곳 추천 부탁드립니다.,120911, 39,2024.10.14
476505303,질문사우고등학교 질문,중3 학생인데용.. 고등학교를 일반고로 가려고 해서 김포 사우 풍무중에 어딜갈까 하다가 사우고를 가기로 결정햇어요 근데 사우고등학교에는 봄방학도 잇다고 그러던데 진짠가요?? 그리고 교복은 어떤지 알려주세요ㅠㅠ 핸드폰이나 패드같은거 다 걷나요??,12091104, 50,2024.10.13
476450174,질문에어팟 한쪽,에어팟 왼쪽 잃어버렸는데 나의 찾기 켜봤는데 나오지도 않고 에어팟 열면 저렇게 뜨는데 무슨 경우인가요..? 집에서 잃어버렸어요 급해요ㅠ 채택 바로 해드립니당,12091111, 36,2024.10.11
476437004,질문동물원의 내실,동물원의 동물들은 내실이 있는데 초식동물인데 2톤이 넘는 코뿔소 5톤~6톤까지도 나간다는 코끼리 이러한 큰 동물들은 내실도 넓겠죠? 몸집이 크니까 (코뿔소가 몸집이 생각보다 크더라고요),120911, 25,2024.10.11
476399712,질문게임이라서 그런지 모르겠지만,게임이라서 그런 거 같은데 원래 승부차기는 다섯번인데 98테크모 월드컵 제가 잘하는 독일이나 브라질로는 7탄쯤에서 한번 하지 페널티킥까지 잘 안 가지만 제가 가끔 하는 해서 조금 잘하는 나라들 중 하나인 프랑스와 일본으로 전부 다 4탄에서 승부치기로 프랑스로는 네덜란드 승부차기 3:2 일본으로는 스페인 승부차기 2:1 근데 그거는 플레이어가 넣고 컴퓨터가 못 넣는다거나 플레이어가 못 넣고 컴퓨터가 넣으면 끝나던데 그건 게임이지 98년도 월드컵에서도 승부차기 실제로는 5번 다 찼죠?,120911, 35,2024.10.10
476440440,질문이번에 김포에서 열리는 라베니체축제기본정보 아시나요?,이번에 김포에서 라베니체 축제가 열린다는 소식을 들었습니다. 프로그램 등 기본 정보를 아시나요? 더불어 라베니체 축제 일정은 언제부터 언제까지인지 궁금하고 자세한 정보 공유해 주시면 감사하겠습니다.,120911, 31,2024.10.10
476439360,질문김포 라베니체 축제 기본 정보 좀 알 수 있을까요?,김포에 라베니체 축제를 주말에 한다고 해서 가족들과 가보려고 합니다. 어떤 축제인지 궁금한데 축제 타임 테이블 및 기본 정보 좀 알 수 있을까요? 또 축제라서 주차에 어려움이 있을 것 같은데 주차 꿀 팁도 좀 알려주시면 감사하겠습니다.,120911, 22,2024.10.10
476438876,질문김포 마사지 바른몸수기관리센터 골반 교정도 되나요?,제가 골반이 많이 틀어져 있는데 일상생활에 불편함이 느껴져서 교정을 받으려고 합니다. 찾아보니 김포 마사지 바른 몸 수기관리 센터가 유명해서 가보려는데 여기 골반 교정도 되나요? 비용은 어떻게 될까요?,120911, 32,2024.10.10
476429996,질문만약 군대가 28개월이면,지금이 딱 적당하다고 생각하지만 만약 28개월 14개월이면 상병이 되고 22개월 병장되나요?,120911, 23,2024.10.10
476423373,질문김포제일고랑 솔터고,위 두 학교 중 어디로 진학할지 고민중입니다 가내신은 175정도 나옵니다 어디가 더 내신 따기 쉬울까요? 대학교를 학종으로 가려는데 생기부 채우는데에 있어서 시스템이 더 잘 되어있는 학교는 어딘가요? 내신이 180 후반대인 친구들은 어디 학교로 많이 갈까요? 180 후반대인 친구들과 있을 때 어디 학교가 더 승산있나요?,120911, 44,2024.10.09
476407853,질문김포 현대아울렛 불꽃축제는 매주 주말에 진행되나요?,김포 현대아울렛 불꽃놀이는 매주 주말에 진행되나요? 10월에는 몇시에 시작하나요?,120911, 437,2024.10.09
476401857,질문김포 장점,대학교 과제인데 김포 장점 알려주세요,120911, 31,2024.10.09
476385769,질문김포공항 전자담배 들고가도 안 걸릴까요,다음주에 제주도로 수학여행 가는데 전자담배를 챙길까 하는데 들고 타면 된다곤 하는데 직원분들이 말하거나 하진 않겠죠??,120911, 23,2024.10.09
476341579,질문공항에서 봤는데 남돌 누구에요?,누군가요 ...? 오늘 김포공항에서 자만추했는데 넘 잘생겼어요 ... 알려주세용,120911, 62,2024.10.08
476332886,질문수학여행 김포공항,제가 16일날 수학여행으로 제주도를 가서 김포공항을 5시까지 가야합니다 근데 제가 5시까지 도착 못할거 같아 처음에는 캡슐호텔에서 잘려고 했는데 김포공항은 캡슐 호텔이 없다고 하고 그래서 그냥 김포공항 의자에서 잘려고 할려했는데 친구 한명이 김포공항은 밤에 문을 닫는다고 해서 고민입니다 근데 제가 네이버로 김포공항 밤에 문을 여는지 찾아보고 했는데 잘 안나와서 질문드립니다 김포공항 영업시간이 어떻게 되나요?,120911, 20,2024.10.07
476323452,질문김포 고등학교 추천 !,김포로 이사가는데요 솔터고 김포제일고 양곡고 운유고 중에 어디 갈까요 ㅠㅠ ?,120911, 39,2024.10.07
476316748,질문장기동에서 구래동,장기역에서 구래동을 아침6시까지 가야하는데요.. 버스가 없어서 9000번이라도 타고 가려고 하는데 첫차가 장기역까지 4:29분에 오더라고요 혹시 이다음에는 몇시에 오나요? 이 버스 아니더라도 6시 이전에 구래동 도착하는 버스가 있을까요?,12091115, 22,2024.10.07
476316189,질문장기역 근방에서 구래역,아침 6시까지 구래역을 가야하는데 장기역 지하철 첫차가 5:52분이여서요 구래역까지 꼭 안가더라도 그 근방까지 가는 버스 없을까요? 아침 6시 전까지요 ㅠㅠ,120911, 19,2024.10.07
476308619,질문김포 구래동 1488 입주청소 업체 어디가 좋나요?,김포 구래동 입주청소 업체 중 추천할 만한 곳이 있다면 알려주세요. 이번에 구래동 입주청소가 필요한데 보통 주로 어떤 곳에서 많이 이용하시나요? 양심있고 전문적인 청소 업체라면 좋을 것 같아요.,12091115, 38,2024.10.07
476305888,질문김포 하나로교회 1027모셔오기대축제 아시는 분?,안녕하세요. 저희는 신혼부부이고 얼마 전 김포 걸포동으로 이사를 왔습니다. 다니던 교회가 있는데 위치가 서울이라 매주 나가기엔 거리가 조금 부담이 되어서요. 김포한강신도시(장기동 인근)에서 다닐만한 괜찮은 교회를 찾고 있습니다. 최근 김포하나로교회 1027모셔오기대축제 와보라는 지인 권유가 있어서 한 번 나가보려고 생각하고 있습니다. 다니시는 분이나 잘 아시는 분 있으시면 교회 분위기 좀 알려주심 감사하겠습니다~ 꾸벅(_ _),120911, 497,2024.10.07
476282381,질문시내버스 신고,김포 시내버스 어떻게 신고 합니까 정류장이 신호등이랑 가까이 있는데 그 신호 끊기기 전에 가겠다고 ㅈㄴ게 밟고 정류장은 개무시하고 가시던데 두 번째라 이번은 못 넘어가겠네요 잡아 죽일려고 다음 정류장까지 뛰어갔지만 바로 앞에서 놓치는 바람에 신고만 할려고 합니다,120911, 24,2024.10.06
476237155,질문경기도 김포시 장기동 비평준화 공부안하면 고등학교 어디,비평준화 지역에서 사는 중학생인데요 공부안해서 내신이 낮아서 가까운 고등학교 못갈거 같은데 멀리 간다면 어느 지역까지 가게되나요? 일산인천 까지 가게된다고 하는데 맞나요? 이사는 못가는데 만약에 인천일산으로 고등학교가 배정된다면 매일 버스타고 학교 등교할수있을까요? 현실적으로 불가능일까요? 인천일산이면 교통수단 이용해서 등교한다면 하루에 대충 얼마씩 지출이생길까요? 꼭 이사를 가야할까요?,120911, 39,2024.10.05
476206585,질문비행기 소요시간,김포국제공항에서 제주도까지 얼마나 걸리나요?,120911, 38,2024.10.04
476203447,질문구래동 인생네컷,구래동에 인생네컷 사라졌나요? ㅠㅜㅠㅠ,12091115, 34,2024.10.04
476192116,질문아파트 추위 이유 아실까요?,안녕하세요 김포에 20층정도되는 아파트 2층에 거주중입니다. 요새 날이 많이 풀려서 기온이 내려갔는데 너무 춥게 느껴지더라구요 나가면 오히려 따뜻해요. 실내온도는 22도 정도 나오고 실외도 비슷하긴 합니다. 외풍은 없구요. 저희 집 특징 때문에 춥게 느껴지는건지 궁금합니다 1.바닥이 강마루여서 2.저층이라서 3.산 밑이라서(걸어서 510분 정도면 오를 작은 동산) 4.통창이여서 5.남서향 이라서(거실기준) 혹시 이중에 실내 온도 대비 춥게 느껴지는 이유가 있을지 궁금합니다.,120911, 28,2024.10.04
476160401,질문김포공항역 5호선,골드라인타고 김포공항역까지 갈건데 거기서 5호선 타려면 어디로 가야하나요?,120911, 35,2024.10.03
476028338,질문저녁메뉴추천,저메추해주세용,12091115, 39,2024.09.30
476022435,질문영종도 김포공항 택시,새벽 4시쯤에 영종도에서 김포공항 가는 택시가 잘 잡힐까요?,120911, 28,2024.09.30
475985816,질문김포 구래동이 김포에서 제일 번화가 인가요?...,김포 구래동이 김포에서 제일 번화가 인가요? 아닌가요?,120911, 23,2024.09.29
475894653,질문골드라인 사우역은  몇층인가요,전체지하층수 지상층수가궁금합니다,12091104, 29,2024.09.27
475850932,질문김포공항 면세점에 로라 메르시에 매장 있나요?,로라 메르시에 입점 했나요? 아님 제주공항이나..,120911, 23,2024.09.26
475802797,질문운양고김포제일고 사우고,가내신 185인 중3입니다 운양고가 제일 가깝긴 한데 요즘 공부 잘 하는 애들도 많이 간다고 해서 고민입니다 어디가 좋나요?,120911, 78,2024.09.25
475729714,질문야자매트시공,경기도 김포시 대곶면 쇄암리 낮은 임야에 위치한 가족납골묘 주변에 야자매트를 시공해 주실 업체분들의 대강의 견적을 받아보고 싶습니다. 넓이 : 약 가로 12미터 세로 10.3미터 도로에서 자동차로 5분 오르막길 위차.,12091110, 20,2024.09.25
475798242,질문여주에서 태평터미널 버스,여주에서 태평터미널 가려고 하는데요 혹시 밤에 10시30분 차나 아니면 10시 차 있어요?,120911, 20,2024.09.25
475792422,질문성남에서 김포공항 버스시간표,김포공항 홈페이지에서 찾았는데 이 시간표는 김포공항에서 출발하는 시간표같은데 반대로 세이브존에서 출발하는 시간표는 따로없는건가요?,120911, 29,2024.09.25
475760597,질문걸포북변역 우미린 언제 입주 가능한가요?,안녕하세요. 25년~26년 결혼 예정인 예비부부입니다. 저희가 출퇴근을 생각하여 걸포 북변 역 근처로 신혼집을 마련하고자 하는데 우미린 파크가 공사중이더라고요. 기왕이면 신축에서 시작을 하고 싶어서 질문드려봅니다. 여기는 언제부터 입주 가능한지 알려주시면 감사하겠습니다.,12091103, 31,2024.09.24
