﻿doc_id,title,question,region_id,views,question_date
477370529,질문태안여고에 대해 알려주세요.. 중 1입니다,1. 급식은 맛있나요? 2. 학폭은 잘 일어난다고 하던데 분위기 기싸움 등 괜찮나요? 3. 현재 중1인데 중하위권입니다 들어갈수 있을까요? 4. 만약 들어간다면 그곳에서 잘 할수는 있을까요? 5. 학생들 성적이 못하는 편인가요? 6. 만약 성적이 잘 나온다면 그곳에서 중앙대 갈수 있을까요? 7. 기숙사 방 운영 방법 방 구조 어떻게 되어있나요? 8. 학교 시설 뭐가 있나요? (좋은지도 알려주세요) 9. 교복 이쁘다고 하던데 진짜인가요? 10. 동아리 종류는 뭐가 있나요? 11. 태안여고 들어가기 위한 커트라인이 대산고보다 높나요? (안 높다면 얼마정도 되는지 알려주세요ㅠ) 답변 부탁드려요!,121515, 30,2024.11.03
477370566,질문태안 버스 질문 급급,태안 동문5리 태안여중 앞에서 소원 등대산 버스 정류장으로 바로 가는건 없나요? 터미널에서 가는거 말고 태안여중에서 바로 등대산으로 가는거요ㅠㅜ,121515, 17,2024.11.01
476586647,질문태안에서 서울이사가는데요사다리차 어떡해불러야하나요,안녕하세요 궁금한게있는데요 11월21일 이사하는데요 태안에서 서산은 사다리차가능하다하는데요 태안에서 서울로부른는 이사사다리차 따로불러야한다하네요 서울이사 사다리차 불러야하나요? 서산 사다리차 불러야하나요 ? 21일서울로 이사가거든요,121515, 26,2024.10.13
476555509,질문서 태 안흥전철은.......?,서산 태안 안흥 전철계획선이 두개 쌍으로 그려있는데 여기 지역인들은 언제쯤 전철을 타볼 수 있을까요?,121515, 21,2024.10.13
476387564,질문태안 수샤시장 추천부탁드립니다.,태안 남당항 거쳤다가 숙소갈건데 남당항은 비쌀거같고 조개 꽃게 살건데 가장큰 시장이나 괜찮은 시장있으면 추천부탁드립니다. 항별로 시장이 쪼개져있어서 잘모르겠어요.,121515, 25,2024.10.09
476266810,질문태안읍에 흉가있나요?,친구들하고 흉가체험 할려는데 태안읍에 흉가있나요?,12151502, 24,2024.10.06
476237717,질문태안공영터미널에서 학암포로 가는 버스,태안공영터미널에서 학암포까지 가는 시내 버스가 뭐가 있나요? 네이버 지도에선 농어촌 300 301 302번 버스만 뜨는데 찾아보니까 300번대 버스는 또 학암포까지 다 가는 것 같더라고요 배차 간격 시간표랑 같이 알려 주세요,121515, 24,2024.10.05
476213964,질문태안-서산 택시,태안에서 서산을 택시타고 넘어가려고 하는데 네이버 지도에서는 13분정도가 걸린다고 해요 그렇게 먼 거리는 아닌거 같은데 택시비가 예상 3만원이 넘게 찍히더라고요 이거 왜 그런거에요?,121515, 29,2024.10.04
476081853,질문태안질문요,경기도 광주에서 태안가기전 혹시 어디 들릴만한곳이 있을까요??? 중간에 갈곳있다면 태안가기전 잠깐 들렸다가 펜션가려구요,121515, 32,2024.10.01
475920419,질문해루질 물때 시간,물때는 알려주세요 아이와 해루질 가려는데 물때를 잘몰라서요,12151501, 40,2024.09.28
475861195,질문태안 놀러가는데,남자친구가 다른사람 만나고 싶다며 찼거든요 ㅎ ㅅㅂ ㅜ 헌팅 잘되는 곳 있나요,121515, 24,2024.09.26
475765492,질문505 캠핑장 방갈로 예약 방법과 가격 어떻게 되나요?,505 캠핑장 방갈로 예약 방법과 가격이 궁금합니다. 아이들과 함께 캠핑을 즐기고 싶은데 텐트에서 자는 것은 불편할 것 같아 방갈로를 예약하려고 합니다. 505 캠핑장은 충남 공주에 위치하고 있으며 대형 온수 수영장과 사계절 썰매장 평상대여 밤 체험 깡통 열차 등 다양한 운영을 하고 있다고 들었습니다. 또 주기적인 이벤트성 행사가 계절마다 다른 콘셉트로 진행되어 아이들이 즐길 거리가 많다고 하여 예약을 하고 싶은데 예약 방법을 잘 모르겠습니다. 또 방갈로 가격은 얼마인지 예약은 언제부터 가능한지도 알려주시면 감사하겠습니다.,121515, 29,2024.09.24
475445799,질문서산에서 태안 가려면,서산에서 태안가려면 시내버스를 타야하나요 아니면 시외버스를 타야하나요 티머니고로 보는데 서산에서 태안가는 시외버스가 없더라고요 9월18.일에 갈건데 혹시 시간표 있으신분 시간표도 주세용,121515, 130,2024.09.17
475427864,질문태안여고에 무슨 무슨 과 있나요?,1.태안여고 갈껀데 무슨 무슨 과가 있는 지 궁금해요 2.태안여고 장단점 3.기숙사 어떤지,121515, 15,2024.09.16
475267097,질문서울에서 태안,이번주 14일 토요일에 서울에서 태안으로 고속 타고 내려가는데 많이 막힐까요? ㅜㅜㅠ 걱정이네요,121515, 38,2024.09.12
