﻿doc_id,title,question,region_id,views,question_date
477526255,질문가온고 분위기 어떤가요?,제가 원래 안여 갈려했는데 내신이 좀 안될 거 같아서 가온고 갈려하는데 기숙사는 필수 아닌거죠? 분위기는 어떤가요 답변해주시자마자 채택 가능,12021801, 16,2024.11.05
477241945,질문부산 기장에있는 문화센터,13개월 아기가 다닐만한 문화센터가 기장에 어디에 있을까요? 정관 홈플러스 가봤는데 정관까지 안가도 기장에도 많을것 같은데 교리에도 있나요?,12021801, 17,2024.10.29
477067802,질문기장시장 저녁에도 해산물 파나요?,기장시장 대게 집들 근처에 해산물 파시는 할머니들 저녁에도 판매하시는지 궁금합니다! 퇴근하고 저녁거리 장보러 가려하는데 기장시장은 처음 가봐서요~ 가리비 먹고싶어용,120218, 35,2024.10.25
476972123,질문대구 죽전초등학교 근처,삼성 아파트 일광 아파트 대구 죽전 그린빌 와룡 빌라 에일린의 뜰 영남 주택 용산 자이 동화 로즈빌 아파트 성창 아파트 청실 아파트 제외한 쓰리룸 집은 어디인가요?,12021803, 31,2024.10.23
476782857,질문기장 명례산업단지 버스,명례산업단지 쪽에 일을 하러가게됬는데 버스 187번 한대밖에 안다니고 시간도 너무 길어서 불편하더라구요.. 혹시 또 다른버스는 없나요??? ㅜㅜ 동래쪽에 살고있습니다,12021801, 118,2024.10.18
476729385,질문안녕하세요 아홉산숲을 가려고합니다,아홉산숲을 가려고 하는데 아홉산숲 갔다가 다시 기장으로 이동시 택시를 타려고 하는데 근방에서 택시가 잘 잡히나요?,12021801, 23,2024.10.17
476490090,질문기장시장 고등어회 파는곳 있나요?,세꼬시횟집에선 메뉴에 없던데 회센터안에 파는가게 있어요?,120218, 30,2024.10.11
476344793,질문부산 기장 근처 혼밥가능한 맛집 추천 해주세요,기장에 잠시 머물게 되었습니다.이왕 온거 맛집이나 탐방하자해서 계획을 잡아보려는데 저 혼자 기장온거라 아무래도 혼밥이 가능한 맛집을 찾아야 될거 같습니다. 커플들이 자주 갈 그런 분위기도 안되고 웨이팅 있는곳도 좀 힘들거 같습니다.안가리고 잘 먹긴 해서 일단 메뉴는 뒷전으로 하고 추천 해주셔도 좋습니다. 정관안됩니다. 기장읍.일광읍.대변. 죽성 요정도 거리내에서 추천 해주세요,120218, 30,2024.10.08
476248693,질문부산 기장군 구간단속 질문,부산 롯데월드에서 기장군 정관읍가는 구간단석 질문입니다. 고속도로 구간단속 진입속도가 100k라서 100k로 맞춰서 통과를했는데 거기서부터 도착지 구간단속까지 70k로 네비가 잡더라고요. 마지막에는 70k로 맞춰서 나갔는데 부산토박이 이신분들 진입속도가 문제가될지 답변 부탁드려요ㅠㅠ,120218, 19,2024.10.05
476162355,질문수원 장안 고등학교에 대해 궁금한 것이 있습니다,장안 고등학교에 전형 방법의 구체적인 내용 진학을 위한 준비사항 이 학교에 단점이 궁금합니다!,12021802, 21,2024.10.03
475826488,질문부산 배달,중학생인데 돈을 모아야 하는 일이 생겨서 그런데 중학생도 배달을 할 수 있나요? (자전거 도보 ) 있다면 부산 기장역 주변 업체를 알려주시면 감사하겠습니다,120218, 36,2024.09.25
475081298,질문정관 도서관 주차장,정관 도서관 이용 시간이 끝나도 주차해도 괜찮을까요?,12021804, 19,2024.09.08
475061963,질문울산에서 기장가는 버스,예전에는 있었는데 지금은 없어진건가요? 안뜨네요ㅠ,12021801, 18,2024.09.08
