﻿doc_id,answer_index,answer,answer_date
477469839,477469839_1,신림 편백집가격도 비싸지 않고  무제한이라다들 좋아하시더라구요,2024.11.04.
477469839,477469839_2,신림역 3번 출구 순대타운양지순대 여수집 미자네,2024.11.04.
477402088,477402088_1,서울아산병원이 수원에 있는 대학 병원 보다 암치료 잘하는 병원 맞습니다,2024.11.04.
477292607,477292607_1,대전 과기대 추천합니다,2024.10.31.
477007717,477007717_1,아산병원동관에서 4318번 버스를 타고 총신대입구역에서 내려서 4호선으로 갈아타고 서울역에서 내리면 됍니다,2024.10.23.
477007717,477007717_2,아산병원동관에서 4318번 버스를 타고 총신대입구역에서 내려서 4호선으로 갈아타고 서울역에서 내리면 됩니다,2024.10.24.
476966403,476966403_1,잠실나루역 아산병원 셔틀버스 수시로 다님도보15분이내,2024.10.22.
476966403,476966403_2,잠실나루역 아산병원 셔틀버스 수시로 다님도보15분이내,2024.10.23.
476962089,476962089_1,아산병원에서 2호선 잠실나루역까지 수시로 셔틀버스 다님도보로 가면 15분 이내택시 현재 밤 안막히는 시간 소요시간 이며낮 저녁시간대 는 40분 정도 소요  3만 정도,2024.10.22.
476459259,476459259_1,셋다 흙바닥입니다,2024.10.12.
476366628,476366628_1,안녕하세요!말씀하신 주소로 전산조회한 결과해당 주소는 인터넷 설치가 불가한 것으로 확인이 됩니다.인입망이 없기 때문인데전화선 여부에 따라 설치가 될 수도 있으니설치 기사님 방문 후 정확한 확인이 가능하다는 점 참고 부탁드립니다.각 업체마다 제공하는 사은품 혜택이 다르므로비교해본 후 안전한 곳에서 진행하시길 바랍니다.답변이 도움이 되셨길 바랍니다 :),2024.10.23.
476299093,476299093_1,이순신고 두발 자유입니다사복 등학교는 안됩니다남녀 합반 입니다꼴통 학교 아닙니다,2024.10.07.
475753455,475753455_1,물너목 정류장>천안 버스는 980 981번이 있습니다.980번 시간표입니다. 물너목 시간은 아래 시간에 약 30~35분정도 더하시면 됩니다.*교통상황에 따라 조금 빠르거나 조금 늦을 수 있습니다.981번 시간표입니다. 물너목 시간은 아래 시간에 약 30~35분정도 더하시면 됩니다.*교통상황에 따라 조금 빠르거나 조금 늦을 수 있습니다.,2024.09.24.
475539894,475539894_1,https://smore.im/quiz/3tErHhUf5M호그와트 공식 기숙사 배정 테스트포터모어 번역본smore.im,2024.09.19.
475500986,475500986_1,이게 막 거꾸로 회전하고 그런 식의 롤러코스터는 아니에요.옆으로 이동하고 앞뒤로 흔들리는 정도이긴 한데 좀 어둡기도 하고 롤러코스터 잘 타는 저도 조금 어지럽긴 했습니다.근데 해리포터 팬이라면 진짜 꼭 타야하는 놀이기구예요ㅠㅠ,2024.09.19.
475495792,475495792_1,네 가능합니다,2024.09.18.
475476038,475476038_1,신세계 천안점 18일 오늘 10:30~20:30까지 영업합니다,2024.09.18.
475219376,475219376_1,당근에서 해주실분 찾아보시는것도 나쁘지 않을듯하네요요즘 단기로 도와줄사람 찾으면 빨리 답오더라구요답변 도움되셨다면 채택 부탁드립니다.,2024.09.11.
475054205,475054205_1,용남고속이라고 나오는거보면은 같은 버스인거 같은데시간표가 좀 이상하네요용남고속경기도 수원시 권선구 온정로 88 형제자동차학원용남고속버스라인경기도 수원시 권선구 경수대로 270 터미널동. 할인점동용남고속버스라인 천안영업소충청남도 천안시 동남구 만남로 43 신세계백화점충청점.천안종합버스터미널검색해보니 여러곳이 나와서요용남고속부터 연락해보세요참고바랍니다.,2024.09.08.
