﻿doc_id,answer_index,answer,answer_date
476257986,476257986_1,꽤 나쁘지않아요 신도시라 살기 편해요 웬만한거 다 있고 좋습니다,2024.10.29.
476257986,476257986_2,다산신도시 하남같은곳이에요 좋습니다,2024.10.07.
475703436,475703436_1,cu다산현대점이 새봄중이라 가깝고프린팅박스 이용가능합니다.CU 다산현대점경기도 남양주시 다산순환로 397-25 (다산동  힐스테이트다산) 힐스테이트다산다산새봄중학교경기도 남양주시 다산순환로 435세븐일레븐 뉴다산프리미어점경기도 남양주시 다산순환로 20 다산현대프리미어캠퍼스몰 C동 117,2024.09.23.
475567286,475567286_1,서부정류장에서 고령 가는 버스가 따로 있습니다.서부정류장에서 고령가는 버스타고 고령 시외버스터미널에서 내리거나 2번째 시장앞에서 내리는 조금한 정류장에서 내리면 됩니다. 거리는 걸어서 5분 내외로 됩니다. 버스는 자주 있습니다.,2024.10.01.
475331208,475331208_1,양도세는 75세 이상 고령자가 18평 아파트 2채 중 한채를 팔 때 발생합니다.답변이 도움되셨으면 좋겠네요-질문하신내용 :75세이상 고령자 18평 아파트 2채중 한채를 팔경우 양도세,2024.09.14.
475286035,475286035_1,면접전형서류 제출하고 참여하세요.답변이 도움되셨으면 좋겠네요-질문하신내용 :제가 개붕신처럼 수시원서 전형을 면접전형으로 잘못넣는 바람에전형비 6만원 가량을 그냥 날린 상태입니다다른 전형으로 복수지원 했구요 현재 제출서류를 프린트 해서(집에 프린트기 없어서 돈주고 프린트해여함)등기우편으로 보내야하는데이 상황에서 님들이라면 면접전형 서류 제출할것같습니까??????이왕 잘못넣은김에 서류 우편배송 보내고 면접까지 보러갈까 생각했지만 전 면접같은거는 생각도 못하고 있었어요구질구질하지만은 그냥 면접전형 서류제출 안하고 기부한셈 칠까요 아니면 그냥 보낼까요개븅신이 감히 지식인님들께 질문드려봅니다 .........,2024.09.13.
475286035,475286035_2,면접전형 서류 제출하세요.답변이 도움되셨으면 좋겠네요 좋은하루보내세요-올려주신 질문내용 :제가 개붕신처럼 수시원서 전형을 면접전형으로 잘못넣는 바람에전형비 6만원 가량을 그냥 날린 상태입니다다른 전형으로 복수지원 했구요 현재 제출서류를 프린트 해서(집에 프린트기 없어서 돈주고 프린트해여함)등기우편으로 보내야하는데이 상황에서 님들이라면 면접전형 서류 제출할것같습니까??????이왕 잘못넣은김에 서류 우편배송 보내고 면접까지 보러갈까 생각했지만 전 면접같은거는 생각도 못하고 있었어요구질구질하지만은 그냥 면접전형 서류제출 안하고 기부한셈 칠까요 아니면 그냥 보낼까요개븅신이 감히 지식인님들께 질문드려봅니다 .........,2024.09.13.
475286035,475286035_3,면접전형 서류 제출하세요.제가 드린 답변이 도움되셨길 바래요-말씀하신 질문 :제가 개붕신처럼 수시원서 전형을 면접전형으로 잘못넣는 바람에전형비 6만원 가량을 그냥 날린 상태입니다다른 전형으로 복수지원 했구요 현재 제출서류를 프린트 해서(집에 프린트기 없어서 돈주고 프린트해여함)등기우편으로 보내야하는데이 상황에서 님들이라면 면접전형 서류 제출할것같습니까??????이왕 잘못넣은김에 서류 우편배송 보내고 면접까지 보러갈까 생각했지만 전 면접같은거는 생각도 못하고 있었어요구질구질하지만은 그냥 면접전형 서류제출 안하고 기부한셈 칠까요 아니면 그냥 보낼까요개븅신이 감히 지식인님들께 질문드려봅니다 .........,2024.09.13.
475286035,475286035_4,면접전형 서류 제출하세요.답변이 도움되셨으면 좋겠습니다-말씀하신 질문 :제가 개붕신처럼 수시원서 전형을 면접전형으로 잘못넣는 바람에전형비 6만원 가량을 그냥 날린 상태입니다다른 전형으로 복수지원 했구요 현재 제출서류를 프린트 해서(집에 프린트기 없어서 돈주고 프린트해여함)등기우편으로 보내야하는데이 상황에서 님들이라면 면접전형 서류 제출할것같습니까??????이왕 잘못넣은김에 서류 우편배송 보내고 면접까지 보러갈까 생각했지만 전 면접같은거는 생각도 못하고 있었어요구질구질하지만은 그냥 면접전형 서류제출 안하고 기부한셈 칠까요 아니면 그냥 보낼까요개븅신이 감히 지식인님들께 질문드려봅니다 .........,2024.09.13.
