﻿doc_id,answer_index,answer,answer_date
477581511,477581511_1,강릉에서 50명 이상 수용 가능한 대규모 단체석이 있는 맛집으로 마이홈돌침대화로구이를 추천드려요~,2024.11.06
477581511,477581511_2,150명 단체석 가능하다고 알고있어요문화극장강원특별자치도 동해시 일출로 38 2층 문화극장 식당,2024.11.06
477558529,477558529_1,폰으로 예약을 하면 카드 결제 하여야 합니다터미널 도착하여 직접 구입하는 것이 좋습니다,2024.11.06
477558529,477558529_2,전주 강릉은 수요가 별로 없는 노선으로예매 없이 터미널 가서 승차권 구입후 바로 탑승 가능하루 2회 운행전주시외버스터미널 - > 강릉터미널출발시각운수사버스등급어른요금아동요금중고생요금잔여좌석/총좌석09:05새서울고속4:54 소요 예상우등36 800원18 400원29 400원7석/총28석16:40새서울고속4:54 소요 예상우등36 800원18 400원29 400원6석/총28석,2024.11.06
477528445,477528445_1,없나봅니다..시외버스 강릉 ↔ 전주노선강원특별자치도강릉시홍제동(강릉시외버스터미널)↔전북특별자치도전주시덕진구금암동(전주시외버스공용터미널)강릉행첫차09:30전주행첫차09:05막차17:10막차15:00배차간격일 3회운수사명새서울고속인가대수경로강릉시외버스터미널-강릉IC-동해고속도로-강릉JC-영동고속도로-호법JC-중부고속도로-오창IC-청주북부터미널-오창IC-중부고속도로-남이JC-경부고속도로-회덕JC-호남고속도로지선-유성IC-유성시외버스정류소-유성IC-호남고속도로지선-논산JC-호남고속도로-전주IC-덕진시외버스간이터미널-전주시외버스공용터미널시간표회차강릉행전주행비고109:3009:05215:0011:05317:1015:00전주시외버스공용터미널 에서 강릉시외버스터미널 가는 시외버스가 아침부터 저녁까지2 번운행 중.첫차 :09:05 (첫차 운행 시간)  막차 :16:40 (막차 운행 시간)출발지: 전주시외버스공용터미널 (승차 > 운행 노선 > 버스터미널)도착지: 강릉시외버스터미널 (승차 > 운행 노선 > 버스터미널)전주에서강릉까지 걸리는 시간 : 4시간 29분  거리 358km운행시간 및 요금 정보( 전주에서 강릉가는 버스 시간표 )출발시간도착시간등급버스요금소요시간09:0513:34우등36 800 원04:2916:4021:09우등36 800 원04:29,2024.11.05.
477460107,477460107_1,강릉24시간 스터디카페 커피랑도서관 강릉유천점 추천합니다위치 참고하시기 바랍니다,2024.11.04.
477456425,477456425_1,문제 없어요 근데 차도쪽만 아니면 되요위험할수도 있으니ㅜㅜ힘든 여정이 될텐데 대단하시네요생각만으로도 존경스럽습니다,2024.11.04.
477224211,477224211_1,그 근처에서 본 것 같네요.,2024.10.31.
477266428,477266428_1,강릉터미널에서 부산 터미널까지 시외버스 이용하세요부산터미널에서 김해공항역까지 전철 이용 하시면 약 1시간 정도 걸립니다강릉시외버스터미널에서부산종합버스터미널가는 시외버스는 하루9회 운행합니다.첫차07:20막차23:10출발지강릉시외버스터미널시외버스터미널지도보기도착지부산종합버스터미널종합버스터미널지도보기시간표현재시간13:54최종수정2024-10-23출발도착등급요금(어른)소요시간07:2012:56일반41 900원05:3609:2013:58일반41 900원04:3810:2014:58일반41 900원04:3811:0015:38일반41 900원04:3812:0017:35일반41 900원05:3513:5019:26일반41 900원05:3615:2020:55일반41 900원05:3515:5020:30일반41 900원04:4023:1004:45일반46 100원05:35,2024.10.30.
477266428,477266428_2,참고하세요1. 기차 + 지하철 + 비행기@ 기차 / 강릉역 - 서울역 / 대략 2시간10분 소요@ 지하철 / 서울역 -김포공항역 /대략 30분 소요@ 비행기 / 김포공항 ~ 김해공항 / 대략 50분 소요2. 기차 + 기차 + 지하철@ 기차 / 강릉역 - 서울역 /  대략 2시간10분 소요@ 기차 / 서울역 -부산역 /대략 2시간 30분 소요@ 지하철 / 부산역 -서면역환승 - 사상역환승- 공항역(김해공항)/ 대략 45분 소요3. 기차 + 기차 + 지하철@ 기차 / 강릉역 - 서울역 / 대략 2시간 10분 소요@ 기차 / 서울역 -구포역 /대략 3시간 소요@ 지하철 / 구포역 -대저역환승- 공항역(김해공항)/ 대략 20분 소요단  구포역에서  정차하는 KTX가 적음,2024.10.30.
477266428,477266428_3,1월에 가시는 거면 새로 개통하는 동해선 타고 가시면 되겠네요.,2024.10.31.
477237610,477237610_1,"참고하세요@""버스타고""사이트또는앱에서시간 확인및예약 가능합니다.10월 31일 기준@ 강릉시외버스터미널인천행07;00  08:20  09;50  11:20  12:5014:20  15;50  17;20  18;50",2024.10.30.
477150653,477150653_1,강릉 시외버스터미널 - > 광주유스퀘어  하루2회출발시각운수사버스등급어른요금아동요금중고생요금잔여좌석/총좌석13:40광신고속5:00 소요 예상우등42 600원21 300원34 100원26석/총28석16:40광신고속5:00 소요 예상프리미엄49 900원25 000원39 900원16석/총21석ktx는 한번에 못가고 서울역와서 갈아타고 가야함서울27000원 광주47000원,2024.10.27.
477147810,477147810_1,강릉중장비학원에는 홈페이지가 없네요대부분 홈페이지에 들어가 보면 나오는데요홈페이지가 없으니까 전화로 문의해보세요...033-653-0905(강릉중장비학원)강릉중장비학원강원특별자치도 강릉시 강동면 풍호길 32-13,2024.10.27.
477059500,477059500_1,미니골드 ?,2024.10.28.
477009975,477009975_1,저녁 10시-12시 사이 많은 별 볼 수 있습니다,2024.10.24.
476973766,476973766_1,[질문] 강릉에 위고비를 처방하는 곳이 있나요? 강릉에 위고비를 처방하는 병원이 있나요?[답변] 강릉에서 위고비를 처방하는 병원을 찾고 계신다면  비만 치료나 체중 관리와 관련된 전문 병원 또는 클리닉을 방문하시면 됩니다. 위고비는 체중 감량을 위한 주사제로  처방전이 필요한 의약품입니다.강릉 내에서 위고비 처방이 가능한 병원을 찾기 위해서는 내과  비만 클리닉  혹은 내분비내과를 방문하시거나 해당 병원에 미리 전화하여 위고비 처방 가능 여부를 확인하는 것이 좋습니다. 대표적으로 강릉아산병원이나 강릉의료원과 같은 종합병원을 먼저 문의해보시면 도움이 될 것입니다.자세한 내용은 아래 글을 참고해주세요! 감사합니다.https://naver.me/xzxYn4zl'기적의 비만약' 위고비.. 비대면 처방까지 30초?위고비는 최근 다이어트 시장에서 큰 주목을 받고 있는 다이어트 약물로  체중 감량을 위해 사용되는 신약입니다. 비대면 진료를 통해 30초 만에 처방을 받을 수 있다는 점은 많은 이용자들에게 매력적으로 다가오고 있습니다. 그러나  그러한 편리함과 함께 오남용에 대한 우려도 함께 제기되고 있는 상황입니다. 이번 포스팅에서는 위고비의 정의부터 비대면 처방의 방법  부작용  해외 직구 정보까지 자세히 알아보겠습니다.    비대면 처방 받으러 가기️   위고비란 무엇인가? 위고비위고비는 GLP-1 수용체 작용제로  체중 감소에 도움을 줄...naver.me,2024.10.23.
476973766,476973766_2,나만의 닥터 어플에서 약국찾기로 검색가능합니다.저도 주말에 진료도 원격진료로받고 가까운 약국에서 조제 받았네요.검색해보니 동해쪽에 한군데 있네요. 전화 해보시고 방문하시면 될듯 합니다.참고로 무조건 처방받으셔야 하니 진료 받으셔야 합니다,2024.10.23.
476973766,476973766_3,안녕하세요!저도 위고비 맞고 벌써 5kg 감량했어요!!비대면 처방 천원대에 받은 방법이랑 제 후기 자세하게 써 놨으니 와서 구경해보세요~^^위고비 비대면 처방 천원대에 받는 방법!! 위고비 후기 가격 효과 총정리테슬라 최고경영자인 일론 머스크가 위고비를 통해 무려 14kg 감량했다고 해서 화제가 된 비만치료하제!삭센다는 아는데 위고비는 생소하시다구요?한달에 최소 7kg에서 15kg까지 효과를 보는 사람들의 생생한 증언이 이어지고 있는데요 우리들의 영원한 숙제 다이어트!!!!! 저도 둘째 낳고 안 빠지던 살 좀 빼보려고 위고비 비대면 처방을 천원대에 받은 방법 함께 해 보겠습니다!!그리고    벌써 살도 빠졌어요!!!! 인증샷 먼저!!!    처녀때는 정말 날씬했어요.44kg을 유지 했으니까요...그런데 첫째 낳고 찐 살들이 정리가 안됐는데...nanahaha00.com,2024.10.26.
476973766,476973766_4,쾌의원 이요!저 지금 받아서 맞고있어요,2024.11.01.
476973766,476973766_5,안녕하세요. 김포에서 비만 치료를 하고 있는 산부인과 전문의 박평식입니다.위*비 ; 24년 10월 중순에 출시됐습니다. 전문의약품은 광고를 할 수 없으며 처방 병원의 소개나 약품이 구비된 약국의 정보도 쉽지 않습니다. 한편 환자 분 입장에서는 좀더 저렴하고 싼 곳을 원하실텐데요. 약물에 따라서 한 달 처방 가격이 다르며 주사 같은 경우엔 시술 비용도 직접 문의하셔야 해요.위*비 적응증 ; 만 18세 이상에서 만 84세 이하 성인 중에서 BMI 30이상  또는 BMI 27이상이면서 한 가지 이상 체중관련 동반 질환( ; 당뇨 전단계  제2형 당뇨병  고혈압  이상지질혈증  폐쇄성 수면 무호흡  심혈관질환) 있을 시.반면 금기증은  임신  모유수유 중이거나 갑상선수질암 병력  다른 비만치료약 복용 중인 자. 인슐린으로 치료 중인 당뇨환자  심한 간질환자  심한 콩팥질환자  (중증도 이상의) 울혈성심부전 환자  당뇨병성 망막병증  췌장염 등입니다.한편 투여 시 주의해야 할 상황은  췌장염 과거병력  설포닐유레아 성분의 당뇨약을 투여 중인 제 2형 당뇨환자  75~84세의 고령자  간장애  만성 염증성 장질환자  당뇨병성 위부전마비 환자  심한 부정맥 등입니다.감사합니다.,2024.10.23.
476938168,476938168_1,안녕하세요붙어 있어요.,2024.10.22.
476889123,476889123_1,ktx 이용하면 빠르고 편하게 이동 가능 합니다,2024.10.21.
476889123,476889123_2,커플끼리 서로 불편한지 좋은지는 두분의 생각일것 같네요 사랑하고 좋아한다면 장거리도 문제는. 않되겠죠 누가 멀어서 않되다고. 말할수 있는건 아닌것 같네요,2024.10.21.
476889123,476889123_3,서울 강릉 커플은 거리로 볼때 좀 멀기는 하네요장거리커플로서는 그래도 괜찮은편입니다...,2024.10.21.
476728488,476728488_1,삼척에서 강릉까지버스로 약 1시간 30분 소요됩니다.,2024.10.17.
476728488,476728488_2,삼척에서 강릉가는 버스는 수시로 있고 1시간 걸립니다.동해를 들린 다음 고속도로로 강릉으로 갑니다.요금은 6 500원 입니다.시외버스승차 :삼척종합버스터미널하차 :강릉시외버스터미널- 강원 강릉시 홍제동 992-1기본정보상세정보노선안내 :강릉행소요시간 :약 1시간 5분 ~ 1시간 10분 소요요금안내 :6 500원출발시간 :06:00|07:00|08:10|08:20|08:59|10:29|10:40|11:40|13:27|13:37|14:19|15:38|15:50|16:24|17:10|17:27|18:00|18:23|18:39|19:04|19:45|21:10,2024.10.17.
476694023,476694023_1,성수 제빵소 주차장이 없습니다인근 강릉중앙시장 공영주차장 이용 하시면 됩니다,2024.10.16.
476694023,476694023_2,강릉 김성수 제빵소의 자체적으로는 주차장이 없구요강릉 김성수 제빵소 바로 앞쪽도로에 공영주차장이 있습니다...,2024.10.16.
476675821,476675821_1,안녕하세요. 서울에는 인스파이어 아레나로 가는 셔틀을 운행하고 있습니다.아래 페이지를 확인하셔서 이동이 편한 정거장을 골라 시간표를 확인 후 무료 셔틀 이용하시기 바랍니다.인스파이어 아레나 셔틀 시간표 예약 및 무료셔틀 타는곳 이용안내인스파이어 리조트에는 15 000석 규모의 인스파이어 아레나가 있어 다양한 공연과 행사가 열립니다. 리조트는 인천공항  홍대  명동 등 주요 교통 허브와 연결되는 무료 셔틀 버스 서비스를 제공하며  카카오T 앱을 통해 전국 각지에서 리조트로 가는 유료 셔틀 버스 서비스도 예약할 수 있습니다.sophos-blog.comhttps://sophos-blog.com/%ec%9d%b8%ec%8a%a4%ed%8c%8c%ec%9d%b4%ec%96%b4-%ec%95%84%eb%a0%88%eb%82%98-%ec%85%94%ed%8b%80-%ec%8b%9c%ea%b0%84%ed%91%9c-%ec%98%88%ec%95%bd-%eb%b0%8f-%eb%ac%b4%eb%a3%8c%ec%85%94%ed%8b%80-%ed%83%80/,2024.10.15.
476648671,476648671_1,이로 씹어 먹습니다.,2024.10.15.
476480478,476480478_1,본인이 원하신다면 집 값 등 여러 여건을 고려한다면 강릉에서 한번 살아 보시는 것도 좋을 것 같네요.타지 살이도 경험의 한 종류입니다. 강릉 추천 드립니다.,2024.10.11.
476218885,476218885_1,강릉104번은 하루에 1번만 운행합니다 안목출발 오전7시15분  안목커피거리(종점) 오전 8시43분 도착 중간정류소 시간표가 필요하시면 네이버지도앱에 강릉104번검색해보세요,2024.10.05.
476157791,476157791_1,원주에서 강릉가는 중간 휴게소는 평창휴게소입니다.시외버스터미널을 가준으로 원주에서 64km   평창휴게소에서 강릉까지 66km입니다원주에서 강릉가는 중간에 휴게소가 3개 있습니다.'횡성휴게소 - 평창휴게소 - 대관령휴게소,2024.10.04.
476102666,476102666_1,강릉 중앙시장에서 김치 삼겹 말이를 맛보고 싶으시면 '김치 샘'이라는 가게를 찾아보시기 바랍니다.,2024.10.02.
476020576,476020576_1,강릉 도깨비 야시장은 매주 금  토요일 오후 5시부터 11시까지 열려요. 다양한 음식과 소품  공연 등이 있어요.도움되는 답변이 되셨길 바래요-질문정보 :저번에 강릉 도깨비 야시장에서 갔었는데요 너무 이른 시간이었는지 열려있지 않더라구요.강릉 도깨비 야시장이 언제 열리는지 궁금합니다. 야시장에서 파는 음식과 볼거리  즐길 거리도 알려주세요.,2024.09.30.
476016298,476016298_1,중앙점이 그나마 넓다고 생각합니다.다이소 강릉중앙점강원 강릉시 금성로 34https://naver.me/5jj8vlSP,2024.09.30.
476013893,476013893_1,이마트 1층에 있습니다.,2024.09.30.
476013893,476013893_2,이마트 강릉점 홈피에서 확인해보니 1층에 크록스매장이 있습니다...이마트 강릉점강원특별자치도 강릉시 경강로 2398-10,2024.09.30.
475890546,475890546_1,강수확률이 60~70프로 로 비올확률이 높습니다. 강수량은 적을것같네요,2024.09.27.
475765439,475765439_1,강릉 중앙시장 수제어묵고로케 입니더!(도움이되셨다면 채택 부탁드립니다!),2024.09.24.
475740513,475740513_1,여기 안목에 지난주 주말에 갔을때무지개케이크 파는거 봤어요 ㅎㅎ카페알베로,2024.09.28.
475713723,475713723_1,배니닭강정이 압도적입니다휴가철  주말에는 웨이팅 엄청 긴데 기다리기 힘들면중앙닭강정  보성닭강정 순서대로 가면 됩니다.배니닭강정강원특별자치도 강릉시 금성로13번길 3-1 (성남동)중앙닭강정강원특별자치도 강릉시 금성로13번길 8-1보성닭강정강원특별자치도 강릉시 금성로13번길 11 보성닭강정경포대 근처 가셔도 닭강정 맛집 한군데 있습니다.서울양계강원특별자치도 강릉시 창해로 366,2024.09.23.
475713723,475713723_2,인기많은 덴 배니닭강정이긴 한데 강릉 사람들은 잘 안 먹어요 타지 사람들만 먹습니다맛없고 비싸기만 하거든요 솔직히 중앙시장에 닭강정 잘하는 집이 있는지 잘 모르겠네요,2024.09.26.
475671694,475671694_1,망상해수욕장은 강릉이 아니고 동해시입니다.망상해수욕장은 시내에서 떨어져 있고 큰 상가도 없습니다.해수욕장에 대기하는 택시는 없고 호출하면 동해에서 오는데 10분 이상은 생각하셔야 합니다.옥계에서 나오는 시내버스가 있습니다.,2024.09.22.
475502111,475502111_1,상관없을 것으로 보입니다.,2024.09.19.
475422205,475422205_1,블로그 검색 해보니멸치 육수 베이스라는 글이 많습니다.예전에 직접 가본 적이 있는데 멸치향은 특별히 나지않았던 것 같고 고추장 국물 맛이 진했던 기억이 있어요.,2024.10.10.
475422205,475422205_2,금학칼국수는 멸치나 황태 같은 해산물 육수를 사용하지 않습니다.,2024.09.16.
475370162,475370162_1,동내미용실이긴 한데머리이야기 추천합니다.시내에는 홈플러스 상가에(이름기억안남)있는 미용실 추천해요,2024.09.18.
475370162,475370162_2,안녕하세요 강릉교동미용실  강릉미용실 헤이입니다고객님의 모질  두상  얼굴형  니즈를 파악하여 시술하고 있습니다1:1 시술로 프라이빗하게 받으실 수 있어 편안하게 방문 가능하셔요➰전체시술 첫방문 30%  재방문 20% 이벤트 혜택을 받아보세요!문의 및 상담은네이버 톡톡 혹은 DM 으로 부탁드리겠습니다 :)**예약**헤이 - 네이버 지도 (naver.com)네이버 지도헤이map.naver.com**인스타**hay__sil강릉미용실 헤이 윤실 | 태슬컷 C컬펌 맨즈펌(@hay__sil) • Instagram 사진 및 동영상강릉미용실 헤이 윤실 | 태슬컷 C컬펌 맨즈펌(@hay__sil) • Instagram 사진 및 동영상팔로워 102명  팔로잉 54명  게시물 9개 - 강릉미용실 헤이 윤실 | 태슬컷 C컬펌 맨즈펌(@hay__sil)님의 Instagram 사진 및 동영상 보기www.instagram.comhay__woo강릉미용실 헤이 연우 | 탈색 염색 디자인컬러 전문(@hay__woo) • Instagram 사진 및 동영상강릉미용실 헤이 연우 | 탈색 염색 디자인컬러 전문(@hay__woo) • Instagram 사진 및 동영상팔로워 1 330명  팔로잉 646명  게시물 50개 - 강릉미용실 헤이 연우 | 탈색 염색 디자인컬러 전문(@hay__woo)님의 Instagram 사진 및 동영상 보기www.instagram.com**블로그**강릉미용실 강릉염색 연우 : 네이버 블로그 (naver.com)강릉미용실 강릉염색 연우 : 네이버 블로그인스타 hay__woo 카카오채널 ‘강릉염색연우’blog.naver.com위치 : 강릉시 하슬라로 232번길 13-8 1층,2024.10.12.
475359074,475359074_1,강여고는 매년 초과였어요강여고 쓰면 절반 정도는 떨어졌던 것 같네요떨어진 친구들은 보통 경포고나 강일여고로 갑니다~,2024.09.26.
475298486,475298486_1,두바이초콜릿 타르트 옛날 팥빙수 추천합니다실내 공간 넓습니다,2024.09.13.
475252659,475252659_1,네,2024.09.12.
475252659,475252659_2,강릉 수산물 직판장은 규모가 꽤 큰 편이며  신선한 해산물을 구입할 수 있는 곳으로 유명합니다. 새벽에도 운영하며  보통 이른 아침부터 오후 늦게까지 운영됩니다. 운영 시간은 점포마다 다를 수 있으니 방문 전에 확인하는 것이 좋습니다.,2024.09.12.
475252189,475252189_1,강릉 교동 지역에서 살기 좋은 아파트에 대한 정보를 제공하겠습니다. 신축 아파트와 주차 편의성을 고려하여 추천할 만한 곳들을 정리했습니다.- 교동택지 아파트- 특징: 중앙시장 및 시내와 가까워 생활 편의성이 높습니다. 주변에 관광지도 많아 여가 활동도 용이합니다. 아파트 앞에 높은 건물이 없어 전망이 좋고  주차 공간이 넓어 주차가 편리합니다.- 그린 아파트- 특징: 교동택지에 위치하며  상가와 가까워 생활 편의성이 뛰어납니다. 주차 시설이 잘 갖춰져 있어 차량 이용이 편리합니다.- 교2동 주민센터 근처 아파트- 특징: 주민센터와 가까워 다양한 문화 프로그램에 참여할 수 있는 기회가 많습니다. 생활 편의시설이 잘 갖춰져 있어 주민들의 생활이 편리합니다.추가 정보: 강릉 교동의 생활 편의시설- 상업시설: 교동 지역에는 다양한 상업시설이 있어 쇼핑이나 외식이 용이합니다. 중앙시장과 여러 음식점이 가까워 생활이 편리합니다.- 교통: 강릉 시내와의 접근성이 좋고  대중교통 이용이 편리하여 이동이 수월합니다.- 자연환경: 주변에 바다와 산이 있어 자연을 즐길 수 있는 여건이 마련되어 있습니다.강릉 교동 지역은 생활 편의성이 뛰어난 아파트가 많아 이사 후에도 편안한 생활을 할 수 있을 것입니다. 신축 아파트와 주차 편의성을 고려하여 위의 추천 아파트를 검토해 보시기 바랍니다. 좋은 선택하시길 바랍니다!,2024.09.12.
475139158,475139158_1,itx 기차  약 3시간 50분ktx 기차 약 2시간30분,2024.09.10.
475123307,475123307_1,강릉 중앙시장 운영 시간은 오전 8:00~오후 7:00이며추석에도 운영합니다. 다만 운영을 하지 않는 곳도 있으나시장이다보니 연락처가 없는 경우도 있습니다.대표전화 남겨드립니다.033-647-0006 / 033-648-4477,2024.09.09.
475091155,475091155_1,일단 설명하신 위치와 비슷한곳은 안목~경포 사이 송정해변길이 아닐까 생각됩니다. 걸으셧을때 솔숲사이 옆으로 바다가 보이셧다면 이곳일 확률이 높을거같습니다. 다만 이길이 1시간 걸을 길이는 아닌듯해서 아리송 하군요.,2024.09.10.
475062949,475062949_1,안녕하세요. 네이버 지식인 다이어트 상담 한의사 김충희 원장입니다.순두부는 좋지만  현미밥은 좋지 않습니다.순두부+계란  순두무+브로콜리(콜리플라워) 이런 조합으로 드세요.잘 아시다시피 다이어트는 식단이 9할. 운동이 1할입니다.실제로 다이어트와 운동이 연계된 논문 수천 건을 코호트분석하면운동이 간접적으로 건강해지면서 대사에 도움이 될 수 있으나직접적으로 다이어트에 도움이 된다는 내용은 드문 편입니다.그래서 다이어트 식단의 기본은 저탄고지이고 여기에 조금 더 정확하게 알려드리면고지방 중단백질 저탄수화물 식단입니다.정제탄수화물과 설탕  과당  첨가당은 최대한 적게 제한하시고 단백질은 적당량을 드시고 지방은 높은 비율(70%)로 드시고 식이섬유와 식초는 많이 드셔도 됩니다.즉  일반적인 식단에서는 밥이 주인공이 된다면저탄고지식단(고지방 중단백질 저탄수화물)에서는견과류  육류(지방많은부위)  생선류  아보카도  버터  기  라드  해물류  계란  올리브유등의 식이지방이 주인공이 되면 됩니다.다만  트랜스 지방과 오메가 6지방은 인체의 건강에 여러 모로 악영향을 주기 때문에이것들은 지방의 비율이 높아도 안드시거나 적게 드시는게 좋습니다.일반적인 케톤식단은 지방 70 : 단백질 20 : 탄수화물 10인데 현실적으로 지방 50: 단백질 30 : 탄수화물 20 정도는 맞춰주셔야 합니다.운동은 논문에 따라  근육량에 따라  성향에 따라유산소운동이 더 좋다/무산소운동이 더 좋다 등으로의견이 분분합니다.다만  제가 말씀드릴때는 본인이 좋아하고  익숙하고  즐거운운동 스타일을 선택하시는게 더 좋습니다.결론적으로 무조건 적게 먹고  무조건 많이 움직이겠다가 아니라탄/단/지 밸런스를 고려하고  내가 좋아하는 운동을 무리하지 않게 해야 합니다.,2024.09.08.
