﻿doc_id,title,question,region_id,views,question_date
477581511,질문강릉 맛집좀 추천해주세요. ( 단체석 찾고있어요 ),강릉에 단체석 찾고있어요 이번에 50명 넘게 갈 것 같아요. 한번에 모두 수용 가능한 크고 깨끗한곳 추천드립니다.,120802, 20,2024.11.06
477558529,질문전주 강릉,전주에서 강릉 가려고하는데 14세미만이 혼자가는데 폰으로 시외버스 예약 가능한가요ᩚ?ᩚ 아니면 인터넷이랑 가서 표 끊는것 중에 뭐가 더 좋을까요ᩚ?,120802, 29,2024.11.06
477528445,질문전주에서 강릉가는거,제가 한달정도 뒤에 혼자 강릉여행을 가는데 지하철이나 시외버스같은거 말고 그냥 버스로 가는 법은 없나요ᩚ?ᩚ 제발 알려주세요ㅠㅠ,120802, 30,2024.11.05
477460107,질문강릉 24시간 스터디 카페,여자 혼자 밤새고 공부 할 수 있는곳 시외버스 터미널 근처쪽으로 안전 한 곳 추천해주세요,120802, 42,2024.11.04
477456425,질문서울>강릉 걸어서 가볼려고하는데 자전거길 문제되나요?,이번 연말에 서울 강일역쯤에서 강릉까지 걸어서 가볼려고 하는데 자전거길 이용해서 걸어가도 문제는 없을까요?,120802, 35,2024.11.04
477390739,질문강릉에 현재 윈도우7 깔려있는 pc방 있나요?,강릉에 현재 윈도우7 깔려있는 pc방 있나요?,120802, 33,2024.11.02
477330215,질문강릉에서 놀 곳,올해말에 부산이랑 강릉이 개통되는걸로 알게되서 내년 2월 3째주에 2박3일 졸업여행으로 갈 생각입니다. 1. 강릉 주변 놀 곳? (10개 이상 부탁드립니다) 2. 대관령 양떼목장에 겨울에 가도 양들을 볼 수 있는지? 외양간? 안에서 라도 볼 수 있나요?,120802, 28,2024.10.31
477224211,질문강릉중앙시장에,무당집 있나요?,120802, 60,2024.10.30
477266428,질문강릉에서  김해공항 제일빨리가는법,강릉에서 김해공항 제일 빨리가는법좀 알려주세요. 1월이라 날씨때문에 자차는힘들것같아서요,120802, 65,2024.10.30
477237610,질문강릉에서 인천,갈 땐 ktx 올 땐 버스를 타고 오려고하는데 강릉에서 인천가는 버스 온라인 예매를 못하나요? 왕복으로 밖에 안뜨길래요..ㅜㅜㅜ 현장발권만 가능한건가요?,120802, 33,2024.10.29
477150653,질문강릉에서 전라도광주 가는방법,버스나 기차로 가는 방법 및 시간요금이궁금해요,120802, 82,2024.10.27
477147810,질문강릉중장비학원  몇시부터  하나요,강릉중장비학원 몇시시작 부터 하나요 ㅎㅎㅎ,120802, 40,2024.10.27
477059500,질문강릉 귀걸이,강릉에서 귀걸이 살데있어요?,120802, 24,2024.10.25
477009975,질문강릉 안반데기 별보는 시간,11월 초 (8일 이후)에 안반데기 가려고하는데 시간대는 몇시쯤 가야 별을 많이볼 수 잇나요???,120802, 63,2024.10.23
476973766,질문강릉 위고비 처방하는곳 있나요?,강릉에 위고비 처방해주는 병원 있을까요,120802, 252,2024.10.23
476956630,질문강릉정보공업고등학교 등교시간 알려주세요,저는 중3 학생인데요 원하는 진로나 하고싶은게 정보고에있어서 정보고를 가고싶은 학생인데요 집과 고등학교가 너무 멀어서 등교시간을 알고싶어서 물어봅니당,120802, 22,2024.10.22
476938168,질문강릉중앙시장과 성남시장의차이,강릉중앙시장과 성남시장은 다른곳인가요?,120802, 35,2024.10.22
476926886,질문강릉 인도에 있는 벤치 조명,강릉 인도에 벤치 밑에 조명 나오는 곳이 어디인가요 그냥 일반 동네 길거리였는데 4차선이었던 거 같고 일단 넓어보였음 근데 거기가 어디인지는 모르겠어요 가본 적이 없어서,120802, 29,2024.10.21
476901666,질문강릉 파도 이자카야 예약 방법은?,이번 주말에 강릉 파도 이자카야에 가보려고 하는데 예약 방법이 어떻게 되나요? 혹시 예약 없이 방문해도 자리가 있을까요? 그리고 파도 이자카야의 대표 메뉴와 가격도 알려주시면 감사하겠습니다.,120802, 33,2024.10.21
476901264,질문피쉬맨횟집 강릉횟집 룸 예약 가능한가요?,가족 여행으로 강릉에 방문할 예정이라 미리 룸을 예약하고 싶은데 피쉬맨횟집 강릉횟집 룸 예약이 가능한지 궁금합니다. 예약 방법과 예약 가능한 최소 인원 룸 이용 요금 등도 함께 안내해주시면 감사하겠습니다.,120802, 29,2024.10.21
476889123,질문서울 강릉  커플  괜찮은편인가요,여친서울살고 저는 강릉사는데 장거리 커픟괜찮은 편인가욤 답변부탁 드려요 ㅎㅎ,120802, 40,2024.10.21
476576808,질문강릉유씨 계파를 알고 싶어요 (내공 100),증조할아버지는 돌림 원자 할아버지는 돌림 병자 아버지는 돌림 렬자입니다. 저의 계파를 알 수 있나요?!,120802, 49,2024.10.17
476734217,질문강릉 시금치 치아바타 정확한 위치가 어딘가요?,생활의 달인에 방영된 강릉 시금치 치아바타 위치가 어딘가요? 너무 먹어보고 싶은데 맛집 상호와 정확한 위치가 어딘지 좀 알려주세요. 주차는 어디에 해야 하는지도 알려주시면 감사하겠습니다.,120802, 30,2024.10.17
476728488,질문강릉 삼척 버스,삼척에서 강릉 가는 버스 몇시간 걸리나요? 급해요 채택해드려요 정확히 알려주세요,120802, 182,2024.10.17
476694023,질문강릉 김성수 제빵소 주차 어디에 하나요?,강릉으로 여행을 계획하고 있어서 맛집을 알아보고 있습니다. 강릉에 김성수 제빵소가 유명하여 방문하려는데 여기는 주차를 어디에 해야 하나요? 전용 주차장이 있는지 없다면 인근에 사용 가능한 주차장이 있는지 정보 공유 좀 해주시면 감사하겠습니다.,120802, 73,2024.10.16
476675821,질문강릉에서 인스파이어 아레나 가는 방법,강릉에서 사는 학생인데 인스파이어 아레나 콘서트장에 가야하는데 가는 방법을 진짜 하나도 모르겠어요 ㅠㅠㅠ 거기 콘서트장이 진짜 외진곳이라 셔틀버스를 타려고 앱에 들어가보니까 매진이여서 ㅠㅠㅠ 콘서트는 6시쯤 끝난다 예상중이에요 (1월 중순쯤) 강릉에서 인스파이어 아레나 가는방법 정확하게 알려주실부운ㅠㅠㅠ,120802, 36,2024.10.15
476648671,질문강릉 씹어먹기,강릉 어케 씹어먹죠 내년에 학교 다녀요 추천 부탁드립니다,120802, 32,2024.10.15
476627591,질문강릉 피아노 연습실 대여,강릉에서 피아노 연습을 하려고 하는데요 방음 잘되는 곳 알려주세요 그랜드 피아노도 있으면 좋겠지만 없어도 괜찮습니다 새벽연습도 괜찮은 곳으로..,120802, 23,2024.10.14
476612609,질문강릉맛집장미경양식4돈까스맛집 영업시간은?,강릉 맛집 장미경양식에 방문하려고 하는데 영업시간이 어떻게 되나요? 그리고 추천 메뉴와 대표 메뉴 가격대는 어디서 볼 수 있는지 주차도 가능한지 궁금합니다. 건물 내 지하주차장이 있다고는 하는데 가능할까요?,120802, 25,2024.10.14
476480478,질문강릉 같은곳에서 자취하는거 어떨까요?,31살 남자입니다. 경기 의정부에서 자취중인데 집 계약이 내년에 끝나서 이사갈곳을 찾아보고 있는데 강릉이 눈에 들어서요.. 바다를 어렸을때부터 좋아했고 재택근무다보니 사실상 지역은 상관없고 집값도 싸더라구요 강릉이.. 조용하고 있을건 다 있어서 살기 괜찮을것 같은데 어떨까요 같은 바다라 해도 그래도 좀 더 큰 인천 쪽이 날까요? 한가지 걸리는건 본가가 경기 북부 이쪽이라 연고지가 없는 강릉 이쪽으로 가면 너무 멀어져서 그게 있긴 하네요.. 서울은 어차피 거의 안가서 그런건 괜찮은데ㅠ,120802, 38,2024.10.11
476440873,질문강릉술집파도이자카야강릉 영업시간은 어떻게 되나요?,강릉 파도이자카야에 방문하려고 하는데 영업시간이 어떻게 되나요? 그리고 추천 메뉴와 대표 메뉴 가격대는 어디서 볼 수 있는지 주차도 가능한지 궁금합니다. 건물 내 지하주차장이 있다고는 하는데 가능할까요?,120802, 29,2024.10.10
476250184,질문강릉 사진 인쇄,증명사진 좀 더 인쇄하려고 하는데요 인쇄만 가능한 곳 알려주세요!! 가격도여,120802, 36,2024.10.05
476218885,질문강릉 104번 버스,아침에 타려고 하는데 104번 시간표좀 알려주세요!,120802, 40,2024.10.05
476157791,질문강원도 원주에서 강릉,원주->강릉으로 가는길에 중간지점쯤 휴게소 어디가 좋을까요??,120802, 224,2024.10.03
476102864,질문강릉 라미네이트 잘하는 곳 있나요?,제가 치열이 고르지 못한 게 고민이라 웃을 때 신경이 너무 쓰입니다. 주변에서 라미네이트를 많이 추천해 주셔서 알아보고 있는데요. 강릉에 라미네이트 전문적으로 잘하는 곳 있나요?,120802, 39,2024.10.02
476102666,질문강릉 중앙시장에 김치 삼겹 말이 어디서 판매하나요?,이번에 강릉으로 여행을 계획하고 있는데요 강릉 중앙시장에 맛있는 게 많다고 해서 가보려고 합니다. 김치 삼겹 말이를 꼭 먹어보라던데 시장에서 어디에 위치하고 있는지 알려주세요~,120802, 74,2024.10.02
476022206,질문강릉 더홈 오피스텔 근처 맛집 어디인가요?,강릉 더홈 오피스텔에 거주 중인데 주변에 맛있는 식당이 어디 있는지 궁금합니다. 도보로 갈 수 있는 거리에 있는 맛집 추천 부탁드립니다.,120802, 32,2024.09.30
476020576,질문강릉도깨비야시장은 언제쯤 열리게 되나요?,저번에 강릉 도깨비 야시장에서 갔었는데요 너무 이른 시간이었는지 열려있지 않더라구요. 강릉 도깨비 야시장이 언제 열리는지 궁금합니다. 야시장에서 파는 음식과 볼거리 즐길 거리도 알려주세요.,120802, 50,2024.09.30
476020450,질문강릉맛있는대게 맛집 중 괜찮은 곳 있을까요?,이번 주말에 가족과 함께 강릉으로 여행을 가는데 대게 맛집을 찾고 있습니다. 살이 꽉 차고 맛있는 대게를 먹을 수 있는 곳을 추천해 주세요. 자세한 정보 공유해 주시면 감사하겠습니다.,120802, 28,2024.09.30
476016298,질문강릉에 큰 다이소 매장 어디에 있나요?,강릉에 큰 다이소 매장을 찾고 있습니다. 300평 이상의 규모로 다양한 상품이 많이 진열되어 있는 곳을 원합니다. 주차가 가능한 곳이면 더욱 좋습니다. 매장 위치와 주차 정보 그리고 영업시간도 함께 알려주시면 감사하겠습니다.,120802, 46,2024.09.30
476016021,질문강릉 내곡동에 괜찮은 소아과 있나요?,강릉 내곡동에 괜찮은 소아과 추천해주세요. 아이가 감기에 걸린 것 같아서 진료를 받으려고 합니다. 친절하고 진료 잘 보는 곳으로 알려주세요. 주차가 가능한 곳이면 더욱 좋습니다.,120802, 25,2024.09.30
476013893,질문강릉 이마트에 크록스 몇 층에 있나요?,아이들과 함께 이번 휴일에 강릉으로 물놀이를 가는데 집에 있던 크록스가 보이지 않아서 도착하자마자 급히 새로 사려고 합니다. 강릉 이마트에 크록스 매장이 있다던데 몇 층에 있나요?,120802, 25,2024.09.30
475894788,질문강릉 중앙시장에서 곰치국 맛집은 어디인가요?,강릉 중앙시장에서 곰치국 맛집을 찾고 있습니다. 신선한 재료와 깊은 맛으로 유명한 곳을 추천해주세요. 또 주차가 가능한 곳이면 더욱 좋겠습니다.,120802, 39,2024.09.27
475845280,질문해변에서 재미있게 놀 만한 것?,해변호텔에서 뭘 하고 놀면 좋을지 의견 좀 부탁드리겠습니다. 아이와 둘이 강릉 경코해변에 갑니다. 아이는 초3 남아이고 현재 불꽃놀이 다이소에서 두개 사놨고 아이가 금속탐지기로 금을 찾고 UV램프를 이용하여 운석을 찾자고 합니다.. 4박5일동안 인생역전을 꿈꾸는 초등학생입니다. 재미있기만 하면 됩니다ㅜㅜ 좋은 의견을 기다립니다.,12080220, 57,2024.09.27
475890546,질문내일 강릉 비오나요,??ㅇㅇㅇㅇㅇㅎㅎㅎㅎ해해해,120802, 41,2024.09.27
475888442,질문강릉 바른 체형 운동센터 1:1로도 해주시나요?,제가 골반이 틀어져 있는 걸 모르고 지내다가 최근에 알게 되었습니다. 이제라도 교정을 해보고자 교정센터를 알아보고 있는데 강릉에 바른 체형 운동센터가 있더라고요. 여기 1:1로 하는 교정 수업도 있나요?,120802, 18,2024.09.27
475861336,질문삼계타용닭한마리가격은,강릉하림닭여멉소,120802, 25,2024.09.26
475806833,질문강릉 나무별 어린이집 어떤가요?,강릉으로 이사를 가게 되어 아이를 보낼 어린이집을 찾고 있습니다. 강릉 나무별 어린이집이 평이 좋던데 어떤가요? 시설과 프로그램 선생님들은 어떤지 궁금합니다. 강릉 어린이집에 대한 정보 아시는 분 계시면 부탁드려요.,120802, 33,2024.09.25
475806724,질문강릉시 교동 주택 매매가 보통 얼마인가요?,강릉시 교동 쪽이 편의시설도 많고 살기 좋은 것 같아서 주택을 알아보고 있습니다. 매매가가 보통 얼마인지 알 수 있을까요? 평수는 20평대로 알아보고 있습니다. 주변에 편의 시설이 다양한 곳이면 좋을 것 같은데 괜찮은 물건 있다면 추천도 해주세요~,120802, 34,2024.09.25
475805971,질문강릉 오죽헌 유모차 대여 가능한가요?,강릉 오죽헌에서 유모차 대여가 가능한지 궁금합니다. 대여 가능하다면 대여 장소와 대여 방법도 알려주세요. 자세한 답변을 부탁드립니다. 오죽헌 외에도 대여가 가능한 강릉 유모차 대여 장소가 있다면 알려주세요.,120802, 36,2024.09.25
475803781,질문강릉 아르떼뮤지엄 티켓 가격은 얼마인가요?,강릉 아르떼뮤지엄 티켓 가격을 알고 싶습니다. 성인 청소년 어린이 요금이 각각 어떻게 되는지 알려주세요.자세한 정보 아시면 답변 부탁드려요. 주말이랑 평일 가격 차이도 있는 지 궁금합니다.,120802, 24,2024.09.25
475765439,질문강릉 중앙시장 수제어묵 맛집은 어디인가요?,강릉 중앙시장에 수제어묵 맛있게 잘하는 곳 추천 좀 해주세요. 가족들이랑 여행가는데 중앙시장 들려서 어묵 먹고 가려고 합니다. 강릉사는 현지인분들 있으시면 꼭 답변 부탁드립니다.,120802, 37,2024.09.24
475740513,질문강릉 무지개케이크,강릉에 무지개게이크 파는곳 있나용..?,120802, 31,2024.09.23
475713723,질문강릉 중앙시장 닭강정 맛집있나요?,강릉 중앙시장에 닭강정 맛집이 정말 많던데 어디가 제일 맛있나요? 현지인들이 자주 가는 곳으로 추천해 주세요.,120802, 629,2024.09.23
475695481,질문새말강릉키로수,새말강릉이몆릉키로인가요,120802, 37,2024.09.22
475671694,질문강릉 망상해수욕장 택시,망상해수욕장 택시 잘 잡히는지 궁금해요,120802, 70,2024.09.22
475671514,질문삼척에서 강릉 강릉에서 익산...,삼척에서 강릉 강릉에서 익산 익산취미미술학원까지 왕복 요금 아시는 분 확인 후 빠른 답장 부탁 드립니다.,120802, 30,2024.09.22
475638688,질문강릉 - 서울 영등포 갔다 오는 법,강릉에서 영등포 가는데 아침8시 전에 도착해야하는데 뭘 타야하는 지 모르겠고 올때 5시정도에 올수도 있는데 그쯤 강릉 다시 갈수있는 지하철이나 버스가 있는지 알려주세요,120802, 38,2024.09.21
475585595,질문강릉에서 한우선물세트 어디서 구입할 수 있나요?,강릉에서 한우선물세트를 구입할 수 있는 곳을 알고 싶습니다. 강릉역이나 강릉중앙시장 근처에 있는 곳이면 더욱 좋을 것 같습니다. 또한 한우선물세트의 가격대와 함께 구입 시 고려해야 할 사항이 있다면 함께 알려주시면 감사하겠습니다.,120802, 34,2024.09.20
475530385,질문강릉에 고양이 호텔 좋은 곳 있나요?,이번에 강릉에 여행을 가려고 합니다. 고양이와 같이 갈까 하는데 강릉에 고양이를 맡길 수 있는 시설 좋고 깨끗한 고양이 호텔을 찾고 있습니다. 가성비 좋은 곳으로 추천 부탁드려요!,120802, 27,2024.09.19
475502111,질문빨리 알려주실분?,사천 무지개빛 해안도로에서 낚시 해도 되나요??,12080243, 34,2024.09.18
475422205,질문강릉 금학칼국수도 멸치나 황태 육수 사용하나요?,이번에 강릉으로 가족 여행을 가게 되었습니다. 장칼국수를 먹으려고 하는데 가족 중에 멸치나 황태 같은 해물 자체를 싫어해서 그것들로 육수로 낸 것도 드시지 않는 분이 계셔서요. 다른 유명한 곳들은 황태나 멸치육수가 다 들어가는 것 같은데 금학칼국수도 멸치나 황태같은 해산물을 사용하나요? 혹은 다시마나 조개 육수 정도는 드시는데 다시마 조개 버섯 고기 같은 육수로 조리하는 장칼국수 가게가 있을까요?,120802, 44,2024.09.16
475370162,질문강릉 미용실 추천,제가 어울리는 머리 추천 받고 펌이랑 컷 하고 싳어요 학생입니다 강릉 미용실 추천해주세용,120802, 225,2024.09.15
475359074,질문강릉여고 경쟁률,강릉여고를 가고싶은데 주변에 강릉여고를 희망하는 친구들이 많더라구요...혹시 강릉여고를 1지망을쓴다면 갈 수 있는 확률은 타학교에 비해 높은 편인가요?,120802, 39,2024.09.14
475298486,질문강릉 카페카모메 맛있는 메뉴 추천 가능할까요?,강릉 여행을 계획 중인데요 요즘 유행하는 두바이 초콜릿을 카페카모메에서 판매한다고 하여 가보려고 합니다. 당고도 있고 신기한 디저트가 많던데 맛있는 메뉴 추천 가능할까요? 매장 내 좌석이 넓은지도 궁금합니다.,120802, 24,2024.09.13
475298308,질문강릉 수입차 수리 잘하는 곳 어딘가요?,갑자기 타고 다니는 차량에 문제가 생겨서 수리를 맡겨야 하는데 강릉에 수입차 수리 잘하는 정비소 어디인지 알려주실 분 있나요? 영업시간이랑 업체명 여러 군데 추천 부탁드립니다.,120802, 18,2024.09.13
475252659,질문강릉 수산물 직판장 큰가요?,강릉에 여행 와서 수산물 직판장을 가보려고 합니다. 강릉 수산물 직판장은 규모가 큰가요? 새벽에도 운영하는지요? 운영을 몇 시까지 하는지도 알려 주신다면 감사하겠습니다.,120802, 42,2024.09.12
475252189,질문강릉 교동에는 어디 아파트가 살기 좋나요?,회사에서 강릉 교동으로 발령받아 이사를 가야 합니다. 제가 이 지역에서는 살아 본 적이 없어서 잘 모르는데 어디 아파트가 살기 좋은지 알려주세요. 신축에 주차가 편리한 곳이면 좋을 것 같습니다.,12080203, 28,2024.09.12
475139158,질문강릉 부산,내년 초에 강릉역에서 부전역까지 갈 수 있다는데 몇시간정도가 걸릴까요?,120802, 36,2024.09.09
475123307,질문추석 강릉중앙시장 운영 여부,이번 추석연휴에 강릉에 가는데요. 강릉중앙시장 추석연휴에도 운영을 하나요? 어디서 문의가 가능하죠?,120802, 881,2024.09.09
475091155,질문강릉 위치,옛날에 갓던곳이고 택시기사아저씨가 가다가 내려주신곳이라 정확한 위치를모르겠는데 알수있을까요 그때 당시 택시기사분한테 숙소가는길쪽에(숙소위치도 기억안남ㅜ) 혹시 생각정리하기좋은곳있냐고 물어봤을때 내려주신곳이고 앞으로만 쭈우욱 걷는 평탄한길이었고 (산책로인듯) 주민분들이 걷고 있었어요 울창하게 나무들 빽빽히있었고 그길을 1시간은 걸었던 기억이. (아마 더 길거에요. 저는 숙소와 가까워져서 그만걸었던) 그리고 그 길 중간에 군부대?같은게 있었어요 뭐 훈련하는거같던? 이거만 보시고도 어딘지알수있을까요? 오랜만에 다시 한번 가서 아무생각없이 걷고싶네오,120802, 29,2024.09.08
475078111,질문강릉 핫플 술집,강릉에서 헌팅도 되고 사람들 많이 가는 포차나 술집있나료,120802, 21,2024.09.08
475062949,질문다이어트 순두부현미밥 비뱌먹는거,괜찮죠???,120802, 38,2024.09.08
475051445,질문강릉 끓여먹는 짬뽕,에쩐에 강릉가서 끓여먹는 해물짬뽕 있었는데 우선 해물 다 건져먹고 그담 짬뽕면 넣는데 그게 진짜 맛있었는데요 면이 무한리필이였눈데 오랜만에 가려니까 검색해도 안나오더라구요 사라졌을까요 이름도 기억이안나네요 끓여먹는짬뽕 쳐도 안나와요,120802, 21,2024.09.08
