﻿doc_id,title,question,region_id,views,question_date
477563691,질문건대치과 임플란트 치아교정 잘하는 치과,안녕하세요 자양동에 거주중인데 근처에 임플란트랑 치아교정 잘하는 치과로 추천좀 부탁드려요~~ 교정은 상담부터 일단 받아보려고 하고있고 임플란트는 부모님 때문에 알아보고있어요 유명한 치과좀 알려주세요~^^,12012005, 19,2024.11.06
477561804,질문구의역치과 찾고있는데 추천 부탁드립니다,임플란트 심으려고 알아보고 있습니다 이왕이면 잘하기로 유명한 치과에서 하고싶어서요 추천 해주시면 감사하겠습니다^^,12012002, 18,2024.11.06
477559378,질문자양동치과 잘하는곳 추천좀 해주시면 감사하겠습니다,저희 애 이번에 치아교정 시켜주려는데 자양동 인근에 잘하는 교정치과 어디인가요??,12012005, 20,2024.11.06
477558824,질문건대치과 추천좀 부탁드립니다,임플란트를 하려고 알아보고 있습니다 임플란트는 수술이라 잘하는 치과에서 해야한다고 들어서요... 건대 근처로 자양동이나 화양동쪽 치과로 추천 부탁드립니다,12012005, 24,2024.11.06
477558734,질문구의역 근처 주차연습하기 좋은 곳 있나요?,구의역 근처에 주차연습하기 좋은데 있나요??,12012002, 18,2024.11.06
477558268,질문광진구치과 중에서 잘하기로 유명한 곳이 따로 있을까요?,안녕하세요 이번에 저희 어머니 임플란트 때문에 치과를 찾고있는데 저도 신경치료를 해야해서 이왕 치과에 가는김에 유명하고 잘하는 곳으로 가고싶은데 광진구에서 유명한 치과가 어디일까요?,120120, 20,2024.11.06
477519859,질문서울 광장동 치과 잘하는곳 추천좀해주세요,2명 갈 예정이고 충치 치료랑 크라운 그리고 임플란트까지 할 예정입니다,12012001, 25,2024.11.05
477518820,질문임플란트 떨어짐 (탈락) 치과 추천 부탁드립니다,예전에 임플란트를 2개 했는데 1개 윗부분이 떨어졌어요 할때 제대로하면 이런일 없다는데... 다른 치과를 알아보고있습니다 서울에 광진구나 중랑구쪽 임플란트로 유명한 치과 추천좀 부탁드립니다,120120, 30,2024.11.05
477518142,질문서울 광진구/성수동 화양사거리 근처 도시락 실내공간,근처 직장인인데 집에서 싸온 도시락 먹을 수 있는 무료 실내공간이 있을까요?,120120, 26,2024.11.05
477514930,질문중곡동 치과 추천좀해주세요 임플란트 받을 예정입니다,50대 중반 남자입니다. 이번에 임플란트를 심으려고 치과를 알아보고 있습니다 실력있는 치과로 추천부탁드립니다,12012006, 21,2024.11.05
477514692,질문광진구 야간치과 있을까요??,제가 회사때문에 퇴근하고 집에 오면 7시쯤되어서 치과 진료를 못보는데 혹시 광진구에 야간진료 보는 치과가 있나요??,120120, 24,2024.11.05
477514183,질문광진구치과 치아 교정 잘하는 곳 추천좀 부탁드려요,안녕하세요~~~ 이번에 중학생 아들 고등학생 되기전에 치아교정좀 시켜주려고 하는데 광진구에 교정치과 어디가잘할까요??,120120, 25,2024.11.05
477511896,질문화양동치과 중에서 임플란트 잘하는곳 좀 알려주세요!,임플란트가 어려운 수술로 알고있는데 검증된 잘하는 치과로 좀 추천부탁드립니,12012007, 20,2024.11.05
477511594,질문광진구 자양동치과 임플란트 잘하는곳 알려주세요,곧 어머니가 임플란트 수술을 해야할거같은데 이왕이면 유명하고 잘하는곳에서 하고싶어서요,12012005, 23,2024.11.05
477511479,질문건대치과잘하는곳 어디인가요?? 광진구 쪽 추천 부탁해요,건대 쪽에서 치아교정 잘하는 치과 찾고있습니다 위치가 광진구 쪽이면 앵간하면 다 괜찮습니다. 건대쪽이면 더 좋구요,120120, 24,2024.11.05
477511119,질문아차산역 치과 치아교정 잘하는 곳 있습니까?,아차산역 근처에서 교정 상담받고 싶은데요. 좋은 치과 추천 부탁드려요,12012001, 23,2024.11.05
477509611,질문능동 치과 어디 많이가나요??? 추천부탁드립니다,임플란트 2개 정도 하려고 하는데 능동에 괜찮은 치과있으면 추천 부탁드립니다,12012004, 22,2024.11.05
477508990,질문건대 치과 유명한 곳 어디인가요 ??,아이 교정치료 해야하는데 추천좀 부탁드립니다 ^^,12012005, 24,2024.11.05
477508483,질문군자동 치과 군자역 인근에 있는 곳으로 추천좀해주세요,임플란트 알아보고있는데 믿을수있는 오래된곳이면 좋겠어요,12012003, 24,2024.11.05
477507837,질문구의동치과 교정 잘하는 곳 좀 알려주세요 오래된 곳 주,구의동에서 치아교정 잘하는 오래된 치과 찾고 있는데 추천해 주실 만한 곳 있나요?? 그런 치과 아시는분들은 답변좀 부탁드려요,12012002, 20,2024.11.05
477507394,질문광장동치과 충치 신경치료크라운 잘하는 곳 좀 알려주세요,아래 어금니에 충치 생긴지 꽤 됐는데 미루고 미루다 치통이 심해져서 신경치료를 해야할거같은데 광장동에 신경치료 잘하는곳 있으면 추천좀 부탁드립니다,12012001, 17,2024.11.05
477506897,질문군자 치과 추천좀해주세요 (군자역 인근일수록 좋음),안녕하세요 군자동에 위치한 치과들 중에서 임플란트 잘하는 곳 어디 있을까요?,12012003, 27,2024.11.05
477506467,질문광장동 쪽에 치과 추천좀해주세요 충치 치료 받으려고,광장동에서 정기 검진이랑 간단한 충치 치료를 잘하는 치과를 찾고 있어요. 추천 부탁드립니다,12012001, 17,2024.11.05
477506098,질문군자치과 충치 치료 잘보는곳 추천좀 부탁드립니다,군자에 위치한 치과 중에서 충치 치료와 스케일링 잘하는 곳 있을까요? 친절하고 깨끗한 곳이면 좋겠습니다,12012003, 19,2024.11.05
477505796,질문군자역치과 임플란트 잘보는곳 알려주세요~~,군자역 근처에 있는 치과 중에서 임플란트나 잘해주는 곳 추천 해주실분 계신가요~~,12012003, 18,2024.11.05
477481371,질문자양동치과 임플란트 잘하는곳 좀 추천해주세요~!!,광진구 자양동에 거주중인데 임플란트 어디 치과가 잘하나요?? 저희 아버지 임플란트 시술이 필요하여 질문드립니다.,12012005, 18,2024.11.04
477481106,질문건대치과 잘하는곳 좀 알려주세요!,건대 쪽에서 치과 치료 경험 있으신 분 계신가요? 특히 크라운이나 인레이 잘하는 곳으로 좀 알려주시면 감사하겠습니다!!,12012005, 20,2024.11.04
477480948,질문아차산역치과 치아교정 잘해주는곳 추천좀 부탁드립니다,아차산역 근처에서 교정 상담 받아보고 싶은데 같은 동네이신분들 계시면 좋은 치과 추천좀 부탁드립니다,12012002, 17,2024.11.04
477480233,질문능동치과 사랑니 뽑으려 하는데..,능동 근처에서 사랑니 발치 잘하는 치과 아시는 분 계신가요? 매복사랑니라서 난이도가 있는 편이라 경험이 많은 선생님 계신곳을 찾고 있어요,12012004, 28,2024.11.04
477479898,질문건대임플란트 상담 좀 받아보려고,임플란트 상담받고 싶은데 제가 자양동에 살아서 건대 쪽에서 관리 잘해주는 치과있으면 추천좀 부탁합니다,12012005, 18,2024.11.04
477479653,질문건대치과 사람들 많이 가는곳 어디에요?,건대 근처에서 정직하고 신뢰할 수 있는 치과 추천 좀 부탁드려요. 임플란트 3개 정도 생각 중인데 경력 오래된 의사한테 받고싶습니다,12012005, 17,2024.11.04
477479259,질문구의동치과 신경치료 크라운 잘하는곳이 어디지요?,광진구 구의동에서 신경치료와 크라운 씌우는 치료를 받으려고 해요. 믿고 맡길 만한 치과 있으면 알려주세요,12012002, 18,2024.11.04
477479090,질문군자동 교정치과 상담 받아보려합니다,군자동 쪽에서 교정 상담을 받아보려고 하는데 잘하는 치과 있을까요? 비용과 진료 후기도 궁금해요 답변 달아주시면 감사하겠습니다,12012003, 17,2024.11.04
477478930,질문광장동 치과 괜찮은 곳 알려주세요~~,광장동에 괜찮은 치과 있으면 알려주세요~~ 중학생 남자아이 정기 검진과 간단한 충치 치료를 받으려고 해요,12012001, 17,2024.11.04
477476197,질문군자역 치과 어디가 잘보나요?,군자역 근처에서 진료 잘하는 치과를 찾고 있는데 아시는분 추천 부탁드림니다,12012003, 24,2024.11.04
477388644,질문강변 테크노마트 이든 모바일이랑 고래 모바일 중에서...,강변 테크노마트 이든 모바일이랑 고래 모바일 중에서 어느 곳이 더 핸드폰을 싸게 잘 해주고 호구도 안 당하나요 약정 기간이 끝나면 2년 선택 약정으로 할려고 하는데요,12012002, 30,2024.11.03
477396877,질문뚝섬한강공원...,뚝섬한강공원인데 저거 뭔가요 점점 뚝섬쪽으로 오고잇어요,12012005, 26,2024.11.02
477350645,질문중곡역 살기좋은가요??,중곡역 이사 생각중인데 어떤가요?!,12012006, 28,2024.11.01
476984730,질문방이편백 육분삼십 군자역 맛집 주차는 어디에 하나요?,친구들과 방이편백 육분삼십 군자역 맛집에서 모임을 하기로 했습니다. 이 음식점을 방문할 경우 주차는 어디에 해야 하나요? 주차 가능 여부와 주차 비용은 어떻게 되는지도 알려주시면 감사하겠습니다.,12012003, 21,2024.10.23
476937748,질문광나루 안전체험관에 뭐있나요?,지하철이나 엘리베이터같은것도있나요?,12012003, 19,2024.10.22
476810431,질문약정이 끝나면 강변 테크노마트에 있는 고래 모바일에서...,약정이 끝나면 강변 테크노마트에 있는 고래 모바일에서 핸드폰을 교체 할려고 하는데요 할부 없이 2년 약정으로 해주나요?,12012002, 37,2024.10.20
476770715,질문강변 테크노마트에 있는 고래 모바일에서 폰을 교체 할려,삼성 갤럭시 S25 시리즈가 나오면 강변 테크노마트에 있는 고래 모바일에서 폰을 교체 할려고 하는데요 원하는 색상으로 구입을 할 수 있을까요?,12012002, 49,2024.10.19
476656012,질문건대역 정형외과 스타시티 정형외과의원 점심시간 있나요?,최근 잦은 야근으로 어깨가 뭉친 탓인지 통증이 지속되어 물리치료를 받으러 가려고 합니다. 12시쯤에 방문할 예정인데 건대역에 있는 정형외과 스타시티 정형외과의원 점심시간 있나요? 있다면 몇 시부터 몇 시까지인지 알려주세요.,12012005, 19,2024.10.15
476653814,질문자양동 레이저 제모 데이뷰의원 건대입구역점 괜찮은가요?,다음 달에 남자친구와 수영장을 가기로 했는데 제모를 깜빡했습니다. 급하게 받아야 하는데 데이뷰의원 건대입구역점 제모 괜찮은지 알고 싶습니다. 겁이 많은 편이라 아프지 않게 해주시는지 자세한 후기 부탁드립니다.,12012005, 20,2024.10.15
476640926,질문경부선 만남의 광장 회차로?,경부고속도로 만남의 광장 서울방향 회차로(토끼굴)에 현대 쏠라티 차량 통과가 가능한지요? 아시는분 답변해주시면 감사드리겠습니다 _()_,12012001, 54,2024.10.15
476609956,질문건국대학교 병원 진료 예약 방법과 절차는?,안녕하세요. 이번에 건국대학교 병원에서 진료를 받으려고 하는데 진료 예약 방법과 절차가 궁금합니다. 예약 방법과 필요한 서류 예약 가능 시간 등을 알려주세요. 자세한 정보 부탁드립니다.,12012007, 17,2024.10.14
476487098,질문강변 테크노마트 고래 모바일에 가면 아이폰16 프로 화...,강변 테크노마트 고래 모바일에 가면 아이폰16 프로 화이트 색상 128 기가도 내년 3월에도 재고가 많이 있나요?,12012002, 25,2024.10.12
476416359,질문이 팔찌 무슨 용도 인가여,제가 한강에서 돗자리 빌릴때 줬는데 제가 까먹고 안가져 갔더니 다시 가져오라고 학생증 안돌려준다고 햇어요. 진짜 그냥 궁금해서 물어봅니다.,12012005, 22,2024.10.09
476365638,질문사는 지역에 아파트가 생기면 좋은점있나요?,사는 지역에 아파트가 생기면 좋은 점이있나요?? 그 지역에 사는 인구 수가 늘어난다 이거 하나인가요?,12012005, 48,2024.10.08
476356032,질문건대 염색 미용실 능동로 헤어더뷰 뿌리 염색 얼만가요?,염색한 머리가 많이 자라서 뿌리 염색을 할 때가 되어 미용실을 찾고 있습니다. 제가 학생이라 저렴한 미용실을 가야 하는데 건대 염색 미용실 능동로 헤어더뷰는 뿌리 염색이 얼만가요?,12012005, 21,2024.10.08
476103033,질문강변역 갈만한 곳이 있을까요?,안녕하세요. 다음주에 강변역에 갈 일이 있어서 질문 드립니다. 강변역 근처에 가볼 만한 곳이 있을까요? 친구와 함께 갈 예정이라 맛집이나 카페 놀거리 등 다양한 추천 부탁드립니다.,12012002, 70,2024.10.02
476032729,질문(남성 곤지름)남자선생님이 진료해주시는 병원 있을까요?,최근에 병원에서 곤지름 판정 받은 30대 남성입니다 회사 근처에서 치료 받고 싶은데 추천해주실 병원 있을까요? 회사는 군자역에서 도보 5분 거리에 있습니다 아 그리고 이왕이면 남자 선생님이셨음 좋겠네요 광진구 쪽 근처 남자선생님이 진료해주시는 병원 있을까요?,120120, 42,2024.09.30
475936385,질문자양고 vs 광양고,제가 이번에 구의로 이사가서 두 학교중에 선택하는데 질문 1.두 학교중 더 내신따기 적합하고 공부 분위기 있는곳은 2.둘다 남녀공학에 합반인가요? 3.두 학교 다 축제기 많나요? 4.학생은 어디가 더 착한가요?,12012002, 41,2024.09.29
475961142,질문도망가는 꿈 해몽,싫어하는 사람들이 저를 쫓아왔고 저는 높이 뛰어오르고 달리고 날아서 도망가는 꿈을 꿨어요 이유는 기억이 잘 안나는데 도망가면서 너무 재미있고 기분이 좋았던 것 같아요 해몽이 있을까요?,12012001, 42,2024.09.29
475750607,질문강변 테크노마트에 있는 고래 모바일에서도 아이폰16 프...,강변 테크노마트에 있는 고래 모바일에서도 아이폰16 프로를 싸게 구입을 할 수 있나요?,12012002, 41,2024.09.25
475805657,질문건대 하이디라오 룸 예약 어떻게 하나요?,친구들이랑 건대에서 약속을 잡아서 점심에 하이디라오를 가려고 합니다. 인원이 많아서 룸으로 예약을 하려고 하는데 전화 예약만 가능한 걸까요? 룸은 추가 금액이 있는지 얼마인지도 알려주시면 감사하겠습니다.,12012005, 21,2024.09.25
475801822,질문자양역 한강 음주제한시간있나요?,코로나이후가본적이없는데 혹시 제한되는게있을까요?,120120, 188,2024.09.25
475763496,질문거제 중곡동에 추천할 만한 치과 있나요?,거제 중곡동에 임플란트 잘하는 치과 추천해주세요. 저번에 과잉진료가 너무 심한 곳으로 갔었던 기억이 있어서 과잉진료 없고 친절한 곳이면 좋겠어요. 임플란트 비용도 같이 알려주시면 감사하겠습니다.,12012006, 27,2024.09.24
475595442,질문정명여고에서 전학,정명여고 다니고 있는데요 .. 전학가고싶어서요.. 남악고나 백제나 무안중에 갈수있는곳이 있을까요..?,120120, 48,2024.09.20
475414212,질문한국 광장시장바가지,부모님이 광장시장놀러가제요ㅠ 전가고싶지않은데..광장시장은 바가지많고 쓰레기도아무데나 버려져있고 더럽지않아요?서울이라는곳은 일본보다 더욱더 더럽잖아요,120120, 111,2024.09.16
475370363,질문군자 양자강 아시는 분 계신가요?,어머니가 서울 군자역 근처에서 직장을 다니셨어서 근처 식당들을 함께 많이 갔었는데 엄청 크고 가격이 저렴한 중국집이었고 이름이 양자강이었던 걸로 기억하는데 검색해보니 안 나와서 여쭤봅니다. 검색하니 나오는 양자강은 아니어서요 어머니가 올해 돌아가셔 자주 같이 갔던 곳들을 떠올리고 있는데 기억이 안 나고 어디 물어볼 수도 없어 글 올립니다ㅠㅠ,12012003, 26,2024.09.15
475166431,질문군자동 동산교회 질문,교회다니려고 하는데 몇시몇시 예배가 있나요??!,12012003, 24,2024.09.11
475111583,질문중곡역 근처 철봉이 있는 공원이나 놀이터가 있나요?,질문 그대로 중곡역 주변 철봉이 있는 공원이나 놀이터 위치를 알고 싶습니다.,12012006, 27,2024.09.11
475166182,질문건대입구역 근처에 라멘 맛집이 있나요?,건대입구역 근처에서 친구들과 점심을 먹으려는데 라멘 맛집을 찾고 있습니다. 건대입구역 근처에 맛있는 라멘집이 있을까요?,12012005, 107,2024.09.10
475120675,질문건대입구역 근처 파스타 맛집있나요?,건대입구역 근처에 파스타가 맛있는 맛집을 찾고 있습니다. 분위기도 좋고 가성비도 좋은 곳으로 추천해 주세요. 이왕이면 역에서 가까웠으면 좋겠어요.,12012005, 25,2024.09.09
475074374,질문광장시장의 이벤트,제가 광장시장을 조사하고 있는데 특별한 추석 이런날 빼고도 시장안에서 각종 이벤트를 하나요? 그리고 먹거리 말고 따로 유용한 정보도 있을까요??,12012001, 20,2024.09.08
475015924,질문강변 테크노마트에 있는 고래 모바일도 성지인가요,,12012002, 24,2024.09.08
