﻿doc_id,title,question,region_id,views,question_date
477419486,질문예산여고vs금성여고,안녕하세ㅇ요 저는 공주에 거주중인 중2입니다 아직 2학년이긴 하지만 제 선배들을 보면서 고등학교를 빨리 정해야 겠다는 생각이 들더라구요..ㅜ 제 목표는 성균관대입니다 과는 아직 생각 못해봤지만 성균관 이라는 학교가 너무 가고 싶어요 금성여고와 예산여고에 특징을 알고 싶어요!! 거리는 둘다 비슷하게 걸려서 상관 없거든요 (공부 분위기기숙사선생님들) 이 두학교 말고 다른 학교있으면 추천해주세요,121513, 25,2024.11.03
477395339,질문충남 예산군 네비게이션 업데이트 가능한 곳,안녕하세요. 충남 예산군에서 네이게이션 업데이트 가능한 곳 있으면 알려주세요! 차는 아반떼 입니다.,121513, 19,2024.11.02
477142850,질문예산예화여고,제가 지금 당진에서 학교를 다니고 있는데 예산예화여고 e-비지니스과를 가고 싶어요 내신 점수랑 예산예화여고가 어떤지 정보 좀 알려주세요!,121513, 34,2024.11.02
477350331,질문예산터미널에서 무인기계료 표 끊었는데,제가 예산종합터미널에서 무인기계로 끊었는데 다른 지역에서 환불 가능한가요? 예산종합터미널에 내부 새로 지을건지 대부분 다 없어졌어요 예산종합터미널에는 이 무인기계만 있어서요,121513, 25,2024.11.01
477199005,질문청양군 청양고,내신 따기 좋나요? 지금 성적은 평균정도입니다,121513, 40,2024.10.30
477250030,질문예산 수덕사 단풍 들었나요?...,예산 수덕사 단풍 들었나요? 11/8일 쯤 가볼까하는데 그쯤이면 단풍을 볼수 있을까요? 답변 부탁드립니다,121513, 32,2024.10.29
476947834,질문예산 우방유쉘아파트에 방문차량도 출입 가능한가요?,정문으로 출입이 가능할까요??,121513, 14,2024.10.22
476906061,질문예산군 교육지원청 주차장을 외부인이 사용해도 되나요?,제목이 곧 내용입니다.,121513, 18,2024.10.21
476772556,질문예산삼국축제 시작한이유,예산삼국축제가 시작한것은 백종원때문에 예산이인기여서 시작했을까요? 예산시장에 국밥 국수 국화가 유명해서시작한것일까요? 그래서 2017년부터 예산삼국축제가 시작되었나요?,121513, 48,2024.10.18
476715033,질문공주대 예산캠 특동과,지역인재 전형으로 예산캠 산업쪽 자율전공을 신창했는데 자율전공에서 특동과로 갈 수 있나요?,121513, 44,2024.10.18
476473919,질문예산여고 질문 책택 잘함요,예산여고 폰 걷나요? 걷으면 언제 걷어여? 예산여고 교복 자율인가요? 예산여고 급식 맛있나요?? 예산여고에 레즈 많아여?? 예산여고 기숙사 어때요? 예산여고 장점 예산여고 단점 알려주세요...,121513, 24,2024.10.11
476057386,질문예산에서 서울월드컵경기장으로 가는방법..,대중교통 이용할꺼라서 기차나 버스 다상관없어요..가는 방법만 알려주세요! 10윌20일이요,121513, 32,2024.10.01
476010347,질문예산에서 아산으로 오는 버스...,예산에서 아산으로 오는 버스시간표를 모르겠는데 순천향대학교도 표시되있는 시간표 좀 알려주실 수 있을까요?,121513, 13,2024.09.30
475700429,질문덕산고등학교 폰 사용,폰 매일 걷나요? 폰이나 패드 사용할수있나요? 예산쪽? 홍성? 내포? 그쪽에있는 덕산고등학교,121513, 32,2024.09.23
475544894,질문한우랑 사과랑 축제,한우랑 사과랑 축제에 들어간 예산 얼마지 아시는 분,121513, 18,2024.09.19
475359529,질문예산시장 추석연휴때 여나요?,내일 방문할까하는데 열까요?,12151302, 10,2024.09.14
475199361,질문예산예화여자고등학교 외식조리과 내신커트,아시는분만 댓글부탁드려요 예산예화여자고등학교 외식조리과가 200점만점에 110점이 작년 컷이였다는데 진짠가요? 전화해서 물어보니까 백분율은 60점대였다는데 ㄹㅇ인가요?,121513, 10,2024.09.11
475190179,질문덕산 스플라스 리솜 학생할인 신분증으로만 가능할까요?,제가 성인없이 친구들끼리서 워터파크로 덕산 스플라스 리솜에 갈려고 하는데요! 지역할인 받으려고하는데 학생증만 가져가도 괜찮을까요?? 혹시 등본을 떼야한다면 제가 아는 그 종이로 떼는 등본이 맞을까요?,12151307, 28,2024.09.11
