﻿doc_id,title,question,region_id,views,question_date
477580193,질문병원내역진료기록,안녕하세요 다름이 아니구요 제가 여지것살면서 어떤 진료를받았고 어떤 예방주사를 받았으며 어떤약을 처방받았는지 알수있는 사이트가있나요? 알려주시면 감사하겠습니다,12012508, 11,2024.11.06
477513351,질문금요일 청량리상봉에서 인천공항까지 뭐가더나을까요?,안녕하세요 금요일에 청량리 첫차4시10분 혹은 상봉 첫차4시20분 둘중에 뭐가더 나을까요ㅜ ㅜ 1터미널이고 청량리는 90~110분이고 상봉에선 안타봤어요.. 금요일 새벽이지만 혹시나 막힐까봐 걱정입니다 제발도움을 주세요 선생님들,12012508, 24,2024.11.05
477487415,질문동대문 지하상가 유니폼 영업시간이 언제부터 인가요?,이번주 수요일에 학교에서 고려대 캠퍼스를 가는 김이 동대문도 들린다 합니다 동대문 지하상가에 유니폼을 파는 데가 있다는데 언제부터 언제까지 하나요?,120125, 19,2024.11.04
477473006,질문공시지가 어디서 볼수있나요?,안녕하세요 공시지가를 알려면 어디에서 볼수있나요? 알려주시면 감사하겠습니다,12012508, 18,2024.11.04
477446144,질문11월3일 오늘 노란천막 영업하나요?,오늘 노란천막 지갑 파는분들 나오시나요?,120125, 21,2024.11.03
477433518,질문신설동 맛집 추천해주세요,신설동에 친구들과 배부르고 맛있게 먹을수있는 맛집 추천해주세요!!!다양한 메뉴가 있음 더 좋을것 같습니다,12012502, 38,2024.11.03
477431390,질문동대문구 청량리에서 전북 군산 침대 용달 문의드립니다.,안녕하세요 청량리에서 군산까지 라지킹 침대 용달 문의드립니다. 사이즈는 1950*2250 입니다. 아래 사진 라지킹 침대 프레임 매트리스 보양해서 옮겨야합니다. 군산에서는 슈퍼싱글 침대 두개 중 하나는 다른방으로 옮겨서 설치해주셔야하며 (하나는 당근예정) 이 방에 라지킹 침대를  옮겨주셔야합니다. 집에 도와줄 분이 안계셔서 두분이 오셔야됩니다. 이렇게 진행시 금액 문의드립니다. 그리고 다음주 월화수 중에 가능할까요?,120125, 50,2024.11.03
477378289,질문공항 몇 시까지 도착해야하나요 에어로케이 도쿄행,인천공항에서 에어로케이 도쿄행 8:25분 비행기인데 첫차가 이것밖에 없어서 인천공항엔 6시 5분~ 6시 25분쯤에 도착할 예정인데 많이 빡셀까요...? 1월 중반 비행기입니다 지식인 보니까 2시간전에만 가면 된다고 하긴 하던데 면세점은 안 들립니다,120125, 43,2024.11.02
477323595,질문동대문 맛집...,동대문 맛집 추천해주세요 ㅎㅎ 친구랑 둘이서 가는데 중학생 입니다 해산물만 아니면 됩니당 아 치즈도요! 주소나 블로그 첨부해주시면 감사하겟습니다 놀거리도 추천해주시면 더 감사합니다 ㅋㅋㄱㅋㅋ,120125, 178,2024.10.31
477312400,질문사진찍는곳,회기역이나 경희대 근처에 포스터에 넣을 사진 찍는 곳 있나요? 셀프도 괜찮고 찍어주시는 것도 좋아용!,12012509, 18,2024.10.31
477302104,질문동대문 노란천막,요새 노란천막 영업하나요? 11월2일 가려고하는데 열까요?,120125, 26,2024.10.31
477294925,질문동대문 악세서리 질문이요,이 사진에 표시한 액세서리 부품 동대문 몇동에 있을까요?,120125, 20,2024.10.31
477194738,질문휘경여중 배정위치,중학교 휘경여중 돨려면 주소 어디예야돼나용?? 휘경 sk뷰면 휘경여중 안돼겠죠 ㅜㅜㅜ 재발 답변해주세용 ㅠㅠㅠㅠㅠㅠ,12012506, 17,2024.10.28
477182613,질문식용버섯이지  궁굼하네요,안녕하세요 산행중 소나무에 자생하는 버섯인데 이거 식용인가요?,12012508, 31,2024.10.28
477106136,질문동대문 장안힐스테이트 주차증,주차증 스티커 붙인거 핑크색인가요?,12012505, 31,2024.10.27
477080653,질문동대문 장안힐스테이트,주차증스티커 붙인 거 무슨색인고요?,12012505, 34,2024.10.27
477134319,질문아산역 청량리행 노선,청량리행타고도 금정역 갈수있을까요? 엄청 급해서요ㅜ누,12012508, 42,2024.10.27
477068095,질문동대문 장안 힐스테이트,자동차 붙인 스티커 어떤모양인지 보여주세요,120125, 31,2024.10.26
477066893,질문ddp 시설에 관하여 질문해봅니다,뮤지엄아트홀디자인 랩 이 3개의 시설은 뭐하는 곳인지 궁금합니다,120125, 21,2024.10.25
477061470,질문장안대학교 예비31,장안대학교 뷰티케어과 예비31 받았는데 추가합격 가능성 있을까요? 수시2차 넣는 게 낫나요?? 잘 몰라서요 알려주십쇼 ㅠㅠ,12012505, 19,2024.10.25
476898528,질문2010-현재 청량리역VS장지역 우승,,120125, 33,2024.10.23
476947536,질문경희대 축제 외부인 출입 가능한가요?,10월 30일에 경희대 축제 외부인 출입 가능한가여오..?ㅜㅠ,12012509, 738,2024.10.22
476903023,질문예지몽인가요?,제가 지방에서 사는데 지하철 역이 꿈에서 나왔어요. 그래서 어디역인지 찾다가 회기역 개찰구랑 너무 똑같더라고요. 저는 살면서 가본적도 없고 꿈을 꾸기 전까지 인터넷에서도 이런 지하철을 본 적이 없는데 예지몽인가요?,12012509, 39,2024.10.21
476902247,질문버섯이름좀 알려주세요,산행중 버섯을 캤어요 식용인지 독버섯인지 알려주시면 감사하겠습니다,12012508, 32,2024.10.21
476858234,질문장안현대홈타운 1차 독서실,장인현대홈타운 1차에 사는 학생입니다. 아파트 안에 있는 독서실에 다니고 싶은데 가격과 기간? 같은 자세한 정보를 아신다면 알려주세요,12012505, 21,2024.10.20
476815187,질문동대문 열전사 호일,오늘 토요일인데 동대문 부근으로 열전사 호일 파는 곳들 있을까요?,120125, 22,2024.10.19
476753711,질문2024.10.17일 휘경동 피부실기 보신분?,관리차트계획 T_정상 U_정상 목_지성 적었는데 맞을까요?,12012510, 31,2024.10.19
476790296,질문천둥번개 근처에 떨어지면,방금 잠들라는데 갑자기 집안 전체가 환하게 번쩍 하더니 ㄹㅇ 무슨 뻥튀기 기계에 풍자 집어넣고 터뜨리는 정도로 귀 찢어지게 큰소리가 쾅!!!! 하더니 온 집안 창문 방문 벽걸이 선풍기 등등 다 흔들렸어요 밖에 지금 천둥에 비 개많이 오는데 그거때매 근처 공단 터진건가요?? 친구들은 근처에 번개 떨어진다는데 번개로 집안이 흔들리는게 가능해요?,12012509, 29,2024.10.18
476745077,질문마을버스 105...,마을버스 105이 청량리 가는 버스 맞나요?,12012508, 26,2024.10.17
476682304,질문청량리 홍두깨 칼국수,청량리에 할머니냉면집 근처에 있던 홍두깨 칼국수집 아시는분 계신가요? 대로변에 있는 홍두깨 칼국수집 말고. 할머니 냉면집 라인 바로 오른편에 있었던 곳이요. 그곳은 어땠나요? 보리밥 떡만둣국 칼국수 등등 팔았고 좌식 테이블이였어요,12012508, 30,2024.10.16
476670782,질문답십리역 주변에 고급일식집...,답십리역 주변에 고급일식집을 전에 본거 같은데 없어졌나요. 일식으로 검색해도 홀만있는 일반횟집만 보이네요. 코스로 나오는 룸이 있는 일식집 아시면 정보부탁드려요.,12012501, 20,2024.10.15
476653398,질문동대문 페스티벌 이동무대 기본 정보 알 수 있을까요?,동대문 페스티벌 이동무대가 있다고 하여 궁금하여 질문드립니다. 해당 축제는 언제부터 언제까지 하는 건가요? 어디서 진행하는지 어떤 행사인지 기본 정보 좀 알려주시면 감사하겠습니다.,120125, 22,2024.10.15
476596022,질문청량리 황해도순대 곱창,청량리 황해도순대에서 곱창 구매해서 드신분있을까요? 구매생각중인데...손질이나 어떻게먹어야하는지 궁금합니다. 혹여 냄새?같은게 날까요?ㅠ,12012508, 31,2024.10.15
476606414,질문동대문구립도서관 회원카드,제가 동대문구 정보화 도서관 회원카드가 있는데요 동대문구 답십리 도서관에도 정보화도서관 회원카드 사용 가능한가요? 아니면 답십리 도서관 가서 또 회원카드를 따로 발급받아야 하나요 ?,120125, 39,2024.10.14
476526335,질문2024년 장안동 야시장? 춤축제거리 언제 하나용,2024년 장안동 축제 언제 하나용ㅜ,12012505, 20,2024.10.12
476502951,질문천안에서 1호선 청량리,제가 전철을 타고 서울역을 가고싶은데요 이 지도대로 가는게 맞나요 ? 서울역까지? 다른 방향으로 새진 않았죠 ?,12012508, 57,2024.10.11
476454583,질문저렴한 맞춤정장매장 찾아요~,1. 매장 : 맞춤정장 2. 가격 : 1벌에 30만원 3. 지역: 서울(홍대입구) 4. 남자 여지 정장매장,12012503, 22,2024.10.10
476393616,질문버스 내릴때 안찍고 내리면..,제기 9월달쯤 버스 카드를 찍고 내렸는지 안 찍고 내렸는지 잘 모른 상태로 내렸었는데.. 그 이후로 버스를 탄 적이 없어가지구요.. 유튜브 찾아보니까 추가금 발생한다고 하고.. 어케 될까요..?? 그리고 어떻게 확인하나요?? 제가 탄 버스는 서울버스거 2413? 이었던 것 같아요ㅠ,12012507, 110,2024.10.09
476376619,질문내일 동대문종합시장 여나요,동대문종합시장 여는지 궁급합니다,120125, 21,2024.10.08
476356674,질문제기동역파밀리에더센트럴 입주 시기는 언제인가요?,서울 동대문구 제기동에 위치한 제기동역 파밀리에 더센트럴 아파트의 입주 예정일이 궁금합니다. 2026년 6월이라는 정보가 있던데 정확한 날짜를 알 수 있을까요? 자세한 정보 공유 부탁드려요!,12012507, 21,2024.10.08
476348419,질문버스에서 돈을 잃어 버렸어요…,제가 그 답십리 방면쪽에 있는 1218버스에 10000원을 잃어버렸는데 거기 버스에 연락하는 방법이 뭐에요?,12012501, 26,2024.10.08
476307582,질문급급 청량리역 6번출구 앞에 뭐있는지 자세히 사진,6번출구 어디에요ㅠㅠㅠ,12012508, 38,2024.10.07
476288554,질문10월 9일 동대문 부자재상가,한글날에 동대문 부자재상가 휴무일인가요? 검색해보니까 24째주 일요일만 휴무라고 하는데... 휴무일인가요?,120125, 73,2024.10.06
476285708,질문새빛시장 질문이요,안녕하세요 혹시 오늘 새빛시장 열었는지 여쭤봅니다~,120125, 26,2024.10.06
476277510,질문오늘 동대문 노란천막 영업하나요?,동대문 노란천막 오늘 운영 하나요? 오픈시간이랑,120125, 375,2024.10.06
476242657,질문동대문 디오트 영업시간,디오트 휴무가 토일이고 영업시간이 12시~12시인데 좀 헷갈려서요 그러면 일요일에서 월요일 넘어가는 밤 12시에 방문하는건 영업하는거죠?,120125, 27,2024.10.05
476158420,질문청량리역과. 회기역사이,왜. 전기 스위치. 내리죠,12012508, 30,2024.10.03
476143312,질문동대문종합시장,동대문 종합시장 5층 오늘 문 열까요 ?,120125, 28,2024.10.03
476100748,질문동대문 놀거리!,안녕하세요 이번에 친구랑 서울에 놀러갈일이 생겨서 가는데 숙소가 동대문쪽이라서요 근처에 맛집 추천이나 고등학생이 놀만한 곳 추천해주세요!,120125, 430,2024.10.02
475987287,질문동대문 일요일,새빛시장? 노란천막? 오늘 갈려고하는데 일요일도 여나요..?,120125, 23,2024.09.29
475938886,질문동대문 여나요?,10월 9일날 동대문 여나요?,120125, 32,2024.09.28
475934507,질문신설동 질문,신설동 미들홍콩 주차장 주차자리 있나요?,12012502, 26,2024.09.28
475871170,질문질문입니다,청량리는 뭐가 유명한가요,12012508, 31,2024.09.26
475862154,질문동대문 종합시장 질문이요,동대문 종합시장 국군의 날 원단천 가게 쪽은 오픈 하나요?,120125, 197,2024.09.26
475806803,질문청량리역에서 10분만에 환승,양평역에서 청량리역에 내려서 다시 청량리역에서 안동으로 가는 기차를 타야 하는데 10분밖에 시간이 없는데 가능할까요.. 지연되고 그럴까봐 걱정되네요,12012508, 70,2024.09.26
475846699,질문경동시장 고춧가루 어디가 맛있나요?,김장철이 오기 전에 고춧가루를 미리 사두려고 하는데요 집 근처에 경동시장이 있거든요. 시장에 고춧가루 판매하는 곳이 여러 군데 있던데 어디가 맛있는지 아시나요? 중국산 말고 국내산으로 된 고춧가루면 좋겠습니다.,120125, 125,2024.09.26
475815651,질문동대문 야시장하나요?,동대문 야시장 아직 해요?!! 아니면 시장 먹거리 그런거 어디에 있나요? 오늘 동대문 가거든요,120125, 212,2024.09.25
475771927,질문노보텔 엠버서더 동대문 호텔 결혼식 주차ㅠ.ㅜ,안녕하세요~ 저는 초초초초운전병아리 입니다. 운전 시작한지 얼마 안됐고 잘 하지도 못하는것 같아요... 근데 요즘에 걱정이 생겼습니다. 친척동생이 노보텔 엡버서더 동대문 호텔에서  결혼식을 한대요. 부모님을 모시고 가야 하는데... 주차난이도 헬이라는데.. 할수 있을까요??? 부모님이 다리가 아파서 많이 걷질 못하셔서 지하철은 못탈것 같은데... 혹시 근처에 넒은 주차장이 있나요????,120125, 56,2024.09.24
475759599,질문지역 바꿨을때 동대문 주문,제가 이사를 가서 사입사촌 지역을 바꾸려고 하는데 동대문에서 주문할때 사업자랑 다른 주소지로 주문해도 되는건가요?,120125, 33,2024.09.24
475756707,질문청량리역 맛집,청량리역 근방 맛집 좀 알려주세요 혼밥 혼술집 너무 좋습니다,12012508, 360,2024.09.24
475740153,질문동대문종합상가,종합상가에 있던 실 팔던 곳인데 엄청 구석에 해리포터 지팡이 고르는거처럼 사면에 실있고 종류도 엄청 많고 그랬던거같은데 어디에 있던건지 기억이 안나서요 혹시 아시는분 계신가요??,120125, 35,2024.09.23
475591521,질문옛날에 답십리에 살았는데 그곳에 새한태권도 있나요?,옛날에 답십리 초등학교 근처에서 살았는데 2학년 되기 전까지 그곳에서 살다가 마장동으로 이사가고나서도 새한태권도라는 도장에 다녔는데 부모님의 이혼으로 인해 그만두게 되었고 그 후에 4학년 2학기 쯤에 안양으로 이사가서 현재까지도 거기서 살고 있습니다. 중학교 2학년 때 쯤에 답십리에 한 번 들른 적이 있는데 이름이 경희대 새한태권도로 바뀌었더라구요. 혹시 아직도 운영하고 있나요? 오랜만에 관장님께 인사드리러 가고 싶어서요.,12012501, 44,2024.09.22
475631298,질문새빛시장 동대문 일요일 새벽,동대문 새벽시장 노란천막 짝퉁시장 토요일에서 일요일로 넘어가는 새벽에 영업하나요??,120125, 38,2024.09.21
475607229,질문외제차 수리점,안녕하세요 요번에 수입차를 구입할까하는데요 국산차는 수리센터가 많아서 쉽게 센터를 이용할수있지만 벤츠수입차는 고장시 지정센터로 가야하나요? 예를들어 엔진오일 교환할때도 지정센터에가서 교환을 해야하는지요? 알려주시면 감사하겠습니다,12012508, 25,2024.09.20
475606450,질문자동차사면 건강보험수가 오르나요?,안녕하세요 생애 첫차(중고차)를 구입할까하는데 형편이 어려워서 이것저것 따지다보니 자동차 구입시 국민연금보험국민건강보험수가가 올른다고하는 하는데 사사실인가요? 알려주시면 감사하겠습니다,12012508, 50,2024.09.20
475601845,질문동대문 악세사리상가에,공예용 니퍼도 같이 파나요?,120125, 23,2024.09.20
475591730,질문동대문종합시장 액세서리 9핀,사진에 있는거 파나요? 상호명 알 수 있을까요?ㅠㅠ,120125, 19,2024.09.20
475590237,질문7억아파트증여세,안녕하세요 아버지에 명의로 국민임대주택으로 38년간 온가족이 살던 아파트를 장남인 저에게 명의이전할려고 하는데 걱정이 되는게 증여세란겁니다 참고로 20년상환 임대아파트를부여받아 처음입주에 지금까지( 38년)살고 있습니다 현제는 제가 직장도 없고 수입이 없는상태에서 아파트를 증여받아 증여세를 내야한다고하는데 꾀 많이 나오는거 같더라구요 대략7천이 넘는다고 하는데요 솔직히 부끄러운 얘기지만 저의재산은 2천정도 가지고 있습니다 법이 여차저차해서 어쩔수없이 그렇다면 2천은 내야하겠지요 진짜 7천이라는 세금을 내야하는건가요? 제가좀 이런세금에 대해서는좀 문외한이라서요... 나라에서 집없는사람 20년동안 조금씩 돈을 내게해서 집을 마련해준건 고맙긴하죠 그렇지만 20년동안 돈 다갚았고 집에대한 재산세 다내고있고 또 그집에 산다고해서 주민세 다내고있구요 . 한데.....? 이제는 아버님이 연세가 있으셔서 자식한테 그집을 줄려고하니 나라에서는 그러면 세금 7천만원 내세요! 이건 좀 이해가 안가서요...... 오랬동안 온가족이 살고 있었으니 세금을 좀적게내는 방법이 없을까요? 만약 세금7천만원 증여세 못내면 집은 경매에 넘어가나요? 아니면 교도소가 가게되나요? 알려주시면 감사하겠습니다,12012508, 17,2024.09.20
475576966,질문티카실 뜻,식당에 티카실이라고 불리는곳은 뭐하는곳인가요?,120125, 43,2024.09.20
475548923,질문청량리에서 수원,혹시 청량리에서 수원가려면 어떻게 가야하나요? 내공80,12012508, 65,2024.09.19
475425901,질문동대문 새빛시장 (노란천막)영업하나요?,추석연휴에도 영업하나요,120125, 35,2024.09.18
475473290,질문동대문 노란천막,2024년 9월17일 화요일 추석당일 지금 동대문 노란천막 가보려고 하는데 정상영업 할까요?,120125, 17,2024.09.17
475447856,질문1호선 양주행 타면 청량리역 가나요? 급해요ㅠㅠ,오늘 진짜 중요한 행사가 있어서 오랜만에 서울 올라왔는데.. 1호선 양주행이란 지하철을 탔는데 이것도 청량리역에 가나요??? 지도앱에선 자꾸 의정부행을 타라고 해서요ㅠㅠ 급해요 답변 부탁드려요ㅠㅠ,12012508, 128,2024.09.17
475446207,질문오늘 17일 추석당일 동대문 노란천막 여나요?,동대문 노란천막.새빛시장 여나요?,120125, 23,2024.09.17
475430210,질문동대문 노란천막 인가 새빛시장 열렷나요?,지금 노란천막인가 새빛시장 열엇나요?,120125, 31,2024.09.16
475429755,질문16일 지금 동대문 노란천막 열엇나요?,현재 노란천막 열엇나요? 새빛시장,120125, 169,2024.09.16
475423282,질문왕십리역에서청량리역으로가려고하는데...,왕십리역에서청량리역으로가려고하는데용문행열차가들어오고있습니다타는거맞나요,12012508, 17,2024.09.16
475421714,질문그렌저HG 승차감 하락,안녕하세요 어느덧 6년째 되가는 그렌저HG가 승차감이 많이 떨어지네요 예전에 느끼지 못했던 앉는시트에서 바퀴에서 나는진동을 느끼게되구요 또 페달에서도 바퀴에진동을 느끼게되네요 예전엔 느낄수없었는데 세월이흐름에 안탑깝네요 제가 차에대한 지식이 없어서 프로님들에게 여쭙니다 혹시 카센터가서 뭐 어떤걸 교체해야지만 예전처럼 부드러운승차감을 느낄수있을까요? 알려주시면 감사하겠습니다,12012508, 16,2024.09.16
475386089,질문16일 저녁 동대문 노란천막(새빛시장) 열리나요?,내일 저녁에 동대문 노란천막(새빛시장)열리나요? 최근에 단속떴다그래서요 ㅜ,120125, 576,2024.09.15
475373977,질문동대문 종합시장...,동대문 종합시장 이번주 월.화에 여나요? 동대문종합시장에 인조꽃이나 코사지 판매하는곳 있나요?(몇층인가요?),120125, 50,2024.09.15
475364739,질문동대문 종합상가 휴가,동대문 종합상가 5층 액세서리 파는곳 있잖아요 거기 10월1일날 영업안하나요?,120125, 172,2024.09.15
475347910,질문동대문시장,오늘 서울새벽 동대문 시장여나요?,120125, 18,2024.09.14
475226153,질문인천대 자유전공학부,인천대 자유전공학부가 신설됐는데 문과기준으로 교과 등급또는 인천대식 환산점수로 몇 점 정도 나와야 합격 가능할까요? (저는 내신은 2.7정도되고 환산점수는 359점 입니다),12012502, 26,2024.09.11
475146515,질문동대문 보통 몇시쯤에나 여나요,동대문 가게들 보통 몇시쯤에나 문 열고 닫나요 저녁에 6-7시쯤에 가도 될까요?,120125, 54,2024.09.10
475143239,질문고등학교 배정,휘경sk뷰 살면 휘경여고경희여고청량고 셋중 어디 고등학교로 배정되나요?,12012510, 55,2024.09.10
475112784,질문청량리역 Tmo,청량리역에 있는 Tmo 국군장병라운지 사라졌나요..?,12012508, 29,2024.09.09
475090871,질문동대문 노란천막,오늘9월8일 여나요?,120125, 19,2024.09.08
475090723,질문동대문 노란천막,오늘 9월8일 여나요?급질문,120125, 13,2024.09.08
475074978,질문원주역에서 청량리역 시간표 ?궁금합니다,원주에서 청량리역 갈려고 하는데요시간표 부탁드립니다,12012508, 55,2024.09.08
474987612,질문올리브영은...,올리브영은 가게 마다 가격이 다른가요? 예) a지역은 10000원이고 b지역은 12000원 이렇게요.. 친구가 말하기로는 5000원도 차이 날수 있다는데 모르겠어요 올리브영은 가게마다 가격이 다른가요? 저는 다 똑같은 줄 알았는데 다르다고 하네요...;; 친구가 비교 까지 해봤다네요 저희 동네 하고 다른 동네 가서 비교 해보니까 다른 동네가 싸다 이러네요 아무나 알려주세요 올리브영은 가게 마다 가격 차이가 있나요?,120125, 34,2024.09.08
475045517,질문동대문시장,서울에 잇는 동대문 내일 일요일날 문 여나요??,120125, 35,2024.09.07
475031426,질문동대문역 근처 철봉 있는 공원 있나요?,동대문역 근처에 철봉 있는 공원 있나요? 흥인지문 공원이나 청계천 따라서 혹시 철봉 있는 곳 있을까요?,120125, 16,2024.09.07
