﻿doc_id,answer_index,answer,answer_date
477563043,477563043_1,충장로 메가박스는 없어졌습니다,2024.11.06
477376758,477376758_1,자하철 + 버스 탑니다.지하철 타고학동증심사역 입구에서 내려1번 출구로 나갑니다.조금 가다보면버스 정류소 있고대부분이무등산국립공원으로 갑니다.아무거나 골라 타세요.무료환승.좌석02번은 좀 더 비싸니 패스.종점에서 내리면 됩니다.,2024.11.02.
476537594,476537594_1,충장로 오티티프라이빗 예약은 안된다고 합니다,2024.10.16.
476639280,476639280_1,쥐며느리절지동물 연갑강 등각목 쥐며느리아목에 속하는 동물의 총칭이다. 좁은 의미로는 한반도에 서식하는 Koreoninamu.wiki,2024.10.15.
476620678,476620678_1,2층에있습니다병원층별안내 : 화순전남대학교병원 (cnuhh.com)병원층별안내 : 화순전남대학교병원www.cnuhh.com,2024.10.14.
476376640,476376640_1,"동명동은 아니지만 친구들과 사진찍고 놀기 좋은 루프탑 공간이 있어요~전남대학교 쪽에 ""상상공간""이라는 곳이에요~파티세트  놀이세트와 영상세트가 있어서 선택해서 놀 수 있고 예쁘고 분위기도 좋아서 사진 찍기도 좋아요~1팀씩 들어가는 곳이라 프라이빗하게 편하게 놀 수 있답니다~가격도 저렴해요~ 음식은 주문해서 드시면 됩니다~https://naver.me/FOhK3vEk상상공간 : 네이버방문자리뷰 19naver.me",2024.10.10.
476141646,476141646_1,충장로는 아니지만 강남권 방문하실 일이 있으시다면 한국에서 즐기는 정통 베트남 본연의 맛과뉴욕 스타일의 이국적인 멋이 어우러진신사역 쌀국수 맛집 반포식스는 어떠세요? :)신사역 반포식스에서뉴욕식의 담백한 아시안 푸드의 깊은 맛을 느끼실 수 있어요!반포식스 신사역점서울특별시 서초구 신반포로47길 105 1층,2024.10.28.
475717596,475717596_1,"교통사고를 당했는데 수기치료가 필요하다고 합니다.정형외과에서요. 수기치료는 어떻게 진행되는걸까요?  물리치료랑 다른가요?“다 된다면서 이제와 무슨 짓” 도수치료 실비 적용 제한#허리가 아파 병원에 간 A씨는 간호사에게 실손보험이 있느냐는 질문을 받았다. 간호사는 보험사 별 보장...blog.naver.com귀하의 질의내용으로수기치료의 대표적인 도수치료라고 이해하시기 바랍니다. . - 물리치료 기계 등으로 인한 치료가 아니고 물리치료사나 의사가 직접 손?으로 피해자의 부상부위를 물리치료 하는 것으로 이해하시기 바랍니다.참고로 도수치료는 자동차보험사마다 보험금 지급에 대하여 많은 규제를 하고 있음을 참고하여 보험사에 지불보증여부도 확인하여야 할 것입니다. (귀하가 도수치료에 대한 치료비는 병원의 지불보증이 아닌 피해자가 자비로 내고 보험사에 청구할 경우도 예상하여야 할 것입니다.)총 12주 30회 이내"" 도수치료  첫 의학적 기준 나왔다[SBS Biz][앵커] 도수치료는 실손보험 손실률 높이는 주범으로 꼽힙니다. 필요이상으로 성행하고 있는데  적정 횟수...blog.naver.com참고로 최근에 대한정형통증의학회가 작성한 도수치료 적정치료에 대한 최종 보고서에는 다음과 같이 규정하였음을 참고하시기 바랍니다.위 보고서에는 ""도수치료는 총 12주  30회 이내로 시행되는 것이 일반적이며 그 이상으로 시행하거나 연장할 경우 전문가의 재평가가 필요할 것으로 판단된다""라고 밝히며 자동차보험의 도수치료도 제한을 둘 것이라 예상합니다.[손해사정사 임순배] 네이버(eXpert)에서 보험사고의 보상을 상담해 드립니다.임순배GOMbuy - 손해사정사 ------------------------------------------------- 곰바이보험하늘(블로그...blog.naver.com",2024.09.23.
475563425,475563425_1,미도인 - 괜찮긴한데 손님 많고 시끄러움 그치만 음식은 짱맛무등산호랑이 - 메뉴많고 만족 가기 좋음백소정 -리뷰좋고 맛잇음커플들 보니까 여기 위에 이 세곳 많이가더라고요,2024.09.25.
475313643,475313643_1,담양 311번 타고농산물공판장(각화동) 에서 내립니다.311번 탈 때농산물공판장까지 간다고 말씀하세요.하차 후거기서매월 06번으로 환승 .충장동행정복지센터에서 하차하심 됩니다.교통카드 이용시타고 내릴 때모두 카드 찍어주세요~,2024.09.14.
475246408,475246408_1,건물 지하 주차장에 주차 하고 알라딘 서점에서 책 구입 하고 주차권 받아나오시면 됩니다큰 도로에서 지하 주차장 들어 가는곳 참고하세요,2024.09.12.
475184514,475184514_1,광주 놀만한곳  명소 추천 합니다광주 패밀리 랜드 놀이공원사직공원  전망대시립 수목원운천 저수지지산 유원지솔로몬  파크,2024.09.10.
475170984,475170984_1,네 전부 가능합니다,2024.09.13.
475170984,475170984_2,참고하세요,2024.09.14.
