﻿doc_id,title,question,region_id,views,question_date
477583369,질문울산 무거동 pc방 가격 저렴한곳 추천좀요,울산대 근처 환영 이벤트땜에 pc방 100시간 게임접속해야해서 성능은 떨어져도 괜찮으니까 요금만 저렴했으면 좋겠어요 가격도 알려주시면 감사하겠습니다,12070106, 15,2024.11.06
477518512,질문울산 남구 비염레이저시술 잘하는곳좀 알려주세요,남구에서 비염시술 잘하는곳 알려주세요,120701, 18,2024.11.05
477429349,질문일반고는 중3 2학기 기말고사 반영하나요?,대전사는 중3학생입니다. 대전에 있는 일반고 가려고하는데 중3 2학기 기말고사 성적도 반영되나요? 이번 기말고사 안보거나 망치면 일반고 못가나요? 평소 성적은 중위권중하위권 정도입니다.,12070101, 31,2024.11.04
477392422,질문울산 삼산동 하이블어학원...,울산 삼산동 하이블어학원 질문이요!! 검색해도 잘 안나와서그런데 ㅠㅠ 울산 삼산동 하이블어학원 토요일에도 수업할까요?? 알려주세요ㅠㅠ,12070108, 13,2024.11.02
477318351,질문울산 남구 맛집 울산대공원주변 추천해주세요~~!,울산 남구 에있거나 울산대공원주변에 있는 울산 맛집 추천 부탁드립니다 가족들이랑 점심식사예정인데 울산 남구 맛집 주차되면서 맛있는집이면 어떨까 합니다!! 아무래도 어른들도계시다보니 국물류면 좋겠어용 서비스기본찬맛 등 어떤지 알려주시면 감사하겠습니다,120701, 38,2024.10.31
477274735,질문울산 삼산 하이블어학원,제가 영어학원 알아보고있는데 여기 어떨까 하고요ㅠㅠ 다음 질문에 답해주세용 1. 학원 금 토 일 다 하나요? 아니면 어떤요일하나요? 2. 학원버스 있어요? 3. 전반적으로 어떤가요? 잘 알려주나요? 4. 학원 많이 빡센가요? 5. 아니면 삼산동쪽에 다른 좋은학원 있으면 추천해해주세요!!,12070108, 25,2024.10.31
477268284,질문울산 남구 선암동 군부대가 있었나요?,울산 남구 선암동에 위치한 선암동주민센터 ~ 선암호수 사이에 있는 산 꼭대기에 군부대가 있었나요?,12070110, 23,2024.10.30
477267570,질문울산 운동화 빨래,울산 남구&중구에 나이키운동화 새것처럼 세탁해주는곳이 있을까요? 운동화가 핑크라 때가 많아서요 여행 가는데 새것처럼 신고 싶어서요. 혹시 추천하는 곳 있으실까요??,120701, 17,2024.10.30
477212521,질문울산 남구 근처에 트럼펫 매입하는곳 잇나요?,울산남구 근처에 트럼펫 매입하는곳 잇으면 알려주세요,120701, 21,2024.10.29
477165240,질문어울공원에 앉아있던 학생들.,"안녕하세요 이 문제를 어떻게 해결해야 하나 고민이 되어서 올립니다 사실 전에도 두세번? 들었습니다 그땐 잘못 들었는 줄 알았습니다 사건의 배경은 오늘 일요일 오후 3시넘어서입니다 비가 살짝와서 바닥이 젖은 상태였어요 전 어느때처럼 산책을 하거나 장을 보러갈때 어울림아파트쪽을 지나고 현대홈타운 쪽으로 가는데요 가볍게 산책을 즐기고 집으로 돌아오던때에 ""씨이 !!ㅂ !!ㄴ!!""이라는 욕을 들었습니다 전 본능적으로 저 욕은 나에게 하는게 맞다라는 생각을 했어요 왜냐면 전에도 두어번 들었기때문입니다. 꼭 그 자리였어요 어울공원을 지나는 길에서요 더군다나 확신의 불을 지핀건 학생들의 소름끼치는 태도때문이였는데요 벤치 두 개 사이에 남자 아이들이 반으로 갈라서 서로 마주보고 (학생수는 6~8명쯤 확실치가 않습니다) 멀뚱히 앉아있었습니다 무슨 얘기를 하거나 어떤 태도를 취하지 않은채요 그저 군대에서 서로 바라보는 그런 상태였어요 그리고 가운데 한 아이가 고개를 내밀고 저를 쳐다보고 있더군요 제가 계속 쳐다보자 그 아이가 제 뒷 꽁무니를 쫒는것처럼 고개를 내밀더니 이내 시선을 돌려 앉은 키가 좀 크고 덩치 큰 친구 사이로 몸을 뒤로 빼더군요 그때 확신이 들었습니다 설마 학생들이 욕을 했겠어? 친구와 싸우는거겠지.. 그저 친구한테 하는 욕이라고만 생각했습니다. 6~8명이서 모의하고 한 사람을 표적삼아 욕을 한 건 가볍게 넘길 일은 아닌것 같아서 글을 남깁니다. 그리고 다른 누군가 저처럼 당했을 수도 있다는 생각이 드네요 여러분이라면 어떻게 하시겠습니까? 글 읽어주셔서 감사합니다.",120701, 22,2024.10.27
477042810,질문울산 남구 고등학교,지금 생각중인 고등학교가 무거고문수고삼산고 이렇게있는데 내신따기 가장 좋은학교가 어딘가요?? 저는 성적은 중~하 ㅎㅎ그정도 됩니다 체택 바로 해드려요,120701, 27,2024.10.24
476935981,질문답변좀 해주세요,울산 삼산동 주민센터 이사한 주소 알수 있을까요? 주민센터를 가자니 이사한곳이 어딘지 몰라서요,12070108, 20,2024.10.22
476780558,질문여기가 어디인지 아시는분,여기가 어디신지 아시는분 답변 부탁드립니다.,12070112, 37,2024.10.18
476780384,질문여기가 어디인지 아시는분,여기가 어디인지 아시는 분 부탁드립니다.,12070112, 29,2024.10.18
476732096,질문울산 남구,맛집 알려주세요,120701, 16,2024.10.17
476579452,질문펌하고 하루뒤에 다시 펌,제가 탈색을 한달전에 했는데 갑자기 히피펌이 너무 하고싶어서 하러갔는데 색이 완전 양아치 머리색처럼 다 빠지고 컬로 잘 안나오더라고요…롯드?인가 그거를 너무 두꺼운걸로 해서 그런거 같긴해요 그래서 내일 다른 미용실가서 펌이랑 염색을 같이 하려고하는데 가능할까요..? 머리 끊겨도 상관없습니다,120701, 23,2024.10.13
476515357,질문울산 남구 삼산동...,울산 남구 삼산동에 본능이 아침7시까지 하잖아요 본능말고 술집 오래 하는곳 있나요?,12070108, 20,2024.10.12
476486569,질문울산 무거동 주변에 24시 찜질방이나 사우나있을까요,급하게 내려가는거라 찜질방 아니여도 자거나 샤워시설 있는곳 이면 좋겠습니다 차로 10분거리까진 괜찮아요,12070106, 39,2024.10.11
476474482,질문고등학교 중간고사를 안 볼수가 있나요?,제 친구랑 통화 하는데 친구가 자기 3학년 들은 1학년 2학년과 다르게 중간고사를 안 본다고 하더라고요 입문계인데 말이죠 이게 맞나요? 1학년과 2학년은 이번주에 보고 있다는데 3학년만 안 본다고 해서요. 아시는 분은 좀 알려주세요.,12070101, 23,2024.10.11
476431759,질문울산 남구에 있는 고등학교중에 연극부 있는 고등학교...,울산 남구에 있는 고등학교중에 연극부 있는 고등학교 어디어디가 있나용??,120701, 24,2024.10.10
476240777,질문omr카드 작성법,_____회고사 라고 쓰여있는 곳에는 1회고사2회고사 쓰는거 무슨 기준인건가요,12070101, 22,2024.10.08
476235691,질문울산 남구 옥동 수학학원 추천 좀 ㅠㅠ,제가 수학학원을 다니다가 다른 학원으로 옮길려고 하는데 저는 너무 빡센 곳은 싫고 근데 또 성적은 오르고 싶어요. 그리고 선생님이 착한곳에 가고 싶어요. 1대1이면 너무 좋고요. 와엘 영어학원 근처로 부탁드립니다 ㅠㅠ 제발.. 급해요.,120701, 73,2024.10.06
476215002,질문중간고사 2일 전 모의고사 빠지는게 이상한건가요?,저희학교 중간고사가 10월 17일인데 모고가 15일에 잇거든요 제가이번 중간고사 진짜 잘보고 싶어서 정말 열심히준비하고잇어요 그래서 제가 오늘 부모님께 모고날 밤새고 모고보는동안 자도 되냐고 했다가 엄청 혼낫어요 이거 제가 잘못한건가요????제 친구들도 다 이날 안올거라하고 저희부모님은 학겨 빠지는거 진짜 싪어해서 가서 잔다고 한건데..솔직히 모고는 성적도 안남고 나중에 기출 뽑아서 풀어도 되잖아요 중간고사는 함범밖에못보는데…저너무억울해서눈물이안멈춰요흑흑,12070101, 28,2024.10.04
476206926,질문울산 신정중학교 지금 전학 갈수있나요?,제가 중3인데 지금 학교에서 신정중으로 전학가고싶은데 지금 갈수 있을까요?,12070112, 21,2024.10.04
476136010,질문울산남구 삼산동 농수산물시장앞 버스정류장에서 남구보건소,울산남구 삼산동 농수산물시장앞 버스정류장에서 남구보건소로 가는 몇번 버스가 있습니까...,12070108, 35,2024.10.03
476042603,질문궁금해서 질문 남겨요,울산 남구 신정 지웰 오피스텔은 양옆으로 방음이 잘 되어있나요?,12070112, 25,2024.09.30
476031703,질문울산 삼산 고깃집 추천,중3 여학생 3명 정도서 갈 것같습니다. 삼산에 적당히 싼 가격에 맛있게 먹을 수 있는 고깃집 있나요? 백화점 거리 근처면 더 좋습니다. 단순 서치보단 직접 먹어본 곳 추천해주시면 더 좋을 것같아요. 참고로 평소에 대패삼겹살 싼맛에 파는 곳 자주 다녀서 고기 직접 굽는 건 상관없어요,12070108, 23,2024.09.30
475864912,질문울산 삼산동에 보세목걸이파는데있나요?,샤네에엘 이나 명품짭같은거요 한3만원정도하는... 쇼룸에서본거같은데 딴데또없나요,12070108, 23,2024.09.30
475895024,질문역도를 배울려는데,울산 남구에 주변에 있는 역도 학원 알려주세요~,120701, 27,2024.09.27
475841825,질문학원 사물함 물건을 학원에서 분실한 경우,사물함비를 내고사용하였고 개인사정으로 한달간 방문을 못했습니다. 안에는 15만원상당 학원에서 구입한 식기재료들이 있었구요. 그런데 찾으러가려니 분실했다고하네요. 다른 수강생꺼 넣으려고 임의로뺐고 그 후 분실한것같다고합니다. 사물함 뺀다는 사전 공지는 없었구요~ 안에 재료뿐아니라 2달동안 작성한 노트가 더 중요한데 너무 화나네요 이럴경우 신고할곳이 한국소비자원인가요?,12070101, 23,2024.09.26
475697365,질문울산 신일중,안녕하세요! 저는 6학년 여학생인데요! 제가 중학교를 울산 남구에 있는 신일중학교를 갈려고 하거든요 근데 거기 단속은 심한지 교복은 어떤지 궁금하네요오 밑에 잇는 질문에 대한 답을 해주셨으면 좋겠습니다! 1. 시험은 어려운 편인가요? 2. 규칙이 조금 빡센가요? 3. 교복 줄이거나 하면 많이 혼나나요? 4. 교복은 이쁜가요? 이정도만 해주시길 바랍니다!☺️,12070112, 43,2024.09.25
475635314,질문울산 삼산동 pc방...,울산 삼산동 pc방 중에서 ott무료로 볼 수 있는 pc방 있나요? 넷플릭스나 디지니 같은 거요,12070108, 14,2024.09.21
475578886,질문울산남구에서 세광병원 가는방법 버스정보,알려주세요,120701, 37,2024.09.21
475608926,질문울산 삼산동 맛집,학생 커플이 갈만한 삼산 디자인 거리 맛집 없을까요?? 좀 가격대가 높은 곳은 아니였으명 좋겠어요!!,12070108, 22,2024.09.20
475605154,질문울산삼산 cgv 여는 시간,울산 삼산 cgv 언제 여나요 업스쿼어 는 10시 30분에 열던데 영화가 8시라서 어떻게 들어가나요,12070108, 20,2024.09.20
475576151,질문프리미엄 버스,여천에서 대구. 프리미엄. 버스인데 개인tv가있다는데. 이건 없는건가여?,12070114, 23,2024.09.20
475447478,질문울산 실업ㅇㄴ고 ㅜㄴ,실업계vs일반고(입문계)중에 뭐가 더 취업에 좋나요? 실업계에서 1~2등급 맞기vs일반고에서 5~3등급 맞기 실업계에서 좋은 등급 맞으면 좋은 대학에 가나요?,120701, 21,2024.09.18
475432996,질문울산남구달동행정복지센터 무인택배함 운영하나요 아직?,울산남구달동행정복지센터 무인택배함 아직 운영하나요??,120701, 13,2024.09.16
475430956,질문울산 삼산 9월 17일 미용실 하는 곳 있을까요?,머리가 넘 길어서 자르고 싶은데 연휴라 ㅜㅜ,12070108, 20,2024.09.16
475292585,질문울산 남구 헬스장 가격,울산 남구 뉴코아점에 위치한 뉴핏 휘트니스 헬스이용권 가격이 어떻게 될까요?,120701, 37,2024.09.13
475285575,질문오피스텔 사는사람,오피스텔을 전새월새말고 그냥 사는사람도있나요?,12070115, 24,2024.09.13
475144605,질문울산 무거고등학교에 대해서 빨리 알려주세요..ㅠㅠ,안녕하세요 저는 강원도에 살고있는 중2 여학생 입니다 울산으로 고등학교를 갈려고 하는데 어케하면 갈수있을까요?.. 무거고등학교나 문수고등학교를 갈려고 하는데 몇까지 질문에 대해서 말씀 좀 해주세요.. 1.제가 중간을 봤는데 1학년 2학년 2학기 중간까지 다 말아먹었는데 문수고 무거고 갈수있을까요? 2.문수고 무거고 시험 보고 들어가는 건가요? 3.타지역에서 신청하면 합력할 확률이 높은가요?(문수고무거고) 4.타지역에서 신청하면 시험을 안봐도 되나요? 5.만약에 두개가 떨어지면 울산에 있는 다른고등학교는 갈수없는 건가요? 6. 문수고는 가기 어려운가요? 7.무거고는 가기 어려운가요? 8.문수고 무거고는 교복이 이쁜가요..;;ㅎㅎ 9.올래 울산에 있는 미용학교를 갈려고 했는데 미용고를 안가더라도 인문계 학교를 다니면서 학원 다니고 대학 가도 되나요? 너무 많죠.. 근데 제가 꼭 두개중에 한개의 고등학교는 가고싶어서요…… 빨리 답변 부탁드리갰습니다..❤️,12070106, 36,2024.09.10
475069657,질문울산 남구 미성년자 홀덤,울산 남구에 보드게임 카페같은데서 미성년자가 돈같은거 안걸고 홀덤할수 있는곳 있나요?,120701, 15,2024.09.08
