﻿doc_id,title,question,region_id,views,question_date
477128398,질문남평 택시,남평에 사는데 11시에도 택시 잡히나요?,12120234, 27,2024.10.27
476409803,질문찻집이나 다도하시는 분들을 보통 뭐라고 부르나요?,찻집 사장님? 다도가? 다도 전문가? 서치해도 잘 모르겠어서 여쭤봅니다.,12120238, 32,2024.10.09
476325927,질문나주혁신에서 광주송정공원까지 가는 좌석02번 버스 전번,나주혁신도시에서 광주송정공원까지 가는데 좌석02번 버스탔고 버스요금이 현금으로 2100원이던데 제가 1500원 이랑 만원짜리 지폐하나 있어가지고 1500원을 주고 나머지는 만원짜리로 주면 기사님이 계좌로 보내주시겠다고 하셔서 전화번호랑 계좌번호를 적어서 드렸는데 4일이 지나도록 입금이 되지 않아서 전화를 해서 물어보려하는데 어디다가 전화해야하나요?,121202, 30,2024.10.07
476079926,질문나주혁신도시 빛가람 시외버스 정류장,광주에서 완도로 가는 노선은 반대편에서 타야하나요?,12120247, 23,2024.10.01
476079481,질문나주혁신도시 빛가람 정류장,광주에서 완도로 가는 노선은 반대편에서 타야하나요?,121202, 22,2024.10.01
475793420,질문나주버스속도가빨라요,나주버스타고오는데. 너무나불안해해서 속도도너무빨리내고해서 어디에다가 건의하나요 아시는분 가르쳐주세요,121202, 41,2024.09.25
475758430,질문나주가 혁신도시가 되기 전과 후에 교육분야의 변화에,대해 구체적으로 알여주시면 안될까요ㅠㅠㅠ 이거 수행평가여서 답이 꼭 필요해요... 채택 좋아요 꼭 드릴테니까 답 진짜 오늘 부탁드릴게요ㅠㅠ,121202, 30,2024.09.24
475290946,질문택배가 왜 다시 똑같은 곳으로 간건가요?,화성갔다가 안성으로 다시왔는데 무슨이유 일까요?,12120239, 16,2024.09.13
475136141,질문나주혁신도시에서 시골까지 택시,친구들이랑 촌캉스를 가려는데 광주사람이라 렌트하기가 애매해서요.. 버스를 타려니 배차간격이 너무 길어 택시를 타려고 합니다 나주 롯데마트에서 동수동까지 택시가 들어가줄까요??ㅜㅜ,121202, 20,2024.09.09
