﻿doc_id,title,question,region_id,views,question_date
476945353,질문보성고 내신 관리 잘하는 곳 있을까요 ?,보성고 내신 관리 잘해주는 곳 어디가 있나요 ?,121214, 37,2024.10.22
476443052,질문대마 냄새 신고하면 포상금 주나요,얼마전 늦은 저녁시간 집근처 주택가에서 혼자 담배피우면서 산책을 하고있었는데요 당시에 제가 담배를 피면서 걷던도중 어떤 주택집 앞에서 제 담배냄새를 뚫고 들어오는 아주아주 익숙한 제가 호주에서 유학하던시절 길거리에서 정말 자주맡게되는 대마초 냄새가 갑자기 제 코에 찐하게 들어오길래 헛구역질한번하고 두리번두리번 거리다가 제가 친구한테 전화를 걸어서 대마초냄새가 나는데 이거 신고해볼까? 큰소리로 말하니까 1분뒤에 대마초 냄새가 확 사라지더군요 분명 특정 집앞에서만 냄새가 났었습니다 제가 산책을 좋아해서 나중에 또 그쪽에서 냄새가 나면 신고하려고 합니다 신고해도 경찰들이 늦게올수가 없습니다 그집앞에는 파출소가 있습니다 만약에 대마가 맞다면 포상금은 얼마정도 받을수있을까요? 분명히 대마초입니다 제가 호주에 있을때 길거리에서 정말 많이 맡던 그냄새가 확실했습니다,12121407, 82,2024.10.10
476185268,질문서울 센트럴시티터미널에서 영광 가는 버스 승차 홈 어디,어디인가요?,121214, 17,2024.10.04
475482738,질문조국은 사회주의 아닌가요?,,121214, 56,2024.09.18
475109795,질문추석 때 전남 영광에서 서울방향 버스 자리 있겠죠?,추석 때 전남 영광에서 버스 자리 있겠죠? 16일 월요일 오전에 서울로 출발해야되는데 가서 현장예매해야되나요?? 자리 있겠죠?? 없으면 사고라서요.,121214, 23,2024.09.09
