﻿doc_id,answer_index,answer,answer_date
477401093,477401093_1,총 16개 정도 되는데 거의다 망하고 6곳 정도 컵밥거리 초입만  오픈2곳은  일주일 내내 오픈20시 ~ 21시 까지 함,2024.11.02.
477288038,477288038_1,해당 지역은 모아타운과 상도15구역 신속통합기획으로 선정되어 진행중에 있습니다.https://www.arunews.com/news/articleView.html?idxno=43002동작구  상도동 279번지 일대 명품 주거단지로노후 저층 주거지인 서울 동작구 상도동 279번지 일대가 동작구형 명품 주거단지로 탈바꿈한다.구는 지난 16일 상도동 279번지 일대가 서울시 ‘2024년 제2차 모아타운 대상지’에 유일하게 조건부 없이 선정됐다고 22일 밝혔다.이로써 동작구에는 노량진동 221-24번지 일대  사당동www.arunews.com상도동 279번지는 대상지로 24.2.22일 선정되어  관리계획을 수립예정이므로 확정은 되지 않았습니다.답변에 만족히시면 채택(중복채택 가능)을 부탁드립니다.답변채택후 추가질문은 댓글이 아닌  추가질문(무료)을 이용해 주세요^^;[추가질문에 답변은 해당 당일 밤9시이후 또는 다음날 오전8시 답변이 가능]또는 아래 예약링크(마우스 클릭)로 예약하시면  연락드리겠습니다.도시정비교육연구센터 홈페이지https://urbanier.modoo.at,2024.11.06
477249978,477249978_1,안녕하세요사당역 근처에서 러닝을 가볍게 할 수 있는 공원으로는 다음과 같은 곳이 있습니다.1. 삼일공원: 사당역에서 도보로 약 15분 거리에 위치한 공원으로  산책로와 운동 시설이 잘 갖춰져 있어 러닝을 즐기기에 좋습니다.2. 까치산공원: 사당역에서 도보로 약 20분 거리에 위치한 공원으로  산책로와 운동 시설  그리고 작은 생태 연못이 있어 러닝과 함께 자연을 감상하기에 좋습니다.3. 관악산공원: 사당역에서 버스를 이용하여 약 20분 거리에 위치한 공원으로  서울 둘레길 코스 중 하나로 러닝을 즐기기에 좋은 곳입니다.위의 공원들은 모두 평지로 이루어져 있어 러닝을 하기에 적합합니다. 다만  러닝을 하기 전에 각 공원의 이용 시간과 이용 규정을 확인하는 것이 좋습니다.,2024.10.29.
477249978,477249978_2,도구머리공원 추천합니다사당역 14번출구에서 약 800M 거리에 위치 하고 있습니,2024.10.30.
477249978,477249978_3,사당역 근처 러닝 코스는 아니지만러닝을 시작하다보면 다른 곳도 궁금지는 시기가 오더라구요ㅎㅎ다양한 주제로 서울지역 러닝하기 좋은 코스가 있어서 소개해 드려요.조금이나마 도움이 되시길 바래요:)러닝 코스 추천: 한 눈에 지도 그림 보고 쉽게 코스 짜기 - 디딤돌 정보처음 러닝을 시작하려고 하는데 어디로 가야 할지 막막하신가요? 도심 속 숨은 명소를 러닝 코스로 추천해 드릴께요. 한눈에 보이는 지도 그림도 함께 있어 러닝 코스 짜기 고민을 덜어드릴 있을 것 같아요. 제가 달리기를 할 때 참고로 했던 다양한 주제의 러닝 코스를 소개해 드리겠습니다.always-good300.com,2024.10.31.
477227067,477227067_1,배달대행업체를 이용하시려는 사장님이시죠?그게 맞다면이곳 지식IN에서 답변을 구하기 보다현실적으로 더 정학하고 빠른 답변을 구할 수 있는 방법을 알려드리겠습니다질문자님의 매장이 위치한 곳의 이웃 가게들 서너군데만 방문해보세요요즘 메뉴불문하고 거의 모든 음식들이 배달대행을 사용중이니근처 가게 서너군데만 방문해보시면 답이 나옵니다어느 대행업체를 이용하는 지월 관리비는 얼마이고대체로 만족하는 지 불만스러운 지서너군데만 다녀보시고 의견들을 모아보면 답이 나옵니다,2024.10.29.
477152373,477152373_1,청두어린이공원 주위로 러닝하시면 되겠습니다. 러닝크루도 많이 달립니다.,2024.10.27.
476986475,476986475_1,사당역(중)에서 7007-1번타고 여의도환승센터하차,2024.10.23.
476986475,476986475_2,네이버 지도 - 버스 노선 경로7007-1번 버스 단국대.치과병원 ↔ 한국거래소map.naver.com네이버 지도 - 버스 노선 경로461번 버스 장지공영차고지 ↔ 여의도공원map.naver.com두 버스다 여의도 한번에 갑니다.타는 위치는 노선도 확인해보세요,2024.10.23.
476986475,476986475_3,사당역 7번출구 정류장에서 461번 (버스중앙차로 아님)사당역 3번출구 버스중앙차로 7007-1번 광역버스이버스는 배차간격 30분 ~ 60분,2024.10.23.
476978231,476978231_1,출퇴근 시간에는 지연 운행 되는 경우가 많습니다,2024.10.23.
476978231,476978231_2,동작역 4호선 02-6110-4311 여기로 문의해서 물어보시면은 지연된 원인 알 수 있습니다.,2024.10.23.
476978231,476978231_3,4호선 날짜 시간 클릭하면 됨http://www.seoulmetro.co.kr/kr/delayProofList.do?menuIdx=543간편지연증명서 : 이용정보>간편지연증명서>간편지연증명서본문 바로가기 주 메뉴 바로가기 메뉴열기 검색창 열기 다국어사이트 열기 메뉴닫기 이용정보 사이버스테이션 실시간열차운행정보 간편지연증명서 간편지연증명서 운임제도 이용고객 편의시설 역시설물 임시폐쇄 공사현황 유실물센터 안전환경 시민 참여 알림마당 정보공개 공사 소개 간편지연증명서 누구나 안전하고 행복하게 이용할 수 있는 서울교통공사가 될 수 있도록 최선을 다하겠습니다. 서울교통공사 운영 구간에서 발생한 열차 지연정보로서 사고 등으로 인하여 열차가 5분 이상 지연되었을 때에는 지연증명서를 발급 받을 수 있습니다. 게시된 지연시간은 해당 ...www.seoulmetro.co.kr,2024.10.23.
476910394,476910394_1,갈치는 모르겠고 회 같은 건 구입하면 식당에서 조리해주는데 보통 가게마다 계약한 식당이 정해져 있어서 거기 가면 되고 상차림비 따로 받아요.생선 구매할 때 물어보면 될 듯 합니다.,2024.10.21.
476906560,476906560_1,런드리24 신대방삼거리역점서울특별시 동작구 여의대방로22길 121 보라매자이더포레스트 상가 1429호런드리타운 신대방점서울특별시 관악구 신사로14길 14 1층24시가 무인점포인데드라잉은 바로 당일에안됩니다. 미리 맡겨서 전날에 찾아야 해요새벽에 여는 드라이 가능한 세탁소 찾기 어려울 거 같아요미리 미리 맡겨야 할 거 같습니다.,2024.10.21.
476897855,476897855_1,지금 오픈중 입니당 !,2024.11.03.
476897855,476897855_2,안녕하세요이수역에 관심가져 주셔서 감사합니다.현재 필증이 완료되었기에 오셔서 계약서 작성은 가능하시고요25일에 모델하우스 유니트가 완성 되기에 관람 가능하십니다.그랜드 오픈은 11월 1일 입니다.오픈 전에 미리 간단히 상담 나눠보시고 빠른 예약으로 선점하시길 바랍니다 감사합니다.대표번호 1666-3915대표 홈페이지https://xn--hy1b74g1yie5d26bxz2b.bunyangnara.kr/index.html이수역 헤리드공식 홈페이지 l ☎1666-3915 l 이수역 헤리드 l 모델하우스 l 분양가 안내 l 모바일 예약 l 오시는 길 l 문자 전송 l 상담사 연결 l 동작구 사당동 161-55번지 일원xn--hy1b74g1yie5d26bxz2b.bunyangnara.kr,2024.10.21.
476897855,476897855_3,안녕하세요 해리드 총괄부서입니다! 현재 가오픈되어 투어 가능하시며 01055514298 번으로 예약후 방문 주시면 안내 도와드리겠습니다! 이쪽 번호로 연락 후 방문만 주셔도 소정의 선물을 지급해드리고 있습니다 :),2024.10.29.
476853217,476853217_1,1.풀옵션  원룸 기준 보통 6~8만원 정도 합니다2.가격은 크기. 위치. 역세권. 건물년수. 옵션에 따라서   차이가 있습니다3.정확한  것은 부동산  중개소 에 문의 추천 합니다,2024.10.20.
476676813,476676813_1,동작고 면학 분위기 좋고 선후배간 교우 관계 좋은 학교입니다대학 진학률 높은 학교입니다,2024.10.18.
476668893,476668893_1,노량진역 버스중앙차로에서 n15번 20분 탑승동대문역 하차 내린자리에서 n13번 18분  갈아타고하계 중계 상계 노원역 등동대문 쪽 내리면 pc방 식당,2024.10.15.
476653482,476653482_1,병원 점심시간 다 있어요. 오후1시부터 2시까지 합니다,2024.10.15.
476653482,476653482_2,점심시간 13시-14시 까지 입니다,2024.10.15.
476644088,476644088_1,레알짱 노량진3호점서울특별시 동작구 노량진로14가길 15레알짱입니다.,2024.10.15.
476525920,476525920_1,레알짱 본점서울특별시 동작구 만양로14길 29골든볼9서울특별시 동작구 노량진로14가길 11 1층노량진3D고시뷔페 메가스터디타워점서울특별시 동작구 노량진로 140 메가스터디타워 B109메뉴는 그날그날 식단표가 다릅니다.미리 전화로 확인하고 가시는것도 방법인거 같습니다.,2024.10.12.
476525672,476525672_1,안녕하세요? 생활폐기물업체 '벚꽃자원'입니다^^ 010 7657 2029연락주시면 성심성의껏 안내해 드리겠습니다. 고객님 폐기물 사뿐히 정리해 드립니다.감사합니다^^https://cherry_blossom.creatorlink.net/,2024.10.14.
476525672,476525672_2,하나로 하시면됩니다.무료수거 가능한지부터 확인해보세요.지자체에서 지원하는거요.서울 폐가구 무료수거 신청방법 참고해보세요.,2024.10.15.
476419285,476419285_1,1.서로간의 앞날에 대한  믿음이 중요 합니다2. 따라서  앞으로의 계획을 물어 보고 어떠한 계획이 있는지 대화 합니다3.대화 내용을 미리 준비 하여 자연 스럽게  대화 합니다4.그후 대화 내용에  따라서  종합적 으로  판단을 추천 합니다,2024.10.09.
476382861,476382861_1,다른거 사시면서 새우5마리만 서비스로 달라하시면 안주는 상인 없을거예요^^또 그만큼도 얼마든지 구매도 가능합니다~,2024.10.09.
476382861,476382861_2,안녕하세요네 가능합니다.다른거 구매하실때 추가로 구입하시면 충분히 구매가능합니다.감사합니다.,2024.10.09.
476382861,476382861_3,죄송합니다. 최소 구매량을 유지해야 합니다.,2024.10.09.
476361326,476361326_1,내일 저녁은 꼭 식당예약 하셔야 해요ㅎㅎ식당에 직접 하셔도 되고 사실곳에 예약하셔도 됩니다.,2024.10.08.
476361326,476361326_2,안녕하세요노량진 수산시장은 서울 동작구에 위치한 대한민국 최대 규모의 수산물 전문 도매시장으로  싱싱한 해산물을 합리적인 가격에 구매할 수 있는 곳입니다. 이곳에는 해산물을 구매한 후 바로 맛볼 수 있는 맛집도 많이 있습니다.1. 형제상회: 노량진 수산시장에서 가장 유명한 횟집 중 하나로  모듬회가 인기입니다. 술모임  무료 주차  배달  서민적인 분위기가 특징입니다.2. 영호남수산: 대게와 제철 맞은 활어회로 유명한 맛집입니다. 큼직한 수조에 다양한 활어와 갑각류가 있어 눈으로 직접 보고 선택할 수 있습니다.3. 우정수산: 대게와 킹크랩 전문 맛집입니다. 노량진 수산시장 1층에 위치해 있으며  주말에는 사람이 많아 예약을 권장합니다.4. 한점: 두툼한 활어 회 포장 맛집으로  노량진 수산시장 65호에 위치해 있습니다. 포장 뿐만 아니라 현장에서 식사도 가능합니다.5. 손선장: 방어회와 대하가 맛있는 맛집으로  수산시장 내 활어 17-19호 & 38-39호에 있습니다.위의 맛집들은 노량진 수산시장에서 인기 있는 곳으로  해산물을 좋아하신다면 꼭 방문해보시길 추천드립니다.단  맛집의 경우 개인의 취향에 따라 다를 수 있으므로  직접 방문해보시고 자신에게 맞는 맛집을 찾아보시는 것이 좋습니다. 또한  노량진 수산시장은 주차 공간이 부족할 수 있으므로  대중교통을 이용하시는 것이 좋습니다.,2024.10.08.
476357572,476357572_1,'외양간'은 사당에서 꽤 유명한 맛집으로 알려져 있으며  특히 저녁 시간대에는 웨이팅이 많습니다. 피크 시간대인 저녁 6시쯤에는 1시간 정도 웨이팅이 생길 수 있고  그 이후로는 비교적 덜 혼잡해진다고 합니다. 만약 웨이팅을 피하고 싶다면 8시 이후에 방문하시는 것을 추천드립니다.현재 외양간은 별도의 예약 시스템을 운영하고 있지 않으며  방문 후 현장에서 대기표를 받아야 입장이 가능합니다. 만약에 일찍 도착하신다면 웨이팅 없이 빠르게 입장하실 수도 있으니  가능한 빠른 시간대에 방문하시는 것도 하나의 방법입니다.참고로  외양간은 별도의 주차 공간이 없으니 대중교통을 이용하시거나 근처 공영주차장을 이용하시는 것이 좋습니다.맛있는 식사하시고 즐거운 시간 보내세요!,2024.10.08.
476320669,476320669_1,찾을 수 있을지는 모르지만요전화번호02-2254-8000,2024.10.08.
476272227,476272227_1,바퀴 껴지는곳만 교체하면 되겠네요.오발 다리,2024.10.06.
476272227,476272227_2,처음에 게이밍의자를 구입한곳에 수리가 가능한지 연락을 해보세요...,2024.10.06.
476272227,476272227_3,바퀴를 끼우는 너트 역할을 하는 부위가 망가진 것 같네요. 의자의 다리를 교체하셔야 할 것 같습니다. 사용하는 의자의 오발은 중국산으로 내구성이 안 좋으니  국내산 오발로 교체해서 사용하시길 권해드립니다. 국내산 중고 오발은 만원에서 이만원 정도에 구매할 수 있습니다.오발 교체하는 영상하나 올려드립니다.중심봉과 오발 교체하기https://youtu.be/VMUzkyVFCI8편안한 의자 @피팅체어였습니다./저희 피팅체어서는 국내 최초로 체형 맞춤 중역 의자를 제작하여 판매하고 있습니다.내 몸에 꼭 맞는 의자를 찾으신다면 저희 스마트스토어에 들러주세요.스토어 ☞https://smartstore.naver.com/fittingchair/그리고  다양한 중고 의자도 판매하고 있습니다. 가성비 제품을 찾으신다면  당근마켓에 들러주세요.당 근 ☞https://town.daangn.com/bp/1234153/그외 다양한 피팅체어 채널을 만나보세요유튜브 ☞https://www.youtube.com/@fittingchair7455블로그 ☞https://blog.naver.com/sunnykm72페 북 ☞https://www.facebook.com/groups/fittingchair카 페 ☞https://cafe.naver.com/herripia카 톡 ☞https://pf.kakao.com/_DyWPK전 화 ☞ 1522-6044 (평일 오전 9시 – 오후 5시),2024.10.07.
476250514,476250514_1,다정슈퍼서울특별시 동작구 만양로14가길 15신세계마켓서울특별시 동작구 만양로14가길 27노량진역서울특별시 동작구 노량진로 151 노량진역컵밥서울특별시 동작구 노량진동 117-2노량진역 차길 건너편은 물가가 저렴노량진역 올리브영 컵밥사이  대각선 좁은골목으로 들어가면신세계마켓 이라고 조금큰 슈퍼가 있고  그옆쪽에 다정슈퍼라고 옛날부터 노량진에서저렴하게 파는곳으로 유명한곳,2024.10.05.
476250470,476250470_1,노량진 1호선 차 길 건너 편 올리브영 대각선 골목신세계마켓다정 슈퍼,2024.10.05.
476015814,476015814_1,이곱착한고기 사당 본점 추천합니다위치 참고하시기 바랍니다,2024.09.30.
475988806,475988806_1,1.107동은 고층이면  보일 가능성이 높습니다2.63빌딩 옆에서 불꽃이 올라 옵니다3.원효대교 중간이 보이면 가능 합니다,2024.09.29.
475988806,475988806_2,"2024 여의도 불꽃축제 일정표 명당 주차장 준비물 유용한 정보 총정리 (tistory.com)2024 여의도 불꽃축제 일정표 명당 주차장 준비물 유용한 정보 총정리2024년 여의도 불꽃축제는 **10월 5일(토)**에 개최됩니다. 이번 축제는 서울의 가을을 대표하는 이벤트로  한화그룹이 주최하며 한국  미국  일본 세 나라가 참여해 다양한 불꽃 연출을 선보입니다. 이번 축제의 주제는 ""Light Up Your Dream""으로  참가자들의 꿈과 희망을 불꽃으로 표현하는 특별한 시간이 될 예정입니다. 축제는 오후 1시부터 다양한 부대 행사가 시작되고  불꽃놀이는 19시부터 21시까지 진행됩니다 축제 일정13:00~18:00시민참여 이벤트여의도 한강공원 멀티프라자19:00~19:20개막식여의도 ...bt812.tistory.com이 글도 참고하세요^^",2024.10.04.
475963415,475963415_1,잔액 환분은 액면가의 80% 사용하면은 잔액을 현금으로 받을 수 있어요그리고 6만원 회를 먹고 결제 할 떄 5만원 상품권과 현금이나카드로 만원 추가로 결제 가능합니다.,2024.09.29.
475926510,475926510_1,폰의 위치로 교육중인지 확인하는것 같습니다정이나 집에 가고 싶으면 그 폰을 사무실에 맡기고 다녀오면 될것 같습니다...,2024.09.28.
475870350,475870350_1,1인 혼자  5만원입니다(한국로지스) { 주)틈새 }(운송면허 주선면허 이사면허 포장이사보험 완비)프로필 클릭~ 문자 & 톡으로 가격 문의 편하게 상담가능합니다언제든지 연락주시면~ 최선을 다해서 도움드리겠습니다고맙습니다,2024.09.27.
475870350,475870350_2,"반갑습니다 ^^*1톤차량 운송료   5만원입니다도움이 되셨다면 채택부탁드립니다※젊은 이사꾼이정직한 상담  친절한 이사를 약속드립니다※~~~~~~~~~~~~~~~~~~~~~~~~기본적인 이사비용을 간단히 소개합니다~아래 기본적인 비용에서☆거리(15km이하 기준)에따라 이사비용이  책정됩니다☆(사다리차   비용은 별도입니다)●차량만 이용한 용달이사((차량 운송만 필요시 ))*고객님께서 이삿짐을 직접 운반하시는저렴한 이사입니다기사는 차에서 상 하차 및 운전만 해드립니다운임 : 5만원부터~●일반이사((고객님께서 포장 ---> 기사와 함께 짐 운반))*고객님께서 잔짐 포장해두시면기사와 같이 함께 나르는 보편적인 이사입니다운임:기사도움 + 고객님과작업시 12만원부터~1톤차량 1대 + 작업인원2명  25만원부터~1톤차량 2대 + 작업인원2명  35만원부터~●반포장 용달이사(( 기사가 포장자재 가져가서 고객님과함께 포장 운반))*포장자재를 기사가 가져가서고객님과 함께포장 운반을 같이하고 도착지에서는큰짐(가구 가전)은 함께 배치 고객님께서 잔짐만 정리하시는 이사입니다운임: 기사도움+ 고객님과 작업시 17만원부터1톤차량 1대 + 작업인원2명  30만원부터~1톤차량 2대 + 작업인원2명  45만원부터~●보관이사기본적으로 보관이사는 두번의이사비용이 발생합니다첫이사 비용 + 두번째 이사비용 + 보관료예)첫번째 이사:  현재집 ---> 보관창고두번째 이사:  보관창고 ---> 새로운집보관이사는 유선상담시 정확한 이사비용을확인하실수 있습니다~""친절한 이사업체 만나셔서행복한  이사하세요 ♪(๑ᴖ◡ᴖ๑)♪ """,2024.09.27.
475870350,475870350_3,1톤트럭용달1대 용달운송비용기본5만원입니다.ㅡㅡㅡ언제든지 문의가능합니다ㅡㅡㅡㅡㅡ좋은하루되세요 ❤️,2024.09.26.
475870350,475870350_4,기사님도움 6만원입니다,2024.09.26.
475870350,475870350_5,기사님도움 7만원입니다매트리스 포장운송,2024.09.27.
475845515,475845515_1,2천 원짜리 김밥은 어디 가도 없음 최소 3천 원2천 원에 파면 손해이므로 없어  졌을듯,2024.09.26.
475803069,475803069_1,노량진역 3번출구 쪽으로 나가시면 됩니다.,2024.09.25.
475803069,475803069_2,노량진역 3번 출구  GS25 방향 직진 300m  입니다아래 약도 참고해 보세요도보 길찾기'노량진역 9호선'에서 '노량진컵밥거리'까지kko.to,2024.09.25.
475803069,475803069_3,노량진역 3번출구로 나와 2-3분직진입니다.,2024.09.25.
475789995,475789995_1,노래방에서 예약 기능이 있습니다지금 A곡을 예약하면 누르면현재 부르고 있는 곡 다음에 A곡 이 나옵니다.그런데 이 상태에서 누군가 B곡을 우선 예약하면 A곡이 이미 예약된 상태지만 현재 곡이 끝나고 B곡이 나오는 겁니다.말 그대로 우선권이 있는 거죠!즉  새치기! 같은 기능이에요ㅎㅎ도움이 되셨다면 채택 부탁드립니다:),2024.09.25.
475789995,475789995_2,우선예약이비매너로 여겨지는 이유는  말 그대로새치기와 같은 기능이기 때문입니다.예를 들어  A곡을 먼저 예약한 사람이 대기하고 있는데  다른 사람이 B곡을 우선예약하면 A곡이 이미 예약된 상태임에도 불구하고 B곡이 먼저 재생됩니다. 이로 인해 원래 순서를 기다리던 사람이 뒤로 밀리게 되는 상황이 발생하죠.이 기능을 지나치게 사용하면  함께 노래방에 온 다른 사람들의 순서를 무시하게 되기 때문에 공정하지 않다고 느낄 수 있습니다. 그래서 우선예약을 남용하는 행동은 비매너로 여겨지며  노래방에서는 서로 배려하는 것이 중요하다고 할 수 있습니다.,2024.09.25.
475776459,475776459_1,참고주차장이용안내 -숭실대학교 주차관리안내시간금액10분 미만무료최초 30분1 500원30분 초과 초과시10분당 500원https://app.modu.kr/p/96597?guestSeq=1&utm_source=openapi&utm_medium=1상도1동 주민센터 주차장 할인 정보 - 모두의주차장상도1동 주민센터 주차장 할인 정보 - 모두의주차장은 서울특별시 동작구 상도로53길 9에 위치합니다.app.modu.kr,2024.09.24.
475753577,475753577_1,신대방에서 지옥철은 신림 강남방향이고시청방향은 그나마 나은편퇴근시간대는 교통수단이 분산되므로 아침시간대 처럼 꽉끼는 일은없음,2024.09.24.
475753577,475753577_2,진짜 개오밥니다,2024.09.24.
475753577,475753577_3,1.네 출근시간 보통  아침  8시 ~9시  많이 탑니다2.대책은 조금 일찍 나오거나.  환승칸은 피해서 탑니다  예 신림역. 신도림역. 당산역 등등 입니다,2024.09.24.
475753577,475753577_4,적다고 볼수는 없겠죠  그래도 디른 방항보다는수월하다고 해도. 출퇴근시간엔 복잡하기는 해요,2024.09.24.
475639406,475639406_1,노량진 컵밥 거리 쪽에는 월주차가능한 주차장이 없는것 같습니다길 건너편 여의도쪽에 한강공원 5주차장 공영주차장을 알아 보세요...,2024.09.21.
475639406,475639406_2,노량진 컵밥 거리 근처 주차장 추천해드릴게요.도움되는 답변이 되셨길 바래요-질문정보 :노량진 컵밥 거리 쪽에 이사하는데 주차할 때가 없어요 혿시 그 근처 주차장 아는 분 일어나요? 월 중 기권 해서 사용하고 싶어요 보통 오전8시부터 오후8시까지 차를 이용합니다,2024.09.21.
475639406,475639406_3,노량진 주변 주차장 중기권 추천 없음.제가 드린 답변이 도움되셨길 바래요-말씀하신 질문 :노량진 컵밥 거리 쪽에 이사하는데 주차할 때가 없어요 혿시 그 근처 주차장 아는 분 일어나요? 월 중 기권 해서 사용하고 싶어요 보통 오전8시부터 오후8시까지 차를 이용합니다,2024.09.21.
475623654,475623654_1,킹크랩시세는 그때가야 알수 있답니다.현재 레드킹크랩 1kg당 75 000원 정도 해요!,2024.09.21.
475581587,475581587_1,안녕하세요 저축은행 신용대출/주택담보대출 수석 상담사(모집인) 정우팀장입니다본답변은 수기로 작성하였으며   챗 GPT 등 복사 붙혀넣기 답변이나 광고성 답변이 아닙니다.질문자님이 쓴 글은 잘 읽어보았습니다.========================================================답변 : 현실적이면서 가능하신 방안 제시를 도와드리겠습니다.1. 세전 연소득이 어떻게 되시나요 ? 일단 DSR 규제 문제로 연봉 1.5~2억원 정도 맞춰지시는게 아니시면추가 안정자금 담보대출은 불가하시구요 후순위로 대부업권이나 P2P등에서 금리대 10%~대로DSR 규제 없이 담보대출 사용해보시거나2. 혹은 사업자 발급하셔서 사업자금 담보대출로 LTV 80% 이내 범위에서금리대 5~6%대로 담보대출금 후순위로 받아보시는 방안도 가능합니다.3. 담보대출 희망하시는 물건지 주소지명 소유자분 성함 / 직군[직장인 사업자 프리랜서 무직]연소득과 신용점수의 내용 정도 알려주시면 등기조회후에 진행가능하신 금융사 조건 맞춰서한도 금리 상환기간 월 납입금등 비교 도와드려보겠습니다.답변이 도움되셨다면 채택 부탁드리며 추가적인 상담이 필요하실경우네임카드 참고하시어 전화주시거나  오픈톡으로 문의주시면 친절 무료상담 도와드리겠습니다.좋은 하루 보내세요 ![채택으로 인한 콩은 불우이웃 돕기를 위해서 사용되니 꼭 채택 부탁드리겠습니다.]========================================================,2024.09.20.
475581587,475581587_2,상도동 아파트의 매매가가 15억 원이고  현재 8억 7천만 원 대출을 받은 상황에서 추가 대출 가능 여부는 LTV(주택담보대출비율)에 따라 결정됩니다. 일반적으로 아파트는 최대 40~70%까지 대출이 가능하며  이미 58% 정도 대출이 이루어진 상태입니다. 추가 대출 가능성은 낮을 수 있지만  소득  신용도  담보 여력에 따라 달라질 수 있습니다.필요한 서류로는 소득증빙자료(소득금액증명원  재직증명서)  신분증  인감증명서  등기부등본 등이 있으며  금리는 대출기관 및 대출 종류에 따라 3%~6% 수준입니다.요기서 상담받아보세요~https://hiloan.biz/주택담보대출 블로그 참고하세요~https://m.site.naver.com/1tOW6,2024.09.20.
475581587,475581587_3,"작성된 모든 답변은 "" 답변자가 직접 손수 답변한 수기답변입니다 ""질문 내용을 토대로 현 조건에 맞는 현실적인 답변만 드리겠습니다.■ 답변시세대비 설정상  "" 은행권 추가한도로는 제한이 됩니다 ""기존 선순위 담보는 그대로 유지하고2순위 ( 후순위 ) 로 일부 체크해볼 수 있는데직업과 소득   신용점수도 알 수 있을까요??현 조건이시라면 2곳 내외 정도 비교해볼 수 있고 정확한 가능여부와 한도   금리 비교 부분은>> 물건지 상세주소 및 소유자분 성함을 알아야 합니다.※ 알아두세요! 위 답변은1. 본인이 직접 서술한 답변으로 "" 자동 답변 "" 과는 차별화된 답변입니다.2. 추가 문의사항은 1:1질문 or 프로필 통하여 세부상담이 가능합니다.\https://kin.naver.com/profile/index.naver?u=Bmy8kb3X6Z8yIhun1krtMplIR0qsp1NJqmUUiNgNPLk%3D상담 010 6554 7965 프로필 : 네이버 지식iN최저금리 상담 ☎ 010 - 6554 - 7965kin.naver.com",2024.09.20.
475581587,475581587_4,시세는 모르실까요?1금융은시세대비 70%이내에서 dsr40%이내로생활안전자금 최대 1억까지 가능하나다만 기존 담보대출이 8억7천이면 dsr때문에소득이 2억5천 이상 되셔야하며2금융권 상호금융 새*을  농* 등은 dsr관계없이시세대비 최대 85%까지 담보대출이 가능합니다☆대출은 전문가와 충분한 상담 후 진행하세요☆◆ 1:1 카톡상담https://open.kakao.com/o/sDQqL1X론마스터 대출상담 010-8253-5284신용대출 주택담보 기타담보대출 아파트론 등 전문상담open.kakao.com,2024.09.20.
475581587,475581587_5,2금융권 담보대출로 한도제한없이 가능합니다금융사별로 한도비교 가능하십니다,2024.09.20.
475485110,475485110_1,약간 혼잡할 수 있습니다,2024.09.18.
475485110,475485110_2,1.아니요  조금 혼잡 합니다2.6시 이후 부터 많이 혼잡 합니다,2024.09.18.
475485110,475485110_3,휴일 연휴기간은 사람없음사당역 4호선은  2호선에서 엄청 내려서 갈아타므로  많은데 평일만 사람많음,2024.09.18.
475423858,475423858_1,네  컵밥 하나로 준비해요! 함께 즐거운 시간 보내요.답변이 도움되셨으면 좋겠습니다-말씀하신 질문 :내일 저녁에 노량진 컵밥거리에 갈려하는데내일 컵밥 하나요?? ㅜ,2024.09.16.
475423858,475423858_2,1.하는곳    안하는곳 있을것 으로 예상 됩니다2.안한다면 주변에 버거킹.  노브랜드 버거. 맥도날드. 써브웨이 추천 합니다,2024.09.16.
475375763,475375763_1,시간표 달고 다니는 버스는 아니고 15분 ~ 20분 간격으로 잘다니는 버스,2024.09.15.
