﻿doc_id,title,question,region_id,views,question_date
477583988,질문고민있습니다,고2고 동갑?으로 보이는 좋아하는 사람이 있습니다 스카에서 처음 만났는데 그 뒤로 연락하고 싶은 마음은 있는데 어떻게 해야할지를 모르겠어요 그래서 궁금한 게 있는데 1.여자들은 모르는 남자가 인스타 따려고 하면 싫어하나요? 2.제가 외모가 잘생겼다 소리는 못들어봤는데 평타는 친다 20살 같이 생겼다는 말은 꽤 들어봤는데 물어보면 빠꾸당할까요?,80101, 3,방금
477583987,질문제과제빵 파티쉐,파티쉐가 되는게 꿈인데 외국어도 배우고 싶어서 불어를 하는게 좋을까요?? 일본어를 배우는게 도움이 될까요??,80202, 3,방금
477583986,질문주방 바닥 이물질,하루전 까지만해도 없었는데 자고 일어나서 주방 바닥 보니까 바닥이 회색깔 얼룩이 어려 생기고 검은색 이물질도 생겼는데 뭔지 아시나요? 검은 콩알같은거 쥐똥이나바퀴벌래 알 같은건가요?,8080103, 5,2024.11.06
477583985,질문고양이 목에 상처가있어요,고양이 목에 상처가 났습니다 살이 살짝 벌어졌는데 딱지가 지고있는거 같아요 이거 당장 병원에 가봐야할까요?,80511, 5,2024.11.06
477583984,질문피파 팀 골라주세요,둘중 가장 좋아보이는팀 골라주세요,20608, 6,2024.11.06
477583983,질문좌회전차선 직진하다 사고,직좌신호에서 저는 직진 차선이였고 상대방차는 좌회전을 하다가 다시 직진차선으로 들어와 사고가 났습니다 상대방 차가 반대차선까지 갔다가 다시 직진차선으로 왔는데 중앙선 침범 인가요? 과실비율은 어떻게 되나요?,8110302, 9,2024.11.06
477583982,질문3d 디자인 할 수 있는 프로그램?,사진처럼 3d로 뭔가 만들 수 있는 프로그램이라고 해야할까요? 이런 프로그램을 뭐라하나요,313, 8,2024.11.06
477583981,질문에스콤.프로에스콤(대전),대전에서 에스텍.프로에스콤에 취직하고 싶은데 알바천국.알바몬.잡코리아.사람인 다 찾아봐도 대전 에스텍.프로에스콤 경비자리가 안뜨더라고요? 대전에서의 에스텍.프로에스콤 경비자리 찾으려면 어떻게 해야하나요?,40613, 8,2024.11.06
477583980,질문대학교 예비번호...,대학교 예비번호를 받게 되면 전형별로 예비번호를 받게 되는 건가요? 예) 일반전형 12번 / 특성화고전형 12번 따로인 건가요?,110408, 7,2024.11.06
477583979,질문이거 케이스 찾아주세요 ㅠㅠ,가능ㅎㅏ면 그립톡도요,31302, 7,2024.11.06
477583978,질문올영 깊티구매시 생일쿠폰 사용 가능여부,이번에 생일이라 기프티콘 받은게 있는데 기프티콘으로 구매하면서 올영 앱에서 받은 3만원이상 구매시 할인쿠폰도 사용 가능할까여??,50301, 13,2024.11.06
477583977,질문수제빼빼로 유통기한,안녕하세요 곧 11월 11일 빼빼로데이라서 남자 친구한테 빼빼로 만들어서 선물 줄려고 하는데 다른지역이라 택배로 보내야돼서 11 일이 월요일이라서 오늘 목요일이나 금요일에 만들어서 택배를 보내야 주말 있는 거 감안하고 월요일에 받을 수 있을 것 같아서그런데 오늘이나 내일 만들어도 월요일까지 안상 하겠죠? 상할까봐 걱정 돼요..ㅠ 요새 날씨도 추워서 괜찮겠죠ㅠ,8020208, 9,2024.11.06
477583976,질문저장공간 동영상,갤럭시s22 인데요..저장공간 몇퍼센트가 차야 동영상이 안찍어 지나요.??ㅈㅂ요,1070402, 9,2024.11.06
477583975,질문변액유니버셜보혐 수익률,안녕하세요 변액유니버셜 보험 18년간 유지하고 있습니다 사진에서의 수익률이 괜찮은지 궁금합니다 자세한 고견 부탁 드립니다 펀드 비중은 각각 미국 중국 한국 성장형 입니다,4010301, 13,2024.11.06
477583974,질문도와주세요 제발..,손목 상처가 낫질 않아요,70103, 10,2024.11.06
477583973,질문아이폰 잠금화면 위젯,widegetsmith 깔아서 꾸미려했는데 위젯추가하고 보니깐 사진이 안떠요ㅜ 그리고 위젯 누르면 어플로 넘어가요,302140101, 12,2024.11.06
477495927,질문원도어 꼭 봐야하는 영상,보이넥스트도어 입덕했는데 꼭 봐야하는 미친 영상 알려주세요! 무대영상 자컨영상 예능영상 커버 상관없이 다요,306, 18,2024.11.06
477583971,질문이런일일 경우 신고가 될까요?  도와주세요 ㅠㅠ,저는 개인병원에서 간호조무사 시술방에서 근무했었구요 너무 억울하고 화가나서 이렇게 글을 적습니다 총괄실장이라는 사람이 제 물건을 허락없이 만지고 처분하려했습니다 제가 연차와 오프를 합쳐서 해외여행중이였고 직원방 톡이 자꾸 울리기에 들어갔더니 제 물품 일부를 사진으로 올리고 나눔중이였습니다 그래서 그물품 어디에서 난거냐? 혹시 회색 박스안에 있던 물품 아니냐? 그거 제 물품이라 했고 그때도 사과를 안함 이틀뒤 출근했더니 플라스틱컵은 먼지가 묻어있어 씻어뒀다고 하고 다른 물품들은 그냥 주는데 회색박스도 내 사비로 사서 넣어둔건데 그박스는 어디있냐고 물었고 다른쌤들은 모른다고하고 제꺼로 보이는 회색박스가 있길래 봤더니 안쓰는 병원물품으로 채워져 있었습니다 어이없고 황당하고 화가 너무 나고 덜덜 떨리는 손과 몸을 진정시키고 직원방에 회색박스 안에 물건들 다 어디있을까요? 그안에 물건들이 제꺼라고 말씀 드렸으면 그대로 두셔야하는거아닙니까? 남의 물건 손대고 나눔하는것도 기분이 안좋은데 사과도 없으시고 출근하자마자 이런취급이라니... 회색박스도 제가 제 사비로 사서 물건둔거예요 사방팔방 둔것도 아니고요 이렇게 글 올렸지만 아무도 답변해주지 않았어요 사과는 다른 쌤들이 하드라고요 하필 제가 출근한날 총괄실장은 오프였음 그렇게 오전이 지나갈때까지 사과는 없었고 이런일로 인해 저는 엄청난 스트레스받았고 더이상 근무 할수 없겠다는 판단에 원장님께 퇴사하겠다라고 했고 원장은 그 실장이 그럴사람 아니다 라고 두둔만하시드라고요 이상황이 무슨일인지 모르겠다면서 그런일은 내가 관여할수 있는게 아닌거 같다며 당사자와 얘기를 해보라고만 하시는데.. 그리고 퇴사 얘기 이번이 처음 아니지 않냐며 되려 저한테 근무할때 바빠지면 짜증을 많이 내서 한소리 하려했다가 못했다면서.. (참고로 이병원 근무 거의 10년을 다녔어요) 니가 힘들면 그냥 퇴사를 해라 그말에 퇴사 하겠다고 했습니다 그렇게 하루를 어찌 일을 했을까요? 다른실장이 오드니 사직서 작성하고 퇴사해야된다고 퇴근전까지 제출 해달라고 압박을 하드라고요 퇴근때 사직서 제출 했고 원장이 다시 불러 대화를 했는데 이렇게 되서 좀 마음이 그렇다 어쩌구 저쩌구...... 저는 억울해서 화가나서 나눔할 사진올리기전에 이게 누구껀지 확인하는 절차는 해줄수 없었냐며 이해가 안된다고 말했고 심지어 사과도 없고 물건도 없어졌다고 말했더니 내가 총괄실장한테 그렇게 보고를 안받았는데 나는 모르겠고 그리고 너의 물건인지 몰랐다고 한다 퇴사자들 껀줄 알았데 거기에 중요 물품이 있었냐? 그렇게 중요한걸 두지는 않았을꺼 같은데.. 없어진게 뭐였는지는 기억이 나니? 그래서 제가 알로에겔과 비누가 있었다고 말하고 원장이 그동안 수고했다 어쩌구 저쩌구 인삿말하는데 귀에도 안들리고 얼버무리며 나와서 옷갈아입고 제 물건챙겨 나왔습니다 퇴근후 집에 왔는데 오후9시쯤 총괄실장 한테 전화한통이 왔었고못받았더니 카톡으로 퇴사자 물품인줄 알고 그랬다 몰랐다 그리고 개인물품을 왜 거기에 두는거냐 다른직원들은 그렇게 안하는데...... 란 말만 되풀이 합니다 그리고 알로에겔 생각이 났다면서 유통기간 지난거였는데 병원물품인줄 알고 피부관리쌤들한테 줬다고 (제가 회색박스안에 물건 제꺼라고 했는데) 저렇게 핑계를... 그러면서 알로에겔은 비용으로 변상하겠다고......합니다 저는 너무 억울하고 화가나고 어이없는일로 퇴사까지 하게됐는데 이 일을 그냥 넘겨야 할까요? 글을 찾아보니 절도죄나 불법점유?이런 글들이 나오던데요 법적책임을 묻고싶습니다 신고하고 싶어요 ㅠㅠ,60214, 6,2024.11.06
477583970,질문눈꺼풀 안에 노란게 있는데 병원을 가봐야 할까요?,통증이나 이물감은 없습니다 병원에 가보는게 좋을까요?,70112, 12,2024.11.06
477583969,질문미혼 양육비,안녕하세요 26세 홀로 부모님 집에서 5개월 여아 아기를 키우고 있는 미혼모 입니다 이렇게 누가 볼 지도 모르는 지식인에 글을 올리게 된 건 제가 양육법을 잘 몰라 혹여나 작은 도움이나마 받아 볼 수 있을 까 올립니다 다름이 아니라 작 년 8월 동갑인 남자친구와 교제중 만난 지 한 달 좀 넘을 때 그 후 몸이 좀 전이랑 다르다 느끼고 임테기를 해 본 결과 2줄이였고 동갑이였던 남자친구는 군대 가는 걸 미루다가 작 년 10월 입대를 했습니다 제가 임신 한 사실도 남자친구 였던 친구가 훈련소 가 있을 때 알았고 곧 바로 저는 저희 부모님 께도 임신 사실을 알렸습니다 그 후 남자친구와 뱃속에 애를 이야기 했을 땐 지우자 였고 전 낳자 입장이였습니다 남자 쪽 부모님께도 제가 21주에 임신 사실 알릴 때는 돈 지불 할테니 지우라 였고요 애아빠도 양육비로 이야기 하면 군 전역 후 자기 상황이 안정적일 때 부터 준다고 하는데 저는 이 말을 군 전역까지 기다려야 되는 걸까요 군 전역은 25.4.23이고 혼인신고도 안 한 상태이며 받은 돈도 일절 없습니다 너무 주저리 두서 없이 썼지만 제가 형편이 넉넉지 않아 지식인에 올려 봅니다 (친자인지는 걸어둠),80105, 9,2024.11.06
477583968,질문지산스키강습 강습 문의요,지산스키장에서 강습을 받아보려고하는데 잘하는 강습팀 추천좀 부탁드립니다. 그리고 1:1에 강습비랑 렌탈? 리프트권? 가격도 궁금합니다,100301, 11,2024.11.06
477583967,질문켄스튜디오,켄 스튜디오같은 의류 파는 브랜드 사이트 알려주세요!!,50402, 10,2024.11.06
477583966,질문소나타 수리비,차종은 소나타고요 자세한 건 모르겠습니다 신형은 아닌 것 같고 구형도 아닌 것 같습니다 렌트를 했는데 하루 7만원 이틀 10만원입니다 친구가 뒷문 살짝 뒤에 사이드범퍼?쪽에 머리를 박았는데 살짝 들어갔다 해야하나? 수리비가 얼마정도 나올까요? 사진은 없습미다ㅜㅜ,50703, 10,2024.11.06
477583965,질문눕시 구매하려 하는데,https://smartstore.naver.com/yoons1357/products/10958833482?site_preference=device&NaPm=ct%3Dm36510qr%7Cci%3Dshopn%7Ctr%3Dnshfum%7Chk%3Dff3e2f95668740b8f984132d8788635d199c9ed7%7Ctrx%3Dundefined 눕시를 사려고 하는데 이 사이트에서 구매해도 괜찮을까요? 뚜뚜네가게라는 네이버 스토어인데 사도 괜찮을지 질문 드립니다.,5040103, 14,2024.11.06
477583964,질문보컬용 마이크 추천부탁드립니다,여성 고음역대 잘 잡아주는 마이크를 원하는데 예산은 50만원 전후로 생각중입니다 현재 사용중인 마이크는 로데 NT-USB인데 오인페 연결도 불가하고 이래저래 세팅이 어려워서 콘덴서 마이크를 새로 구매하려니까 고음역대에서 강점을 보이는 마이크가 어떤 건지 잘 모르겠네요 추가로 오인페도 50만원 안으로 추천해주실 수 있으면 부탁드립니다,50103, 10,2024.11.06
477583963,질문미국 주식 질문,처음으로 미국 주식을 해보고 있는데 주문을 했지만 보유 내역에는 뜨지 않아서 질문 드립니다. 주문 미체결 내역 등 다른 곳에서도 전혀 저의 주문을 확인할 수 없는데 주문증거금은 이미 설정되어 있습니다. 이게 어떤 상태인 건가요??,40102, 15,2024.11.06
477583962,질문웃음주름 위치,입꼬리 바로 옆에 저렇게 생기는데 보통은 광대 밑 팔자에 생기거나 하던데…왜 저 옆에 주름이 지는 건가요 뭔가 지저분해 보여서 맘에 안드는…근육 위치 때문에 그런가요,70110, 13,2024.11.06
477583961,질문원신 뉴비 파티,25렙 뉴비인데 캐릭터가 넘 없어서 모르겠어용 파티좀 짜주세용ㅜ,204, 13,2024.11.06
477583960,질문3d 네일 레진공예 3d렌더링?,어쩌다 이런 작업 사진을 보게 되었는데요.. 이런 네일아트? 3d작업물들을 뭐라고 불러야하나요? 너무 관심이 생겨서 배워보고 싶은데 배우려면 어떤 학원을 다녀야 할까요 3d 네일도 어떻게 시작을 해야할까요 저런 헤어 장신구도 제가 직접 디자인해서 만들어보고 싶은데 저런 걸 뭐라부르는지 어떻게 시작해야되는지 모르겠어서 질문남깁니다,313, 12,2024.11.06
477583959,질문편도암인가요.?ㅜㅜㅜ,17살 여자인데요 침 삼키거나 이물감이 느껴지지는 않는데 혹같은게 있어서 혹시 이거 편도암일까요..?,70306, 12,2024.11.06
477583958,질문요즘 유행 하는 팬싸 템,요즘 유행 하는 아이돌 팬싸 템 중 그중에 이불 템 있다고 하는데요 그런 이불 템 판매 하는 사이트 따론 있나요 ??,50402, 10,2024.11.06
477583956,질문급함!!!) 중3과학 전자기유도,6번에 왜 3번인가요? 그냥 다 이해가 안됩니다ㅠㅠ,110304, 13,2024.11.06
477583957,질문강아지 광견병예방접종을 하고왔는데 이상해요,포메라니안9살 입니다. 낮에 광견병예방접종을 하고 왔는데 애기가 앉지도 못하고 앉으려하면 비명을 지르고 꼬리도 축늘어져있고 계속 걸어서 왔다갔다만하고 있어요 물만계속 먹고 열은 안나는데 몸은 떨고 있어요 혹시나 엉덩이를 문질러주면 낳을까해서 문질러보는데 애기가 잔뜩 겁먹어 있어 맘데로 주무르지도 못하겠고 왜이런걸까요??,70115, 16,2024.11.06
477583955,질문나의 히어로 아카데미아 미도리야 유에이 목도리,이거 일본에 아직도 판매 하나요?ㅠㅠㅠㅠ 구할수 있는 방법이 없을까요,30504, 13,2024.11.06
477583954,질문아기 고양이 데려가실분,아기고양이 3마리가 어미에게 버림받아서 3마리중 한마리는 죽고 한마리는 제가 또 다른 한마리는 친구가 데리고 왔는데요… 제가 기숙사생이라 고양이를 계속 키우기가 어려워요..ㅠㅠ 고양이 데려가실 분 제발 답변 남겨주세요 ㅠㅠㅠ,80502, 12,2024.11.06
477583953,질문시력 뭔가요,일본에서 검사하고 안경 구매했는데 한국으로치면 시력이 뭐가 될까용,70112, 11,2024.11.06
477583951,질문트레블월렛 비자해외승인대금출금,안녕하세요. 트레블월렛 달러로 바꾸며 사용하고 있는데 쓸 때마다 비자해외승인대금출금이라고 뜨면서 계속 출금 되는데 혹시 수수료인가요 ?,40104, 18,2024.11.06
477583950,질문나이키 트레이닝 팬츠 정보,이거 바지 모뎅명 좀 알려주세요 ㅠㅠ,50401, 11,2024.11.06
477583948,질문보넥도 콘서트 티켓팅 좌석,이미 추첨제로 자리 빠지고 하는 선예매인데 안전하게 일반석 하는게 좋을까요? 위험하지만 vip 도전해보는게 좋을까요? Vip 좌석 확인하는 사이에 일반석 앞자리 다 나갈것같아서 무섭긴합니다 아무리 vip여도 잘안보이는 자리면 싫을것같기도 하고.. 고민이네요 뭐가 좋을까요?? 그리고 보기 좋은 일반석/vip자리 좀 추천해주세요,1001020203, 12,2024.11.06
477583947,질문이 노래 이름 뭔가요,제발 알려주세요,30213, 17,2024.11.06
477583946,질문힘쎈여자 도봉순 드라마에서,안민혁(박형식)이 했던 사자성어가 있는데 혹시 아시는 분 계신가요ㅠㅠㅠㅠ 드라마 계속 돌려봐도 안나오는데 뜻은 약간 일처리가 빠른? 이런 뜻 이었던 것 같은데 같은 뜻을 가진 사자성어가 무엇인가요ㅠ…?,3010101, 15,2024.11.06
477583945,질문자고 일어난 뒤,낮잠을 자든 그냥 자든 자고 일어나면 기억이 조금 없어요. 정확히 말하면 자는 동안 물어보는 질문에 대답을 하는데 그 기억이 없어요. 저번엔 아예 일어나서 전화를 받고 잤는데 그 전화를 받은 기억이 왜곡이 되어있었어요. 그냥 잠꼬대가 심한걸까요?,70109, 14,2024.11.06
477583943,질문취업 전 추천서?,제가 25년 대학교 졸업 예정인데 만약에 교수님께 추천서를 받아놓고 안 쓰고 있을수가 있나요?? 만약에 그게 가능하다면 졸업하고 나서도 자격증 추가로 더 취득 후에 취직할 때 쓰려하는데 가능한가요? 아니면 불가능 하니까 가장 중요한 자격증을 어떻게든 따서 추천서를 바로 사용해서 취업하나요??,40612, 14,2024.11.06
477583942,질문가사 해석,Bauch Beine Po - Shirin David 가사의 한국어 번역을 알고 싶어요,110807, 14,2024.11.06
477583940,질문강아지가 림프종암,안녕하세요 저는 치와와를 7년째 키우고있는 고등학생입니다. 얼마전 저희 강아지가 혈변을 보아서 병원에 가서 검사를 했더니 림프종암이라는 판정을 받았습니다. 림프종암에 대해서 찾아보니 수술치료와 항암치료가 있던데 저희 강아지는 심장병도 있고 암세포가 전체적으로 퍼져있어서 수술은 못 한다고 하더라고요. 그래서 항암치료를 하려고 하는데 치료전 스테로이드 성분에 약을 먹고 있습니다 근데 약이 너무 써서 잘 먹지도 않고 그 약만 먹으면 기운이 없어지고 식욕도 없어져요.. 혹시 강아지 쓴 약 잘먹는 방법이나 반려동물 항암치료애 대해 알려주실분 있을까요..?ㅠ 또 저희 가족들은 열심히 치료할 생각 있습니다,70116, 16,2024.11.06
477583938,질문재산명시 살려주세요,재산명시하라고 하는데 제가 월급이190인데 185까지는 압류안되는걸로 알고잇는데 월급압류가5만원만되는건가요,60203, 19,2024.11.06
477583937,질문아이폰16위젯,잠금화면 위젯에 그 원하는 사진 추가하려고 widegetsmith이거 깔아서 똑같이 했는데 다른 사람들처럼 사진추가가 안돼요 여기서 어떻게 해야하나요?,107040203, 14,2024.11.06
477583935,질문이거 바퀴벌레 맞죠?ㅠㅠㅠ,문 입구에 가만히 있길래 죽은 줄 알았는데 에프킬라 뿌리니까 도망가더라구요ㅠㅠㅠㅠㅠ 바퀴벌레 같은데 에프킬라 뿌려도 죽지도 않고 옷장 아래로 들어갔다가 다시 나와서 에프킬라 거의 하나 다 뿌려서 잡았습니다… 근데 문제는 바퀴벌레가 생명의 위협을 느낄 때 알을 어디다가 붙여놓는다는데 옷장 밑 틈에 들어가서 알을 붙여놓고 나왔을까봐 너무 겁나네요ㅠㅠㅠ 잘 보이지도 않고 손에도 닿기 어려운 부분이라서요ㅠㅠㅠ 바퀴벌레 잡은 자리는 닦았는데 처음에 에프킬라 맞고 바퀴벌레가 도망다닐 때 옷장 밑에서 알을 붙이고 왔을 수도 있나요ㅠㅠㅠ 임시방편으로 에프킬라라도 뿌려놓으면 알 퇴치에도 효과가 있을까요 바퀴벌레 이렇게 큰 거 집에서는 처음봐요…ㅠㅠㅠ,80510, 15,2024.11.06
477583936,질문손목 쪽 흉터 언제 사라짐,언제 사라질까요..,70111, 13,2024.11.06
477583934,질문아이폰 16프로 버그 해결하는법좀 알려주세요..,초기 세팅중에 이런일이 발생하였고 공장초기화도 안되고 어떻게 해야할까요..,1070401, 14,2024.11.06
477583933,질문SD카드 전용에 와이파이 없어도 되는 CCTV있을까요?,요즘 IP cctv들 해킹이 난리라... 인터넷 없이 사용 가능한 녹화용 CCTV를 찾고 있습니다. 찾아본 제품들은 전부 큰 본체에 길게 줄 빼서 물려서 사용하는 방식이더라구요. 매장에 전선 너저분한 건 싫어서 무선이면 좋을 것 같습니다. (화질은 상관 없습니다.) 제품 추천 부탁드립니다.,108, 16,2024.11.06
477583932,질문애플뮤직 노래 안나옴,아니 애플 처음 써보는데 왜 어떤 노래는 나오고 어떤노래는 안나오는거임 재생누르면 다음곡으로 넘어감 아 이걸 뭐 어케 햐야돠요???? 업뎃 해ㅛ는데도 저 지뢀임 ㅠ,1060109, 13,2024.11.06
477583931,질문인터파크콘서트티켓팅부모님계좌결제,계좌관리정보를 부모님걸로 입력햇는데 계속 저렇게 뜨고 등록이 안대요ㅠㅠ 회원가입은 완전 제 정보로 햇는데 정보가 달라서 안되는건강요? 그렇다고 부모님정보로 회원가입하면 이름이나 명의가 안맞아서 못가는걸로 알고잇는데 계좌만 부모님걸로 하려면 어떻게 해야해요? 제 계좌는 가상이라서 안더ㅣ요ㅠ 무통장도 어렵구요 진자 어떻게 해야하나여ㅠㅠㅠ,81302, 14,2024.11.06
477583929,질문구글포토질문,1.구글포토 사용시 앱설치가 필수인가요? 2.구글포토 무료가 15라고 알고있는데 동기화와 백업 둘다 포함해서 15인건가요? 3.백업은 의미를 알고 왜사용하는지 알겠는데 동기화하는 이유는 뭔가요? 4.구글포토 백업 동기화가 같은의미인가요?,1040104, 15,2024.11.06
477583930,질문내가 뭐 가랭이 잘벌려주는 여자인지 쳐아나 ㅋㅋㅋ,에휴.. 그녀찾고 뭐찾고 니들은 나 먹으려면 강간밖에는 답이 없는데 내가 승질이 순하지가 않어 틈자체도 내주지 않을거고 웃긴게 왜 나를 쉽게 생각하지? ㅋㅋㅋ 쪽지하자 뭐하자 ... 하나님믿으니 이래야조 저래야조?? 진짜 억울한게 나 진짜 쉬운사람아닌데 싸보이는 이미지임 제발 나도 남자한테 좀 빠져나 봣으면 좋겠다 편관이 껴서 내가 통제를 하려들지 통제 안당한다니까 ㅋㅋㅋ 근데 아무리 멋진놈 잘난놈 봐도 섹하고 싶단 생각도 안드니까 문제지 ㅋㅋㅋㅋ 강간해도 신고안해줄거 같다고 들이대지좀 말고 내가 화가나서 이러고 이찌 외로워서 남자생각나서 이러고 있는게 아니야,60901, 16,2024.11.06
477583928,질문콜오브듀티 콜드워 pc판 입력기기 잠금 해제 방법,저와 같은 경우가 별로 없는건지 검색을 해봐도 딱 1개의 상황만 나오는데 그 마저도 답이 안나와 있네요. 일반 게임 패드(콘트롤러)나 듀얼센스를 연결하면 설정부분에서는 작동하는데 정작 본 게임에서는 먹통이고 설정을 보면 입력기기부분이 잠금 되어있어서 키보드 마우스에서 변경이 안되네요. 흔한 경우가 아닌듯 한데 이거 바꾸는 방법 좀 알려주세요.,20309, 14,2024.11.06
477583927,질문아이패드 에어6 휨 현상,아이패드 에어 6사자마자 매직키보드에 붙여놓고 브롤 깔고 1판 했는데 느낌이 깨름찍한데 휜건지 자세히 봐야할꺼 같은데 잘 휘나요?,1010701, 13,2024.11.06
477583926,질문세금질문...,집2억원 미만이고 1가구용 방3개. 거실1. 욕실1. 집한채 있으면... 1년에 토탈 세금이 대략 얼마나 나오죠?,403, 18,2024.11.06
477583925,질문히스테리아 가 성을 무서워 하나요 문란하지만 정말 원,하게 되지 않는 ㅠㅜㅜㅠ,90105, 11,2024.11.06
477583924,질문흉터 언제 사라짐,손목 쪽 흉터가 언제쯤 사라질까요…?,70111, 12,2024.11.06
477583923,질문상속 취득세 질문입니다,형제간의 상속 분할이 안 되어서 소송을 해서 2년만에 판결이 나왔습니다 최종 상속분 지분이 결정 되었는데 2년 동안 안 낸 취득세를 지분대로 나눠서 내면 되는지요(예를 들면 70000000이면 상속 받는 지분대로 나눠서 내면 되는지요),40306, 12,2024.11.06
477583922,질문감정서 내용에 하나라도 허위 내용이 있다면 처벌이 가능...,감정서 내용에 하나라도 허위 내용이 있다면 처벌이 가능한 건가요? 아님 감정서의 감정가가 허위일때만 처벌이 가능한 건가요?,60224, 14,2024.11.06
477583921,질문서든어택 종횡비,서든어택 엔비디아 없이 종횡비 하는법 알려주실수 있나요 ㅠㅠ 노트북으로 서든 하고싶은데 엔비디아는 엔비디아 그래픽카드가 없다고 안깔리네요 ㅠㅠ 도와주실 지식인분들 구합니다,20305, 12,2024.11.06
477583920,질문립밤 추천해주세요! 올리브영이요!,틴트밤 이런것도 상관 없는데 각질 부각 없는 촉촉한 립밤 뭐가 있을까요.. 요새 가을이라 그런지 건조해서 입술 건조함이랑 각질이 심해진것같아서용..,5030102, 15,2024.11.06
477583919,질문손목 흉터 언제 사라질까요,5월 달에 생긴 흉터입니다..,70111, 13,2024.11.06
477583918,질문가게 마감정산할때,가게 마감 정산할때 실수로 아니요 눌렀는데 오늘 결제된건 다 취소가 되는건가요..? 그리고 업체에 전화하면 만회가 되나요..?ㅠㅠ,40703, 13,2024.11.06
477583917,질문사이비종교 친구,예전부터 친하게 지내던 친구가 있었는데 계속 친하게 지내다가 한 2년 정도 연락 안하고 지냈었는데 다시 연락을 하게 되었어요 그런데 사람이 변해 있더라고요 자기가 믿는 종교로 와야 저랑 친구하고 가지 않는다면 저를 손절해 버리고 원래 이런 친구가 전혀 아니였는데 사이비종교에 빠지면 다들 이렇게 되는건가요? 사이비종교에서는 전도가 안되거나 전도를 실패하면 그 사람이랑 인연 끊으라고 세뇌 시키나요? 그 제 친구가 믿는 사이비종교는 신천지 예수교 증거장막성전 입니다.,60906, 13,2024.11.06
477583916,질문임신 가능성,마지막 생리가 10/20 ~ 10/24였는데요 피가 안 나올때 질내사정을 했습니다 지금 임테기가 두줄 떴는데 오류 일까요 ? 생리는 불규칙 합니다,7011401, 15,2024.11.06
477583915,질문아홉수 진잊..!사주봐두세여,970819 20시 양력 여 맞는직업과 성격 궁금합니다!! 대운은 제사주에 어떤영향을 미칠까요!?,31501, 13,2024.11.06
477583914,질문에버랜드 가는 길,광주에서 에버랜드 갈건데 유스퀘어에서 고속버스 타서 센트럴 파크에서 내려서 가려고 하거든요 그 이후에 지하철을 타야한다고 들었는데 몇호선에 어떤 역에서 타고 어떤 역에서 내려야 하나요? 또 내려서 버스 탈 때 어디서 몇번 타고 가야하나요? 지하철이랑 버스 첫차 시간도 알려주세요,90103, 14,2024.11.06
477583913,질문인스타디엠 내용 일부분 사라짐,인스타 디엠내용 일부분이 삭제되었습니다 상대가 보낸내용인데 제가 보낸 디엠에 하트 누른거나 상대가 저한테 보낸 스티커나 채팅 일부분이 삭제되었습니다 에러인가요? 아니면 본인이 삭제한건가요? 비슷한 경험 있으신분 있으실까요.... 급합니다,1061203, 17,2024.11.06
477583911,질문샤브샤브나 전골 요리하고 칼국수 먹을때,샤브샤브나 전골 요리하고 남은 국물에다 겉에 밀가루 뭍은 칼국수 면 그냥 넣어도 되나요?,8020104, 11,2024.11.06
477583912,질문쿠팡 환불 상자,쿠팡 환불 하려고 하는데 송장하고 주소 적힌 상자를 버려서 없어서 다른 상자에 담아 보내려고 할 때 상자에 상대방 주소 없이 그냥 “쿠팡 환불”만 적어서 보내도 되나요?,511, 15,2024.11.06
477583907,질문먹방하는 유튜버들은 대체 어떻게 살이 안찌는걸까요ㅠㅠ,조금씩 먹는 사람 말고 진짜 엄청 많이 먹는 사람들은 살이 안찌는 비결이 궁금해요 심지어 영상도 자주 올리는데 그럼 자주 그렇게 먹는다는거잖아요 저는 하루만 먹어도 바로 1키로 찌는데 그냥 타고나는 방법밖에 없는건가요,8030401, 14,2024.11.06
477583906,질문교수님한테 질문할때 어떤 말투 좋을까요?,지금 고1인데 교수님께 실험에 대한 질문을 해야하는 상황입니다. 격식차려서 다나까로 말하는게 좋을까요? 아니면 어짜피 모자라보일테니까 요체로 귀엽게 가는게 좋을까요? 교수님은 좀 젊으신편입니다.,1112, 8,2024.11.06
477583905,질문다른 사람들에게 무리한 부탁하는 법,청결을 중요시해서 타인이 저에게 무언가를 얘기하거나 공공기물 사용을 요청하거나 내 영역으로 인지한 범위에 들어오면 매우 불쾌해지는데 모르는 타인에게 어떻게 더이상 트러블이 생기지 않게 너 불쾌하니까 입닥치고 꺼져줄래 라고 말하나요? 일단 지휘는 고3 학생입니다. 주 대상은 친족과 타학생들이고요.,61303, 19,2024.11.06
477583903,질문아이패드 추천,아이패드로 영상제작 및 영상편집을 할려고 하는 데 어떻게 좋나요? 가능하면 가성비 좋은 제품으로 추천해주세요,1010701, 16,2024.11.06
477583901,질문연애 상담 해주세요,남자친구랑 썸탈때는 제가 뭐하는지 하나도 안알려줘서 막 서러워 해서 제발 알려달라고 그랬는데 현재 연애중일때는 제가 뭐하는지 궁금해 하지도 않아서 관심 가져달라고 했는데 하나하나 다 알아야하냐고 화내니까 속상해서 그냥 조용히 있었습니다.. 근데 그 외에는 잘 챙겨주……는거 같긴합니다 하 근데 잘해주는척이라면.. 좀 눈물 나올거같네요.. 사람 속이기는건 누구나 잘하니까요.. 진짜 어쩌죠 남친 심리가 궁금합니다.,80101, 25,2024.11.06
477583900,질문저 저녁6시에자서 12시에일어났는데,지금 마라탕먹으면 부을까요…,8030401, 16,2024.11.06
477583896,질문이거 발톱 빠지나요?,피가 난 부분이 문에 부딫혀서 살짝 들린부분인데 들릴 때 피가 난거거든요 보기에 발톱이 빠질만한가요?,70117, 15,2024.11.06
477517769,질문meet 관련 질문입니다,친구 이미지에 meet 이미지가 왜 나오나요?,30204, 31,2024.11.06
477583894,질문벽지에 뭐가 생겼어요,이사 한지 1년 된 거 같고 옛날 빌라에 습기 잘 차는 집이에요. 사진에 나온 것 처럼 벽지에 녹슨 못 끝이 찌른 것 처럼 여러군데 있어요. 더 있는데 2군데만 찍었어요 찔러 봤는데 못은 아닌 것 같아요. 벽지랑 벽이 약간 띄워져 있어요. 이거 뭔가요?,80901, 15,2024.11.06
477583893,질문간단한질문,게이 레즈비언 호모 다 있는데요. 왜 여자가 남자 하는건 없죠?,1060101, 15,2024.11.06
477583892,질문대한통운 배달 예정일,588717500164 대한통운 언제 도착할까요.. 금일 수령해야하는데… 급한데 금일에 도착할까요,81302, 12,2024.11.06
477583891,질문중1 수학문제 풀이과정 알려주세요 급해요,급해요ㅜㅜ,11030301, 14,2024.11.06
477517691,질문밴드 알림 모양에 대해서 궁금합니다,밴드가 왔는데 밴드 이미지가 달라요,30204, 32,2024.11.06
477583890,질문도어락 잠금,저희집 도어락인데 밖에서 맞는 비밀번호 쳐도 못들어오는거 잠금 ..? 그거 뭘로 하는거에여? 자물쇠 모양이 위에 하나 밑에 하나 있는데 ㅠㅠ,8080105, 13,2024.11.06
477583889,질문샤이보이토비랑 사귀고 싶습니다,샤이보이토비님이랑사귀고싶습니다 웃는 게 귀여운사람이이상형인 저에게는 샤이보이토비님이 정망 딱 제 이상형이고요 다섯살차이밖에안납니다 엉덩이이쁜 여자가 이상형이시라고라던데 엉덩이 이쁘고요 지금 짝사랑 중입니다 맨날 생각나고요 볼때마다 귀엽다고 느껴지네요 귀엽다고 느끼면 이건 정말 좋아하는 거잖아요 목에 있는 가아라 타투 보면 뭔가가 느껴집니다운명이라게 찐입니다 사귈 수 있는 방법 알려주세요 부탁드립니다,814, 15,2024.11.06
477583888,질문해병대 질문합니다 급해요!!,해병대 동반입대 할건데 동반입대면 무조건 일반보병이라고 알고있습니다 일반 보병도 공수훈련 하나요? 낙하산 매고 뛰내리고 하나요?ㅠㅠ 일반보병은 물에 얼마나 자주 들어가는지 궁급합니다!!,6030202, 14,2024.11.06
477583887,질문인스타 관심있는걸까요,스토리를 여러개 올렸는데 전부 다 좋아요 누르는건 뭘까요?,80101, 14,2024.11.06
477583886,질문해킹 사이트인지 봐주세요..,제가 연관검색어를 잘못눌러서 … 맨 뒤에 있는 사이트 ..? 링크를 눌러버렸는데 해킹 사이트인가요ㅠㅠㅠ 저거 누르고 사이트가 5개가 연달아 나오는거 같더니 상단이 빨간색으로 변했었거든요ㅠㅠㅠ 해킹인가요ㅠㅠㅜㅜㅜㅜㅜㅜ 제발 도와주세요ㅠㅠㅠㅜㅜ 링크복사해왔는데 https://homely-app.co.za/a58f502/af62bde 이거같은데여ㅠㅠㅠㅠ 저 링크를 눌럿는지 김미현 ? ㅠㅠ 그걸 눌럿는지는 모르겟는데 다른 사이트 여러개로 넘어갔어요ㅠㅠㅠㅠ 둘 다 눌렀을 경우에도 괜찮은건지 한번만 봐주세요ㅠㅜㅜ,11001, 15,2024.11.06
477583885,질문도망을 잘 치는 도련님,지금까지 나온 원작 내용 누구누구 죽나요? 그리고 누가 배신하나요..? 정말 역사대로 흘러가나요..? 중요 인물들 중에 죽는 애들 최대한 다 알려주세여ㅜ,110312, 15,2024.11.06
477583884,질문캐리어에 기름얼룩,안녕하세요. 캐리어 안쪽 천에 기름성분이 포함된 화장품(스프레이형 헤어 트리트먼트)을 쏟았는데요 캐리어에 붙어있는 천 특성상 세탁이 불가해서요.. 얼룩 부위는 한쪽 면의 반틈을 차지할만큼 큽니다. 어떻게 제거할 수 있을까요?,80903, 16,2024.11.06
477583883,질문사주 궁합,갑자일주 남자랑 계해일주 여자랑 잘 맞을까요?? 월주 년주 시주 다 중요한 거 아는데 보편적으로 좀 봐주세요…!,31501, 15,2024.11.06
477583882,질문임플란트 뿌리이식...,임플란트 뿌리이식도한다는데 뿌리가있었는데 왜그걸뽑는거에요?? 무슨 뿌리이식인거죠?ㅠㅠ,70202, 15,2024.11.06
477583881,질문안양대 야간...,안양대 야간 정보전기전자 예비 23떳는데 도나요?,1121, 13,2024.11.06
477583880,질문고양이 중성화&넥카라 질문,저번주 토요일에 중성화 했고요 이제 컨디션 회복은 다 됐는데 넥카라를 그 이후로 쭉 쓰고 있거든요 아직 뺄 때는 아닌거 같긴한데 화장실 갔다 온 이후로 넘 핥고 싶어해서 봤는데 이게 딱지가 앉은건지 덧난건지를 모르겠어요 병원을 가보고 싶은데 아직 학생이라 맘대로 못해요.. 그리고 살짝 피가 나는거 같은데 저거도 딱지가 쪼금 떼져서 그런건지 덧나서 그런건지를 모르겠어요,80502, 18,2024.11.06
477583879,질문이 디지털 카메라가 어떤건지 너무 궁금해요!!,빈티지 디지털카메라 같은데 이 디카 이름이 뭔지 아시는분 계실까요?? ㅠㅠ,50102, 16,2024.11.06
477583877,질문농협은행 거래기록사항 거래메모,농협은행 입금받았을 때 거래기록사항 거래메모는 받은 사람이 임의로 기재하거나 수정할 수 있는건가요?,40107, 13,2024.11.06
477583876,질문건축학과 vs 불어불문,아직 입시가 끝나지도 않았고 합격 발표도 안 나왔지만 제가 지원한 곳 중 이 두 학과가 최초합될 가능성이 커서 만약 이 두 학과가 붙게 된다면 답변자님들은 어떤학과를 추천하시나요? 진학했을 때 희망 분야- 불어불문: 불어 강사 희망 건축학과: 정해 놓은거 딱히 없음 그나마 설계쪽 희망,110408, 17,2024.11.06
