﻿doc_id,title,question,region_id,views,question_date
477573886,질문부산 사하구 다대도서관 열람실 질문입니다!,원래 부산 사하구 당리 작은도서관에서 공부했었는데 열람실이랑 애기들 수업하는곳이 딱붙어있어서 소음때문에ㅠ 도서관 옮길려고 하는데 다대도서관이 좋아보이더라구요 그래서 결론은 부산 사하구 다대도서관 열람실 무료인가요?,120211, 15,2024.11.06
477551125,질문장림/다대어촌계 정박할라고 어떻게해야하나요?,장림(부네치아) / 다대포(낫개)쪽 어촌계 RP보트 정박할라면 어촌계에 문의해야하나요? 잘 몰라서 아시는분 계시면 조금만 알려주세요. 혹시 일반 어촌계 말고 사하구청에서 따로 운영하는 어촌계는 없을까요?,120211, 19,2024.11.06
477409162,질문부산 사하구 제 1동 여기 어디인가요?ㅜ,여기 아시는거 있으시면 답글 남겨주세요 . . . 제가 중고 사기를 당했는데 여기 어디인지 궁금해서요ㅜ 아시면 무조건 연락주세요 꼭 다시 돌려받아야해요!,120211, 20,2024.11.02
477367639,질문부산 하단 페퍼로니 파는곳,마트나 이런데 파나요? 알려주세용..,12021108, 19,2024.11.01
477315629,질문부산하단 밥집 추천해주세요,조용하고 맛있는집 추천해주세요 셋이서 만나서 먹을건데 40대 1명 30대 2명이라 셋이 무난하게 갈수있는곳이요,12021108, 17,2024.10.31
477056462,질문다대포 꿈의 낙조분수 지역화 전략인가요?,,12021104, 38,2024.10.25
477055836,질문부산 사하구 고등학교,삼성여고 부산여고 서여고 성일여고 이정도 생각하고 있는데 어디가 좋은가요? 내신 따기 좋으면서 공부 분위기 좋은곳 이면 좋겠어요. 아니 진짜 다들 자기 학교 오지 마라는데 1지망 어디 쓸까요?,120211, 46,2024.10.25
476743215,질문부산 사하구 괴정 헌옷수거함,괴정동에 헌옷수거함 어디어디있나요?? 위치알고싶어요,12021102, 46,2024.10.17
476654326,질문동아대학교 셔틀버스 운행 시간과 노선은 어떻게 되나요?,동아대학교 셔틀버스 운행 시간과 노선이 궁금합니다. 학교 내 주요 건물을 경유하는 노선과 운행 간격 그리고 방학 중 운행 여부도 알려주세요.,12021108, 179,2024.10.15
476645381,질문친했던 동생에게 피해를 입었는데 어떻게 해야 할까요?,저는 지역 축제에 백종원존에 선발되어 부스를 10일간 동생과함께 운영하게 되었습니다.축제시작 3일이 지난밤에 갑자기 우리부스 민원이 들어가 문제가 되어 백종원존 운영팀에 불려간다며 동생의 카톡을 한통 받았습니다.결과는 저만 퇴출... 동생은 부스를 계속운영하기로 했다고 합니다.그래서 저는 운영팀측에도 동생에게도 죄인처럼 힘들었는데우연히 그모든일들이 동생이 도촬을해서 저를 쫒아내고 혼자 독식하려는 자작극이였다는걸 알았습니다.운영팀은 문제도 없었고저를 나가라 한적도 없다는데 저는 속아서 행사부스를 못나가게 되었습니다. 저는 그일로 정신적피해가 심각해 보름정도를 아무것도 못하고 외부와 단절된 생활을 하고 정신과 치료도 받았습니다. 물질적정신적 피해는 물론 예전에 제가 빌려줬던돈도 자기는 달라한적 없는데 내가 그냥 준거라며 안갚겠다 합니다. 도와주세요.어떻게 해야 할까요?,12021101, 23,2024.10.15
476524745,질문꿈 해몽 부탁드려요,버스를 타고 가고 있었는데 내리막길에서 버스가 브레이크 고장으로 충돌 될 뻔 했는데 충돌되기 전에 제가 버스에서 창문으로 뛰어 내렸어요 꿈 해몽 부탁드립니다,12021105, 21,2024.10.12
476291961,질문사하구 마을버스 3-2번에서 중요한인형을 분실한거같아요,방금전에 내렸고요.. 4시간이나 외출했더니 지쳐서 확인을 미처못했어요..ㅠㅠ 부산 사하구 마을버스 3-2번 버스인데 어떻게 해야할까요? 정확한 사이트나 방법 같은거 자세히 알려주실분 답좀 부탁드리겠습니다!ㅠㅠ 지하철에서 버스로 환승한거라 혹시나 지하철 안 분실물찾는방법도 알려주심 감사하겠습니다ㅠ 진짜 중요한 인형이라서요ㅠ.. 꼭 찾고싶어요 전화를 어디에다해야할까요??ㅠㅠ,120211, 21,2024.10.06
476119102,질문부산 이사비용,부산 중구에서 부산 사하구로 가면 이사비용이 얼마나 나오나요? 큰짐은 식탁이랑 의자 2개 책장이랑 붙어있는 책상 1개가 끝이고 작은 짐들은 상자16~20박스정도 됩니다제가 짐을 다 준비하고 짐이동 하는거랑 이사하는 집에 짐을 놓고 가는걸로 할려고 합니다 이렇게 한다면 이사비용이 얼마나 되는지 알려주세요!,120211, 504,2024.10.02
475859190,질문부산 사하구쪽이나 명지쪽에서 바이크 연습 추천,바이크 연습할만한 넓은 공터 같은 곳 있으면 추천해주세요,120211, 33,2024.09.26
475624869,질문다대2동 다운로드 속도  빠른  PC방,부산 다대2동에서 스팀게임 다운로드 속도가 삐른 PC방이 있나요? 없다면 인접지역에서 다운로드 속도가 빠른 PC방이 어딘지 알려주시면 좋겠습니다,12021104, 19,2024.09.21
475405274,질문부산 사하구 폐가구 무료수거,추석인데 가능한 곳 찾고 있습니다. 이미 아파트 밖에 내놓은 상태구요 침대1(프레임.매트리스) 미니 화장대2 작은밥상1 2단수납장 작은거 2개 있습니다. 가격을 터무니없이 10만원 부르길래 5만원정도로 인건비 안 드는 무료 수거인 곳 찾아요 위치는 하단역 근처입니다,120211, 312,2024.09.16
475218496,질문사하구 한부모,생일이나 명절 이런날 사하구에는 돈이나 상품권 한부모들한테는 없나요? ㅜㅜ 윗 지방에는 한부모들한테 상품권이나 위로금 나왓다고 하던데...,120211, 16,2024.09.11
475154030,질문지방공무원 응시 가능한가요?,부산 사하구에서 태어나 15년 거주 경남 마산합포구 이사후 6년 거주 제주도 서귀포시 2년거주 제주도 제주시 2년 거주 이렇게 계속 이사를했어 지방공무원 3년이상 해당지역 거주이력이 있어야 한다는 조항이 있던데 미성년자때도 해당이되나요? 부산과 마산은 미성년자로 학창시절 거주였고 성인이된후 계속 제주도에서만 생활했는데 부산이나 경남에서 지방공무원응시를 하고싶어서요,120211, 34,2024.09.10
475139541,질문괴정역에서 김해 국제 공향 가는방법좀 알려주세요,괴정역에서 김해 국제 공향 부산 가는방법좀 알려주세요. 지하철로요ㅠㅠ,12021102, 37,2024.09.09
