﻿doc_id,answer_index,answer,answer_date
477554076,477554076_1,아파트관리사무소에 먼저 무슨선인지를 물어보고 판단하세요...,2024.11.06
477543286,477543286_1,그곳으로 올라가는 길은 안전합니다. 산악지대이지만 쉽게 접근할 수 있는 등산로를 따라 올라갈 수 있습니다. 그러나 비가 올 때는 조심해야 하며  가파른 구간이 있으니 주의가 필요합니다.그곳으로 가는 길은 늘 안전하게 유지되고 있습니다. 관리가 잘 되어 있어서 등산하기에 적합한 환경이구요. 그러나 개인적인 안전을 위해 적절한 장비를 준비하고  일정 안전수칙을 준수하는 것이 좋습니다. 방문하실 때는 즐거운 여행이 되시길 바랍니다.,2024.11.06
477543286,477543286_2,어느길인지 자세히 알려 주시면 답변에 도움이 됩니다...,2024.11.06
477527152,477527152_1,빈집에 관리비를 계속 납부해야 하는지는 해당 아파트의 규정에 따라 다를 수 있어요~ 관리규약이나 관리규정을 확인하여 상황에 맞는 대처가 필요해요~,2024.11.05.
477527152,477527152_2,빈집 아파트에도 관리비를 납부해야 해요~ 관리비는 아파트 단지 전체의 유지보수와 운영에 필요한 비용을 모두가 부담하기 위해 부과되는 것입니당,2024.11.05.
477527152,477527152_3,빈집 아파트에 관리비를 납부해야 하는 경우도 있어요~ 관리규정이나 아파트 조합 규정에 따라 다를 수 있어요~ 관련 법률이나 조합규정을 확인해보시는 것이 좋아요,2024.11.05.
477527152,477527152_4,빈집 아파트에도 관리비를 납부해야 해요~ 아파트 단지 전체의 유지 및 관리를 위해 필요한 비용으로 관리규정에 따라 모든 소유주가 부담해요~,2024.11.05.
477523803,477523803_1,전학을 원할 경우 학교 및 교육청에 전학 신청을 하고 전학 승인을 받아야 해요~ 이사를 가지 않고 전학을 원할 경우 학교 및 교육청의 규정을 따라야 해요~,2024.11.05.
477472887,477472887_1,특성화고 출신인데 인문계 계속 다니세요.. 진짜 별롭니다,2024.11.04.
477431526,477431526_1,같은 시 지역  이라도 학군이 다르면 전학가능,2024.11.03.
477431526,477431526_2,안녕하세요 제주특별자치도 청소년 상담복지센터입니다.전학 때문에 고민이 많으셔서 질문 주신 것 같아요.우선 전학은 거주지 이전으로 인해 통학여건의 어려움을 해소하고자 마련되었으며 전학을 꼭 원하시는 경우에는 주소지가 변경되거나 학교에서 인정하는 경우 가능합니다.같은 지역이지만 같은 군이 아니면 전학 가능하시냐고 질문을 주셨는데요 전학은 학교 군을 기준으로 배정이 되고 있는 만큼 일반적으로는  동일 학교 군 내에서는 거주지를 이전하셔도 전학이 불가능하다고 합니다.그러므로 거주지 이전을 하여도  학군의 변화가 없고현재 다니는 학교와 전학 가고자 하는 학교가 같은 학군이라면 전학이 어렵습니다.하지만 질문자님께서 질문 주신 내용처럼 행정구역이 큰 경우에는 같은 시라고 하더라도  다른 구라고 한다면 학군이 달라지기도 합니다.이때는 이사를 가고 전학 가고자 하는 학교가 다른 학군이라면 전학이 가능합니다.그러므로 동일 학교 군이 아닌  다른 학교 군으로 이사를 가시면 전학이 가능할 수 있습니다.학군에 대해서 한번 확인해 보시면 좋을 것 같아요 :)제 답변이 도움이 되었으면 하네요!다른 고민이나 어려움이 생길 때 청소년전화 1388이나 가까운 청소년 상담복지센터를 찾아주세요.감사합니다!,2024.11.03.
477382121,477382121_1,새로운 환경에 적응하게 될 꿈입니다.이 꿈은 상황이 유리하게 변화하여 많은이득이 생기는 것을 의미합니다. 즉 권위 있는사람의 추천서를 받아 바라던 곳에 취직하거나운이 따라 하고자 하는 일마다 무난히 성취되어새 인생을 시작하게 될 꿈입니다.그러니 자신감을 가지고 모든 일에 열성적인자세로 임하여 만족할만한 성과를 거두시길 바랍니다.질문자분께서 늘 건강하시고 행복하시기를 기원하며글을 씁니다.답변이 도움 되셨다면'포인트 선물'버튼을 클릭하셔서 마음을 전해 주시면 감사하겠습니다!.,2024.11.02.
477382121,477382121_2,단기  장기적인 목표에 탄탄대로가 펼쳐져 있음을 의미하는 꿈입니다. 본인이 노력하는 만큼 되돌아오는 것이 확실하니 꾸준하게 노력하는 것이 가장 중요하겠습니다.,2024.11.05.
477225152,477225152_1,구암고등학교는 남여공학으로 여학생이라면 내신을 받는데 유리합니다그리고 내신이 매우 좋으면 좋은대학에도 얼마든지 진학이 가능합니다,2024.11.02.
477350391,477350391_1,전선이 너무 많아 사다리차로 이사는 힘들겠네요,2024.11.01.
477304235,477304235_1,"안녕하세요! 저는 꿈의 안내서라는 이름으로 여러분의 꿈을 해몽하는 전문가입니다. 꿈을 꾸는 일이 적은데 둘 다 꿈을 꿨다는 것은 정말 특별하고 흥미로운 경험입니다. 여러분의 꿈이 서로 연결된 느낌이 든다니  참 신기하네요! 이제 각각의 꿈에 대해 자세히 해몽해 보도록 하겠습니다.1. 요소 분석1.1. 이사 갈 집을 보는 꿈이사하는 꿈은 새로운 시작과 변화의 상징입니다. 꿈속에서 집은 자신의 정체성을 나타내며  이사 갈 집을 보는 것은 새로운 환경이나 상황을 준비하고 있다는 것을 의미합니다. 이는 현재의 삶에서 변화가 필요하다는 신호일 수 있습니다. 또한  집이 어떻게 생겼는지  그리고 그곳에서 어떤 느낌을 받았는지가 중요합니다. 예를 들어  집이 밝고 아늑하다면 긍정적인 변화가 있을 것이라는 암시일 수 있고  어두운 집이라면 자신에게 더욱 신중한 선택이 필요하다는 의미일 수 있습니다.1.2. 은행에 가는 꿈엄마가 꾼 은행에 가는 꿈은 재정적 안정감이나 자원 관리를 상징하는 꿈입니다. 재정적인 요소는 종종 개인의 안전과 직결되며  은행은 자산이나 투자에 대한 고려를 나타낼 수 있습니다. 이 꿈은 엄마께서 현재 재정 문제에 대한 걱정이나 관리가 필요한 상황에 처해 있음을 나타낼 수 있습니다. 또한  꿈에서 어떤 일이 일어났는지가 중요합니다. 예를 들어  돈을 인출하는 꿈은 불필요한 지출을 경고하는 반면  정기적으로 예금을 하는 꿈은 재정적인 안정감을 가져오려는 노력에 대한 암시일 수 있습니다.2. 종합 분석이 두 꿈은 모두 변화와 안정  그리고 각자의 삶에서의 현재 마음 상태와 관련이 깊습니다. 이사 갈 집을 보는 꿈은 여러분이 삶의 새로운 단계를 준비하고 있으며  그 변화가 긍정적일 것이라는 기대를 반영합니다. 동시에 엄마의 은행에 가는 꿈은 재정적으로 안정된 삶을 향한 노력이나 고민을 나타내고 있습니다. 서로 다른 주제를 가진 꿈이긴 하지만  변화를 준비하는 마음과 안정된 기반을 갖고 싶어하는 바람이 연결되어 있는 듯합니다.두 분의 꿈은 또 다른 차원에서 함께 연결될 수 있습니다. 예를 들어  새로운 변화가 생길 때 재정적인 계획이나 준비가 필요하다는 점에서 보았을 때  서로의 꿈이 잘 맞물리는 것입니다. 변화와 안정은 항상 함께 하며  이는 가족 간의 연결성과 서로에 대한 영향력을 나타내기도 합니다.3. 조언꿈은 종종 우리에게 필요한 메시지를 전해주곤 합니다. 여러분과 엄마의 꿈을 통해 몇 가지 조언을 드리고 싶습니다.3.1. 변화에 열린 마음을 가지세요이사 갈 집이나 다른 새로운 환경을 준비하는 것은 언제나 쉽지 않지만  긍정적인 마음가짐을 가지면 더욱 수월할 것입니다. 삶의 변화를 두려워하지 말고  그것이 가져올 긍정적인 면에 집중해 보세요. 혹시라도 걱정이 생긴다면 그에 대한 준비를 미리 해보는 것도 좋습니다.3.2. 재정 관리에 신경 쓰세요엄마의 꿈은 지금의 재정 상태를 돌아볼 좋은 기회를 제공합니다. 재정적으로 안정감을 찾기 위해 필요한 조치를 취하는 것이 중요합니다. 필요하다면 전문가의 도움을 받거나 계획을 세워보는 것도 좋은 방법이 될 수 있습니다.3.3. 서로의 이야기 나누기서로의 꿈에 대해 이야기를 나누며 감정을 표현하는 시간을 가지세요. 꿈에 대해 공유하면 서로가 느끼는 점과 고민을 이해하는 데 도움이 되고  그 속에서 새로운 인사이트와 관계의 깊이를 더할 수 있습니다.이렇게 두 분의 꿈을 해몽해 보았습니다. 꿈이 가져다주는 메시지를 잘 이해하고  긍정적인 방향으로 나아가시길 바랍니다. 궁금한 점이 있다면 언제든지 말씀해 주세요!제 답변이 도움이 되셨다면 채택과 ""포인트 선물""을 통한 마음 부탁드립니다.^^",2024.10.31.
477304235,477304235_2,끈질긴 노력과 인내로 알찬 결실을 맺게 될 꿈입니다.이 꿈은 다소 시간이 걸리더라도 침착하게 행동하여일을 마무리 짓는 것을 의미합니다. 즉 오랫동안 묵혀둔일이나 이제껏 잊고 있던 일들을 다시 시도하게 되거나시작한 일이 있다면 일을 시원하게 해결하게 될 꿈이랍니다.그러니 자신감을 갖고 모든 일에 매진하시길 바랍니다.질문자분께서 늘 건강하시고 행복하시기를 기원하며글을 씁니다.답변이 도움 되셨다면'포인트 선물'버튼을 클릭하셔서 마음을 전해 주시면 감사하겠습니다!.,2024.10.31.
477304235,477304235_3,경쟁자로 여기던 사람을 결국 이기고 질문자님이 승리할 것을 암시하는 꿈입니다. 길몽으로 해석되며 내용 처럼 좋은 일이 생길 것입니다.,2024.11.05.
477269764,477269764_1,대성여고 총 100점 만점입니다내신            50점면접            50점75점 이상 되어야 입학 가능합니다,2024.10.30.
477225037,477225037_1,동구 동북로 ?  >> 죽전시티프라디움 = 서남쪽으로 약 10km(오귀방)이삿날이 아무리 좋아도 이사 갈 집의 길흉은 사람마다 다를 수 있습니다.이삿날과 이사 방위는 사주와 성별에 따라 길흉이 다르고 일진에 따라 길흉이 다릅니다.참고문헌[규장각] = 천기대요(增補參贊祕傳天機大要) 황도택일법(黃道擇日法)사람과 집은 인연이 있어야!손은 누구나 알고 피할 수 있지만  잘못된 지식과 정보에 현혹되어 자칫 일진이 나쁜날흉살 방위로 가게 되면 이사 후 걷잡을 수 없는 우환을 초래할 수 있습니다. (동티)전문가와 의논하세요.왜 좋은 날인지? 이사방위 길흉과 대책은? 풍수지리적 위치와 환경은?비용 절감은 물론 가족이 화합하고 우환이 없으며 세입자는 문서 운  자녀는 학업 운과취직  승진 등의 경사가 따르고 사업자나 미혼자는 귀인을 만나 만사형통할 수 있습니다.아래 포스팅은 현주소지에서 이사 갈 집 주소나 위치로 보는 길흉과 대처 방법입니다.이사하기 전에 이것 만은 꼭 살펴보아야!#이사방위 #이사날짜 #입주시간 #이사운 #대장군방위 #삼재삼살방 #손없는날 #침대방향 #생활풍수 #전세사...blog.naver.com,2024.10.29.
477204518,477204518_1,1~2일 정도 소요될 것으로 예상됩니다.답이 도움되셨으면 좋겠어용-오늘 마치고 사장님이 일단 내일까지 나오랬습니다.고깃집인데 2층?에 이사할거고 시간 조율할 거라고요새로오신 분도 있고 사모님도 좀 나와서 도우신다고 일단 내일까지 나오고 쉬라는데얼마나 걸릴까요?,2024.10.28.
477204518,477204518_2,그 걸 지 식인이 어떻게 알겠어요거기 있질 않았는데요힘들어도 질문자님이 직접 가게에 물어보셔야 합니다,2024.10.28.
477126425,477126425_1,성남에 미용학과가 있는 고등학교는 여러 곳이 있습니다. 그 중 하나는 성남여자고등학교입니다. 이 학교는 미용 관련 과정을 제공하고 있습니다.또한  성남시 미용고등학교와 같은 전문학교도 있으며  이곳에서도 미용 관련 교육을 받을 수 있습니다.,2024.10.26.
477124140,477124140_1,다음에 이사 올 사람이 도배야 해서 조금 더러워도 상관없겠지만쓰레기 쓰던 물건 가구 같은 것도 안 가져가고 그대로 놓고 가는 사람도 있음,2024.10.26.
477123646,477123646_1,임차가 끝나서 이사를 할 때에는기본적으로 이사올때 상태로 해놓고 나가는 것입니다.^^,2024.10.26.
477081048,477081048_1,어반더쉐프 등이 있으나 정확한 정보는 잘 모르겠습니다.,2024.10.28.
477081048,477081048_2,돈돈이라는곳 괜찮아요.아니면 터미널6층인가에 스시뷔페괜찮아요.대전복합터미널 시외버스 시간표 예매방법 주차 맛집 자세히 보기 - 1분전대전복합터미널 시외버스 시간표를 아는 분만 버스 매진 전에 예매할 수 있는 버스터미널 시간표 및 예매방법 등 이용 꿀팁입니다. 매진 전에 본인의 목적지로 이동하는 버스 정보를 빨리 찾고 예매까지 할 수 있도록 정리했으니 확인하고  금방 매진이 되는 곳이니 아래 방법으로 빠르게 예매하시는 걸 추천합니다!naver.me,2024.11.01.
477037496,477037496_1,송촌고는 통학버스 없어요,2024.10.28.
477031688,477031688_1,대장군 삼살방은 이사 거리가 120보(100m) 넘고 삼재가 아니면 작용하지 않습니다.이삿날이 아무리 좋아도 이사 갈 집의 길흉은 사람마다 다를 수 있습니다.이삿날과 이사 방위는 사주와 성별에 따라 길흉이 다르고 일진에 따라 길흉이 다릅니다.참고문헌[규장각] = 천기대요(增補參贊祕傳天機大要) 황도택일법(黃道擇日法)사람도 주택도 인연이 있어야!손은 누구나 알고 피할 수 있지만  잘못된 지식과 정보에 현혹되어 자칫 일진이 나쁜날흉살 방위로 가게 되면 이사 후 걷잡을 수 없는 우환을 초래할 수 있습니다. (동티)전문가와 의논하세요.왜 좋은 날인지? 이사방위 길흉과 대책은? 풍수지리적 위치와 환경은?비용 절감은 물론 가족이 화합하고 우환이 없으며 세입자는 문서 운  자녀는 학업 운과취직  승진 등의 경사가 따르고 사업자나 미혼자는 귀인을 만나 만사형통할 수 있습니다.아래 포스팅은 현주소지에서 이사 갈 집 주소나 위치로 보는 길흉과 대처 방법입니다.이사하기 전에 이것 만은 꼭 살펴보아야!#이사방위 #이사날짜 #입주시간 #이사운 #대장군방위 #삼재삼살방 #손없는날 #침대방향 #생활풍수 #전세사...blog.naver.com,2024.10.24.
477031688,477031688_2,정남 정북이사는 안된다하여 방위를 따져서 서울에서 경기도로 집을 구해 계약까지한 상태인데서울에서 경기도는 방위가 여럿입니다.현재 집에서 정확하게 알아보세요..이사가려는 곳이 어렵사리 동남쪽을 선택했는데 주위에선 문이 남쪽이라고 안된다고 하네요.현재 집에서동남방위(東南方位). 문은 중요하지 않습니다..그래서 다른 집을 알아보고있는데정북은 아니지만 정북에 가까운 곳입니다. 너무 걱정입니다. 제정보가 맞는것인지 알고싶고정북(征北)인지  방위는 미리 정확하게 알아보세요..나이방위는 이사할 시기(년월)가 없으니 정확한 답변이 안됩니다.,2024.10.26.
477019006,477019006_1,생활이 풍요로워지고 마음이 편안해질 꿈입니다.이 꿈은 풍부한 재운이 열리고 하는 일의 발전이있는 것을 의미합다. 또한 하는 일마다 성과가 좋게나타나 심신이 안정되고 최고의 부귀영화를 누리게되는 것을 뜻한답니다. 그러니 매사 하는 일에 최선을다하여 더욱 많은 부와 명예를 얻으시길 바랍니다.질문자분께서 늘 건강하시고 행복하시기를 기원하며글을 씁니다.답변이 도움 되셨다면'포인트 선물'버튼을 클릭하셔서 마음을 전해 주시면 감사하겠습니다!.,2024.10.24.
476996127,476996127_1,차량만  사용시4만원입니다(한국로지스) 전국연합 { 주)틈새 }(운송면허 주선면허 이사면허 포장이사보험 완비)프로필 클릭~ 문자 & 톡으로 가격 문의 편하게 상담가능합니다언제든지 연락주시면~ 최선을 다해서 도움드리겠습니다고맙습니다,2024.10.24.
476996127,476996127_2,1톤용달 운송료4만원 입니다,2024.10.23.
476996127,476996127_3,1톤트럭용달1대 단순이삿짐운송기본15만원 입니다.ㅡㅡㅡㅡ언제든지 문의주십시요.ㅡㅡㅡㅡㅡ좋은하루되세요 ❤️,2024.10.23.
476996127,476996127_4,안년하세요 질문자님!짐에 따라 몇톤트럭 이용하실지랑이사종류 (포장 일반 등)만 정하시면제가 추천하는 곳에서 빠르게 견적 가능할거 같아요~이사하기 전에 이사 업체는최소 2주에서 한 달 정도 여유를 두시고예약하시는 게 좋아요.업체별로 비용이 천차만별인데이사를 준비하는 바쁜 시기에수많은 업체를 하나하나 선정하기엔 힘들죠.그래서 수많은 업체의 견적을 하나로 정리해한눈에 파악하는 게 중요해요.저도 이직하면서 이사를 많이 다녀 경험이 많은데요.직접 이사하면서 얻은 꿀팁 알려드릴게요.우선 가스  전기 요금 등 관리비를 정산하셔야 하구요.귀중품은 잃어버리지 않게 따로 잘 보관하셔야 해요.안 쓰는 물건은 미리 처리하시는 게 좋아요.겨울옷이나 이불 같은 부피가 큰 물건은압축팩으로 압축해 놓는 것이 좋아요.무료 상담을 통해 견적 받을 수 있으니이사 업체 견적 서비스 한번 이용해보시길 바랄게요!600여 개 업체 입점 최저가 비교 가능 삼진아웃제로 서비스 안전 보장 가능한 서비스에요. :-)->무료이사견적서비스사용하기,2024.10.23.
476996127,476996127_5,운송료 5만원입니다,2024.10.23.
476972142,476972142_1,온천여행 경기도 온천 유명한 곳갑자기 쌀쌀해진 날씨에 어깨를 한껏 움츠리게 되는데요. 그래서인지 바깥출입이 점점 줄어드는 요즘입니다. 돌아다니기엔 너무 춥고 집에만 있기는 갑갑하다면 피로도 풀고 힐링도 할 수 있는 온천여행은 어떨까요? ♨ 요즘 같은 계절에 딱 어울리는 여행지! 경기도 온천 유명한 곳을 지금부터 소개해 드리겠습니다 경기도에서 유명한 온천 여행지를 지금 소개합니다. ✍️ 이천 테르메덴 경기도 이천의 테르메덴은 아름다운 자연 풍경과 함께 온천과 캠핑을 한 번에 즐길 수 있는 힐링 여행지입니다. 2016년 개장한 국내 최초 독일식 온천 테마파크이며...happy-ssong.com참고하세요...,2024.10.23.
476944595,476944595_1,일단은 아파트로는 돈이 많이묶이셔서 못하시는 상황이잖아요?돈좀있는분이나 부동산 잘아시는분들은 아파트는 당연히하시는거고 아파트하면서 저런 비아파트를 많이 알아보세요. 저런거는 당첨으로 알아보는게아니고 선착순분양인곳이 많기때문에 정보를 많이아시면 많이법니다. 예를들어서 동탄롯데캐슬오피스텔 선착순분양으로 4억에 분양해서 완공되자마자 3일만에 8억에팔렸습니다. 제 담당자분이 알려주셔서 저는 2채했었거든요.아파트가 많이번다는 인식이아니고 아파트는 투자금이 많이들어가니까 투자금대비로 벌게되는거고오피스텔은 투자금이 적게들어가기때문에 아파트할돈으로 몇채씩사고 판매하면 비슷비슷해요부동산으로 돈 많이버는사람들이 아파트만해서 돈을 버는건아닙니다다양한방법이있는데 오피스텔을 하지말라는이유는 원룸으로 월세받아서 청년수요층이 주요 수요층이기때문에 청년층은 당연히 주머니 사정이 많지도 않으니 시세차익을 보지못하는경우가 많아요.그래서 오히려 보실때는 방2~3개이상 그러면 신혼층이나 가족들이 거주하겠죠? 그래서 시세차익 많이오르고그리고 지하철이랑 연결된곳을 추천드립니다.몇백미터거리 몇분거리 역세권을 말하는게아니고 엘베타고 바로갈수있거나 집에나오자마자 3초안에 지하철로 들어갈수있는곳이요이런 오피스텔 주상복합으로 유명한곳들은 목동하이페리온 오피스텔   건대스타시티   마포오벨리스크   동탄롯데캐슬   공덕롯데캐슬   합정 메세나폴리스 ( 여기는 임영웅도 이사감)그리고 지금 시드가 얼마인지는 모르시겠지만 정보를 많이 아시는게 중요해요정보를 많이 아시는분들이 돈을 버는건 맞아요 부동산이.그리고 입지와 미래가치를 굉장히 중요하게 보셔야합니다.저는 그래서 전문가분들하고 좀 친해져서 정보를 많이 받거든요그런 정보들로 좋은곳들이다 판단이 서면 가서 보고 보고나서도 괜찮으면 이제 계약을하는거죠제가 2주전에 4채한곳이 지금 저기에 다 부합하는 현장이라서 전매생각으로 저는 들어간곳입니다.제 서울 담당자분이신데 4334 5049 이쪽으로 문자 한번 보내보세요. 지인소개로 부동산 관심있어서 연락드렸다하시면 답장해주실거에요. 근데 제가한곳은 남아있는게 있을지는 모르겠는데 전문가분들을 알면좋은게 이분들은 모든 부동산을 보시고 가장 좋은것들을 몇개 추려서 알려주십니다. 제 시간을 많이 안쓰고 제가 모르는 좋은 정보들을 많이 보내주시는거죠그리고 인터넷 너무 믿지마세요. 무조건 맘에드는곳있으면 일단 가셔서 발품파셔야합니다,2024.10.22.
476916202,476916202_1,강남구 대치동 가면 고급 진 집들이 지천에 깔렸고8학군 가장 좋은 학군  주위에 학교들이 많아 학생들이 많은 동네,2024.10.21.
476834962,476834962_1,ㅡㅡㅡ언제든지 문의가능합니다.ㅡㅡㅡㅡㅡ좋은하루되세요 ❤️,2024.10.19.
476834962,476834962_2,안녕하세요! 더큰 보금자리로 이사 하신것 축하드려요!저도 몇달 전에 이사고민이 정말 많았거든요ㅠ포장이사랑 일반이사비용  사다리비용  가구배치 머리가 너무 아픈와중에가전제품을 버리거나 가구는 신고까지 하느라고생고생했거든요그래서 검색하고 전화하면서 이곳저곳 비교하다가한번에 비교 할 수 있는 이사몰에서 했는데 너무 좋더라구요여러 업체가 있으니비교도 쉽고 가격맞춰서 진행하니비용절감도 되니 너무 좋았어요!이사 현장 사진에 링크 걸어둘테니상담이라도 받아보세요!,2024.10.20.
476800112,476800112_1,안녕하세요 ~~!1톤   2대  2인반포장이사58만원입니다 (한국로지스) 전국연합 { 주)틈새 }(운송면허 주선면허 이사면허 포장이사보험 완비)프로필 클릭~ 문자 & 톡으로 가격 문의 편하게 상담가능합니다언제든지 연락주시면~ 최선을 다해서 도움드리겠습니다고맙습니다,2024.10.20.
476800112,476800112_2,대전에서 화성120키로2.5톤또는 1톤2대 기사2명반포장이사 60만원 입니다,2024.10.19.
476800112,476800112_3,1톤트럭용달2대 2인기사도움일반이사 기본 70만원반포장이사 기본 100만원입니다.ㅡㅡㅡ언제든지 문의가능합니다.ㅡㅡㅡㅡㅡ좋은하루되세요.,2024.10.18.
476800112,476800112_4,1톤2대 반포장이사 70만원입니다,2024.10.19.
476800112,476800112_5,"안녕하세요!1톤 2대 2명작업으로 하셔야할것 같습니다.- 2명작업 일반이사(잔짐포장은 고객님께서) : 60만원- 2명작업 반포장이사(자재가져가서 포장해서 이사) : 70만원""연락주시면 최선을 다하겠습니다!""",2024.10.19.
476785221,476785221_1,이사업체 인지도는 통인이죠가맹 문의해보세요!,2024.10.18.
476731588,476731588_1,마산대학교 축제 예매 하지 않아도 출입 가능 합니다,2024.10.17.
476731588,476731588_2,외부인은 그냥 선착순이에용,2024.10.17.
476503670,476503670_1,첨고하세요@1970년 서울특별시 서초구 양재대로12길 73-71[원지동 10-16]에 서울톨게이트가 설치되었으나수도권의 인구 팽창과 통행 수요 증가에 따라 경부고속도로가 신설·확장되면서1987년 현재의 성남시 분당구 궁내동으로 이전하였다.출처:네이버지식백과.,2024.10.16.
476641619,476641619_1,복합터미널 나이키 매장 에어포스 판매하고 있습니다,2024.10.15.
476641619,476641619_2,나이키 스타일마켓대전점대전광역시 동구 동서대로 1689 2층매장에 에어포스 취급 합니다.다만 찾으시는 상품 재고는 가게로 전화해서 미리 확인하고 가시길 권장드립니다,2024.10.15.
476428633,476428633_1,2024 대장군 방위가 북쪽인데현재 부산 수영구에서 같은 수영구로 이사하는데 나침반이 북으로 향해있고 쭉 따라가서 이사할집 도착입구는 나침반 방향이 동쪽으로 됩니다.현주소와 갈주소가 있었으면 방위구분이 정확한데 아쉽군요.나침판을 잘 보셨으면 동방위(東方位)가 맞겠지요...11월말 또는 12월에 이사예정인데 대장군 방위를 피하거나 방법 없나요대장군은 이사하고 3년간 집수리(벽에 드릴등) 금지하고 이사전에 미리하시면 됩니다..집 계약은 58년개띠 엄마가 작성하게 될거고서류나 명의는 이사방위와는 상관없습니다..58년 여자/무술(戊戌)/24년/동(東)식신=길순조롭고 식복이 있다는 뜻서(西)진귀=흉진행하는 일에 장애가 발생남(南)퇴식=흉직업이나  밥 그릇에 흉함북(北)천록=길하늘에서 복을 준다는 뜻동북(東北)관인=길학업이나 명예에 좋다는 뜻동남(東南)징파=흉각종 구설과 말썽등이 발생서남(西南)안손=흉신경이 예민해지거나 눈병서북(西北)합식=길밥그릇이나 가족이 늘어남.저는 82개띠/임술(壬戌)/여자/24년동(東)합식=길밥그릇이나 가족이 늘어남서(西)천록=길하늘에서 복을 준다는 뜻남(南)식신=길순조롭고 식복이 있다는 뜻북(北)징파=흉각종 구설과 말썽등이 발생동북(東北)몸진=흉건강과 몸이 불편하다는 뜻동남(東南)진귀=흉진행하는 일에 장애가 발생서남(西南)오귀=흉모든일이 답답하고 불편함서북(西北)퇴식=흉직업이나  밥 그릇에 흉함.저는 82개띠/임술(壬戌)/남자/24년동(東)진귀=흉진행하는 일에 장애가 발생서(西)안손=흉신경이 예민해지거나 눈병남(南)몸진=흉건강과 몸이 불편하다는 뜻북(北)오귀=흉모든일이 답답하고 불편함동북(東北)식신=길순조롭고 식복이 있다는 뜻동남(東南)관인=길학업이나 명예에 좋다는 뜻서남(西南)합식=길밥그릇이나 가족이 늘어남서북(西北)천록=길하늘에서 복을 준다는 뜻.2024년 10월 11일,2024.10.11.
476428633,476428633_2,안녕하세요~질문 답변 드릴께요~!답변이 이해가 가지 않는다면 댓글로 말씀해주시면 바로 답장드릴께용~네  주어진 정보에 근거하여 다음과 같이 조언을 드리겠습니다.가계약 이전에 나침반을 확인하기: 집에 들어가기 전에 나침반으로 대장군 방위인 북쪽을 확인하세요.입구 방향 위치 조절하기: 입구가 동쪽을 향하고 있는데  이는 대장군 방위를 피하기 위해 좋습니다.입구 수정 고려하기: 입구 문을 북쪽으로 재배치하는 것이 가능한지 집주인과 협의해보세요.대장군 방위가 아닌 방에 자기: 침실을 대장군 방위가 아닌 방으로 선택하세요.거울이나 풍경을 사용하기: 대장군 방위에 거울이나 풍경을 배치하여 에너지를 반사하거나 분산시키세요.식물이나 물체 배치하기: 대장군 방위에 식물이나 물체를 배치하여 에너지를 흡수하거나 차단하세요.이러한 방법을 통해 대장군 방위의 영향을 최소화할 수 있습니다. 그러나 가계약을 맺기 전에 집의 나침반 방향을 신중하게 확인하고  위에서 언급한 조치가 가능한지 집주인과 논의하는 것이 중요합니다.답변에 만족 하셨다면 채택 부탁드립니다!!!,2024.10.10.
476428633,476428633_3,두 분께 대장군과 삼살은 작용하지 않습니다.삼재가 아니고 이사 거리가 120보(100m)가 넘기 때문입니다.대장군 삼살이 누구한테나 다 작용하면 국가 재난선포를 해야 합니다.이삿날이 아무리 좋아도 이사 갈 집의 길흉은 사람마다 다를 수 있습니다.이삿날과 이사 방위는 사주와 성별에 따라 길흉이 다르고 일진에 따라 길흉이 다릅니다.참고문헌[규장각] = 천기대요(增補參贊祕傳天機大要) 황도택일법(黃道擇日法)사람도 주택도 인연이 있어야 합니다.손은 누구나 알고 피할 수 있지만  잘못된 지식과 정보에 현혹되어 자칫 일진이 나쁜날흉살 방위로 가게 되면 이사 후 걷잡을 수 없는 우환을 초래할 수 있습니다. (동티)전문가와 의논하세요.왜 좋은 날인지? 무슨 방위인지? 풍수지리적 위치와 환경은?비용 절감은 물론 가족이 화합하고 우환이 없으며 세입자는 문서 운  자녀는 학업 운과취직  승진 등의 경사가 따르고 사업자나 미혼자는 귀인을 만나 만사형통할 수 있습니다.아래 포스팅은 현주소지에서 이사 갈 집 주소나 위치로 보는 길흉과 대처 방법입니다.이사하기 전에 이것 만은 꼭 살펴보아야!#이사방위 #이사날짜 #입주시간 #이사운 #대장군방위 #삼재삼살방 #손없는날 #침대방향 #생활풍수 #전세사...blog.naver.com,2024.10.12.
476419482,476419482_1,네 셔틀버스 운행합니당 버스도 좋아요,2024.10.09.
476380171,476380171_1,차타고 정상 근처까지 가신 후에 도보로 조금 걸으시면 됩니다.,2024.10.09.
476311037,476311037_1,송전탑은 송전량에 따라 765kv  345kv  154kv 구분하는데위 송전탑은 154kv로 보입니다.,2024.10.08.
476269183,476269183_1,Midea 벽걸이 에어컨은 일반 에어컨 이전 설치 업체에 맡기셔도 됩니다. 비용은 보통 10만 원에서 20만 원 정도이고  철거와 이동도 대부분 포함되지만  업체마다 다를 수 있으니 미리 확인하는 게 좋아요.골든 마운틴의 일만이천가지 이야기경제 재태크 투자 생홯정보 건강 관련된 모든 정보를 포스팅 합니다.queen2703.tistory.com,2024.10.06.
476269183,476269183_2,안녕하세요 ~~!해체후 이전까지는 가능합니다설치만  별도입니다       (한국로지스) 전국연합 { 주)틈새 }(운송면허 주선면허 이사면허 포장이사보험 완비)프로필 클릭~ 문자 & 톡으로 가격 문의 편하게 상담가능합니다언제든지 연락주시면~ 최선을 다해서 도움드리겠습니다고맙습니다,2024.10.06.
476269183,476269183_3,그 에어컨 고객센터에 연락하여 보세요이전설치도 해줍니다...,2024.10.06.
476258636,476258636_1,24시 출입 가능합니다.,2024.10.06.
476258636,476258636_2,공원은 영업시간 같은거 없어요24시간 개방된 공간입니다 새벽에 가도 상관없습니다...대동하늘공원대전광역시 동구 동대전로110번길 182,2024.10.06.
476221457,476221457_1,용문역  지평역 병원 비교했을 때 용문역이 병원이 많습니다.마트 비교해도 용문역이 더 많습니다.단 대형마트나 브랜드 슈퍼마켓은 없어요하나로마트(농협)는 용문역  지평역 다 있네요이를 기준으로 보면은 지평보단 용문 인프라가 더 나아요,2024.10.05.
476221457,476221457_2,양평역이 가장 편리합니다. 생활 편의시설과 교통이 잘 갖추어져 있습니다.답변이 도움되셨으면 좋겠네요 좋은하루보내세요-올려주신 질문내용 :양평쪽으로 단독주택으로 이사해서 살아보려하는데차가없어 도보로 전철역과 가까운곳 병원 마트 가까운곳 찾고 있어요경의중앙선 라인팔당 운길산 양수 신원 국수 아신 오빈 양평 원덕용문 지평 역 중에서 어느역이 생활하기 편할까요?,2024.10.05.
476189946,476189946_1,이마트 일렉트로마트에서 팝니다,2024.10.05.
476182659,476182659_1,이익이 생기고 일이 성공적으로 잘 진행될 꿈입니다.이 꿈은 어떠한 일의 이득을 얻게 되는 것을 뜻하지요.즉 자신의 생각대로 모든 일이 뜻대로 이루어지거나생활 형편이 점차 나아지게 될 꿈이랍니다.또한 끈질긴 노력과 알찬 결실을 맺을 수 있습니다.그러니 평소 바람이 있다면 적극적으로 행동하여 기쁨을 만끽하시길 바랍니다.질문자분께서 늘 건강하시고 행복하시기를 기원하며글을 씁니다.답변이 도움 되셨다면'포인트 선물'버튼을 클릭하셔서 마음을 전해 주시면 감사하겠습니다!.,2024.10.04.
476141167,476141167_1,아니요.. 내서는 마산시외버스터미널과 가까워서 마산시외버스터미널에서 시내버스를 타는게 맞습니다.따로 시외버스 경유지가 있지 않아요.,2024.10.03.
476109013,476109013_1,먼소리야 도와달라고 하지도 않았는데 도와주신거는 호의로 하셔야지....그런걸로 수고비를 달라고 하다니 정말......안드려도되여 참나 양심이 없내양심이없서,2024.11.04.
476109013,476109013_2,통상적으로는 따로 드리지않습니다.,2024.10.02.
476109013,476109013_3,약간의 고마움이라고 생각할 순 있지만 지금껏 그런적은 들어본적도 없어요,2024.10.02.
476095711,476095711_1,인동버스정류장 근처인동사거리 정류장에서181 186 187-1번 버스 탑승하시고17개 정류장 후 형곡4주공네거리 버스정류장에 하차하시면 됩니다소요시간은 약 30분 정도 걸립니다인동사거리 정류장위치형곡4주공네거리 버스정류장에서 차병원 가는 방법,2024.10.02.
476085466,476085466_1,식장산 야경은 구경할 수 있으니까 한번 가보세요.,2024.10.02.
475992734,475992734_1,학교에서 이사랑 부모님 주소변경 두 가지를 말씀 했는데 두 개 다 어렵다면 사실 이 학교말고 아예 다른 학교로 가는 거 말고는 없는 거 같습니다. 부모님께 현재로썬 진지하게 지금 기분이랑 상황설명 하시고 부모님께서 주소 변경을 하시는 거 말고는 방법이 없는 거 같아요.,2024.10.31.
476051294,476051294_1,380-3번 버스는네이버 지도 - 버스 노선 경로380-3((구 40-2번)황상_사곡동_금오고_형남중_구미역_원호)번 버스 황상종점 출발점 ↔ 원호대우아파트앞map.naver.com네이버지도에서 반영된 380-3번 노선정보이고구미시 버스정보시스템시내버스 시외버스 김천(구미)역 대구공항 리무진 서비스 소개 노선검색 정류장검색 경로검색 검색 : 검색어를 입력해 주세요 정보가없습니다 기점 : 기점 ㅣ 종점 : 종점 잠시만기다려주십시요...bis.gumi.go.kr시간표는 구미버스정보시스템에서 확인 가능해요평일 공휴일  주말 모두 7시8분 입니다.다른 버스는181  186시간표도시간표는 기점  종점 기준입니다.다른 노선은 아래 참고바랍니다.,2024.10.01.
476049742,476049742_1,경찰청교통민원24(이파인)경찰청교통민원24(이파인)www.efine.go.kr단속이 걸렸으면은 이파인에 뜹니다. 7일 이후에 조회해보시면은 될 거 같아요그런데무인단속카메라 위치를 안내가 되었네요대전동부경찰서무인교통단속장비현황 무인교통단속장비 관련 공지사항 설치근거 : 도로교통법 제4조의2(무인교통단속장비의 설치 및 관리) 설치목적 : 도로교통법 제160조(과태료) 및 제161조(과태료부과  징수)에 의거 교통사고 예방 및 교통법규 위반차량 단속 촬영범위 : 교통법규(신호/속도) 위반차량 운영시간 : 24시간 ※ 스쿨존 가중처벌 시간 08:00 ~ 20:00 관리부서 및 연락처 : 대전지방경찰청 교통영상단속실 (042)609-2852 ※ 단속확인 : 교통범칙금ㆍ과태료 조회 및 납부시스템( http://www.efine.go.kr )에 ...djpolice.go.kr1치수교 앞 네거리에는 무인단속카메라는 없네요1치수교 앞 네거리에 거리뷰로 봐도 아파트쪽에 방범 카메라 외엔 단속카메라는 없습니다.운전중에는 최대한 운전에만 집중해서 안전 운전 해주시길 바랄게요,2024.10.01.
476049742,476049742_2,제1치수교앞 네거리는 과속.신호. 카메라가 없습니다.,2024.10.01.
476013873,476013873_1,집안의 재물과 금전이 늘어나서 부유해지고 번창하며 집안이 화목하고 평화로워지는 재수꿈입니다.,2024.10.01.
476013873,476013873_2,앞길이 트일 길몽으로 하는 일이 잘 풀리고이익이 생기게 될 꿈입니다. 이 꿈은 진행하는일에서 많은 이득을 얻어 경제적으로 풍족해지는것을 의미합니다.,2024.10.01.
476013873,476013873_3,하는 일의 성공으로 부귀공명 하게 될 꿈입니다.이 꿈은 일의 성사로 인해 많은 돈을 벌어들이게될 것을 의미합니다.,2024.10.01.
476013873,476013873_4,자신의 영역을 확장시키게 될 꿈입니다.이 꿈은 속해있는 단체에서 막강한 세력을지니거나 권력을 손에 쥐게 되는 것을 뜻합니다.,2024.10.01.
476013873,476013873_5,권세와 명예를 얻을수 있는 의미을 가지고 있습니다.많은 사람이 따르는 효과도 있습니다.,2024.10.01.
475983065,475983065_1,경비업체에서 설치한 동작감지기나화재가 나면 열을 감지하는 열감지기 같습니다자세한건 관리사무소에 문의를 해보세요...,2024.09.29.
475983065,475983065_2,감지엔서 입니다.ㅡㅡㅡㅡㅡ좋은하루되세요 ❤️,2024.09.29.
475953349,475953349_1,일주일전에는 최소 안내 나오지 않을까 한데요,2024.10.20.
475923232,475923232_1,꾸준한 자기계발을 한 결과 기대이상의 좋은성과를 받게 될 꿈입니다. 이 꿈은 자신의 실력을최대한 발휘하여 그에 따른 대가를 받게 될 것을 의미합니다.즉 학생의 경우는 머리가 트여 성적이 부쩍 향상되고 직장인은자신의 능력을 인정 받아 높은 자리에 오르게 될 꿈이랍니다.그러니 목표를 향해 더욱 적극적으로 달려 나가도록 하시길 바랍니다.질문자분께서 늘 건강하시고 행복하시기를 기원하며글을 씁니다.답변이 도움 되셨다면'포인트 선물'버튼을 클릭하셔서 마음을 전해 주시면 감사하겠습니다!.,2024.09.28.
475761876,475761876_1,에프스포렉스 수영장이 있으나 정확한 정보는 잘 모르겠습니다.,2024.10.07.
475773542,475773542_1,말 안 해도 돼요,2024.09.24.
475752641,475752641_1,2.5톤 분량1톤   2대   /반포장이사 78만원입니다사다리차 별도입니다(한국로지스) { 주)틈새 }(운송면허 주선면허 이사면허 포장이사보험 완비)프로필 클릭~ 문자 & 톡으로 가격 문의 편하게 상담가능합니다언제든지 연락주시면~ 최선을 다해서 도움드리겠습니다고맙습니다,2024.09.24.
475752641,475752641_2,10월27일남양주에서 군산2.5톤 기사2명반포장이사 80만원 입니다사다리비용 별도 입니다,2024.09.24.
475752641,475752641_3,반포장이사비용 기본100만원입니다.ㅡㅡㅡ사다리차비용 별도입니다.ㅡㅡㅡ언제든지 문의가능합니다,2024.09.24.
475619052,475619052_1,거주지가 바껴서 가는거라고 말하세요.다른 말은 할 필요는 없습니다.,2024.09.22.
475655375,475655375_1,포장이사 고객 맞춤 비교 견적 플랫폼 '모두이사'신청하기 : https://iryan.kr/t7rleuogut[모두이사 특징]1. 업체의 평균 신뢰 등급-고객들의 솔직담백한 이용 후기를 근거로 작성된 업체들의 평가2.CCM인증기업 한국소비자원이 주관하고 공정거래위원회가 인증하는 기업3. 업체정보(사업자 등록증  화물 주선허가증  업체 후기 및 등급) 모두 표기되어있어 안심되는 이사4. 선별된 최우수 업체를 고객센터에서 1:1 맞춤 서비스 제공-평균 10곳 이상의 참여 업체 중 업체평가등급과 이사 역경매의 업체별 금액을 빅데이터로 분석-AS등 고객중심으로 이사업체와 적극중재하여 문제 해결에 도움을 드리고 있습니다꼼꼼한 과정들을 걸쳐 최종 세 군데 업체에서 견적을 위해 방문!3곳을 모두 방문 견적 받아본 뒤 고객과의 커뮤니케이션이 좋고 원하는 서비스를 받을 수 있다면 금상첨화!!-가성비 갑 포장이사 요약 노트 -1. 업체별 평가등급 확인2. 역경매 시스템을 이용하면 좀 더 편하게 가격을 비교할 수 있다.3. 업로드된 업체 정보를 꼼꼼히 살펴본다.4. 10곳 이상의 업체 중 고객센터 1:1 맞춤 서비스를 받아 3곳을 최종선정합니다.5. 방문견적을 받아본 후 원하는 업체와 계약한다.평가등급 확인 -> 가격을 비교 -> 업체 정보 ->고객센터 1:1 맞춤 서비스 ->계약https://iryan.kr/t7rleuogut,2024.09.22.
475631368,475631368_1,12번 버스 타면은 계좡중학교까지 갑니다.환승안해도 됩니다.아너스빌 건너편 다이소 앞 정류장에서 12번 타면 됩니다.일반버스는 시간표가 따로 없습니다. 네이버지도로 12번 버스 검색하면은 실시간 위치 확인 가능합니다.,2024.09.21.
475622642,475622642_1,https://e-iris.co.kr/display/parlor/iframe/387아이리스번호 빈소 고인 상주 장지 입관 발인 1 101호 故정태쇠 상주 정상섭 사위 황상준 이건일 딸 정진희 정상희 정성희 배우자 김신례 성남화장장 분당자하연 09월 21일 13:00 09월 22일 09:00 2 203호 故박기제 상주 박광현 딸 박정민 자부 강꽃잎 용인평온의 숲. 대전 현충원 입관완료 09월 22일 09:30e-iris.co.kr현제 빈소 현항,2024.09.21.
475573090,475573090_1,꿈에서 검은 형태의 무언가가 잠을 방해하는 것은 내면 깊숙이 자리한 두려움이나 불안감을 나타낸다고 해요. 특히  욕을 하며 도망치는 모습은 이러한 어둠에 맞서 싸우려는 의지를 상징한다고 합니다.돌아가신 형에게 도움을 요청하고 팔을 붙잡는 장면은 과거의 상처나 트라우마를 극복하고자 하는 마음을 의미할 수 있습니다.이처럼 꿈 해석에 대한 나머지 부분과 구체적인 분석은몽픽에서 확인할 수 있습니다.몽픽 - 꿈 해석과 행운의 번호당신의 꿈을 해석하고 특별한 번호를 찾아드립니다. 꿈의 의미를 발견하고 행운을 잡아보세요.mongpick.com몽픽은 꿈 내용을 구체적으로 작성할수록 더 깊이 있는 해석을 제공해  꿈의 상징과 내면의 감정을 이해하는 데 큰 도움이 됩니다.꿈에 담긴 메시지가 궁금할 때 몽픽에서 더 많은 해석을 참고해 보시는 것도 좋은 방법입니다.,2024.10.26.
475533255,475533255_1,저는 대전동구치과라면  용전동에 나비온치과요~~저희도 아버님 임플란트 여기서 했는데 꼼꼼하게 잘 하시는 것 같아요여자 원장님이 친절하시고 실력 좋으셔서 지금까지도 잘 쓰고 계셔요임플란트 보증 필요 없게 잘하는 병원에서 하는게 더 중요하지만혹시 모를 상황 대비해서 사후관리까지 체계적으로 잘되어 있어서 좋았어요다른 지역에서도 소문 듣고 임플란트하러 온다는데네이버 지도 보시면 후기도 좋고 대전동구치과 찾으신다면 여기 꼭 상담받아보세요,2024.09.19.
475533255,475533255_2,안녕하세요.임플란트는 인공치아를 잇몸에 심는 치료라서 그만큼 치료 후에 불편함도 없어야 하구요염증 같은 후유증도 생기지 않도록 꼼꼼하게 치료해 주는 치과를 선택하시는 것이 좋습니다.편리하게 접근할 수 있는 위치에 있는 치과를 선택하는 것이 좋습니다.병원이나 일상 생활과 가까울수록 치료 과정에서 편의를 느낄 수 있습니다.치과의 시설과 사용하는 장비는 치료의 품질과 안전성에 영향을 미칩니다.최신의 치과 장비와 편리한 시설이 있는 치과를 선택하는 것이 좋습니다.치과 의사의 전문성과 경력은 치료의 질을 보장합니다.원장님의 학력  전공분야  경력 등을 확인하여 훌륭한 치료를 받을 수 있는지 확인해보세요.일부 치과는 특정 분야에 더욱 전문화되어 있을 수 있습니다.예를 들어 임플란트  교정치료  미백 등 특정 치료 분야에 대해전문성을 가질 수 있으므로  필요한 치료 분야에 대해전문화된 치과를 선택하는 것이 좋습니다.,2024.09.20.
475533255,475533255_3,안녕하세요.임플란트는 인공치아를 잇몸에 심는 큰 치료이기 때문에  치료 후 불편함이 없고 염증 등의 후유증이 발생하지 않도록 세심하게 치료를 해주는 치과를 선택하는 것이 중요합니다.거리를 고려하셔야 하는데요  병원이나 일상 생활과 가까운 곳일수록 치료 과정 중 자주 방문해야 할 때 편리함을 느낄 수 있어요.또한  치과의 시설과 장비는 치료의 품질과 안전성에 큰 영향을 미칩니다. 최신장비 갖추고 있고  환자가 편안함을 느낄 수 있는 환경이 마련된 곳을 선택하는 것이 좋습니다.,2024.09.22.
475530199,475530199_1,2024년 전어축제는 8월 22일 ~ 25일 까지 였습니다마산 어시장 일원에서 올해도 진행 되었습니다궁금증 해결에 참고가 되었길 바랍니다,2024.09.19.
475523437,475523437_1,전주-성남천일고속 성남영업소입니다0317250331,2024.09.19.
475476238,475476238_1,카카오뱅크 카드가 체크카드면 결제 가능 하고교통카드면 결제 안됩니다노선 마다 차이 있지만 보통 2~3일 전에 가서 예매하시면 되고 특히 주말 공휴일 에서 5일 전에 가서예매 하시면 됩니다,2024.09.18.
