﻿doc_id,answer_index,answer,answer_date
477542705,477542705_1,이천시립도서관 12월16일 까지 휴관입니다,2024.11.06
477542705,477542705_2,가까운 피시방에 가서 하세요스캔  복사  프린트 다 됩니다...,2024.11.06
477402539,477402539_1,네 맞습니다.요일에 상관없이 4일/9일/14일/19일/24일/29일에 열립니다.,2024.11.02.
477402539,477402539_2,장호원 오일장은 말씀하신 대로매월 4일  9일  14일  19일  24일  29일에 열립니다. 즉  11월에도 4일  9일뿐만 아니라14일에도 오일장이 열리니 방문하셔도 괜찮아요!인천 경기지역 오일장 일정 위치가 궁금하시면 아래 내용 참고해보세요..인천 오일장  경기 오일장 날짜 위치 지도 한 눈에 보기인천 경기 지역에도 오일장이 꾸준히 열린다는 사실을 모르는 분들도 많으실 것 같습니다. 경기 오일장  인천 오일장 날짜와 위치  지도 등을 한눈에 확인할 수 있도록 정보를 정리하여 알려드립니다. 가까운 곳에서 오일장이 열린다면 오늘 한 번 방문해 보세요. 오일장 지도 날짜 정보 보기   인천 오일장 날짜 위치인천 오일장 날짜와 위치는 아래와 같습니다. 강화 오일장이 주로 열리고 있습니다. 자세한 위치 및 정보를 알고 싶으시다면 오일장 지도 사이트를 참고하세요. 인천 오일장 지도 보기 시장이름오일장 날짜특산물주소전화번호강화풍물시장2일...yourinfoinfo.tistory.com,2024.11.05.
477141157,477141157_1,무슨 일이신지는 모르겠지만 이거 하나는 기억하세요 성공의 반대는 실패가 아닙니다 시도하지 않았기에 성공이 없는것이지요 실패는 이세상에서 없습니다 단지 과정은 있을 뿐이지요 않좋은 생각하지 마세요 도움 필요하시면 109로 전화 주세요 다른 용도이면요 관리소에 문의 하시면 되실거에요,2024.11.06
477138943,477138943_1,가까이 있는 택시는 없다고 보시면 됩니다.좀 거리가 떨어진곳에서 오게되는 경우가 많아서 대기시간이 길어요운좋으면은 가까운 거리에 있는 택시가 올 수 있기는 합니다.평균적으로 시내가 아닌 외진곳인 경우에는 대기시간 발생하기 떄문에택시 타기 10분전에 택시 호출을 해주시는게 좋습니다.,2024.10.27.
477138943,477138943_2,네. 잘 잡히는 편입니다. 다만  외진 곳의 경우에는 8~12Km씩 떨어진 곳에서도올 수 있다는걸 기억하시면 되고  이 때 운송비를 추가로 요구할 수 있다는 점도인지하셔야 할 것입니다. 이유는  이천의 경우 도시지역이 아니기 때문에기사님들이 호출에 대한 무료 운행을 꺼리는 경우가 종종 있습니다.,2024.10.27.
477032932,477032932_1,2024년 4월 22일(월)부터 버스 개편으로 인한 전자 승차권 및 종이 승차권 발매를 해야 승차가 가능하며 교통카드 사용은 불가능하다.단 아주대정류소일 경우에는 무인승차권단말기가 고장으로 인해 기사 재량에따라 출발이 임박했을땐 교통카드로 태워주기도 하면서 좌석 번호를 알려준다.거기에 앉아가면 된다.(원래는 안됨),2024.10.24.
477032932,477032932_2,2024년 4월 22일(월)부터 버스 개편으로 인한 전자 승차권 및 종이 승차권 발매를 해야 승차가 가능하며 교통카드 사용은 불가능하다.단 아주대정류소일 경우에는 무인승차권단말기가 고장으로 인해 기사 재량에따라 출발이 임박했을땐 교통카드로 태워주기도 하면서 좌석 번호를 알려준다.거기에 앉아가면 된다.(원래는 안됨),2024.10.24.
477027328,477027328_1,당근앱 커뮤니티로 찾아보시는게 빠른 거 같아요,2024.10.24.
476944711,476944711_1,이천에서 세명대 10시 30분 까지 도착 하는 방법이천터미널에서 오전8시 제천행 시외버스 탑승제천 터미널 오전 9시 30분 도착제천터미널에서 세명대 택시 이용소요시간 약 10분  택시 요금 약 8000원 정도 나옵니다,2024.10.22.
476848183,476848183_1,이 꿈은 다양한 상징을 포함하고 있어 해석할 수 있는 여러 가지 의미가 있습니다.큰 백사: 뱀은 꿈에서 종종 권력  지혜  변화  또는 숨겨진 위협을 상징합니다. 특히 백사(흰 뱀)는 재물  영적 성장을 나타낼 수 있으며  긍정적인 변화나 행운이 다가올 것을 의미할 수도 있습니다.뱀이 옷 속으로 들어옴: 뱀이 옷 속에 들어오는 장면은 개인적인 영역이나 프라이버시의 침범을 나타낼 수 있습니다. 혹은  당신의 내면에 있는 감정이나 문제를 드러내고자 하는 무의식의 표현일 수 있습니다.뱀이 반토막 난 것: 뱀이 두 부분으로 나뉘는 것은 변화  갈등  또는 두 가지 상반된 상황 사이의 분열을 의미할 수 있습니다. 이는 문제를 해결하기 위해 무언가를 희생하거나  중요한 결정을 내려야 하는 상황일 수도 있습니다.머리 부분은 옷 속에 있고  꼬리 부분은 바닥에 던져진 것: 뱀의 머리가 여전히 옷 속에 있다는 것은 문제의 핵심이나 중요한 요소가 아직 해결되지 않았거나 내면의 일부로 남아 있다는 것을 나타낼 수 있습니다. 반면  꼬리 부분을 바닥에 던진 것은 문제가 어느 정도 해결되거나  불필요한 부분이 제거되었음을 의미할 수 있습니다.전반적으로 이 꿈은 무언가 중요한 문제나 도전 과제가 있으며  이를 해결하기 위해선 결단력이 필요함을 암시할 수 있습니다. 동시에 다가오는 변화가 있을 수 있으며  그 과정에서 갈등이나 결단을 피할 수 없음을 나타낼 수 있습니다.,2024.10.20.
476848183,476848183_2,이 꿈은 내면의 두려움과 불안  그리고 갈등을 상징하며  큰 백사가 옷 속으로 들어오는 모습은 억압된 감정이나 문제가 자신에게 밀접하게 다가오고 있음을 나타냅니다. 백사가 반토막난 것은 그러한 문제를 해결하거나 극복하려는 시도를 의미하며  머리 부분이 옷 속에 남아 있는 것은 그 문제가 여전히 내면에서 해결되지 않고 있음을 시사합니다. 꼬리 부분을 바닥에 던진 것은 그러한 감정을 분리하거나 놓아주고 싶다는 욕구를 나타내며  결국 이 꿈은 현재의 감정적 갈등을 인식하고 이를 극복하고자 하는 내면의 갈망을 드러내는 메시지를 담고 있습니다.,2024.10.20.
476832871,476832871_1,도로가 한가하면 8천원 정도지만출근 통학 시간대라 1만3천원은 예상하셔야 합니다,2024.10.19.
476832871,476832871_2,도로가 한가하면 8천원 정도지만출근 통학 시간대라 1만3천원은 예상하셔야 합니다,2024.10.20.
476739733,476739733_1,이상한 또라이들 많으니 조심하세요,2024.10.17.
476739733,476739733_2,1.지식인 보다는 네이버 카페. 동호회. 2030카페지역모임 등등 가입해서 활동 하는것이 좋습니다2.열심히 활동 하시면 모임과 미팅이 많아 집니다,2024.10.17.
476663121,476663121_1,https://place.map.kakao.com/23807871유성여관경기 이천시 남천로 95-1 (중리동 463-8)place.map.kakao.com,2024.10.15.
476603162,476603162_1,앞길이 트일 길몽으로 하는 일이 잘 풀리고이익이 생기게 될 꿈입니다. 이 꿈은 진행하는일에서 많은 이득을 얻어 경제적으로 풍족해지는것을 의미합니다. 즉 평소 하고 싶었던 일을 하여많은 돈을 벌거나 손을 대는 일마다 만족할만한 성과를거두어 윤택한 생활을 영위하게 될 꿈이랍니다. 그러니 자신의위치에서 더욱 분발하여 많은 부를 축적하시길 바랍니다.질문자분께서 늘 건강하시고 행복하시기를 기원하며글을 씁니다.답변이 도움 되셨다면'포인트 선물'버튼을 클릭하셔서 마음을 전해 주시면 감사하겠습니다!.,2024.10.14.
476603162,476603162_2,백사는 보통 강한 힘이나 변화  두려움을 상징합니다. 여동생이 백사를 찔러 해결하는 것은 당신이 직면한 두려움이나 문제를 해결할 도움을 받게 되는 상황을 의미할 수 있습니다. 흉몽보다는 문제 해결을 암시하는 꿈으로 해석할 수 있습니다.,2024.10.14.
476487859,476487859_1,장호원 쪽 발전가능성 보입니다.,2024.10.12.
476435298,476435298_1,이동 거리별로 추가요금 발생합니다현금 3300원  카드 3200원  맞습니다,2024.10.10.
476310307,476310307_1,설봉공원을 가시기 바랍니다. 호수 주변을 산책하는 곳에 있기도 하고 설봉산 등산을 좀 하다보면 일명 산스장 (산에 있는 헬스장이 나옵니다.),2024.10.22.
476272152,476272152_1,횡재를 하여 상당한 부를 축적하게 될 꿈입니다.이 꿈은 장차 많은 재산을 모아 풍요로운 삶을누리게 될 것을 의미합니다. 특히 재물복과 식복이 있어서어느 곳을 가든지 여유롭고 무엇을 하든 성공을 이루게 될 꿈이랍니다.그렇다 하여 경거망동 하지 말고 맡은 일에 최선을 다하여 자신에게돌아올 행운을 꽉 거머쥐시길 바랍니다.질문자분께서 늘 건강하시고 행복하시기를 기원하며글을 씁니다.답변이 도움 되셨다면'포인트 선물'버튼을 클릭하셔서 마음을 전해 주시면 감사하겠습니다!.,2024.10.06.
475971759,475971759_1,403번 버스 타세요.제가 드린 답변이 도움되셨길 바래요-말씀하신 질문 :이천 증포동에서 시내 가려면 몇번 버스 타야되나요??빠른 답변 부탁드려요ㅠㅠ,2024.10.04.
475971759,475971759_2,403번 버스 타세요.,2024.10.04.
475971759,475971759_3,200  210번버스 외에 다 타시면 됩니다,2024.10.13.
476182449,476182449_1,질문에 대한 답변드립니다.[질문]아인리페 보행기 사드리고 싶어서 질문드려요어머님이 너무 집에만 계셔서 어르신 보행기 하나 사드리고 싶은데요. 혼자 걷기는 너무 힘들다고 하셔서요.길에서 할머님들이 끄시는 유모차는 너무 올드한 느낌이라 적당한 보행기 찾다가 아인리페 보행기 후기가 좋더라구여괜찮은지 궁금해여[답변]아인리페 보행기는기존 할머니 유모차의 단점을 없애고롤레이터의 장점을 살린보행기로 알려져 있습니다.실제 요양원에서도사용하고 있어서걷기 보조기구로 구매하신다면추천드리고 싶습니다.바퀴와 브레이크같은 디테일도 신경써서어머니 선물로 제격이라는 생각이 듭니다.,2024.10.04.
476164696,476164696_1,옷을 사주는 것은 '변화'나 '새로운 모습'을 상징할 수 있습니다. 특히 학생이 카드로 큰 금액을 결제하는 것은 예상치 못한 도움이나 보상을 받는 것  혹은 경제적인 부담이나 책임을 상징할 수 있습니다. 만약 그 사람이 현실에서 가까운 인물이라면  그 사람과의 관계가 발전하거나 감정적 교류가 깊어질 수 있음을 나타낼 수 있어요.데이트 상황과 옷을 사주는 행동은 당신이 그 사람에게 감정적으로 끌리거나 그 사람과의 관계에서 받는 관심  보호  배려에 대한 기대를 나타낼 수 있습니다. 학생이면서도 카드를 사용하는 행동은 그 사람이 당신에게 인상적인 모습으로 다가오고 있다는 것을 반영할 수 있습니다.또는 그냥 일상 속에서 보고 들은 것들이 무의식적으로 꿈에 반영되었을 수도 있어요. 꿈에서 금액이나 구체적인 행동이 나타난다는 것은 꼭 큰 의미가 있는 건 아닐 수 있습니다.,2024.10.03.
476102779,476102779_1,코드는 구글에다가 패밀리링크를 검색하고 관련 사이트에 들어간 다음에  감독 받는 사람이 아닌 감독하는 사람의 구글 계정으로 로그인을 하고  거기에서 액세스 코드를 받으면 되는걸로 알고 있습니다.,2024.10.02.
476071571,476071571_1,4시간 동안 차를 타고 이동하는 것이 괜찮을 것 같아요.도움되는 답변이 되셨길 바래요-질문정보 :아버지 생신에 킹크랩을 사드리고 싶은데 전주에계시는데 저는 그쪽 잘모르기도 하고 해서 서울 노량진에서 사다가 4시간 동안 차를 타고 가면 킹크랩이 상해서 못먹을까요??,2024.10.01.
476071571,476071571_2,킹크랩은 신선도가 중요해요. 4시간 이상 차를 타면 상할 수 있어요.답변이 도움되셨으면 좋겠습니다-말씀하신 질문 :아버지 생신에 킹크랩을 사드리고 싶은데 전주에계시는데 저는 그쪽 잘모르기도 하고 해서 서울 노량진에서 사다가 4시간 동안 차를 타고 가면 킹크랩이 상해서 못먹을까요??,2024.10.01.
476071571,476071571_3,킹크랩은 신선도가 중요해요. 4시간차는 길어요. 신선도가 떨어질 수 있어요.답변이 도움되셨으면 좋겠네요 좋은하루보내세요-올려주신 질문내용 :아버지 생신에 킹크랩을 사드리고 싶은데 전주에계시는데 저는 그쪽 잘모르기도 하고 해서 서울 노량진에서 사다가 4시간 동안 차를 타고 가면 킹크랩이 상해서 못먹을까요??,2024.10.01.
476067432,476067432_1,이천 8423버스 오천리에서 승차권 사용해야 함.제가 드린 답변이 도움되셨길 바래요-말씀하신 질문 :이천에서 수원가는 8423버스 이천에서(오천리) 탈때 원래 버스카드로 탔는데 이제 버스카드 안돼나요? 기사님이 이제 승차권으로 뽑아서 타라고 하시는데ㅜㅜ,2024.10.01.
476067432,476067432_2,이천 8423버스 오천리에서 승차권 사용해야 함.,2024.10.01.
476041260,476041260_1,잠실에서 이천가는 G2100번 막차는 23:50에  강남에서 이천가는 3401번 막차는 23:40에 있습니다.,2024.09.30.
476041260,476041260_2,잠실에서 이천가는 G2100번 막차는 23:50에 강남에서 이천가는 3401번 막차는 23:40에 있습니다.,2024.09.30.
476029456,476029456_1,장호원>이천 25번 25-10번 25-11번 버스 시간표입니다.시간표 보시면 아시겠지만 평일 시간표와 토일공휴일 시간표가 다릅니다.,2024.09.30.
476029456,476029456_2,2024년 8월 1일 시간표 개정으로 평일  주말 시간표 구분이 생겼으며  이천터미널에 도착한 차량은 대기 없이 바로 회차한다.이천 버스 25번 운행시간표2024년 8월 1일 기준출처횟수평일주말비고장호원초이천터미널장호원초이천터미널106:0507:0506:0507:05설성  모가 경유207:05즉시회차07:35즉시회차308:0508:20408:4509:00510:1510:20611:4512:00713:0013:50813:4515:30915:1017:101015:5519:101117:1521:0022:001218:301319:201421:0022:00이천 버스 25-10번 운행시간표2024년 8월 1일 기준출처횟수평일주말비고감곡장호원역이천터미널(장호원홈)감곡장호원역이천터미널(장호원홈)1-05:45-05:4525-11번감곡장호원역방면 편도 운행205:3006:3505:3006:35306:30즉시회차06:50즉시회차407:3009:40509:2011:10611:0013:00712:2014:40814:2516:20916:3018:101017:5020:1021:101120:1021:10,2024.09.30.
476026733,476026733_1,플러레 펜싱부 있고 장비도 지원해요.제가 드린 답변이 도움되셨길 바래요-말씀하신 질문 :이천 증포중에 플러레 펜싱부 있나요?장비 지원 해주나여??,2024.09.30.
476026733,476026733_2,플러레 펜싱부 있고 장비도 지원,2024.09.30.
475971325,475971325_1,내린곳에서 타면 되긴 한데요  12번이 마장에서는 이천터미널 방면버스와 지산리조트 방면 버스가 같은 정류장에 정차합니다. 버스 앞쪽 유리에 청강대방면이라고 적혀있는 판이 있어야 지산쪽으로 가는겁니다. 이천터미널방면이라고 적혀있는 판이 있으면 타면 안됩니다.이해 안되시면 네이버에 이천12번 버스라고 검색해서 사진 한번 보시면 이해 될겁니다,2024.09.29.
475957455,475957455_1,없습니다.,2024.09.29.
475932144,475932144_1,10번버스 22:10(예상)이랑 220번버스 있습니다 220번버스는 조금 돌아갑니다,2024.10.13.
475634010,475634010_1,이천시 공영버스 25-10번기점[출발] 경기도 이천시 장호원읍 노탑리(감곡장호원역)[도착] 충청북도 음성군 감곡면 왕장리(감곡장호원역)종점경기도 이천시 중리동(이천종합버스터미널)종점행첫차05:35기점행첫차06:35막차19:55막차20:55운수사명대원고속배차간격1일 11회노선감곡장호원역 - 장호원교 - 농협.새마을금고 - 장호원초등학교 - 장호원축협 - 청미도서관입구 - 이천엘리야병원 - 진암리 - 송산1리 - 송산리 - 대서초교앞 - 대서2리 - 대서3리 - 제요3리 - 제요4리 - 반월성 - 설성초교 - 행죽리 - 행죽1리.SEC연구소앞 - 장능3리 - 장능3리 - 장능2리 - 금당2리 - 설성면사무소 - 문화마을앞 - 설성농협 - 장천삼거리 - 수산삼거리 - 수산리 - 송곡주유소 - 송곡2리 - 송곡2리입구 - 송곡초등학교 - 서경리 - 산내리입구 - 진가리 - 모가면사무소 - 진가초등학교 - 모가중학교앞 - 소사리 - 원두1리 - 원두3리 - 소고2리 - 소고1리 - 부대앞 - 대포삼거리 - 대포동 - 대포동입구 - 단월동 - 이천태평교회앞 - 단월초교 - 단월하수처리장 - 고담동 - 고담동입구 - 고담2통 - 농기계수리센터 - 장록동입구 - 장록동 - 장록동삼거리 - 가좌리태우빌라앞 - 진리동 → 미란다호텔 → 이천터미널(장호원홈) → 축협앞.국민은행 → 관고동 → 설봉산입구 → 불교회관 → 중리동주민센터 → 제일은행.이천터미널 → 상공회의소 → 율현사거리 →이천역→ 율현사거리 → 이천축협 → 신진리(코디빌딩) → 진리동 → 이후 역순이천 버스 25-10번 운행시간표횟수평일주말비고감곡장호원역이천터미널(장호원홈)감곡장호원역이천터미널(장호원홈)1-05:45-05:4525-11번감곡장호원역방면 편도 운행205:3006:3505:3006:35306:30즉시회차06:50즉시회차407:3009:40509:2011:10611:0013:00712:2014:40814:2516:20916:3018:101017:5020:1021:101120:1021:10,2024.09.21.
475634010,475634010_2,이천시 공영버스 25-10번기점[출발] 경기도 이천시 장호원읍 노탑리(감곡장호원역)[도착] 충청북도 음성군 감곡면 왕장리(감곡장호원역)종점경기도 이천시 중리동(이천종합버스터미널)종점행첫차05:35기점행첫차06:35막차19:55막차20:55운수사명대원고속배차간격1일 11회노선감곡장호원역 - 장호원교 - 농협.새마을금고 - 장호원초등학교 - 장호원축협 - 청미도서관입구 - 이천엘리야병원 - 진암리 - 송산1리 - 송산리 - 대서초교앞 - 대서2리 - 대서3리 - 제요3리 - 제요4리 - 반월성 - 설성초교 - 행죽리 - 행죽1리.SEC연구소앞 - 장능3리 - 장능3리 - 장능2리 - 금당2리 - 설성면사무소 - 문화마을앞 - 설성농협 - 장천삼거리 - 수산삼거리 - 수산리 - 송곡주유소 - 송곡2리 - 송곡2리입구 - 송곡초등학교 - 서경리 - 산내리입구 - 진가리 - 모가면사무소 - 진가초등학교 - 모가중학교앞 - 소사리 - 원두1리 - 원두3리 - 소고2리 - 소고1리 - 부대앞 - 대포삼거리 - 대포동 - 대포동입구 - 단월동 - 이천태평교회앞 - 단월초교 - 단월하수처리장 - 고담동 - 고담동입구 - 고담2통 - 농기계수리센터 - 장록동입구 - 장록동 - 장록동삼거리 - 가좌리태우빌라앞 - 진리동 → 미란다호텔 → 이천터미널(장호원홈) → 축협앞.국민은행 → 관고동 → 설봉산입구 → 불교회관 → 중리동주민센터 → 제일은행.이천터미널 → 상공회의소 → 율현사거리 →이천역→ 율현사거리 → 이천축협 → 신진리(코디빌딩) → 진리동 → 이후 역순이천 버스 25-10번 운행시간표횟수평일주말비고감곡장호원역이천터미널(장호원홈)감곡장호원역이천터미널(장호원홈)1-05:45-05:4525-11번감곡장호원역방면 편도 운행205:3006:3505:3006:35306:30즉시회차06:50즉시회차407:3009:40509:2011:10611:0013:00712:2014:40814:2516:20916:3018:101017:5020:1021:101120:1021:10,2024.09.22.
475340873,475340873_1,만두집 있습니다.,2024.10.06.
475232414,475232414_1,종목에 따라 다릅니다사브르  에페  플러레 중 어떤 종목을 원하시나요?,2024.09.13.
475301490,475301490_1,https://memory.library.kr/files/original/df39975bf5498dce344507875be89159.pdf이 자료를 보세요.,2024.09.13.
475301490,475301490_2,https://memory.library.kr/files/original/df39975bf5498dce344507875be89159.pdf,2024.09.13.
475292738,475292738_1,114번 버스 이천역은 정차하지 않습니다이천터미널 정류장에 정차 합니다,2024.09.13.
475221408,475221408_1,g2100 첫차는 승객 많지 않습니다,2024.09.11.
475221408,475221408_2,g2100 첫차는 승객 많지 않습니다,2024.09.12.
475116212,475116212_1,이천시 사음동에 위치한 중학교는 ◯◯중학교입니다.제가 드린 답변이 도움되셨길 바래요-말씀하신 질문 :이천시 사음동에서 다닐 수 있는 중학교는 어디인가요?,2024.09.09.
475116212,475116212_2,이천시 사음동에서 다닐 수 있는 중학교는 ◯◯중학교 입니다.도움되는 답변이 되셨길 바래요-질문정보 :이천시 사음동에서 다닐 수 있는 중학교는 어디인가요?,2024.09.09.
475116212,475116212_3,이천중학교,2024.09.10.
