﻿doc_id,title,question,region_id,views,question_date
477583165,"질문도를 아십니까? 는"" 대ㅅㅈ리 ""입니까?","""대ㅅㅈ리""가 ""도를 아십니까? 에요? 집집마다 문을 두들기면서 비누를 판다고도 하고 미술 치료 테스트를 해준다면서 근처 카페로 끌고 가고 허름한 차림에 고리타분한 외모 ‘절에서 나왔다’ ‘전통 공부 한다. 조상 이야기 인상 인야기 하는게 대ㅅㅈ리 입니까? 님 대박 인상이 좋으세요.(만만하다.나의 빵셔틀 같다. 라는뜻) 마치 헌팅 하듯? (모테쏠로는 100% 당할?) 님 관심이 가는데 가까운 카페에 가서 차한잔하실래요? 제친구들 한테 소개 하고 싶어요. 당장 지금 같이 가실래요? 가면  지갑에 있는돈 다 조상님께 바치라고 재사 지내야 한다고? 현금 없는 시대인데 (카드도 될까?) 이런 순서대로 진행이 된다는데 대 ㅅㅈ리 맞나요? 조상님의 은덕 입니다. 조상님이 지켜 주시네요. 종교에 참석 안하면 잡으러 여럿이 나가고 건물이 웅장 으리으리 하던데요? 교회는 비교가 안될 청와대 처럼 큰 화려한 건물? 심지어 입구에 경비 ? 보초? 건물 보면 부자 신자가 겁나게 많을듯? ㄷ촌동에 담이 4층 처럼 높고 버스가 몇대 있고 으리으리해서 뭔가 물어 봤더니 대ㅅㅈ리 라고 하는데 혹시 도를 아십니까 라는 분들 어디 종교 에서 나온거 말을 안해 주는 이유가 있나요? -------'''''''''------- 모든 종교는 다 사기 같아요. 사이비 라고 정하는 선은 쪽수가 많은 종교 쪽에서 선을 긋는 거겠죠. 누군가 그러던데 ; 한국은 조상님 한테 재사 지내 봤자 라고. 한국은 조상님한테 재사를 지냈어도 침략도 많이 당하고 나중엔 매관매직으로 망하고 일본이 꿀꺽) 미국은 조상 재사 안지내도 강대국 된거 보면 귀신은 없다 라고. 그리고 사람은 신이 될수 없는데 신으로 숭배 한다고.",12092614, 26,2024.11.06
477542705,질문이천시립도서관 프린트 되나요??,제가 급하게 당장 인쇄도 하고 스캔하고 프린트도 해야하는데 갑자기 프린터기가 고장나서요ㅠㅠ 이천시립도사관가서 인쇄하려는데 지도에 치니까 11월 계속 휴무한다고 써져있던데 11월 내내 닫혀있는건가요?? 안닫혀있다면 프린트는 가능한건가요??? 스캔만해서 복사하는것 말고 그냥 연결된 PC에 문서 다운로드 받아서 인쇄할수있는건 맞을까요??,120926, 22,2024.11.06
477526798,질문패밀리랜드 토요일 사람 수,다음주 토요일에 광주패밀리랜드를 갈건데 11시쯤 패밀리랜드이 도착할 것 같은데 그 전에ㅜ오는 사람들이 많을까요?? 그리고 보통 패밀리랜드가면 몇시간정도 노나여..?,12092619, 13,2024.11.05
477402539,질문장호원 오일장,11월달 오일장 언제나요? 49일날인건 아는데 14일도 열리나용?,12092617, 14,2024.11.02
477379121,질문내신이 190~180사이면 공고농고만 갈수있나요?,내신이 그정도 나올거 같아 궁금해서 적어봐요ㅠ,12092603, 24,2024.11.02
477361685,질문이천 이현고등학교 효양고등학교 여주 제일고등학교,안녕하세요 중3이라 이제 고등학교를 정해야하는데 내신은 200점 만점에 17n정도 됩니당 이현고 효양고 제일고 중에 어느 고등학교에 가는 게 좋을까요ㅠ 여주이천 쪽에 있는 다른 고등학교도 알려주셔도 좋고 내신 커트라인도 알려주세용,120926, 19,2024.11.01
477312471,질문이천 장호원에서 부산까지 kyx 요금 왕복 얼마드나요,내공100,12092617, 18,2024.10.31
477269568,질문쿠팡물류 경기이천3센터 혈압?,알바하러 갈려고하는데요 쿠팡 이천3센터 주간조 혈압체크하나요? 그리고 처음가는건데 키작은 남자입니다 157 입고나출고 재고 이렇게 있던데 처음하기에 어떤 파트가 좀 나을까요?,120926, 22,2024.10.30
477141157,질문이천시 옥상문 열리는곳,이천시 옥상열리는곳 있나요?,120926, 23,2024.10.27
477138943,질문이천 카카오택시,제가 다음주에 1박2일로 이천에 놀러가는데 제가 뚜벅이인데 교통편이 안좋아서 그냥 택시타고 다닐려고 하는데 이천에서 카카오택시 부르면 잘 잡히나요? 시내말고 관광지나 시내에서 좀 떨어진데서 불러도 잘잡힐지 걱정되네요,120926, 34,2024.10.27
477034363,질문이천 특전사 현재 특공무술 해영?,,120926, 25,2024.10.26
477020020,질문경기도 이천...,경기도 이천에 있는 그냥 잠 자기 부담 없는 모텔 있을까용 1박에 5만 내지 5.5정도면 좋겠습니당,120926, 28,2024.10.26
477028962,질문이현고등학교 5기 졸업생인데 동문 있나요?,이천 이현고등학교 5기 졸업 남학생인데~ 동문으로서 같이 연락하고 지낼 분들 있나요? 같은 5기 졸업 4기 졸업 3기 졸업 등등 이현고등학교 동문이라면 누구든 좋아요!!,120926, 30,2024.10.25
477027368,질문이천시 이현고등학교 나온 분 없나요?,저는 이현고등학교 5기 졸업생인데 혹시 이현고등학교 나오신 선배님이나 친구 없을까요? ㅋㅋ,120926, 32,2024.10.25
477027269,질문이천시 99년생 모임 없나요?,경기도 이천시 꼭 이천시 아니더라도 99년생 친목 동호회 같은거 없을까요??^^,120926, 34,2024.10.25
477032932,질문8423 버스,마장 오천리에서 수원공용터미널로 가려하는데 모바일 예매 해야하나요?,12092619, 35,2024.10.24
477027328,질문경기도 이천시 동호회 검색하는 법,경기도 이천시의 각종 동호회 친목 모임 같은건 어디서 찾아볼 수 있을까요? 등산/수영/독서/영어공부 등등 다양한 분야 친목 모임이요.,120926, 24,2024.10.24
476944711,질문이천에서 세명댜,이천에서 10시 반까지 세명대 도착하는 법 알려주세요. 이천에서 제천으로 가는 버스랑 학교 버스 말고요,120926, 24,2024.10.22
476866561,질문불수사도북 종주 문의드립니다.,불수사도북 종주 계획 중에 있습니다. 관련 하여 몇가지 문의 사항이 있어 아시는 지식인님께 질문드립니다. 답변에 관하여 미리 감사 말씀 드립니다~~ 백세문~대호아파트 예정으로 천안에서 출발 자차이용 도착 밤 10~11시 산행 시작 예정입니다. 1. 주차는 어디에 하는게 효율적일까요? 생각으로는 주차할 곳이 있다면 대호아파트쪽에 주차후 택시타고 백세문 이동 후 산행 시작하면 좋을 것 같은데요. 근처에 유무료 자차 할곳이 잘 안보이네요. 도저히 안되면 백세문근처라도 .. 2. 북한산 입산시간이 오후 5시 초소? 통제 한다고.. 사패산도 통제하는곳이 있나요? 평속 3.5정도 나오는데 대략 몇시에 출발하는게 좋을까요? 3. 중간에 시내로 내려와 보급 예정인데 식사 할 만한곳 알려주심 감사요~(무슨 순대국밥집이랑 편의점이 유명 했던것 같은데..ㅎㅎ) 4. 트랭글 따라가기해도 알바를 좀 한다고 들었습니다. 많이들 하는 알바 구간좀 알려주세요~주의할곳 5. 일반적인 구간별 랩타임??,12092603, 20,2024.10.20
476848183,질문백사 뱀꿈,큰백사가 옷속으로 들어온것을 커집에 냈는데 딱 반토막났고 그중에 중에 머리부분은 옷 속에 있고 꼬리부분쪽은 바닥에 던졌습니다 무슨꿈일까요? 꿈 해몽 부탁드립니다,12092621, 28,2024.10.20
476832871,질문경신여고 사거리에서 패밀리린드까지 택시비 얼마 나오나요,경신여고 사거리에서 패밀리랜드까지 아침 8시30분에 출발하면 얼마나오나요??,12092619, 20,2024.10.19
476817455,질문경기 이천 하이닉스 근처,하이닉스 근처에 파라다이스 무인텔 이랑 Pc방이랑 먹자골목 다 그대로 있나요 아직두? Pc방 시걸좀 괜찮고 깨끗한곳으로 찾고 있어서요 아니면 하이닉스 근처 말고 이천 터미널 근처에 가성비 모텔과 시설 괜찮고 먹거리 많은 pc방 추천 부탁 드려요,120926, 21,2024.10.19
476739733,질문이천시 사는 여자인데,퇴근하고 만날분 있어요??,120926, 23,2024.10.17
476663121,질문경기도 이천 터미널 주변 모텔...,경기도 이천 터미널 주변 모텔중에 음식물 반입 가능한곳 있을까요??,120926, 21,2024.10.15
476603162,질문하얀백사 꿈해몽부탁드려요.,꿈에 제등뒤에 하얀백사가 앉아 있었어요. 저는 백사가 저를 물을까봐 두렵고 무서워하고 있는데 여동생이 나타나 칼로 백사를 찔러 죽여 던져버렸어요. 바닥에 떨어진 죽은 백사를 보고 저도 그제야 마음을 놓았어요. 무슨꿈일까요? 흉몽은 아니길 바라며 꿈해몽부탁드려요.,12092621, 13,2024.10.14
476487859,질문이천시 전망,안녕하세요~ 어쩌다보니 이천에 살고 있는 사람입니다. 쌀의고장 시골로만 생각했던 지역이 살다보니 사람 사는 곳 다 똑같다고 느끼고있는데요 그만큼 생각보다 괜찮은 지역이고 살기 좋다고 생각이 듭니다. 그래서 이천에 자리를 잡고 살다보면 용인이나 동탄처럼 발전할 수 있는 지역인가. 다른분들의 생각은 어떤지 궁금해서 질문 올립니다. 이천역쪽이나 중리동쪽에 투자한다면 향후 발전 가능성이 있을까요? 태클은 신고 사양합니다.,120926, 27,2024.10.11
476447268,질문다리미패밀리 5회 줄거리가 어떻게 되나요?,다리미패밀리 5회 줄거리가 궁금합니다. 다리미패밀리는 청렴 세탁소 다림이네 가족이 옷 대신 돈을 다림질하며 벌어지는 로맨틱 돈다발 블랙 코미디 드라마로 알고 있는데요 이번 4회에서는 어떤 이야기가 펼쳐지나요?,12092619, 29,2024.10.10
476435298,질문M5107버스 현금 요금,카드를 두고와서 현금 3000원 냈는데 기사아저씨가 서울 가는건 더 비싸다 3300원이라고 하시네요. 버스에 붙어있는 요금표는 호구인가요?,12092619, 26,2024.10.10
476376200,질문이천 정형외과...,이천 정형외과 중에 오벌8 처방해 주는 병원 있을까요? 인터넷으로 시키기엔 정확하게 껴보고 사이즈 맞게 구매하고 싶어서요,120926, 21,2024.10.08
476310307,질문이천 창전동 철봉,턱걸이 머슬업 운동을 하려고 하는데 이천 창전동 근처에 철봉 있는 곳이 있을까요?,120926, 27,2024.10.07
476272152,질문카드를 주는 꿈 해몽,꿈에서 아빠가 할머니한테 신용카드를 주는 꿈을 꾸었는데 꿈 해몽 부탁드립니다,12092603, 52,2024.10.06
475971759,질문이천 증포동에서 시내 가려면 몇번 버스 타야되나요??...,이천 증포동에서 시내 가려면 몇번 버스 타야되나요?? 빠른 답변 부탁드려요ㅠㅠ,12092613, 37,2024.10.04
476182449,질문아인리페 보행기 사드리고 싶어서 질문드려요,어머님이 너무 집에만 계셔서 어르신 보행기 하나 사드리고 싶은데요. 혼자 걷기는 너무 힘들다고 하셔서요. 길에서 할머님들이 끄시는 유모차는 너무 올드한 느낌이라 적당한 보행기 찾다가 아인리페 보행기 후기가 좋더라구여 괜찮은지 궁금해여,12092603, 13,2024.10.04
476164696,질문좋아하는사람이 옷 사주는 꿈을 꿨어요,꿈에서 둘이 데이트..?히다가 백화점에서 걔가 저한테 11만원 짜리 옷을 사줬어요 학생인데 냅다 카드결제하더라구요 그냥 별 의미없늠 꿈일까요? 이 꿈 해몽좀해주세요ㅜ,12092603, 24,2024.10.03
476162912,질문이천 택시비6000원,이천시내 희망콜 전화하면 이천시내 6000원이라고 들었는데 번호 아시나요? 군인만 해당되나요? 번호 도 부탁드릴게요,120926, 23,2024.10.03
476112236,질문아인리페 보행기 사드리고 싶어서 질문드려요,어머님이 너무 집에만 계셔서 어르신 보행기 하나 사드리고 싶은데요. 혼자 걷기는 너무 힘들다고 하셔서요. 길에서 할머님들이 끄시는 유모차는 너무 올드한 느낌이라 적당한 보행기 찾다가 아인리페 보행기 후기가 좋더라구여. 괜찮은지 궁금해여,12092603, 16,2024.10.02
476102779,질문키즈폰 패밀리링크 코드가없는데 어떻하나요?,어들이 키즈폰패밀리링크에 잠겨서 부모액세스코드를 입력하라는데 아무도 패밀리링크에 가입을하지도 않았는데 부모엑세스코드는 어떻게받나요?? 혹시나해서 가입해서 봤는데 자녀추가가 안되는데 어떻게해야할까요..?머리아프네요...,12092619, 31,2024.10.02
476071571,질문아버지 생신에  킹크랩을 사 드리고 싶은데,아버지 생신에 킹크랩을 사드리고 싶은데 전주에계시는데 저는 그쪽 잘모르기도 하고 해서 서울 노량진에서 사다가 4시간 동안 차를 타고 가면 킹크랩이 상해서 못먹을까요??,12092603, 51,2024.10.01
476067432,질문이천에서 수원...,이천에서 수원가는 8423버스 이천에서(오천리) 탈때 원래 버스카드로 탔는데 이제 버스카드 안돼나요? 기사님이 이제 승차권으로 뽑아서 타라고 하시는데ㅜㅜ,120926, 82,2024.10.01
476050741,질문패밀리링크 결제수단 제한 무력화 시키는법,핸드폰으로 결제를 할 일이 있는데 가족 관리자가 제한한 기능이라고 뜨면서 결제하기 자체가 안됩니다. 결제제한은 기기를 제한하는건가요? PC방에서 결제하는 건 가능한가요? 그리고 이러한 제한을 부모님 모르게 무력화시키는 방법을 알려주세요. 참고로 부모님의 폰을 이용하는 건 좀 어렵습니다.,12092619, 25,2024.10.01
476041260,질문서울에서 이천 가는 버스 중에서 제일 늦은 버스 있나요,심야 버스 있을까요?ᩚ,120926, 56,2024.09.30
476029456,질문장호원25번 버스 시간표,장호원에서 이천가는 25번버스 시간표 최근껄로 알려주세요 그리고 공휴일은 시간표 다른가요?,12092617, 121,2024.09.30
476026733,질문이천 펜싱부,이천 증포중에 플러레 펜싱부 있나요? 장비 지원 해주나여??,120926, 32,2024.09.30
475971325,질문경기도 이천시 마장면 버스 좀 가르처주세요 제발,12번 버스 타고 마장우체국역에 내려서 다이소에갈겁니다 지산리조트입구.경희마트역(이하 지산역)출발->마장우체국역 도착하여 도보로 이동 이건 알겠습니다 근데 마장우체국역 출발->지산역 도착도 똑같은 길이고 타는 곳도 똑같길래 마장우체국역에서 12번 기사님한테 지산역가냐고 여쭈니까 안 간다고 버스 앞에 보고 타라시더군요 승차하는 역이 건너편도 아니고 아예 똑같은 역으로 나오는데 내린 역에서 똑같이 12번타면 지산역 가나요? 택시비도 많이 나오는데 진짜 길이 왜 이렇게 어렵나요 경기도 온지 얼마 안 되서 몰라요,12092619, 25,2024.09.29
475957455,질문경기도이천,이천에 정신건강의학과 추천좀해주세요,120926, 22,2024.09.29
475932144,질문부발역에서 태평리...,부발역에서 태평리 가는 밤 10시 이후 버스 있나요?,12092616, 20,2024.09.28
475894399,질문이천시 대게 먹을만한곳 추천해주세요,부모님이 이천시에 사시는데 생신때 대게를 먹을까하는데요 제가 이천에 살지않아서 잘 모르겠네요 아시는곳있으시면 추천해주세요~,120926, 29,2024.09.27
475634010,질문25-10번 버스,장호원초등학교에서 탈려고 하는데 25-10 번 버스 11시 25분꺼 있죠??,12092617, 243,2024.09.21
475548700,질문이천 룸카페 있나요?,제가 경기도 이천에 놀러가는데 이천에 현재 영업중인 룸카페 여러곳 소개좀 부탁드립니다.,120926, 32,2024.09.19
475507308,질문중3 내신 160인데 고등학교 고민 됩니다..,제가 지금 내신이 160 정도인데 선생님이랑 상담 했을때 아마 2학기 점수랑 상장 점수 등 몇개 더 들어가면 160 좀 넘을거 같다고 하셨고 전 특성화 가려고 합니다! 일단 지금 고민은 이천 제일고를 가냐 다산고를 가냔데 저희집 거리에서 제일고든 다산고든 어차피 버스를 타긴 해야해서 거리나 그런건 상관 없는데 다산고는 버스를 내려서 더 올라가야 하는데 정말 산 올라가는 것처럼 높더라구요...그래서 올라가야 하는게 너무 힘들거 같고 다산고엔 제가 하고 싶은 과가 없는데 제일고엔 식품가공과가 있어서 여기 가고 싶은데 제 내신으로 갈 수 있을까란 생각도 많이 들고 이번에 딥페이크 가해자가 제일고로 전학 갔다고 들어서 좀 그렇고 원래 제일고가 소문이 안좋아서 좀 꺼려져서요.. 어디로 가는게 더 좋을까요,120926, 33,2024.09.18
475476418,질문에어팟한쪽,에어팟 두개다 소리가 들립니다 충전도 둘 다 100프로 인데 오른쪽만 처음에 끼고 10초뒤에 띠링 하고 서리가 안들리고 꺼져요 분명 충천 다 했다고 떴는데..저는 고장난건 가요,120926, 19,2024.09.18
475340873,질문이천종합터미널 근처 간식파는곳,안녕하세요 혹시 경기도 이천 종합터미널 근처에 중국간식같은거 파는곳 앖을까요..?,120926, 17,2024.09.14
475232414,질문이천 펜싱부,이천에 펜싱부 있는 중학교 어딘가요? 증포중이랑 이천중에 펜싱주 있나요? 있다면 장비는 지원해 주나요 개인 거 쓰나요?,120926, 40,2024.09.13
475101105,질문경기도 이천 배달대행,이천에서 배달대행 업체말고 개인으로 배민이랑 쿠팡이츠할려고하는데 괜찮을까요? 콜이 적을것같은데 할만한가요? 이천에서 라이더하시는분들 도와주세요 얼마나 벌수있을까요?,120926, 40,2024.09.13
475301490,질문이천시 호법면 戶法 지명 유래...,이천시 호법면 戶法 지명 유래가 궁금합니다. 왜 저 한자가 된 것인지요.,12092625, 22,2024.09.13
475292738,질문이천 114 운행정보,장호원에서 이천가는 114번버스 이천역에도 경유하나요?,12092617, 16,2024.09.13
475221408,질문이천 2100번 버스 첫 차,G2100번 버스 첫 차 5시던데 그때 사람 많은가요????? 동양아파트나 도암에서도 탈 수 있을까요??????,120926, 27,2024.09.11
475116212,질문이천시 사음동에서 다닐 수 있는 중학교는?,이천시 사음동에서 다닐 수 있는 중학교는 어디인가요? 이천 중학교는  행정구역이 정해져 있나요>,120926, 30,2024.09.09
