﻿doc_id,title,question,region_id,views,question_date
477540155,질문모락고 질문,1. 모락고 남녀 분반이라는 얘기가 있던데 진짠가요..ㅠㅠ 2. 모락고 전자기기 다 걷나요? 3. 체육복 등교 안되나요?? 4. 학교 분위기 어떤가용??,120924, 22,2024.11.06
477330189,질문의왕역에서 3000원 뜯겼습니다,천원 있던 카드 의왕역에서 3000원 충전해서 4000원 만들어 타고 수원역에서 내랴서 카드 찍었더니 1000원 남아있더군요 어디다가 민원 넣어야 합니까?,120924, 15,2024.10.31
477136011,질문에듀의왕 어울림 축제에서 안예은 영상 찍으신분,있으시면 제발좀 보내주세요,120924, 21,2024.10.27
476954995,질문의왕역 가려면,성대에서 의왕역 가려면 어떻게 가야하나요? 급한데 자세히 알려쥬실 분,120924, 24,2024.10.22
476849187,질문2015년쯤에는 학원 선생님들이 때리기도 했나요?,의왕시 오전동에 있는 한 종합 학원을 다녔어요 2015년 중학생이었을때 학원에 1분만 지각해도 큰 주걱으로 손바닥 매우 쎄게 맞고.. 질문한거에 대답 못하면 겨드랑이 안쪽에 엄청 약한 살 손톱으로 꼬집힘 당해서(매우아픔) 피멍들고 손톱자국 나고 그랬었는데.. 그때는 학생이었으니까 말도 못하고 그런갑다 했는데 성인이 된 지금 다시 생각하니 이건 너무 아닌것 같아서요 ㅠ 원래 그쯤에 다들 학원에서 맞았나요..? 참고로 밑에 내손동 아닙니다 왜 삭제가 안되는지ㅠㅜ,12092402, 57,2024.10.20
476802076,질문산 정상에 아디다스 져지 두고왔는데 어떻게 찾나요,방법이 있을까요,120924, 17,2024.10.18
476748395,질문흥진고등학교 진학,의왕부곡중에서 흥진고등학교 진학하고싶은 중3입니다 작년에는 군포지역중학교 졸업생중 70%? 먼저 뽑고 그 다음에 다른 지역에서 뽑아서 의왕졸업자 확률이 희박하다고 들었는데 맞나요? 올해 제가 들은 거로는 학군내배정과 구역내배정이 있었거든요 작년이랑 전형이 다른건지.? 1지망 흥진고 쓴 사람들끼리만 랜덤인건가요? 자세히 알려주실 분 구함요,120924, 21,2024.10.17
475943739,질문애완닭을 죽였어요,청계닭 한마리를 키웁니다. 이 녀석이 가끔 담장을 넘어 뒷집에 가서 놀다 오는데 오늘은 뒷집에 놀러온 어떤 아줌마한테 잡혀 우리집 닭장 담벼락에 패대기쳐져 죽었습니다. 어떤 상응한 대응을 하고 싶은데 어떻게 해야할지를 모르겠습니다. 닭 관리를 못한 저에게도 잘못은 있지만 그게 그렇게 닭을 패대기 쳐 죽일 정도일까요? 닭풀어놓지 마라하면 가두고 키울텐데 여태 가만히 있다가... 제가 평소 잘못한것도 없는데 진짜 조용히 사는데.,12092408, 23,2024.09.28
475337867,질문의왕역 잠실역?,10월 5일에 의왕에서 서울을 갈건데요 의왕역에서 잠실역을 가서 놀다가 다시 의왕으로 올건데 첫차가 언제고 막차가 언젠지 잘 모르겠어요,120924, 23,2024.09.14
475212353,질문CJ 364905785706 입니다,내일까지 받을수 있을까요? 의왕시에서 편택으로 보내주셨다고 하네요,120924, 16,2024.09.11
475080170,질문의왕 영어 내신 따기 쉬운 중학교 추천 부탁드립니다!,제목과 같습니다.,120924, 18,2024.09.08
