﻿doc_id,title,question,region_id,views,question_date
477578522,질문안산 송호고 성안고,송호고 성안고 중에 외국인이 더 적은 학교가 어디인가요,120918, 13,2024.11.06
477575071,질문안산 월피동에서 동묘 어케 가나요?,안산 월피동에서 동모를 가려고 하는데 어떻기 가야하는지 모르겠어요.. 지하철을 타고 가야하는 건 아는데 지하철 타는법을 모르겠어요..,1209180209, 14,2024.11.06
477562843,질문안산 똑딱이 수선가능한 곳,제목 그대로 안산지역에서 똑딱이 수선가능한 곳 알려주세요 ㅠㅠ !! 똑딱이로 된 옷에서 똑딱이 한개가 떨어져나갔어요! 똑딱이는 잃어버리지 않고 잘 가지고 있어서 박아주면 될 것 같은데.. 친구옷 빌려입었다가 똑딱이가 떨어진거라서 수선 잘하는 곳에서 해서 주고 싶어요.,120918, 14,2024.11.06
477555853,질문주소이전 질문이요,안산에 7살부터 현재28살까지 안산에서 살았는데요 안성으로 학교로 주소이전을 하려고 하는데 주소이전을 하게되면 안산시 에서하는 청년 복지? 등등혜택 자격이 충분한데 1. 안성으로 주소이전을 하게되면 안성에서 받는 청년복지는 년수 충족될때까지 못받나요? (안성노동자통장이 예로 들면 안성 2년이상 거주한 안성시민만 만들수 있다) 2. 만약 안성에서 청약을 넣을라고하면 거주년도가 적으니 순위에밀릴까요? 3. 부모님이 안산에 계속 계시면 안산 혜택도 누릴 수 있는 걸까요? 4. 취업을 하게되면 평택이나 안성에서 할 것 같은데 하루 빨리 주소이전을 하는게 좋을까요? 현재는 학교기숙사에 살고 있습니다 마지막으로 주소이전하면 불이익이나 좋은점이 있나요?,120918, 14,2024.11.06
477552141,질문안산 디문고 공연콘테츠과 내신이 얼마까지 가능한가요?,안산 디문고 공연콘테츠과 내신이 궁금해서요,120918, 18,2024.11.06
477534680,질문내신 104인데 특성화고,특성화 갈수있을까요 제발,120918, 13,2024.11.05
477525819,질문안산시 파티룸,안산시 중앙동쪽에 성인8명 수용 가능한 파티룸 추천 부탁드려용!,120918, 13,2024.11.05
477514989,질문경기도 안산시에 이티 외계인(E.T) 동상 있는곳??,안녕하세요 경기도 안산시에 e.t. 이티 외계인 동상이 있는곳을 찾습니다 실외였고 정확한 위치가 기억이 안나네요..ㅠㅠ 위치 아시는분 부탁드립니다,120918, 15,2024.11.05
477508402,질문안산 중앙동 고잔동 근처 맛집 추천좀해주세요,근처 이사온지 얼마 안되서 배달말고 직접가서 먹을수 있는곳 으로 추천부탁해요~ 고기집은 제외요 워낙많아서요ㅠ,1209180101, 21,2024.11.05
477355101,질문안산 공고 면접 질문,제가 안산공업고등학교에 지원하려고 하는데 면접 질문이 무엇이 나오고 어떤 형식인지 궁금합니다,120918, 28,2024.11.04
477481292,질문덕수궁인지 창덕궁인지 창경궁인지,이곳이 혹시 어디인지 알수있나여?,1209180202, 20,2024.11.04
477287349,질문안산 상록수역 부근 우남센스빌  오피스텔 관리비 질문,집을 구하고 있는데 상록수역 근처에 있는 우남센스빌 오피스텔이 하나 나왔더라구요. 부동산에서는 6~7만원 잡는데 실질적으로 우남센스빌 오피스텔 살아보신분 계신가요? 관리비 한달에 얼마 나왔는지 궁금합니다. 부동산에서는 대충 말하고 얼버무려서 알수가 없네요.,120918, 22,2024.11.03
477438563,질문데이트장소 추천 !!,안녕하세요 안산 중앙동에 사는 중3학생입니다 !! 곧있음 남자친구랑 300일인데 중앙동에서 놀기로 했거든요.. 근데 막상 뭘해야할지 몰라서 그런데 중앙동에 학생이 데이트 할수있는 장소 좀 추천해주세요 !! 학생이 갈수 있는 식당 및 카페와 놀수있는곳이요 !! 보드게임카페는 갈건데 그 다음엔 뭘해야할지 모르겠습니다 ㅠ,120918, 23,2024.11.03
477437693,질문안산 고잔고에 대해서 알려주세요,되도록이면 고잔고 재학생 분들이 알려주시면 참 좋겠네여.. 1. 고잔고 내신 따기 빡세다는데 맞나요? 2. 학교 시설 좋나요? 3. 매점 있나요? 아니면 자판기? 4. 고잔고 시험 많이 어렵나요? 5. 고잔고 장점 단점 알려주세요. 6. 고잔고가 별로라고 생각하시면 다른 곳 추천해주세요. 7. 급식실 있나요? 8. 교칙 많이 빡센가요? 9. 고잔고 야자 자율인가요? 10. 고잔고에 대해서 하시고 싶은 말 있으시면 적어주세요.,120918, 15,2024.11.03
477430666,질문서수원에서 일동...,서수원에서 일동가는 시외버스 없어졌을까요?,1209180211, 25,2024.11.03
477406999,질문같은지역에서는,사귄다는게 소문이 나나요?,1209180202, 20,2024.11.02
477402576,질문공동현관 비밀번호를 안 쓰고 택배 시켯어요 괜찮나요?,제가 곧 생일이라 친구가 저희 집으로 택배를 시켜준다길래 배송지를 보내줬어요 근데 저희 집이 빌라이고 공동현관 비밀번호를 친구에게 안 알려줬는데 말 하려고 보니 친구가 이미 배송을 시켜서 뭐 어떻게 할 수가 없는데 저희 빌라가 공동현관 앞에 비밀번호가 적혀있긴 합니다.. 배송 오는데 지장 없겠죠.??,1209180202, 17,2024.11.02
477394017,질문안산맛집 추천,안산에 맛집있나요? 놀러갈건데 갈만한곳 추천해주세요 배달음식도 괜찮습니다. 상록구?에 있는 맛집으로 부탁드려요~,120918, 33,2024.11.02
477378539,질문대부도 걸어서 들어갈 수 있나요?,물 때가 있어서 물때를 잘 맞췅야 한다고 알고 있는데 차량이 아닌 걸어서도 통행할 수 있나요? 그리고 물 때는 어떻게 알아보나요?,1209180102, 24,2024.11.02
477355558,질문안산 공고,이번에 안산공업고등학교에 지원하려 합니다.근데 제가 미리 쌓아놓은 기술에 관한 지식도 없고 자격증도 없는데 괜찮을 까요?,120918, 36,2024.11.01
477347478,질문안산 중앙동 아트박스,아트박스에 공기 파나요..? 오랜만에 공기놀이가 하고싶은데 파는지가 궁금하네욥,120918, 19,2024.11.01
477342653,질문경기도 안산시 청소년 교통지원금이 두번들어옴,올해 상반기 신청한거 일주일 전에 6만원 들어왓는데 오늘 6만원 또들어옴 개꿀이긴 한데 이거 중복지급인가요?? 아님 원래 두번주는건가??,120918, 21,2024.11.01
477328986,질문상록고등학교,상록고가 내신 따기 쉽다 그래서 거리가 좀 먼데 상록고는 어떤 중학교에서 애들이 많이 진학하나요?,12091802, 31,2024.10.31
477318413,질문대동서적 2층,안산 사동에 위치 해 있는 대동서적 2층에서 공부해도 될까요?,1209180204, 15,2024.10.31
477315617,질문안산 초등학생 영상편집 배우는 곳,초5 여학생 영상편집을 배우고 싶다는데 컴퓨터 조차도 한 번도 배워본 적이 없어요 기초부터 배우면서 영상편집도 배울 수 있는 곳 안산에 어디 있을까요?,120918, 36,2024.10.31
477283733,질문안산시 2구역 상록고 평준화?,현재 중3이고 상록고를 갈려는 데요. 그런데 상록고를 갈때 평준화로 가나요? 아니면 비평준화로 가나요?,120918, 27,2024.10.30
477215860,질문Cj 택배 배송지 이동 문제,안녕하세요 테무에서 물건을 시키고 인천만수에서 22일 도착하였는데 며칠 내내 대전<->광주광산 왔다 갔다 하더니 이젠 또 청원?으로 가고이ㅛ네요 ㅜㅜ 뭘까요 도대체 언제쯤 받아벌수 이ㅛ을까요 전화상담은 느려서 꿈도 못꾸고.. 미치겠네요 너무 급한데,1209180210, 21,2024.10.29
477212774,질문안산동산고...,안산동산고를 희망하는 중3입니다. 내신은 198.8정도 되는데 독서록을 하나도 안썼습니다 지금이라도 조금 쓰면 가능성이 있을까요?? 독서록을 꼭 많이 써야 붙나요..?ㅠㅠ 도와주세요,120918, 27,2024.10.29
477207366,질문안산에 발 관리? 샵 추천 부탁드립니다ㅠㅠ,안산에 발 관련해서 관리?해주는 샵이 있을까요..?ㅜㅜ 내성발톱 각질 등등 여러가지 좀 받고싶은데... 잘하시고 친절한 곳 추천 부탁드립니다..ㅜㅜ 손도 같이 하는 곳이면 더욱 더 좋겠습니다! 20살 되기 전에 얼른 받고 편하게 구두 신고 대학 다니는게 소원입니다..ㅜㅜ,120918, 25,2024.10.28
477124891,질문안산시 샌드백 자유롭게 칠수 잇는곳?,안산시에 샌드백 자유롭게 칠수 잇는 장소가 있나요? 체육관이든 헬스장이든 자유롭게 샌드백 칠수 있는 장소 좀 알려주세요 권투복싱관 제외. 펀치 지도를 받고싶은게 아니고 혼자 샌드백 치는걸 좋아합니다.,120918, 17,2024.10.26
477124779,질문안산시에 외줄타기 연습할 장소 있나요?,외줄타는거 연습할수 있는 체육관있나요? 크로스핏 제외요. 저는 외줄타기를 혼자서 자유롭게 연습할 장소를 원합니다.,120918, 18,2024.10.26
477122727,질문버스 잘못 운행하면 어떻게 되나요,방금 탄 버스기사님이 버스를 착각하셨는지 다른 루트로 가시길래 내렷는데 잘못된 루트로 가시면 기사님 해고당하나요??...ㅠㅠ,1209180202, 26,2024.10.26
477066571,질문안산에 연돈 볼카츠 어디에 있나요?,한참 사람들이 연돈 볼카츠가 유행할 때 많이 먹으러 가던데 저는 아직 못 먹어 봐서 먹으러 가보려고 합니다. 안산에 연돈 볼카츠가 있다고 해서 가보려고 하는데 어디에 있나요? 정보 좀 알려주세요.,120918, 21,2024.10.25
477034550,질문10월 말에 선부광장에 축제 있나요?,오늘 선부역에 나오는데 천막이 많이 있던데 무슨 축제가 또 있는 건가요?,1209180107, 18,2024.10.24
476984174,질문안산 케이블카,이번주 토요일에 케이블카 타러 갈려구요 유리가 된게 2만4천원인데 화성시민하고 장애인카드가 잇어서요 동시에 할인 가능할까여?? 장애인은 동반 1인 가능인걸로 알고 잇어서요!! 화성시민이면 다 가능인가요? 남양읍인데..,120918, 21,2024.10.23
476937080,질문안산 다온카드 현금으로 바꿀수있는 방법 없나요 ㅠㅠ,안산 다온카드 현금으로 바꿀 수 있눈 방법이 없을까요 ㅠㅠ 현금이 급해서요 ㅠㅠㅠㅠㅠㅠ,120918, 32,2024.10.22
476932137,질문안산 반려견 방문케어 or 가두지않는 호텔,제가 분명 낮에는 유치원에서 놀다가 저녁에는 반려견이사는 집에 돌봐주실직원분이 같이 와서 24시간 케어해주는 반려견호텔을 안산인가 화성쪽에서 봤던거같은데 못찾겠네요.. 혹시아시는분..? 혹은 출산예정 제왕절개로 최소3일정도는 24시간 케어해줄사람 필요한데 방문 펫시터나 가두지않고 사람이랑 잘때도같이자고 믿고맡길스 있는 반려견호텔 있을까요? 분리불안이 있어서요 ㅠ,120918, 19,2024.10.22
476921331,질문안산동산고등학교 들어갈 수 있을까요?,안녕하세요 중학교 2학년 학생입니다 제가 요즘 고등학교 진학 관련해서 고민이 많은데 안산동상고등학교가 눈에 들어왔습니다 제가 2학년 1학기에는 과학 빼고 다 A인데 과학만 D에요.. 지금은 정신 차려서 내신 잘 챙기고 있고 앞으로도 열심히 할 자신 있는데 안산동산고등학교 붙을 수 있을까요..??ㅠㅠ 답해주시면 내공 많이 드릴게요..,120918, 34,2024.10.21
476900620,질문목포방향 팔곡터널의,길이는 몇 미터인가요?,1209180214, 20,2024.10.21
476898541,질문안산 한대앞역 주변에 맛집과 멋집 모두 만족하는 공간?,요즘은 음식이 맛있는 곳도 많고 인테리어나 분위기 멋진 곳도 많아 보이는데 한대앞역 근처에 그 둘 모두를 만족하는 식당이나 술집이 있을까요? (검색하다보면 너무 예전 가게들이거나 광고성 글이 많아 보이던데요..) 실제 경험한 분들의 솔직한 정보공유 부탁드립니다. 도와주세요 데이트 고수님들~! ^0^)/,120918, 26,2024.10.21
476886197,질문안산에서 외국인들 없는 동네가 어디에요?,안산에서 외국인들 덜 있는 동네가 어딘가요?,120918, 34,2024.10.21
476882697,질문안산내신따기쉬운고,안녕하세요 현재는 고1이고 안산으로 내년쯤 전학을가는데 내신따기쉬운고랑 분위기 안좋은곳 다 알려주세요..!! 학교 규칙같은것도요! 빠른답변 부탁드립니다,120918, 44,2024.10.20
476827522,질문안산 경안고...,안산 경안고 화장 잡나요?잡으면 어느정도까지 잡나여,120918, 31,2024.10.19
476812995,질문오늘 화랑유원지에서 뭐 하나요?,앞 아파트에 사는데 뭐 하나요?,120918, 22,2024.10.19
476783592,질문안산 사진 위탁,안산에 사진 위탁 되도록이면 경기도화성시 새솔동에 가까운 사진 위탁 추천해주세요 네이버에 쳐도 안나오네요,120918, 42,2024.10.18
476783145,질문안산시 단원구 원곡동 744-8번지의 영문 표기,Daum지도에서 살펴보니 경기도 안산시 단원구 원곡동 744-8번지 는 부부로1길에 접해있는 4층짜리 연립주택 건물입니다. 안산시 단원구 원곡동 744-8번지를 영문으로 표기하는 방법을 알려주시기 바랍니다.,1209180111, 21,2024.10.18
476667877,질문안산 월피동 부곡동  LH  질문,경기도 안산시 월피동or부곡동 신축빌라들 분양 안되서 LH로 넘어갔다는 그런 이야기을 듣는데 진짜 그런가요? 진짜면 그런 매물은 어떻게 확인하나요? LH청약플러스 그런 어플에는 안나오더라고요....,1209180209, 20,2024.10.16
476717038,질문전학 절차,제가 전학을 가려고하는데 같은 지역에서는 전학을 못간다고 하더라고요 딴 지역으로 주소를 옮기고 전학을 갔다가 다시 원래 살던 지역으로 주소를 옮기면 원래 있던 지역에 잇는 고등학교로 전학이 가능한가요? 가능하다면 몇개월이나 걸려서 와야하는지 그런 것 좀 알려주세요 급해요ㅠㅜ,12091802, 19,2024.10.16
476533105,질문대학 면접 때 차로 이동 괜찮을까요?,안녕하세요. 제가 명지대 인문캠퍼스 수시 면접을 보게 됐는데 부모님 차로 이동해야 할 것 같아서요. 토요일 오전 면접인데 검색해보니까 대략 1시간 정도 걸리더라고요. 혹시 얼마나 빨리 도착해야 편안하게 주차할 수 있을까요?,1209180210, 36,2024.10.15
476641921,질문상록고등학교,혹시 상록고 1지망 썼다가 떨어진 사람 많나요..? 꼭 상록 가고싶은데 지원자 많을 것 같아서요ㅠ,120918, 35,2024.10.15
476604381,질문경기도 안산시 상록구 본오동 하수구 막힘 어떡하죠?,원룸에 살고 있는데 집이 오래되어서 그런지 하수구가 막혔습니다. 업체를 불러야 할 것 같은데 경기도 안산시 상록구 본오동 하수구 막힘 잘 뚫는 업체가 있다면 추천 부탁드립니다.,120918, 17,2024.10.14
476574893,질문안산역이나 안산중앙역,안산역이나 중앙역 분위기 어떤가요 젊은이들이 꾸미고 술먹으면서 놀기 좋은 분위기일까요??,120918, 22,2024.10.13
476569068,질문안산공고 화장잡나요??,,120918, 55,2024.10.13
476567275,질문안산 고잔동 나이 제한 없는 스카 추천,안산 고잔동에 나이 제한 없거나 중학생도 갈 수 있는 스카 알려주세요…. 기말이 있는데 주변에 도서관은 없고 카페는 너무 북적하고 스카는 다 나이 제한이 걸려있어서ㅠㅠ 내공 1937402749283 드ㄹ ㅕ ㅇ ㅕㅠㅠㅠㅠㅠㅠㅠ,1209180101, 22,2024.10.13
476550542,질문큰파도꿈 해몽 해주세요,꿈에서 저는 항상 누군가와 있었고(누군지는 모름) 파도의 높이는 아파트20층? 정도 되는 높이에 파도에서 꼭 서핑타는 사람 수영하는 사람 물놀이 하는 사람이 있었습니다. 저는 그런 파도를 보면서 나도 파도에서 놀고 싶다고 항상 생각했지만 같이 있던 사람이 파도가 너무 커서 위험하다고 항상 말렸어요 그럼 저는 알았다고 하면서 계속 넘실거리는 파도를 보면서 꿈에서 깨는데 이런 꿈을 한..두번 정도 꿨네요,1209180210, 17,2024.10.13
476531624,질문안산 중앙역에서 광화문 청계천 광장 가는 교통편,안산 중앙역에서 광화문 청계천 광장 가는 교통편 알려주세요!! 예전 무한도전 에 나왔던 청계천 가보고 싶습니다.,120918, 17,2024.10.12
476524099,질문고양이 데리고 지하철 타도 되나요?,이동 가방에 넣어서 탈건데 이제 한달 좀 넘은 아기고양이라서이동하는 동안 냥냥 거릴 것 같아서요ㅠㅠ… 너무 민폐이려나요?…,1209180210, 99,2024.10.12
476346073,질문티니카드 병원...,티니카드 병원결제 되나요? (정형외과),120918, 71,2024.10.08
476322041,질문원곡고등학교는 언제 자공고로 바뀌나요?,빠른답변 감사하겠습니다,1209180111, 28,2024.10.07
476264145,질문5인 가족 옷방,여기로 이사가면 이방을 5먕가족 옷방으로 쓰려고 해요 사계절 입을거랑 이불도 있는데 어떻게 해야할지 고민이에요…,1209180202, 17,2024.10.06
476241057,질문소개팅 점심,내일 소개팅 같이 점심먹고 카페가기로 했는데 인산제일교회 근처에 먹을곳 있나요?! 고민인데ㅠ,120918, 17,2024.10.05
476232737,질문안산24찜질방추천요,안산에 고O스파말고 괜찮은 24시간 찜방 추천좀 해주셔요,120918, 30,2024.10.05
476203395,질문안산 중앙동 옷 가게,중앙동에 청치마 가격 얼마정도 하는지 알려줄 수 잇을까요..,120918, 20,2024.10.04
476189749,질문안산 극동스포랜드 사우나 질문이요!!,혹시 여기에 맥주도 파나요? 팔면 가격이 어떻게 되나여?,120918, 22,2024.10.04
476184006,질문선부역  와동체육공원,선부다이아몬드.공원과. 와동체육공원 중 어디가 넓은가욤?,1209180107, 13,2024.10.04
476183138,질문선부역다이아몬드 공윈,아까. 9시정도 와서 잔디를. 밟으니깐. 잔디가 젓어 있더라구요 이거 뭐죠? 간밤에 공원에서 술 먹고 부어놓은. 건가? 벌레많아서 약. 뿌린 건가?,1209180107, 12,2024.10.04
476181749,질문꿈 해몽 부탁드려요.,저는 아이돌 지망생인데요 갑자기 꿈에서 모르는 번호의 문자로 ‘ㅇㅇ 오디션 볼 생가 없으세요?’ 라는 문자가 왔어요. 저는 ‘누구세요?‘ 라고 했고 뭐 그런 식의 문자가 오갔습니다. 기억이 잘 나질 않지만 서로 날카롭게 이야기 했어요. 알고보니 그 문자를 보낸 사람은 어떤 여자애였고요. 그 여자애는 저를 죽이려고 한다고 했습니다. 저는 그걸 곧바로 부모님께 말씀 드렸고 사실 부모님도 비슷하게 그런 내용을 알고 계신다고 하셨어요. 제가 신경 쓰일까 봐 말씀을 안하셨는데 아빠한테 전화가 와서 뭐 이런 내용을 이야기 했다고 하더라고요. 저를 죽일 거라고.. 그런 말을 하고 나서 아빠가 걱정하지 말라며 저를 지켜주실 거라고 하셨어요. 그리고 다음날이 된 것 같아요. 아빠랑 엄마랑 오빠랑 저랑 공항? 같은 곳에서 에스컬레이터를 타고 올라가고 있었고 그 여자애는 저희 바로 앞 그니까 같은 에스컬레이터를 타고 있었습니다. 저는 그걸 발견하고 곧바로 고개를 숙였어요. 살짝 눈이 마주친 것 같았는데 알아보지 못하는 것 같았어요. 그리고 에스컬레이터에서 내려서도 왜인지는 모르겠는데 아빠랑 제가 그 여자애를 따라갔어요. 그러다가 또 어쩌다가 그 여자애가 저랑 아빠의 존재를 눈치채게 되었습니다. 그리고 이것도 왜인지는 모르겠는데 내용이 그 여자애의 눈을 찌르면 끝나는 느낌이었거든요. 엄청나게 그 여자애랑 저희가족(4명) 싸웠어요. 도망다니면서 나뭇가지나 막대기가 있으면 주어서 그 여자애를 엄청 세게 때렸고요. 아무래도 귀신인 것 같아요. 죽을만큼 때렸는데 아무렇지 않았어요. 꿈의 마지막 쯤에 제가 나무 막대기? 같은 걸로 그 여자애 눈을 찔렀어요. 두쪽 다요.. 그러고 나서 소름끼치게 그 여자애가 “나 쌍둥이다?” 이런 말을 했습니다. 그러니까 그 여자애의 쌍둥이 여자애가 저를 또 죽이려고 할 거라는 뜻이었어요. 아까 처음에 저희 아빠가 전화를 통해서 저를 죽이려고 하는 여자애에 대해서 알게됐다고 했던 거 기억 나세요? 그때 전화하신 분이 아마 저희 친할머니신데 불교를 믿으시고 매일 새벽같이 기도하시는 분이세요. 부적도 가끔 주시고 그러시는데 제가 그렇게 여자애 하나를 눈 찔러서 그래도 없애고? 나니까 친할머니가 너무너무 보고 싶었습니다. 그래서 가족들한테 할머니집에 가자고 하고 아빠가 할머니 바쁘셔서 집에는 안되고 밥집에서 기다리자고 해서 부대찌개 집으로 향하면서 꿈에서 깨어났어요. 너무너무 생생하고 다른 꿈과는 느낌이 달라서 일어나자마자 적어봅니다. 꿈해몽 부탁드려요…… 아 그리고 저희가 그 여자애 눈 찌르고 저희 차를 타고 이동했는데 마지막에 제가 봤는데 저희 차 번호가 바뀌어있었어요. 이것도 큰 의미가 있을까 해서 적어요. 번호도 살짝 기억나는 게 824?ㅇ 40403? 이랬어요. 이상하게도 번호가 살짝 기억나네요. 뒷자리가 5자여서 꿈에서 이상하다고 생각도 했었어요. 제발 꿈해몽 부탁드려요ㅠㅠㅠ,1209180202, 27,2024.10.04
476160466,질문대부도 탄도항 돗자리 필수있나요?,대부도 탄도항에 돗자리필수있는 공간 있나요?,1209180102, 25,2024.10.03
476151115,질문안산 3s BOUTIQUE HOTEL 질문,제가 이번에 무인텔에 처음 가보게 돼서 모르는 게 많아 질문 드립니다! 대실 할 예정입니당 1. 무인텔이면 방 키는 어떻게 받을 수 있나요? 2. 야놀자로 예약 하고 가도 신분증 검사 하나용? 3. 만약 예약을 했어도 신분증 없으면 못 들어가나요? 4. 무인텔이라고 했는데 직원분은 안 계시는 걸까요?,120918, 23,2024.10.03
476105639,질문안산역 중앙역에 캐리어 물품보관함 있나요?,짐보관할 곳이 마땅치가 않아서ㅠㅠ 안산역~ 중앙역 인근에 물품보관함 있는 역 좀 알려주세요,120918, 123,2024.10.02
476016924,질문선부동 와동 사이,안산시 선부동과 와동사이. 남성컷트 저렴하게 하는 미용실 좀... 알려주세용....ㅜㅜ,1209180107, 30,2024.10.01
476046587,질문수원연무동종점이요. 연무동시장도잇나요,안녕하세요. 안산시상록수 삽니다. 수원연무동종점가려며 수원에서 버스몃벗탓나요,120918, 30,2024.10.01
476033750,질문직장인건강검진,안산 단원병원에서 직장인건강검진받을수 있나요?(주말&공휴일),12091801, 27,2024.09.30
476031552,질문안산 고잔동 학원가 주변 만화책방,그린빌 789단지 네오빌6단지 홈플러스 25시광장 그쪽 주변에 만화카페 말고 만화책방 같은 곳 있을까요?,1209180101, 19,2024.09.30
475958669,질문안산 본오동 고잔동 가볼만한 상점 상가,안산시 본오동 또는 고잔동에 가볼만한 곳이 있나요? 상가나 시장 먹자골목 같은 곳 위주로 알려주세요,1209180202, 47,2024.09.30
476011214,질문안산 중앙동에 조리복 파는 옷 가게 있나요?,,120918, 18,2024.09.30
475992239,질문롱보드 이동,롱보드로 이동할때 롱보드도 차로 구분되서 차도 끝쪽 타야하나요?,1209180210, 26,2024.09.29
475942767,질문안산시 페스티벌,앞으로 안산시에 아이돌 나오는 공연 있나요? 있으면 알려주세요,120918, 20,2024.09.28
475939152,질문안산 탄도항 오늘 9월 28일 만조 시간 궁금합니다.,지금 탄도항 물이 다 빠져있는데 일몰 때쯤(18시20분경) 물이 다시 찰까요??,120918, 21,2024.09.28
475900794,질문안산 라멘 맛집 추천해주세요,,120918, 29,2024.09.27
475900745,질문안산 크로스핏 추천해주세요,안산 크로스핏 배우기 좋은 곳 추천해주세요,120918, 25,2024.09.27
475873815,질문혹시 한양대 에리카에 피부미용 관련 학과가 있나요?...,혹시 한양대 에리카에 피부미용 관련 학과가 있나요? 있다면 경쟁률이 높은가요..?,120918, 21,2024.09.26
475863221,질문요즘 결혼 관련 정책설문조사 같은 거 뭐 하나요?,집에 오는 길에 아주머니께 붙잡혀서 했는데 결혼 생각 유무나 학력 직종 이런 거 물어보시고 문화상품권 하나로상품권 1만원 중 하나 택해서 받아왔거든요 음 근데 정작 어디서 어떤이름으로 하는 설문조사인지를 못 물어봐서 전체적으로 할 수 없으니 특정 동네들 돌아다니신다고 하셨는데...,120918, 27,2024.09.26
475851643,질문CGV 안산 리클라이너 좌석 어떤가요?,CGV 안산 리클라이너 좌석을 이용해 보려고 하는데 좌석이 편안하고 영화 관람하기에 좋은가요? 일반 좌석과 어떤 차이가 있을지 궁금합니다. 그리고 리클라이너 좌석 이용 시 주의사항도 알려주세요.,120918, 90,2024.09.26
475837643,질문안산강서고 핸드폰 걷나요? (급),안산 강서고 핸드폰 걷나요? 정확하게 알려주셨으면 좋겠습니다.,120918, 28,2024.09.26
475811343,질문안산돌잔치 플로랜스 2025년 예약언제까지 받나요?,안산돌잔치 장소 알아보고 있는데 최근에 플로랜스로 많이 돌잔치 하는것 같더라구요. 이번주에 돌잔치 상담 받고 괜찮으면 예약하려는데 신랑이 너무 빨리 알아보는거 아니냐고 하는데.. 저는 어차피 돌잔치 할꺼 빨리 예약하고 좀 쉬고 싶어요. 날추워지기전에 일찍 예약은 해두고 싶고 이벤트도 많이 하는것 같던데.. 내년 2025년 5월도 지금 예약 미리 하고 싶은데 여기 언제까지 예약을 받는지 아시는분? 안산돌잔치 플로랜스 2025년 예약하신분이 계실까요?,120918, 93,2024.09.25
475809790,질문안산 상품권 현금 교환처,롯데상품권이 너무 많아 현금으로 교환을 원하는데 인터넷은 조금 불안해서요 ㅠㅠ 혹시 안산에 상품권 교환처가 있을까요? 수수료는 얼마나 뗄까요?,120918, 59,2024.09.25
475795954,질문꿈해몽 부탁드립니다,어젯밤 꿈 내용입니다. 1. 어디를 갔는데 집인지 회사인지는 기억이 가물가물한데 건물은 현대식인데 화장실은 옛날 화장실 (똥 통?이라고 해야 정확한 표현인지)로 돼 있었습니다. 제가 손을 움직이다가 반지 두개를 하나 하나씩 똥 통으로 빠져버렸습니다. 그때 정우성씨가 똥 통에서 반지를 빼준다했는데 제가 더럽다고 괜찮다했습니다. 2. 유명 쇼 호스트를 뺨을 때리고 머리카락을 잡고 제가 때리는 꿈이였습니다. (실제로 감정이 있는 상태여서인지) 그 상황을 정우성씨 외 다른 배우가 있었는데 하지 말라고 말로 말리는 꿈을 꿨습니다. 해몽 부탁드립니다.,1209180202, 21,2024.09.25
475788321,질문태안고 커트라인 알려주세요,충남 태안고등학교 커트라인 알려주세요,120918, 17,2024.09.25
475777524,질문안산 경일고 관한 질문입니다,전 내신 169이고 계속 인문계 말곤 다른 학교는 생각해본적이 없었는데 인문계 가서 제가 좋은 성적을 받을 자신이 없어서 특성화고를 가야할지 생각중입니다 경일고 공공행정과 들어갈수 있을까요 들어가려면 넘어야하는 내신이랑 인문계가 나을지 특성화고가 나을지 말씀 부탁드립니다 ㅜㅜ,120918, 29,2024.09.24
475777227,질문선부동 자전거,안산 선부동과 와동사이에 자전거 셀프 공기주입 하는곳이 있나요.?,1209180107, 14,2024.09.24
475776407,질문안산시 상록구에 상록수가 있나요?,상록수가 보고 싶어서요.,120918, 17,2024.09.24
475727308,질문안산 핸드폰대리점 어디가 가장 합리적이죠?,,120918, 13,2024.09.23
475725497,질문안산 신길동 삼익아파트 근처 운동,혹시 야간에 야외에서 운동(조깅 런닝)할 수있는곳 아시는분 계실까요? 혹시 신길초등학교 야간 운동장 이용 가능하신지 아시는분이요,1209180109, 21,2024.09.23
475720786,질문시화 멀티테크노밸리 이름이 왜 시화인가요?,시화 멀티테크노밸리 이름이 왜 시화인가요?(시화공업단지도 그렇고요) 제가 알기로는 시화는 시흥 화성의 앞글자를 따서 지은 것으로 아는데 시화 mtv 사업의 주체는 시흥과 화성이 아닌 시흥과 안산이잖아요. 왜 화성에서 이름을 따와서 시화로 지은 것일까요?,120918, 24,2024.09.23
475716788,질문대부도 고래뿌리선착장쪽 투망 던져도 되나요???,망둥어낚시 새우잡기 게잡기 등등은 많은 사람들이 하는데 투망도 몇명 보긴해는데 투망이 불법인 지역도 있다고 해서요 투망 던져도 되나요??,1209180102, 29,2024.09.23
475664123,질문안산 점집 문의,안산 원곡동 인근 괜찮은 점집 알고 계시는 분 추천 부탁드립니다.비용?혹은 다녀온 후기 상세하면 더 좋구요 ..감사합니다.,120918, 24,2024.09.22
475513032,질문고잔동 타이니쥬,안산 고잔동 타이니쥬 1시~3시쯤 사람들 많나요?,1209180101, 28,2024.09.21
475568118,질문안산 고잔동이나 중앙동쪽 이모카세같은 술집 추천이요,20명정도 가려고 하는데 메인안주가 나오고 제대로 이모카세면 좋을거같은데 제가 찾아본곳이 메뉴판에만있고 더이상 이모카세는 안한다고해서 다시 알아보는데 안보이네요ㅠㅠ 이모카세가 있으면 추천부탁드리고 없다면 이모님이 하시는 실내포차 20명정도 갈 수 있고 술은 많이 마실거라 기본 안주가 그래도 좀 인심좋게 나오는 그런 포차? 그런곳 있으면 추천 부탁드릴게요 ~!!!,1209180101, 29,2024.09.20
475565148,질문안산 중앙동 아이폰 수리센터,몇주전에 폰 떨궜는데 화면에 보라색 줄이 생기고 안사라지네요 형광 보라색줄이고 조금씩 움직여요 수리센터를 가야할것같은데 안산 중앙동에 몇군데 잇더라고요 어디가 가장 괜찮은가요?,120918, 28,2024.09.20
