﻿doc_id,title,question,region_id,views,question_date
477493509,질문부산 북구 수능 고사장,화명고 문과 여자인데 어디로 배정되나여 작년에 금곡고랑 낙동고는 남자학교였나요?,120209, 21,2024.11.04
477491835,질문경혜여고 교문 여는 시간...,경혜여고 교문 여는 시간좀 알려주세요ㅠ,12020901, 13,2024.11.04
477431027,질문화명생태공원 A구장 축구,생태공원 축구A구장에 빛 쏴준게 잇어요?,12020905, 21,2024.11.03
477272280,질문부산 북구 구포 3동 페퍼민트 독서실 후기 좀,다녀 보신 분 있으면 후기 좀 알려 주세요 제가 스터디카페만 다니다가 독서실을 다녀 보려는데 스카랑 독서실이 차이가 있는지도 궁금하고 저는 1인실 있는 곳을 찾고 싶은 거라 페퍼민트 독서실 1인실 있는지 궁금합니다 ㅠㅠ,12020901, 19,2024.10.30
477218207,질문부산 북구 독서실 1인실,부산 북구 구포 2동에서 3동(3동이 더 좋아요)에 있는 독서실 중에 1인실 사용하고 싶은데 독서실 추천이랑 월 이용권 비용 좀 알려 주세요,120209, 21,2024.10.29
477029157,질문부산북구 일러스트 학원있나요?,부산 북구 덕천쪽에 사는 학생입니다 학교를 디자인쪽으로 왔지만 놀기만 해서 과 관련 자격증을 하나도 안 땃네요 ;; 찿으려고 네이버에 검색을 해도 광고나 엄청 먼 곳에서만 있더라고요 혹시 일러스트 학원 어디어디 있는지 알려주실 분 계신가요 ?ᩚ 학교가 초량쪽인데도 잘 다니고 있어요 엄청 멀지만 않으면 좋겠어요,120209, 18,2024.10.24
477024014,질문부산 덕천에서 고신대 환승 안 하고 가눈 방법 없나요?,영도 캠퍼스구요 환승하가 귀찮은데 방법 없나요,12020903, 30,2024.10.24
477010970,질문부산북구 화명 덕천 만덕 고등학교 체육복 좀 찾아주세용,부산 화명 덕천 만덕 아무튼 북구 내에서 체육복 색깔에 흰색 초록색 같이 들어가있는 학교 어딘가요? 2024년 기준 3학년 체육복인데..,12020905, 14,2024.10.24
476911973,질문부산북구 금곡동 2002년 찜징방?사우나?,말 그대로 2002년?때 동원역 근처 찜질방 이름 뭔지 알 수 있을까요??나이 적을때 본 기억이 있어서..궁금하네요,12020902, 17,2024.10.21
476734036,질문금곡동헤리티지 아파트 정보 어디서 볼 수 있나요?,금곡동 헤리티지 아파트의 위치 규모 분양가 등 정보가 궁금합니다. 주변 인프라와 교통편도 알려주세요. 자세한 정보는 어디서 볼 수 있는지 알려주시고 헤리티지 아파트 살고 계시는 분이 있다면 후기 알려주세요!,12020902, 11,2024.10.17
476604163,질문부산화명사상치괒추천,5년이상되고 임플란트재수술 잘하는곳 있나요?,12020905, 15,2024.10.14
476545657,질문울산 북구 미용실 가격 괜찮고 잘하는 곳 있을까요?,울산 북구 미용실 가격 괜찮고 잘하는 곳 있을까요? 이번에 이사왔는대 북구 근처에 미용잘하는곳 알려주세요. #울산미용실 #울산북구미용실 #울산매곡미용실 #울산호계미용실,120209, 72,2024.10.12
476518255,질문화명 베이글,부산 화명동에 베이글파는 집 없나요? 롯데마트에 있을까요? 어느 빵집에 있나요? 낱개로 한개씩 주는 메뉴 베이글말고 베이글 몇개 들어있는거 사고싶은데 화명에 파는 곳이 있나요,12020905, 19,2024.10.12
476469822,질문긴급생계지원비(출소자),죄송합니다 제가 얼마전 출소해서 긴급 생계지원비 받고 있는데요 매달 12일에 들어왔는데 이번달 12일이 토요일인데.. 이러면 11일 금요일에 들어오나요 14일 월요일에 들어오나요?.. 죄송합니다..,12020902, 14,2024.10.11
476403107,질문낙동강구포나루축제,24년도 구포나루축제는 불꽃놀이가 없나요? 일정표에 보이지 않는데 원래 하던 걸로 기억해서 물어봅니당,12020901, 19,2024.10.09
476379628,질문새벽1시 구포역 택시,구포역이 위험하다는 얘기를 많이 들어서 그런데 정말 많이 무서운가요? 구포역에 1시에 내려서 김해까지 택시를 타고 가야하는데 갑자기 무서워져서 구포역 분위기가 괜찮은지 조심스레 물어봅니다 ㅠㅠ 그리고 택시 타는 곳도 있던데 어디서 타야하나요?,12020901, 23,2024.10.08
476071522,질문아트박스 부산 해운대점에 오타마톤 파나요?,사려고 하는데 파나요?,12020905, 31,2024.10.01
475538054,질문부산민생지원금,부산민생지원금..북구화명동은언제쯤지원받을수있나요???,12020905, 73,2024.09.22
475633940,질문구포시장에 우렁이...,구포시장에 우렁이 파나요? 빠른 답변 부탁드립니다,120209, 31,2024.09.22
475618629,질문화녕생태공원통제,지금 비가 많이와서 통제되엇는데 그럼 차는 안탈건데 안에 들어갈수 잇나요?,12020905, 22,2024.09.21
475596991,질문화명생태공원 통제,회명생태공원통제 될까요? 토요일날이요,12020905, 23,2024.09.20
475596092,질문북구 화명동에는...,북구 화명동에는 롯데 자이언츠 유니폼 입은 팬이 보이지 않는 것은 무엇인지요?,12020905, 26,2024.09.20
475533828,질문금정산성 남문에서 만덕중학교까지 차로 몇분거리인가요?,부산광역시 금정구 금성동에 있는 금정산성 남문에서 남녀공학 만덕중학교까지 차로 몇분거리인가요? 더불어서 부산광역시 금정구 금성동에 있는 금정산성 남문에서 남녀공학 만덕중학교까지 몇킬로미터인 가요? 좀 궁금하네요 꼭 가르쳐주세요 ^_________________________________^;;;;;;;;;;;;;;;;;;;,12020904, 21,2024.09.19
475329806,질문생선 판매자,﻿ 9월 13일 부산 구포 시장에서 생선 구입해 와서 소금에 절여준 생선을 손질하려고 보니 생선이 흐물흐물하여 손을 댈 수가 없을 정도로 부패된 생선이었다. 이럴 땐 어떻게 해야 될까요? 상인회 전화를 했더니 상인회에서도 간섭할 수 없다고 일괄적으로 얘기를 한다. 이럴 땐 어떻게 하면 좋을까요 ﻿,12020901, 21,2024.09.15
475369036,질문금정산성 동문에서 만덕중학교까지 차로 몇분거리에요?,부산광역시 금정구 금성동에 있는 금정산성 동문에서 남녀공학 만덕중학교까지 차로 몇분거리에요? 더 불어서 부산광역시 금정구 금성동에 있는 금정산성 동문에서 남녀공학 만덕중학교까지 몇킬로미터에 요? 좀 궁금하네요 꼭 가르쳐주세요 ^_________________________^:;;;;;;;;;;;;;;;;;;;;;;;;;;;;;,12020904, 20,2024.09.15
475368513,질문만덕 도레미노래방 주점 주인분 번호 아시나요ㅜㅜ,가게 번호로 저나해도 잘 안받기도 하고 평소 가지고 다니던 중요한 걸 나두고 왔는데 가게 말고 주인분 번호를 알고 싶어요,12020903, 12,2024.09.15
475109956,질문부산 북구 근처 성인adhd검사 및 치료가능한곳,알고싶습니다 단순약물 말고 다른치료가능한곳 북구에없으면 최대한가까운곳이라도 좋습니다,120209, 27,2024.09.10
475051161,질문부산광역시 북구가 언제 생겼어요?,부산광역시 북구가 언제 생겼어요? 부산광역시에 북구가 언제 생겼는지 거기에 대해서 설명 부탁드리겠 습니다 좀 궁금하네요 꼭 가르쳐주세요 ^___________________^:;;;;;;;;;;;;;;;;;;;;;;;;;;;;;;;,120209, 29,2024.09.09
