﻿doc_id,answer_index,answer,answer_date
477485725,477485725_1,상남면 버스정류소에서 동서울 터미널 1일 3회 운행을 합니다운행 시간표 참고하세요소요시간 2시간30분  요금 16700원입니운행시간표: 08:10  09:40  12:00,2024.11.04.
477260865,477260865_1,1. 가능합니다.서울에서 8시쯤 출발하면 소공원에는 11시 전후로 도착이 될듯 합니다.주차는 소공원 옛날 매표소까지 가면 바로 앞에 공영주차장이 있습니다.2.  주차팁이 별도로 있겠습니까만..주차공간이 없으면 그냥 이중주차하고 키 차량내에 넣어두면 관리원이 이동을 시킵니다.귀중품은 잘 관리해야 하고요..매표소 안쪽으로 들어가도 작은 주차장이 있습니다.많이 복잡하다면 설악동에 주차를 하고..버스나 택시로 소공원까지 올라가면 됩니다.3. 서울서 가는게 좋습니다.쉬엄쉬엄 가볍게 가면 되고  시간이 되면 오색에 들러 주전골과 흘림골(예약) 단풍구경해도 되고요..안개예보나 날씨가 흐리면 오전보다는 오후에 가는게 안개도 없을듯 합니다.참고로 안개가 끼거나 날씨가 흐리면 케이블카로 권금성 올라가도 아무것도 안보입니다.안올라가는게 좋습니다.. 아래서 보고 구름이 걷히면 올라가는게 좋고요..참고로 사람이 많으면미리 케이블카 탑승장 2층에서 가능한 빠른 시간을 예약하고..비선대로 울산바위 다녀와서 케이블카 타면 됩니다.,2024.10.30.
477260865,477260865_2,설악산 휴계소 주차장에 주차 하시면 됩니다설악산 휴계소 주차장에서 케이블카 탑승장까지는 약 500m 정도 걸으셔야 합니다금요일 속초에서 아침 일찍 출발 하는것이 좋습니다,2024.10.30.
477260865,477260865_3,요즘 설악산 케이블카 타기가 쉽지않아요 다섯대밖에 운행을 하지않아 예약하고 가야될 겁니다 상당히 많은시간을 줄서야 합니다 포기하고 가는 사람들도 많아요,2024.10.30.
477201413,477201413_1,인제 번지점프 하는 징소는 인제 들어가는 입구 삼거리 합강에 있는데 여름철이면 사람들이 모이겠지만 지금쯤은 사람 구경 하기도 어려울 것으로 판단합니다 카페나 놀기 좋은 장소란 여기에는 없고 그냥 주변을 산책하고 식사나 차를 마시면서 풍경을 감상하는 정도로 좋을 것입니다,2024.10.29.
477108192,477108192_1,울산바위에서 보일 정도면 토왕성폭포가 유일합니다평소에는 물이 잘 흘러내리지 않고 비가 좀 와야 폭포다운 풍경을 볼수 잇습니다을산바위에서 보이는 설악동과 권금성 주변 풍경입니다.사진 클릭하면 크게 볼수 있고요..케이블카 상부 터미널 뒤쪽으로 높은 봉우리가 칠성봉이고   그 옆으로 토왕성 폭포가 있습니다.물이 없어서 보이지 않지만  상부쪽에 미세하게 흰게 반짝이는것도 같네요...!,2024.10.27.
476684373,476684373_1,지번 주소 : 강원특별자치도 인제군 인제읍 덕산리 373-1도로명 주소 : 강원특별자치도 인제군 인제읍 한석산로 193영문 주소 : 193 Hanseoksan-ro  Inje-eup  Inje-gun  Gangwon-do 24627  Rep. of Korea,2024.10.16.
476282879,476282879_1,진술서를 써야한다면 직접가서 써야죠.경찰이 010으로 시작하는 번호로 전화를 걸진 않을껄요?대신 경찰보다 더 위험한 사람이겠죠….사채업자나 토사장이나 깡패나 등등…..,2024.10.06.
476054928,476054928_1,예약을 해야 할겁니다,2024.10.01.
475294532,475294532_1,주변샤워 할만한 곳은 없어 보이네요,2024.09.13.
475082876,475082876_1,"신입생 및 재학생은 반드시 ""통학버스 사전예약제"" 회원 가입후 예약을 통하여 이용이 가능합니다.구분내용정차장소장소방향A동 버스승차장동래  영도/부산역  하단  해운대  양산운동장 버스승차장 (후문 방면 50m)마산  창원  진해  장유  울산요금안내(현금승차 불가  교통카드만 이용가능)구분교통카드 요금경전철(인제대역)무료동래750원하단750원영도/부산역1 150원해운대1 150원양산1 150원마산/창원1 150원진해1 150원장유750원울산1 700원요금지불방법마이비카드  캐시비카드  신한카드제휴 후불교통카드충전소교내 : GS25(학생회관 지하1층)  GS25(인정관 1층)인제대학교 홈페이지에 들어가면 타는장소 출발시간 등등 자세히 나옵니다...통학버스시간표 | 인제대학교통학버스 Home > 캠퍼스생활 > 학생복지시설 > 통학버스 통학버스이용안내 통학버스시간표 통학버스승차장소 통학버스 사전예약제 (학기중)월요일~금요일 (방학중)월요일~금요일 경전철 인제대역 순환버스(학기중) 안내 요금: 무료 시간표 학교 출발시간(학교→인제대역) 인제대역 출발시간(인제대역→학교) 08:45 08:55 09:05 09:15 09:25 09:35 09:45 09:55 10:05 10:15 10:25 10:35 10:45 10:55 11:05 11:20 11:35 11:50 12:05 12:20 12:35 12:50 13...www.inje.ac.kr",2024.09.11.
