﻿doc_id,title,question,region_id,views,question_date
477485725,질문강원도 인제군 상남면에서 동서울터미널...,강원도 인제군 상남면에서 동서울터미널을 한번에 가는 버스가 있다는데 사실인가요? 사실이면 어떻게 가는지 궁금해요,12081305, 27,2024.11.04
477260865,질문설악산 9살7살 아이들이랑 케이블카 주차장,1. 10/31목요일 서울에서 8시쯤 출발해서 설악산케이블카 이용하려하는데 가능할까요 ? 2. 자주가신분들 주차장 팁좀 알려주세요 . 3. 아침에는 안개때문에 산이 잘 안보여서 금요일 속초에서 아침일찍 출발하려하는데 1번이 나을까요 3번이 나을까요 고수님들 조언 부탁드립니다~,12081304, 85,2024.10.30
477201413,질문인제 번지점프,인제 번지 점프 근처에 분위기 좋은 카페나 재밌게 놀 장소가 뭐가 있을까요??,12081301, 30,2024.10.28
477108192,질문설악산 울산바위에서 권금성 뒤 폭포 같은게 보이나요?,안녕하세요! 제목과 같이 24년 10월 21일 설악산 울산바위 올랐는데 케이블카 정상 권금성 뒷쪽으로 폭포 같은게 보이더라구요. 검색해도 안나와서 질문드려요. 우측 하단이 케이블카 정상 입니다. 폭포가 맞는지? 폭포가 맞으면 이름 가르쳐 주세요! 좋은하루 되세요!!,12081304, 53,2024.10.26
476684373,질문인제읍 덕산리 373-1번지의 영문 표기,Daum지도에서 살펴보니 강원도 인제군 인제읍 덕산리 373-1번지 는 한석산로에 접해있는 단독주택입니다. 인제군 인제읍 덕산리 373-1번지를 영문으로 표기하는 방법을 알려주시기 바랍니다.,12081301, 87,2024.10.16
476282879,질문미성년자 토토 경찰,오늘은 일요일이고 일반 전화(010-xxxx-xxxx) 이런 식으로 되있는 전화번호로 전화가 왔는데 서울경찰청이란 말만하고 진술서 써야된다하고 부모님 전번알려달라하는데 진짜 경찰 맞을까요? 토토사장이면 어떡하나요,120813, 86,2024.10.06
476054928,질문소청대피소...,소청대피소에서 자료고하는데 여약을해야하나요?,120813, 42,2024.10.01
475566444,질문설악산 먼허학원비용과 중부운전학원 비용좀 알려주세요,두개다 알려주시면 감사하겠습니다,12081304, 41,2024.09.20
475294532,질문인제 자작나무숲 근처 샤워장 질문요,다음주 금요일 당일치기로 인제 원대리 자작나무숲 가려고하는데요 등산하고나면 땀 많이나서 샤워후 집에 오려고하는데 주변에서 샤워할만한곳 있을까요?,12081301, 23,2024.09.13
475082876,질문인제대학교 통학버스,인제대 통학버스 매일 운영하는 건가요? 아니면 하루 하루 신청해야 하는건가요 궁금합니다 재학생이나 관계자분들 알려주시면 감사하겠습니다 참고로 경남 양산 북정 근처에 삽니다,12081301, 66,2024.09.11
