﻿doc_id,title,question,region_id,views,question_date
477199655,질문장흥 제주 배 운행 안하는 이유,옛날에 요즘 1박2일에서 기상미션때 멀리vs가까이 게임에 먼 팀은 장흥에서 제주도로 배타고 밥먹으러갔는데 저도 2012년 고교시절때 장흥에서 제주도로 배타고 2박3일인가 여행 다녀왔는데 지금은 운행 안하는 이유가 뭐예요? 2014년 세월호 참사때문에 운행 안하나요? 궁금해서요.,121218, 19,2024.10.28
477111855,질문아지트클럽조각  혼자가능 할까요?,부산클럽인데. 혼자가려고 하는데. 괜찮을까요?,12121804, 28,2024.10.26
477062368,질문명정전 질문,1. 명정전 2단으로 쌓은 ( )위에 세워 권위를 갖추었다. 괄호에 있는 단어가 무엇인지 알려주세요. 2. 임금이 다니는 길()를 두어 왕궁의 격식을 갖추었다. 괄호에 있는 단어가 무엇인지 알려주세요. 급해요…월대랑 어도 말고요.,121218, 13,2024.10.25
476208326,질문매생이 질문,장흥 매생이 수확량이 전국의 %인가요 그리고 완도군과 비교해서 어디가 더 좋은가요?,12121803, 19,2024.10.04
475390109,질문여기.아파트가 어디인지.아시는분??,창 밖에.풍경으로 추정했을때 여기 아파트가 산본 개나리아파트가 맞을까요?? 어디일까요?,12121804, 26,2024.09.15
475187694,질문전남 장흥군 장평면 제산리 토지 어디서 알아봐야 하나요,안녕하세요 저희 아버지와 친척들 산소가 근처에 계시는데 친척들 연락처 그분들 사시는 주소 핸드폰에 다 지워져서요 산소 주소지는 아는데 토지 알아보면 친척 주소랑 나와있을거 같아서요 장흥은 제가 잘 몰라서요... 어디가서 알아봐야 하나요??? 만약 토지 떼려면 친척이라고 하고 말씀드려야 사시는 주소랑 알수 있을까요?? 저희 큰 아버지께 중요하게 꼭 드려야할게 있어서요!! 답변 부탁드립니다,121218, 19,2024.09.10
