﻿doc_id,answer_index,answer,answer_date
477291846,477291846_1,안녕하세요~질문 답변 드릴께요~!답변이 이해가 가지 않는다면 댓글로 말씀해주시면 바로 답장드릴께용~전주 화산 실내 체육관에는 빙상 경기장이 없습니다. 따라서 돈을 내고 들어갈 수도 없고  시간 제한도 없습니다.답변에 만족 하셨다면 채택 부탁드립니다!!!,2024.11.01.
477070614,477070614_1,전주예술중학교 여자 기숙사 시설 깨끗하고 좋습니다주기적으로 약품 소독을  합니다,2024.10.25.
476672140,476672140_1,네  김활란 동상은 여전히 존재합니다.도움되는 답변이 되셨길 바래요-질문정보 :김활란 동상 아직도 있나요? 급해요,2024.10.15.
476672140,476672140_2,네 아직 있습니다.,2024.10.16.
476346959,476346959_1,어쩌다 성적이 그렇게 됐는지 모르겠으나 그 정도면 특성화를 가는게 나을 것 같네요,2024.10.08.
475886880,475886880_1,안녕하세요! 삼례공고에 관심이 많으시군요. 질문에 답해드릴게요.1. 면접: 삼례공고에서는 면접이 있을 수 있습니다. 주로 자기소개  지원 동기  진로 계획 등에 대한 질문이 나올 수 있습니다. 면접이 어렵다고 느낄 수 있지만  준비를 잘 하면 자신감을 가질 수 있습니다.2. 기숙사: 삼례공고에는 기숙사가 있습니다. 기숙사 생활에 대한 정보는 학교에 직접 문의하면 더 자세히 알 수 있습니다.3. 무서운 애들: 학교마다 분위기가 다르지만  무서운 애들이 많다는 것은 개인의 경험에 따라 다를 수 있습니다. 친구를 사귀고 긍정적인 태도로 접근하면 좋은 관계를 만들 수 있을 거예요.4. 학과: 수소융합과는 수소 에너지와 관련된 기술을 배우고  에너지융합과는 다양한 에너지 기술과 관리에 대해 배우는 학과입니다. 두 학과 모두 미래의 에너지 문제 해결에 중요한 역할을 할 수 있습니다.더 궁금한 점이 있으면 언제든지 물어보세요!,2024.09.27.
475798927,475798927_1,평일기준 시간입니다.고양종합운동장 근처에 있는 대화역에서 지하철3호선을 타고 고속터미널역으로 갑니다.서울고속버스터미널에서 새벽 1시에 출발하는 고속버스를 타고 부산종합버스터미널로 갑니다.부산 도착하면 5시쯤 되는데 거기서 5시20분에 출발하는 2100번 또는 2300번 버스 타고 영해마을에서 내려서 신복 가는 아무 버스 타고 가시면 됩니다(시간 안맞으면 인근 율리차고지까지 가시면 버스 많습니다),2024.09.25.
475798927,475798927_2,"● 울산 신복 도착 기준입니다.- 고속버스로는 서울경부고속터미널에서 울산행이 22:00분 출발이 막차입니다.: 약 4시간 10여분 소요됩니다.. 울산 신복에서 서울경부행은 06:30분경 출발이 첫차입니다.. 왕복 승차권 예매는 ""티머니고""앱에서 진행입니다.- 열차 이용 방법은 서울역에서 울산(통도사)역은 KTX 열차가 22:28분 출발입니다.: 약 2시간 12여분 소요됩니다.. 울산(통도사)역에서 울산 신복은 택시나 시내버스 이용입니다.:https://naver.me/5BcBRHWK네이버 지도 - 길찾기울산역 (고속철도) → 울산신복정류소naver.me. 왕복 승차권 예매는 ""코레일""톡에서 진행입니다.. 울산(통도사)역에서 서울역은 05:33 06:10 06:24 06:33분 출발입니다.",2024.09.25.
475244736,475244736_1,삼례읍 농어촌 맞습니다농어촌 전형 가능한 지역입니다,2024.09.12.
475083828,475083828_1,네   창체동아리에 있습니다,2024.09.22.
475153332,475153332_1,하는 일에서 좋은 기회를 거머쥐게 될 꿈입니다.이 꿈은 그 동안 자신이 갈고 닦은 실력을 인정받아 높은 지위에 오르게 될 것을 의미합니다.즉 자신의 능력을 유감없이 발휘하게 되어 다른이들보다 발 빠르게 성공의 대열에 오르게 될 꿈이랍니다.이로 인해 주변 사람들의 부러운 시선을 받을것이니 더욱 분발하시길 바랍니다.질문자분께서 늘 건강하시고 행복하시기를 기원하며글을 씁니다.답변이 도움 되셨다면'포인트 선물'버튼을 클릭하셔서 마음을 전해 주시면 감사하겠습니다!.,2024.09.10.
475146849,475146849_1,완주 청정청소년수련원 와이파이 없습니다.,2024.09.10.
475055696,475055696_1,충분히 가능합니다,2024.09.08.
475055137,475055137_1,이곳은 지난 통합논의때도 완주군의 거부로  통합이 불발된지역입니다당시 창원 마산 진해는 통합이 이루어져 현재는 특례시로 승격이되었지만 아쉽게도 전주시는 특례시에서 제외가 되었군요  그어다보니  완주와전주시의 통합이 더욱 필요하지만 주민들의 의견이 중요합니다 만일 부민들의 절대적인 찬성이 이루어진다면 통합리 가능하겠지요,2024.09.08.
474991753,474991753_1,가능성있습니다,2024.09.08.
