﻿doc_id,title,question,region_id,views,question_date
477579239,질문Itx 청춘 질문입니다,평내호평역에서 용산역까지 정기권을 끈으려고합니다. 코레일어플로 좌석예약을 하려니 벌써부터 아침시간이 매진이더라구요. 알아보니 역에서 입석발매가 가능하다 하는데 매진이 되어도 역에서 파는 입석은 별개인가요?? 아니면 매진이면 입석조차도 불가능인가요?,12091209, 13,2024.11.06
477570497,질문중학교 내신 190가능한가요?,중2 학생입니다 제가 1학기 중간 수95 국78 영78 과59 역42이고 기말에 수92 국92 영83 역65 과86 기가53 도덕100 2학기 중간고사에서는 수94 국85 영90 과87 역55 입니다 남은 시험 잘치면 내신 190가능한가요? 180도 안되는건 아니죠??ㅠㅠ,12091208, 19,2024.11.06
477567756,질문사동고나 여고 갈수 있나요?,지금 퍼센티지가 53인데 65퍼센트까지 간다는건 아예 공부를 놓는 수준인가요?,12091208, 19,2024.11.06
477553036,질문휴게음식점 신청 가능할까요?,지금현재 제주시 애월에서 개인운영 편의점을 하고있습니다 조그마한 구멍가게 인데요 1평정도에 어묵이나 붕어빵을 테이크아웃으로 팔아볼까 합니다 문제는 수도는 있는데 배수관을 연결 못하는 지역이어서 배수시설이 없습니다 화장실은 가까운곳에 개방화장실이 24시간 운영이 되니까 지장은없는데요 이런경우에 휴게음식점을 시청 위생과에서 허가해줄까요? 경험이 있으시거나 전문가분의 고견을 듣고싶습니다 장사가 너무 안되서 고심하고 있습니다,12091208, 20,2024.11.06
477545898,질문아버지 수술 하는데 면회증 어떻게 얻나요?,지금저 아버지가 병원에서 수술 하는데 면회증을 어떻게 얻나요? 제가 원래 광주에 사는데 아버지 만나러 마산왔는데요. 근데 제가 이런거 할줄 몰라서 그러는데 알려주실수 있나요? 지금은 아버지 수술 들어갔어요...제가 좀 늦게 왔어요....도와주세요..미성년자도 면회증 얻을수 있나요? 여기는 마산 삼성병원 입니다..,12091208, 22,2024.11.06
477545359,질문전남친꿈 해몽,갑자기 꿈에서 전남친 친구가 전남친이 좋아하는 여자 생겼다는데 특징도 막 말해줬는데 그 특징이 저는 아니였어서 그냥 이름까지 알아오라거 전남친 친구에게 말했습니다 그래서 전남친 친구가 알아와서 저에게 말해줬는데 제 친구이름 이였던거에요 대충 정리하자면 전남친이 다른사람 좋아하는 꿈 해몽 해주세요,12091208, 16,2024.11.06
477533402,질문내신 180학생인데 도농가운고중에 어디갈까요,내신딸거면 가운이 낫긴 한데 친한애들 거의다 도농가고 동화같은데 가기에는 내신이 딸리고 가운은 분위기 너무 안좋다는 말이 있어서 진짜 고민됩니다,12091203, 14,2024.11.05
477531563,질문근영여고 갈력ㅎ 하는데..,지금 중3이고 2학기 1차고사 백분율이 88인데.. 이번 기말에 잘 본다고 하면 갈수 았나요..? 이번 전주근영여고 커트라인 몇퍼 인가요..?ㅠㅠ,12091208, 13,2024.11.05
477527432,질문남양주시 오남읍 조정지역인가요?,2024 10월 기준 남양주시 오남읍은 조정지역인지 여쭤봅니다! 답변에 감사드려요,12091211, 13,2024.11.05
477520280,질문남양주 다산 고등학교,제가 서울에 사는데 남양주 다산고등학교로 갈수있나요?,120912, 22,2024.11.05
477459322,질문남양주에 미각제빵소 빵파는 GS25시 알려주세영,남양주에 미각제빵소 빵파는 GS25시 알려주세영 세븐일레븐도 ~_~,120912, 35,2024.11.05
477451207,질문남양주 별내 자취하기 어떨까요?! 잘아시는분!,혹시 별내 사시거나 별내 잘 아시는분 있으면 답변 주시면 넘 감사할거같아요 ㅎㅎ 저는 31살 청년이구요!! 재택근무중이라 지역은 상관없고 이번에 이사가게되서 고민되서 여쭤봐요 ㅎㅎ 본가가 포천이라 그래도 너무 떨어진곳 아니였음해서 남양주 아니면 양주로 알아보고 있는데 제가 산책을 좋아해서 주변에 녹지가 잘되어있으면 해서 추천 받은곳이 남양주 다산별내 / 양주 옥정 이렇게 세곳인데 다산은 집값이 비싸서 현실적으로 어려울거같구 별내나 옥정으로 원룸 알아보고 있어요 ㅎㅎ 별내는 별내역 근처에 살거같구.. 공원이 잘되어있다 들었는데 자취하기 어떨까요?ㅎㅎ 옥정은 호수공원이 잘되어있다해서 둘중에 고민이 좀 되네요!! 정보 주시면 너무 감사할거같아요 ㅎㅎ,12091220, 25,2024.11.05
477419586,질문아이폰15pro 전등 같은거 찍을때,지금 현재 아이폰15pro 사용중인데 밖에서 촬영하다 등(?) led 전광판쪽을 찍으면 엄청 흔들리게 나오더라구요 마치 껐다켜졌다 되는거처럼요ㅠ 제폰만 이런건가요 원래 이런 현살이 나오나요... 아이폰15에서도 이러길래 넘어온건데,12091208, 33,2024.11.05
477491847,질문오남고 특별반,혹시 오남고에 공부 잘하는 애들만 모아놓는 심화반이나 특별반 있나요? 있으면 인원은 어느정도 뽑나요?,12091211, 9,2024.11.04
477402765,질문보문고 과중반,제가 지금 중2이고 광주보문고 과중반에 가고싶은데 면학분위기나 무엇을 준비해야하는지 알고싶습니다.,12091208, 23,2024.11.04
477480775,질문고2 다른지역으로 자취하면 전학 가능한가요?,지금 부모님과 다같이 살고있는데 다른 지역으로 자취방 얻어서 가려고하는데 전학 가능한가요? 부모님 허락 모두 받았는데 자취로는 전학 불가능한가요?,12091208, 25,2024.11.04
477477090,질문남양주다산고등학교 내신컷 얼만가요?,남양주 거주중인 중3인데요 남양주다산고를 가고싶은데 현재 내신이 175정도인데 다산고를 갈수있을까요?ㅜㅜ,120912, 21,2024.11.04
477474615,질문단풍구경명소,지금 단풍 예쁘게 물든 곳 알 수 있을까여 ㅠㅠ 원래 시기상 이번주인데 날씨 때문인지 아직 안 물든 것 같네요 .. 당장 내일 단풍 구경 가기로 해서 단풍 이쁘게 진 곳 추천 받습니다,12091208, 20,2024.11.04
477471979,질문남양주 별내vs양주 옥정 어디가 더 자취하기 좋을까요?,저는 31살 청년이구요!! 재택근무중이라 지역은 상관없고 이번에 이사가게되서 고민되서 여쭤봐요 ㅎㅎ 본가가 포천이라 그래도 너무 떨어진곳 아니였음해서 남양주 아니면 양주로 알아보고 있는데 제가 산책을 좋아해서 주변에 녹지가 잘되어있으면 해서 추천 받은곳이 남양주 다산별내 / 양주 옥정 이렇게 세곳인데 다산은 집값이 비싸서 현실적으로 어려울거같구 별내나 옥정으로 원룸 알아보고 있어요 ㅎㅎ 별내는 별내역 근처에 살거같구.. 천변공원이 잘되어있다 들었고 옥정은 호수공원이 잘되어있다해서 둘중에 고민이 좀 되네요!! 집주변에서만 주로 생활하고 하는 편이고 앞으로 살게된다면 오래 살거같은데 어디가 더 좋을까요?!,120912, 17,2024.11.04
477458420,질문스트레이키즈 포토이즘,지금 스키즈 포토이즘 프레임 없나요?ㅜㅠ 없으면 다음엔 언제 하나요?,12091208, 31,2024.11.04
477458245,질문내신 올릴수있을까요?,지금 220인데 240까지 올릴수있을까요?,12091208, 26,2024.11.04
477418674,질문결혼예정준비중 (집문제),저희가 지금 아파트 매매나 전세 알아보고 있습니다 아직 원하는 조건에 집이 맘에 드는곳이 없어서 저는 매일 집알아보고 아파트다보니 가전부터 신경쓸게 너무많은데 남자친구는 집은 같이 잘아봐주는데 아직 집도 안구해진 상황에서 여행을 친구들이랑 2박3일동안 가고싶다고 허락해달라는 식으로 말을 하는데 연애때도 친구들이랑 여행 못갔는데 가고싶다하는데 제가 이기적이고 예민한건가요? 돈 생각하고 아직 집도 못구해서 저는 이만 저만 걱정이 많은 상태인데 친구들이랑 한달뒤에 시간이 맞아서 여행을 가고싶다는데 제가 화가 나는게 이상한건지 궁금합니다 5년을 연애하고 했던 사람인데 너무 당황스럽네요 이 시기에 여행이 맞는건지 ..여행도 비용도 많이들고 저도 친구들이랑 여행가고싶고 한거 좀 참고 신혼집 알아보고 예식장이랑 등등 알아보는디 너무 당황스럽네여,12091208, 29,2024.11.03
477410533,질문허리 아플때 좋은 의자 추천,허리에 좋은 의자 있으면 알려주시고 추천해주세요 허리가 아파서 의자에 많이 못 앉아 있겟어요 허리 아플때 허리에 좋은 의자 있으면 가르쳐주세요 컴퓨터 책상 의자 허리에 좋은 의자요 사는곳도 알려주시고 인터넷으로도 살수 있는곳 알려주세요 감사합니다,12091208, 13,2024.11.02
477406084,질문고등학교 갈수있을까요..?ㅠㅠ,지금 중학교 3학년인데 1학년때뷰터 지금까지 공부를 하나도 안해서 중간기말 평균 20점대입니다 수행평가도 거의 기본 점수고요 저번에 성적표에서 체육미술A 음악 B이고 나머지는 다 E 입니다 무단 없고요 수업시작에 좀 잠을자서 생기뷰가 어케 될지 모르겠습니다 일단 특성화고(대전 경덕고등학교) 가려고하는데 주변 사람들은 내신 150 140이면 된다하는데 제가 내신이 얼마나 될지 모르겠습니다 어케해야할까요...,12091208, 26,2024.11.02
477400320,질문제가 고1인데,1월부터 지금까지 총 500을 썻어요 많이 쓰는거겟죠?,12091208, 21,2024.11.02
477389686,질문중학생 놀곳,제가 친구 8명이서 놀려고 하는데요 지금 친구들이랑 상의해서 나온곳이 롤러스케이트 보드게임카페 포토이즘 볼링장 방탈출 등이 있는데 혹시 더 놀만한곳이 있을까요??ㅜㅜ 참고로 남양주나 노원..? 이런데서 놀거라,120912, 30,2024.11.02
477367707,질문고민 입니다,나 지금13살인데 10월달21일까지 차멀미 를 안했는데 요즘다라 많이함 그게 고민임....,12091208, 20,2024.11.01
477347709,질문꿈 해몽 부탁드립니다,꿈에서 엄마가 어둑한 밤에 제 방으로 왔길래 엄마 얼굴이 너무 어둑한 거예용 ㅠㅠ 그러더니 갑자기 제 목을 졸랐어요…그러다 바둥댓더니 놀래서 잠이 깨긴 깼는데 가위가 눌렸어요ㅠㅠ,12091208, 29,2024.11.01
477343404,질문꿈 해몽 부탁드립니다,꿈에서 저랑 친구1 친구2가 나왔는데 같이 테이블에 앉아잇는데 친구1이 저한테 미래에 대한 고민상담을 하고 있었고 친구2는 그저 흐뭇하게 바라만 보고 있었습니다. 그러다 친구2가 큰 백팩을 메고 일어나더니 환하게 웃으면서 저랑 친구1에게 “난 간다” 이러면서 방문?을 여는데 그 방문밖이 흰배경에 뭔가 빛이 나는 느낌이였어요. 저랑 친구1은 인사는 못하고 굉장히 벙찐 표정으로 바라만 봤는데 친구2가 손을 흔들면서 밝은 표정으로 그 문으로 들어가고 문이 닫혔습니다 찜찜함이 남는 이유는 친구2가 거의 6개월전에 돈문제로 힘들다는 얘기를 들었습니다 원래 엄청 친한 친구 였는데 언제부턴가 저 포함 다른친구들이랑도 연락을 안하고 지냈어요ㅠ거의 1년 됬습니다 그러다 보니 이런 꿈을 꾼게 너무 찜찜한데 해몽 좀 해주세요 ㅠㅠㅠㅠ,12091208, 24,2024.11.01
477334276,질문남양주다산고 내신 빡센가요?,대구 수성구 범어쪽에 있다가 남양주로 이사가서 남양주다산고로 갈 것 같은데 내신 많아 빡센지 학교 분위기는 어떤지 궁금합니다,120912, 32,2024.10.31
477175391,질문지금은 아얘 안 하는데,지금은 이사로 저보다 밑이기는 해도 같은 임원인데 (저는 상무에요) 그 이사가 제가 팀장을 맡을때까지는 그때도 저보다 밑이였으면서 가끔씩 “잘 기” 이렇게 하던데 이사달고 나서는 잘가란 말은 하던데 “잘가요” 이렇게 꼭 존댓말로 인사하고 제가 상무보 달고 나서는 그 여자도 차장시절부터 아얘 안 하던데 왜 안 한걸까요? 혹시 더 높은 상무로 승진을 앞둔 사람이라서?,12091208, 45,2024.10.31
477303199,질문별내 kcc 주차장,지하 몇층 형성되어있나요,12091220, 22,2024.10.31
477299971,질문이가 우수수 빠지는꿈,제가 꿈을 꿨는데 갑자기 이가 우수수 빠졌어요 ㅠㅠ 이거 왜 이런걸까요,12091208, 32,2024.10.31
477296646,질문제가 지금 71퍼센트인데 매천고 퍼센트 얼마정도 인가요,매천고 2024 퍼센트 자세히 아시는분..이정도면 괜찮을까요?,12091208, 19,2024.10.31
477292567,질문지금 이 시기에 전학 가는 거 괜찮을까요..,11월 말에 이사 예정인데 현재 중3이에요 그 지역에서 고등학교 배정 받기 편하려면 중학교 졸업을 그 지역에서 해야 한다고 하더라구요 지금 사는 곳과 그 곳이 편도로 1시간 반 정도 걸려서 통학하기에도 힘들어요ㅜㅜ 근데 중3말이라 졸업도 그렇고 적응이 빠른 편이긴 하지만 어떻게 해야 할지 도저히 모르겠어요..,12091208, 21,2024.10.30
477292188,질문지금 2025 수험생 할인 이벤트 예정있나요?,프랜차이즈 가게 중에 영화관 말고 이벤트한다고 나온 가게있나요?ㅜㅜ,12091208, 52,2024.10.30
477276197,질문전셋집에 책장을 두고 가도 되나요??,지금 살고있는전셋집에 책장을 두고 가야 될 것 같아요 책장값보다 꺼내기위한 스카이차값이 더 나올거 같은데;;; 그냥 두고가도 되나요??,12091208, 19,2024.10.30
477245899,질문지금 이상태면 수면모드일때도 전화는 울리나요?,제목이 질문입니다,12091208, 16,2024.10.29
477220884,질문별내미용실 추천 부탁드리요~~,별내에 미용실은 너무 많은거 같은데 막상 머리를 하려 예약을 하려고 보면 선뜻 예약하기 어렵더라고요 파마랑 염색 둘중 고민이기도 하고 괜찮은 미용실 있을가요??~~,12091216, 41,2024.10.29
477217796,질문일반고 진학,지금 제가있는 지역에선 특성화고밖에 못가는 성적인데요 무단이 많아서 출결도 안좋고 시험도 거의 다 찍고 수행평가도 다 최하점수이고 내신도 많이 낮아요 거의 최하일거에요 만약 대전쪽으로 이사가게되면 일반고 말고 대전에있는 특성화고로밖에 못가겠죠.? 중3이에요 일반고 정말 아무데도 못갈까요,12091208, 17,2024.10.29
477217072,질문지하철 배차시간으로도 민원을 넣을 수 있나요?,제가 항상 지하철로 중화역에서 태릉 태릉에서 석계로 가는데요 가끔 태릉도착하고나서 석계로가는 열차가 내리자와서 가끔 놓치는데 이런걸로도 민원을 넣을 수 있나요? 적어도 열차가 비슷한 시간에 와야하는거아닌가요..? 심지어 진짜 심할때는 내리자마자 열차가 가가지고 출근하는사람들 다 뛰다가 욕하고 아오..이러면서 한숨만쉬는데 저만 불편함을 겪는게 아닌거같아서요 ㅜㅜ 심지어 계단이 낮은것도아니고 빠른환승칸 가서 계단 2~3칸씩 쭉쭉올라야 탈수있다는게 너무 짜증나요 ㅠㅠ 뭐 사실 빨리나오면되지만요 근데 그게 쉽냐고요 ㅠㅠ 하루에 4시간씩만자고 ㅠㅠ,12091209, 31,2024.10.29
477207535,질문스타레일 뽑기 질문,지금 110뽑 있고 어벤츄린이랑 선데이 뽑을 생각입니다 어벤츄린 바로 다음이 선데이라서....... 뽑을 수 있을까요 그리고 레이시오도 뽑을 예정인데 복각 예정 없나요?,12091208, 29,2024.10.28
477197058,질문남양주시 별내동 넓은 상담센터?,별내동 근처 넓은 상담센터 있나요? 1급 상담사한테 희망원합니다. 60평대가 있다고 들었는데 있나요?,12091220, 18,2024.10.28
477185774,질문이사 전학질문,지금다니는 학교가 너무 멀어서 다니기 싫은데 조만간 아빠와 다른 지역으로 이사를갑니다 그런데 지금 부모님은 이혼한 상태입니다 근데 엄마집 주소 부근에는 친구들도 많이있고 가까운 학교가 있는데 이사후 엄마밑으로가면 그 가까운학교로 전학갈수있을까요? 지금학교와 구는 다른데 지역은 같습니다 그리고 이사후 전학도 내신을 볼까요..,12091208, 18,2024.10.28
477151729,질문버거킹 알바,제가 지금 알바 교육중인데 일주일에 15시간이 넘었는데 주휴수당 주나요? 저번에 5분 더 일했는데 그것도 더 주나요? 교육이라 지급해주지않을것같아서 질문해요! 경험자분들 알려주세요!,12091208, 34,2024.10.27
477150328,질문지금 저녁인가요?,오후 5:10 넘어가는데 ㅈ지금 저녁인가요?,12091208, 22,2024.10.27
477094156,질문청학리 수락거성아파트VS청학주공5단지VS반도유보라,청학리 수락거성아파트VS청학주공5단지VS반도유보라 우승,120912, 34,2024.10.27
477139498,질문엽기떡볶이 평내점...,엽기떡볶이 평내점 일요일에도 여나요?,12091209, 28,2024.10.27
477119777,질문도농역 가는 방법 알려주세요.,홍대입구역에서 도농역 가는 방법 알려주세요. 환승없이도 가나요?,12091203, 18,2024.10.26
477115131,질문지금부터 새벽 두 시까지 뭐 할지 추천해 주세여,돈 안 쓰고 집에서만 할 수 있는 거 ㅊㅊ 좀 해 주세요,12091208, 22,2024.10.26
477062104,질문우리나라 남녀공학 지금이야 많지만,물론 경상권은 많이 없지만(대구 경북은 좀 많지만 부산 울산 경남은 거제를 제외하고는 많이 없는데) 수도권은 남녀공학이 많잖아요? 근데 옛날에는 대부분은 여자들은 여중 여고 남자들은 남중 남고인데 남녀공학이 1990년도 초반까지는 있긴 했지만 많이 없었다는데 1994년이랑 1998년도에는 좀 많이 생겼나요?,12091208, 25,2024.10.26
477015339,질문청학리 수락거성아파트VS청학주공5단지VS반도유보라,노원구 살어영 청학리 수락거성아파트VS청학주공5단지VS반도유보라 추천영,12091220, 37,2024.10.25
477057817,질문상서고 조리과 갈 수 있나요?,지금 중3이고 90%입니다.. 지금 할수있는것도 없고 하고싶은것도 없는데 그나마 관심있는건 요리라서 가고싶은데 어떻게 하면 갈수있나요,12091208, 15,2024.10.25
477054922,질문급해요급해요!!!!!! 아무나 답변 !!!! 간단한질문,지금 2시 30분 다 되어 가고 오늘 세종에 가야 되는데 9시 차고 챙기는데 오래 걸려서 6시에는 일어나야하는데 그럼 거의 3시간 30분 밖에 안남았잖아요? 근데 3시간 30분만 자고 일어날 수 있을지 없을지 모르겠고 안자면 버스에서 노래 못듣고 잘 것같고 하루종일 피곤할것 같고 머리 아파서 두통약 사야할것 같고 그리고 자면 활기차고 버스에서 노래 들을수있고 머리도 안아플것 같지만 진짜 3시간만 자고 못 일어날듯,12091208, 38,2024.10.25
477037887,질문엄마가 임신하는 꿈 해몽,엄마가 임신한 꿈을 꿨는데요 저는 싫어서 아빠 될 사람을 막 때리고 싸우고 엄마한테도 해코지를 했던거같애요 엄마도 울었고 저도 울었어요,12091208, 34,2024.10.24
477029564,질문광릉한샘기숙학원 윈터스쿨 예비고3,광릉한샘기숙학원 윈터스쿨(예비 고3) 입소예정인데요...공사 준비중입니다. 10월 모의평가 국3 영3 수1 이면 어느반 편성 될까요?,12091214, 44,2024.10.24
477001108,질문딸을  잃어버리는꿈 해몽 부탁드립니다,저의 막내딸은 지금 중학생인데요 꿈에서 어린아이로 나왔습니다 딸과 또 아는 지인과 함께 시장에를 갔었는데 물건을 고르는 사이에 딸이 사라져 버렸습니다 너무 놀라서 온 시장을 헤매고 다녔고 시장근처에 초등학교도 있고 애들도 많았지만 도무지 찾을수가 없었습니다 시장을 헤매면서 옛날에 알든 디인들도 몇명 만났고요 결국 딸을 찾지 못하고 애태우다가 잠이 깼습니다 어떤 의미 일까요 궁금합니다,12091208, 47,2024.10.23
476959243,질문별가람중 한별중,안녕하세요 제가 예비중1인데요 별가람중이랑 한별중 둘중에 어디갈지 고민하고 있어요 저희 집에서는 별가람이 더 가까워요 1.별가람중이랑 한별중에 어디가 일진이 더 적나요? 2.어디가 더 내신받기 좋나요(실력은 중상위? 정도) 3.교복이 어디가 더 편한가요?(예쁘고 그런거 말고요) 4.한별중으로 가면 대부분 어디고등학교로 가나요? 5.별가람중으로 가면 대부분 어디고등학교로 가나요? 6.청학고나 동화고 가고싶은데 어디가 갈수있는 확률이 더 높을까요? 신중하게 선택할꺼니깐 그냥 무작정 내학교로와!! 하지 마세요!!,12091220, 40,2024.10.22
476937577,질문구리 남양주 아이와 가볼만한 곳 소개점 해주세요,아이들이 부모님과 함께 가볼만한 곳으로 소개 부탁드려요,120912, 72,2024.10.22
476927862,질문일반고 진학,지금 내신 30%인데 3-2학기 성적 AACDDCD이런식으로 나온다고해서 인문계 못가는거 아니죠?,12091208, 18,2024.10.22
476910282,질문남양주 호평동 호평고등학교 진학하려고 하는데요,호평고등학교 영어 평균과 등급별 점수 알 수 있을까요? 123학년 다 알면 더 좋습니다,12091210, 21,2024.10.21
476888661,질문제주여고 학교 분위기 어떤가요?,지금 중3이라서 학교 고민이 너무많아요 제주 여고 시설이 안좋다고 유명하지만… 분위기가 괜찮다면 고민해볼만 하거든요 제가 일진이나 가오잡는 사람들을 진짜 싫어해서요ㅠ 혹시 제주여고에 그런사람이 많아요????? 그리고 공부 분위기도 궁금합니다ㅠㅠ,12091208, 24,2024.10.21
476865472,질문남양주 8109에서 버즈를 잃어버렸어요 ㅜㅜㅜㅜ,어떻게 찾아야하나요.. 버스에 전화를 하라는데ㅠㅜ 전번도 안나와서 ㅜㅜㅜㅜㅜㅜ 전번이나 방법 알려주시면 감사하겠습니다 ㅜㅜㅜㅜ,120912, 38,2024.10.20
476840623,질문지하철 막차,지금 지허철을 잘못 타서 도원역인데요 병점역으로 가야해요. 병점역에 갈려고 하는데 구로역에서 내리면 바로 앞에 있는 라인?을 타면 되나요? 제발 빨리 알려주세요ㅠㅠㅠㅜㅠ 병점행 막차는 언제인가요???,12091208, 20,2024.10.19
476838688,질문남양주공인중개사학원,공인중개사 자격증 공부 시작하려고 해서 학원을 알아보고있는데 지역은 가평쪽이여서 남양주공인중개사학원을 다닐까하는데 남양주공인중개사 학원 망했나요? 알려주실분 있으신가요 ㅠㅠ 그리고  야간반으로 하는곳이 별로없어서 추천해주실수있나요?,120912, 50,2024.10.19
476813895,질문시한부 판정 꿈 해몽 자세하게 해주세요,최근에 시한부 판정을 받고 무덤덤하게 지냈던 꿈을 꿨어요. 근데 어제 꿈에서 잘 지내다가 내일 시한부로 죽는걸 알고 갑자기 펑펑 울었습니다. 꿈 해몽 자세하게 부탁드려요,12091208, 40,2024.10.19
476795587,질문지금 약간 뭐 터지는 소리 뭔지 아시는분?,서울 동쪽에 살고있는데 계속 뭔가 터지는 소리들려서 좀 불안하네여 뭔지 아시는분,12091208, 16,2024.10.18
476786923,질문발포지 파는곳,남양주 다산신도시 근처 발포지 파는곳 있나요?,120912, 19,2024.10.18
476772447,질문새벽에 홍대에서 퇴계원  평내 호평 택시 타면 얼마?,새벽에 홍대에서 퇴계원  평내 호평 택시 타면 얼마나오나요? 대략이에요,12091209, 23,2024.10.18
476771115,질문포천에서 남양주 오전에 길 많이 막히나요?,토요일 오전 11-12시쯤 길 많이 막힐까요? 택시탈거라서요,120912, 20,2024.10.18
476658387,질문주소이전변경,지금살고있는곳이 예)제주도입니다 가족들이랑같이 살고있는데 서울에서 1년살이할려고합니다. 주소이전 혼자만가능한가요?,12091208, 22,2024.10.17
476703538,질문신경치료 과정 좀 알려주세요,지금은 치과를 3번 간 상태이구요 2일차땐 소독만 하고 오늘 물어보니 신경관을 찾았다고? 하더라구요 그래서 소독하고 보내주셨는데 그럼 신경 제거는 언제쯤 하는거죠..? 제가 지금 신경제거를 이미 했는데 모르고 있는건지 뭔지 모르겠어요.. 신경관을 찾았다는건 아직 신경제거하기 전 이라는 건가요?,12091208, 16,2024.10.16
476697247,질문전화 끊어지나요?,지금 가는중입니다라는 메세지를 눌렀는데 끊어지나요?,12091208, 22,2024.10.16
476680332,질문전남친이랑 키스하는 꿈해몽 해주세요 ㅠㅠ,꿈에서 전남친이랑 키스하는 꿈 꿧어요 이거 무슨 의미일까요 ㅠㅠ 해몽좀 해주세요,12091208, 27,2024.10.16
476679153,질문itx가 뭐에요,남양주에서 부산역을 가려고 하는데요 ktx가 자리가 없어서 itx를 타려고 하는데 차이점이 있을까요? 시간을 보니까 itx가 더 오래 걸리던데 뭐죠??,120912, 28,2024.10.16
476655781,질문지금 옥상입니다,지금 떨어지려는데 다 끝이겠죠,12091208, 23,2024.10.15
476653981,질문직물짜는 꿈해몽 무슨 의미일까요?,직물짜는 꿈은 무슨 의미일까요?,12091208, 24,2024.10.15
476649442,질문눈3개 꼬리3개 달린 고양이 잡은 꿈 무슨 뜻인가요?,눈 3개 꼬리 3개 달린 고양이를 잡은 꿈인데 해몽 부탁드립니다. 산속 집이 있었는데 옷을 갈아입으러 들어갈 때부터 주변에서 어슬렁거리다가 나오니까 다가오길래 붙잡았습니다. 눈이 3개 달리고 꼬리가 3개라 위협하는 것 같고 불길해보이는데 어슬렁거려서 잡았습니다. 이거 무슨 꿈인가요? 해몽부탁드립니다ㅜㅜ,12091208, 16,2024.10.15
476624947,질문경구고 내신,제가 지금 내신이 171인데 구미에서 경구고 들어갈수있나요 다른곳은 커트라인이 다 높아서 확률이 있는 인문계가 어딘가요,12091208, 17,2024.10.14
476603854,질문남양주 맛집 로마옥 리버 사이드 한강뷰인가요?,주말에 여자친구와 함께 남양주로 데이트를 가기로 했습니다. 근사한 곳에서 식사를 하고 싶어서 남양주에 파스타 맛집으로 유명한 로마옥 리버사이드를 가보려고 하는데 여기 한강뷰 맞나요? 한강뷰 테이블 좌석도 따로 예약이 가능한지 알려주시면 감사하겠습니다.,120912, 14,2024.10.14
476596004,질문도농역 문산방면,안녕하세요 도농역에서 양원으로 가는 문산방면으로 타는데요 지하철 타러 밑으로 내려가면 타는곳에 양옆으로 두곳이고 지하철 들어오는 곳이 양쪽다 달라서 헷갈려요ㅠㅠ 항상 탈때마다 헷갈려서 잘못탄건가 싶기도하고요ㅠ 어느쪽에서 타야하는지좀 알려주세요ㅠㅠ 급합니다,12091203, 26,2024.10.14
476572826,질문로맨스 같은 드라마 추천,지금 엄친아 정주행 다 햇는데 후유증이 너무 심해요ㅜㅜ 약간 엄친아랑 스물다섯 스물하나 같은 풋풋하면서 설레는 드라마 잇나요? 너무 옛날 거 말구요!,12091208, 28,2024.10.13
476562872,질문꿈 해몽 부탁드립니다,꿈에서 창문을 닫았는데 계속 자동으로 창문이 열리는 그런 꿈을 꿨어요 무서운 감정이 들었고 아무리 닫아도 창문은 자꾸 누군가에 의해 열렸습니다,12091208, 22,2024.10.13
476562586,질문꿈 해몽좀 해주세요 !!,요즘 잠을 자면 꿈을 되게 자주자주 꾸는데 몇주전에 제가 꿈에서 연애를 하고있었습니다. 얼굴을 못봤지만 제가 되게 꿈에서 행복해 하고있었고 얘길하며 즐겁게 보내다가 잠에서 깼습니다. 꿈을 꾸고 몇일 뒤 또 똑같은 남성분이 제 꿈에 나왔는데 저랑 커플티를 입고 같이 놀고있는 꿈을 꿨습니다. 그리고 최근에 어떤 남자애랑 헤어지는 꿈을 꿨는데 해몽 부탁드리며 오늘 꿈을 꿨는데 제가 키웠던 햄스터가 나왔습니다.  햄스터 집을 바꿔 줄려고 준비하는데 자꾸 옆집에서 자꾸 쿵쿵쿵 시끄럽길래 문을 열어 확인을 해보니 어떤 할아버지가 샤워를 밖에서 하시고 계시더라구요 그러더니 저희 집으로 뛰어오길래 문을 잠궜는데 문을 부시고 들어오길래 제가 방으로 숨고 있었는데 갑자기 문을 부실기새로 쿵!! 쿵!! 하길래 경찰에 전화를 했습니다. 처음엔 손이 떨려 123 으로 전화를 하고 다시 끊고 112에 전화를 하는 꿈을 꿨습니다. 해몽부탁드려요 ㅜㅜㅠ,12091208, 18,2024.10.13
476465137,질문모닝글로리,별내 근처에서 가장 큰 모닝글로리점이 어디일까요?,12091216, 34,2024.10.13
476559064,질문남양주에서 경희의료원 가는데 오후 4시에  차 많이 막,오후 3-4시 쯤에 차 많이 막힐까요?,120912, 19,2024.10.13
476295218,질문고등학교 고민,제가 지금 리라아트고등학교랑 인천대중예고 둘중에서 고민을 하고있는데요.. 거리상으로는 대중이 1시간 리라가 1시간 10분 걸립니당.. 리라는 8시까지 등교 대중은 8시 40분까지 등교인데 어디로 가야 더 나을까요..,12091208, 23,2024.10.13
476542936,질문근무 1년차 날짜가 언제일까요?,지금 다니고 있는 회사 실재 업무 시작일은 12월 25일인데 인사기록?을 보면 입사일이 12월 15일로 되어있습니다 그럼 제가 일년차가 되는날은 15일인다고 25일인가요?,12091208, 19,2024.10.12
476540639,질문지금 피부관리샵에서 알바하는데 대우가많이안좋네요 ㅠㅠ...,지금 피부관리샵에서 알바하는데 대우가많이안좋네요 ㅠㅠ 그만두는게맞겠죠,12091208, 22,2024.10.12
476539707,질문지금 피부관리샵에서 알바하는데 대우가많이안좋네요 ㅠㅠ...,지금 피부관리샵에서 알바하는데 대우가많이안좋네요 ㅠㅠ 그만두는게맞겠죠,12091208, 28,2024.10.12
476534662,질문꿈해몽 부탁드려요..,제가 지금 중 2학생인데요 제가 작년 담임선생님을 많이 좋아하고 많이 친하거든요 근데 꿈에서 작년에 저희반이 축제 나갔던거를 강당에서 한번더 공연하고 선생님과 나가는데 선생님께서 계속 우셨어요 근데 몇일뒤에 제가 시험인데 어떤 의미 일까요..ㅜ,12091208, 18,2024.10.12
476525660,질문남양주 1200번 버스,지갑을 잃어버렸는데 혹시 버스에서 두고 내렷나 해서 잠실에서 남양주 가는 1200번을 탔는데 혹시 종점 연락처 아시는 분 있나요? ㅜㅜ 찾아봐도 안 나와요 ㅜ,120912, 32,2024.10.12
476472469,질문남양주 다산고등학교 내신커트라인,2025학년도 다산고 내신 커트라인이 몇정도 될까요? 도농고도 궁금해요오,120912, 102,2024.10.12
476472596,질문중학교 내신질문,남양주에 다산고등학교를 가고싶은데요 2025학년도 내신 커트라인은 어느정도 될까요? 글구 다산고 정보좀 주세요,120912, 23,2024.10.12
476520942,질문의자 추천,허리나 어깨가 안좋은사람들한테 좋은 의자 추천받아요,12091208, 15,2024.10.12
476354533,질문남양주 금곡고 특성화 내신,제가 지금 내신이 155.8정도 되는데 금곡고 특성화 들어갈수 있을까요,120912, 40,2024.10.11
476496822,질문남양주 맛집 로마옥 리버사이드 파스타 뭐가 맛있나요?,주말에 남양주로 데이트를 갈 예정입니다. 남양주 맛집 로마옥 리버사이드가 뷰도 좋고 맛있을 것 같아 가보려는데 파스타 종류가 많아서 무엇을 시키면 좋을지 고민입니다. 파스타는 뭐가 맛있나요? 메뉴 추천 좀 해주세요~,120912, 18,2024.10.11
476480096,질문진접고 분위기,남양주 진접에 있는 진접고 분위기 어떤가용 일진 많나여?ㅜㅜ,12091214, 31,2024.10.11
476462358,질문불면증에 시달리고 있어요. 도와주세요.,저는 지금 소리에 심하게 민감한 불면증이 있습니다. 제발 도와주세요. 5~6년 정도 된 것 같은데요. 신도시라 부르던 지역의 대학가 근처 오피스텔에 살 때인데.. 본 건물 1층과 옆건물들 1층에도 술집이 많았습니다. 매일 술마시고 악쓰는 소리에 잠을 설치는 날이 대부분이었고 경찰에 신고를 해도 경고 조치했다고 할 뿐.. 나아진건 없더라구요.. 그렇게 한번 열려서 잠을 깬 귀는 또 그 소리가 들리지 않을까 긴장을 하게 되고 그렇게 조마조마한 채 몇 시간을 뒤척이다 아침까지 잠 못들고 출근을 하게 됩니다. 그 소리는 창문을 닫았음에도 고층이었던 제 집까지 전달될 정도로 소음이 심했습니다. 근데 환장할 문제는 저는 현재 그곳에 살고 있지 않습니다. 다른 곳으로 이사를 온지 6개월 정도 됐는데 새벽 4시 정도면 항상 눈이 떠지고 긴장을 하게 되고 긴장을 하게 됩니다. 귀마개도 이용해 봤지만 새벽에는 항상 깨더라구요. 그 뒤에 느끼는 긴장감은 전처럼 똑같구요. 그래서 전부터 지금까지 수면유도제를 이용하고 있습니다. 근데 그마저도 약효가 떨어지진 않았나 생각될 정도로 새벽에 깨는건 마찬가지 입니다. 정말 돌아버리겠어요.미쳐버릴것 같습니다. 너무 힘들어서 극단적인 생각도(생각만) 해 봤구요. 감히 절실하게 도움이 필요하다고 생각해서 글 올립니다.,12091208, 32,2024.10.10
476456702,질문여수공업고등학교 전기과 성적이 어는정도 되야하나요?,제가 지금 중3인데요 특성화고가 성적이 2학기 중간고사까지라는데 제가 이번에 평균이 30~40중반이고 1학기 중간 기말도 30~40이어서 이점도 여수공고 전기과 갈수있냐요?,12091208, 26,2024.10.10
