﻿doc_id,answer_index,answer,answer_date
477484295,477484295_1,DW 40  부리면 녹 제거 됩니다....핸들 손잡이 커버는 삼천리 대리점에 가서 교체 하여 달라고 하면 됩니다,2024.11.04.
477035974,477035974_1,담양군 농어촌좌석버스 311번[ 지도 노선도 보기 ]기점전라남도 담양군 담양읍 향교리(전남도립대학교)종점광주광역시 서구 광천동(광주종합버스터미널)종점행첫차06:20기점행첫차06:20막차22:05막차22:05평일배차10~20분주말배차15~20분운수사명동광고속인가대수14대노선(메타프로방스[311-2]/에코농공단지[311-3]) -전남도립대학교- 죽녹원 - 담양군청 -담양공용버스터미널- (청전아파트)[311-1]- 담양공고 -담양IC-광주대구고속도로-담양JC(봉산정류장)[4]-광주대구고속도로-고서JC-호남고속도로-문흥JC-광주제2순환도로-문흥IC- 농산물공판장 - 말바우시장 -광주역육교 - 용봉초교 - 경신여고 - 광천치안센터 - (→신세계백화점.이마트) -광주종합버스터미널[5]담양군 농어촌좌석버스 311-1 운행시간표[ 시간표 펼치기 · 접기 ]횟수광주종합버스터미널전남도립대학비고106:3506:35207:0007:00307:2007:20407:5007:55508:2008:20608:4008:50709:2009:10809:5009:40910:4510:101011:1510:551111:5011:351212:2012:051313:0012:351413:4013:501514:1514:301615:1015:001715:4015:501816:1016:151916:3017:002017:0017:402117:4018:302218:1019:102318:4020:002419:4020:502520:502622:05담양군 농어촌좌석버스 311-2 운행시간표2024년 4월 기준횟수광주종합버스터미널메타프로방스비고108:4010:00214:5016:00315:5517:00417:5519:00518:5020:00담양군 농어촌좌석버스 311-3 운행시간표2024년 4월 기준횟수광주종합버스터미널에코농공단지비고107:0508:25208:4009:00도립대 경유(광주발)311:3513:00416:3017:50518:1018:30도립대 경유(광주발)요금※ 10km 기본  초과시 1km 마다 131원 82전 추가 부과(소수점 이하 절사)[13]광역환승 후 하차태그를 하지 않을 시 추가요금이 부과될 수 있으므로 주의해야 한다.목적지출발지용주리 ~ 담양군청남정사거리담양향교~ 전남도립대메타프로방스에코농공단지광천터미널 ~ 용봉초교3 100원3 200원3 500원3 800원4 000원전대사거리 ~ 해광맨션2 800원3 000원3 400원3 600원3 800원서방시장  동강대후문2 500원2 700원2 900원3 200원3 400원말바우시장 ~ 문흥지구입구2 300원2 500원2 800원3 100원3 300원광주시내 구간만 이용할 때는 광주시내버스 요금이 적용되며  담양군내(봉산~메타프로방스) 구간에는 담양군 농어촌버스 요금[14]이 적용된다.,2024.10.24.
476733315,476733315_1,지니고 있던 질병이 씻은 듯 낫게 되고무병장수하게 될 꿈입니다. 이 꿈은 몸의 악귀를모두 쓸어 버리고 새로운 마음가짐과 건강한 신체를지니게 되는 것을 의미합니다. 이렇듯 몸과 마음이 튼튼해지니 삶에 활력이 솟아나고 마음먹은 대로 일이이루어지게 될 꿈이랍니다. 그러니 즐거운 마음으로일상에 임하여 행복을 만끽하시길 바랍니다.질문자분께서 늘 건강하시고 행복하시기를 기원하며글을 씁니다.답변이 도움 되셨다면'포인트 선물'버튼을 클릭하셔서 마음을 전해 주시면 감사하겠습니다!.,2024.10.18.
476361321,476361321_1,청소년 요금 2100원입니다,2024.10.08.
475439223,475439223_1,눈이 많이 내립니다뉴스에도 언급될 정도로https://v.daum.net/v/20221223173059631담양 폭설 비닐하우스 파손[담양=뉴시스] 김혜인 기자 = 대설특보가 내려진 23일 오전 전남 담양군 담양읍 양각리 한 농가 비닐하우스가 폭설로 내려 앉은 상태다. 2022.12.23.(사진=담양군 제공) photo@newsis.com *재판매 및 DB 금지v.daum.net매년 눈이 많이 내리는 지역입니다.,2024.09.17.
475389133,475389133_1,한빛고등학교(담양)에 진학하고 싶은데  석차와 기숙사 입사 가능 여부에 대해 궁금해하시는군요. 몇 가지 사항을 고려해 답변드리겠습니다.1. 한빛고등학교 진학 가능성:한빛고등학교의 입학 기준은 매년 조금씩 다를 수 있지만  일반적으로 지원자들의 내신 성적이 중요한 요소입니다. 현재 석차 79%라면 다소 경쟁력이 떨어질 수 있지만  한빛고가 지원자들의 다양한 요소(면접  자기소개서 등)를 종합적으로 평가하는 학교라면  여전히 가능성은 있습니다. 학교에 따라 성적 외에 다른 요인들도 중요한 역할을 할 수 있으니  한빛고의 입학 전형 요강을 꼼꼼히 살펴보는 것이 좋습니다.2. 기숙사 입사 가능 여부:한빛고등학교는 기숙사 운영이 있는 학교로  보통 기숙사 입사는 성적과 거리 등의 기준으로 선발됩니다. 광주광역시에 거주하는 경우  한빛고가 담양에 위치해 있어 거리가 멀기 때문에 기숙사 입사 우선권을 받을 수 있을 가능성이 큽니다. 하지만 기숙사 입사 기준은 학교마다 다를 수 있으니  한빛고등학교의 기숙사 신청 조건을 확인해 보는 것이 중요합니다.3. 학교에 문의하기:학교 홈페이지에 들어가서 입학 전형 요강을 확인하거나  입학처에 직접 문의해 보는 것도 좋은 방법입니다. 입학 기준과 기숙사 입사 가능성에 대해 더 정확한 정보를 얻을 수 있습니다.결론적으로  석차 79%로도 지원할 수는 있지만  합격 가능성을 높이기 위해 학교의 추가적인 입학 전형 요건을 확인하고 준비하는 것이 중요합니다. 기숙사 입사 역시 거리상 유리할 가능성이 있지만  정확한 정보를 확인하는 것이 좋습니다.,2024.09.15.
475275149,475275149_1,전라도 담양지역에서 생산되는 특산품 막걸리 이름이 죽향입니다,2024.09.12.
