﻿doc_id,title,question,region_id,views,question_date
477484295,질문이정도로 녹슨 자전거 탈수있을까요?,구매는 2017년쯤.. 자전거를 야외 자전거주차장에 묶어둔지 삼년정도 되었는데요 오늘 다시 타려보니 녹이 많이슬어있어서ㅜ_ㅜ 근처 삼천리자전거에서 검진받고 사용하려고했는데 녹은 따로 제거하고와야한다해서요 혹시 이정도로 녹슬어도 녹제거제로 좀 제거하면 탈수있을까요? 그리고 핸들부분의 민트색부분도 교체할수있는지 궁금합니다~,121210, 12,2024.11.04
477191332,질문제가 담양 전씨 인데,담양전씨 전운상 장군은 담양전씨 무슨공파인가요?,12121001, 21,2024.11.04
477035974,질문광주 버스 담양가는 311 버스는 운행 중단했나요?,제가 사정으로 광주에서 담양까지 버스타고 가려 하는데 네이버 길찾기에선 311-1311-2를 타라고 표시 되어있는데 광주 종합 버스 어플에는 담양버스 터미널까지 가야하는데 그 정류장이 표시 돼있지않고 311-2 버스는 아예 버스 목록에 없네요.. 담양버스터미널 까지 가야하는데 그 정류장까지 가는 광주 버스는 다 운행중단 됐을까요?,121210, 31,2024.10.24
476733315,질문꿈해몽과 일상과의 연관성좀 확인해주세요,알바때문에 종로5가를 나가고 있는데 지역 특성때문인지 지지분하고 냄새가 유독나서 다른 곳으로 옮겨야할찌 고민중에 있습니다. 그냥 하루를 시작하는 기분이 찝찝하고 업체 사람들은 뭔가 제3세계인것마냥 나랑 다른 부류같아 적응이 안되고 회사 화장실도 낡고 냄새가 왜이렇게 나던지 그냥 모든게 적응이 안되고 기분이 영 안좋습니다. 이게 다른 곳에서도 알바를 해봤지만 지저분한곳도 많았는데 그곳과는 뭔가 다른 느낌.. 뭔가 적응안되는 이상한 기분.. 그냥 낯설고 적응이 안되는 느낌.. 사람들도 기분상 안맞는것같고~ 그냥 느낌으로 가는게 맞는지... 아님 참고 일해야하는지 헷갈립니다. 더군다나 이 곳에 오고부터 이상한 꿈을 자꾸 꾸는데 가족이 죽거나 애인이 죽어서 우는 꿈을 꾸거나.. 돌아가신 친척이 나타났는데 만져보거나 머리가 빠져 흰속살이 보이거나 등의 이상한 꿈을 꾸어서 더욱 기분이 안좋습니다. 꿈이랑 이 지역이랑 관계가 있을까요?,121210, 26,2024.10.18
476361321,질문담양터미널에서 무등도서관,까지 청소년 요금 얼마인가요? 311번,121210, 27,2024.10.08
475914603,질문순창에서 담양갈 때,순창에서 담양갈 때 시내버스 타고 갈려고 하거든요? 근데 이게 어느 방향으로 가야 할 지 모르겠네요. 혹시 경로 추천해주실 수 있을까요? 정읍에서 15:25에 버스 타고 순창 올거 같은데...,121210, 16,2024.09.27
475814458,질문중3 2학기 국어,저 사람은 회사원이 아니다 가을 하늘이 높다 이 두문장 문장의 짜임이 같아?? -짜임이 뭐야..? -회사원이는 보어 잖아 그럼 다른거 아니야??,121210, 15,2024.09.25
475494422,질문도로 지나는데 예쁜 나무 나무 박사님들 도움 구해요,고속도로를 지나가는데 밤나무 비슷한 꽃이 있는 나무가 매우 많이 있던데 너무 예쁜데 대체 정체가 뭔지 궁금하네요.. 이름좀 꼭 알려주세요. 나무 박사님들의 도움을 청합니다.,121210, 17,2024.09.18
475439223,질문담양 해마다 눈오긴하나요?,****담양 현지인분들만 답변 부탁드립니다. 어쩌다보니 눈보기 드문 지역에서만 살고있어서 겨울되면 항상 눈오는 곳으로 여행갑니다ㅠㅠㅠㅠ 겨울에 일기예보에 눈이 내린다고하면 새벽까지 기다려봐도 안내리는 곳에 살아요... 작년에 눈보고 싶어서 윗지방 갔는데도 뚜벅이라 깊은곳까진 못가서인지 못봐서 올해는 꼭 눈 보고 싶습니다.. 혹시 담양도 해마다 눈이 쌓일 정도로 내리긴 하나요...?,121210, 34,2024.09.17
475389133,질문담양 한빛고  기숙사 갈수있나요?,저는 광주광역시에 살고있는 중3여학생입니다 제가 한빛고등학교를 가려고하는데 석차가79%이거든요 담양 한빛고 갈수있을까요?또한갈수있다면 기숙사도 슬수 있을까요?(제가꼭 기숙사를 가야하거든요),121210, 19,2024.09.15
475275149,질문전라도 담양 죽향이 뭔뜻인가요?,전라도 담양 죽향 지역이름인가요? 무슨뜻인지 좀 부탁드려요,121210, 16,2024.09.12
475259684,질문담양북구예비군훈련장,“북구 예비군 대원 훈련장 이동 편해진다” 기사떴는데  언제부터 시행되나요? 어떻게 신청하나요 공지가 떴나요 ? 광주에서 담양까지 오라는건 진짜 별로였는데 과연 어떻게되나요?,121210, 16,2024.09.12
