﻿doc_id,answer_index,answer,answer_date
477235020,477235020_1,지평역 정류장 승차22-632분  27개 정류장 이동지하철노선도로드뷰송현1리.역말약수터마룡1리.그루고개용문면사무소용문축협(구)용문터미널.용문역입구용문우체국삼성3리삼성리원골삼성2리.월성삼성2리.월성부락입구봉성2리봉성2리.원덕역입구봉성리고개봉성1리노인요양원봉성1리.성미마을대흥1리황골대흥2리.샛골대흥3리양평월드휴게소양평종합운동장앞백안1리.흰골양평동초교양평엘한방병원시외버스터미널김동우내과양평시장입구 정류장 하차양평군 일반시내버스 22-6번[ 지도 노선도 보기 ]기점경기도 양평군 양동면 쌍학리(양동역)종점경기도 양평군 양평읍 공흥리(양평시외버스터미널)종점행첫차20:20기점행첫차21:00막차20:20막차21:00운수사명금강고속배차간격1일 1회노선양동역 → 양동농협 → 쌍학리 → 활거리 → 단석1리 → 단석2리 → 단석3리 → 서원2리 → 서원1리 → 주암2리 → 일신3리 → 일신역 → 무왕2리 → 망미1리 → 망미2리 → 지평4리 → 지평역 → 송현1리 → 마룡1리 → 용문면사무소 → 용문역 → 삼성3리 → 삼성2리 → 봉성2리.원덕역 → 봉성1리 → 대흥1리 → 대흥2리 → 대흥3리 → 양평종합운동장 →양평시외버스터미널→ 양평시장 → 양평군청.양평역→ 양평초 → 양평군민회관.보건소 → 양평중 → 양평병원 →양평시외버스터미널,2024.10.29.
477117395,477117395_1,옥동식  연잎향기  용문막국수  여물고개  무난한식당 추천해요,2024.10.27.
475888838,475888838_1,양평군 양서면 국수리는 국수를 많이 재배했거나 국수를 만드는 곳이 많아서 이름이 붙여졌습니다.,2024.09.27.
475888838,475888838_2,경기도 양평군 양서면 국수리(菊秀里) 지명의 유래는인근에 국수봉(菊秀峰)이 있어서 유래한 이름으로 국수산 밑에 있는 마을이라 하여 국수리라는 지명이 붙었다고 합니다.,2024.09.27.
475795169,475795169_1,양평 양떼목장 핑크뮬리 장관입니다,2024.09.25.
475795169,475795169_2,세미원과 두물머리에는 핑크뮬리가 없습니다.양평 핑크뮬리 명소는 양평 양떼목장과양동면 고송리 동국이네 가을정원을 찾아가시면 예븐 핑크뮬리밭을 만날 수 있습니다.양평 양떼목장 핑크뮬리핑크뮬리는 햇빛의 방향에 따라 보라색에서 핑크색까지 다양한 모습을 만날 수있습니다.사진 촬영 명소로 위험한놀이터에서 산책로를 따라 올라가면 나옵니다.양평양떼목장경기도 양평군 용문면 은고갯길 112동국이네 가을정원동국이네 가을정원은 맑은술도가 체험장이 위치한 곳으로작년에 막걸리축제가 열렸던 핑크뮬리밭입니다.네비게이션에 고려대학교 양평학술림 검색하고 찾아오시면학술림 입구 다리를 건너면 바로 핑크뮬리밭이 보입니다.고려대학교양평학술림경기도 양평군 양동면 고송리 산303입장료가 있으며막걸리 체험과 차와 음료도 판매합니다.세미원에 가시면 수련문화제가 10월말까지 열리는데 작지만 화려하고 예쁜 수련을 만나볼 수있습니다.,2024.09.27.
475763254,475763254_1,교통편 조금 어렵습니다.,2024.09.24.
475055902,475055902_1,자동차검사에에어컨 고장은 검사항목이 아닙니다에어컨이 고장이 나도 상관이 없습니다 그냥 가셔도 됩니다...,2024.09.08.
