﻿doc_id,answer_index,answer,answer_date
476452786,476452786_1,창녕,2024.10.10.
476102855,476102855_1,안녕하세요 동서대학교 입학처입니다 !전년도(2024학년도) 입시 결과 특성화교과 전형을 모집을 하지 않아 점수가 없습니다. 올해(2025학년도)는 영상애니메이션학과는 2명 웹툰학과도 2명이라 올해부터 입결이 생깁니다.더 궁금한 점은 동서대학교 입학처 ☎051) 320-2115~8로 연락 주시기 바랍니다 !!그리고 동서대학교는 '글로컬대학 30'에 최종 선정되어 교육부로부터 5년간 1 000억을 지원받게 되었습니다. 아래 영상을 통해 글로컬대학 동서대학교에 입학하시면 누릴 수 있는 다양한 혜택도 챙겨보세요!!그럼 답변이 도움되셨길 바라며 오늘도 좋은 하루 보내시길 바랍니다 ♥더 궁금한 점은 동서대학교 입학처 ☎051) 320-2115~8로 연락 주시기 바랍니다 !!그럼 답변이 도움되셨길 바라며 오늘도 좋은 하루 보내시길 바랍니다 ♥글로컬대학 30 안내https://www.dongseo.ac.kr/kr/index.php?pCode=MN2000191&mode=view&idx=97043동서대학교는 ‘글로컬대학 30’에 최종 선정되어 교육부로부터 5년간 1 000억원을 지원받게 되었습니다.아래 영상을 통해 글로컬대학 동서대학교에 입학하시면 누릴 수 있는 다양한 혜택도 챙겨보세요^^영상 바로보기 ☞https://youtu.be/YNeYB5PJpM4?si=wmLqgQHQ7R-Qh5wq꼭 동서대학교에서 만났으면 좋겠습니다 ♥,2024.10.04.
476078947,476078947_1,ㅇ,2024.10.01.
476078947,476078947_2,인문계입니다,2024.10.10.
476078947,476078947_3,안녕하세요 궁금하신 내용이 경남 창녕소재 남지고등학교에 관한 사항이로군요.경상남도 남지고등학교는 계열을 보면 실업계 고등학교가 아닌 일반계 고등학교입니다.하지만 읍면지역에 있는데다 입학하는 학생들 수준을 본다면 중하위권도 입학하므로 실업고 수준이지요.,2024.11.01.
475445418,475445418_1,지번 주소 '경상남도 창녕군 고암면 억만리 848'는 도로명 주소에서 검색되지 않습니다.,2024.09.17.
475357662,475357662_1,9/15 토끼노래동산 썰매 한다. 몇 시에 할지는 미정.답변이 도움되셨으면 좋겠습니다-말씀하신 질문 :창녕 이방면 토끼노래동산 9/15 일요일 썰매 하나요?하면 몇시에 하나요?,2024.09.14.
