﻿doc_id,title,question,region_id,views,question_date
477280696,질문창녕여고 등교,창녕 여고 월요일때 등교는 집이 멀 경우엔 1교시를 빼준다고 들었는데요.! 그게 1년중에 한두번만 가능한건가요? 아니면 매주 가능한건가요?,12101602, 23,2024.11.05
477149582,질문창녕옥야고 갈 수 있을까요?,안녕하세요. 저는 고1이 되는 중3입니다. 제가 작년에 창녕옥야고 설명회를 갔는데 처음에는 관심이 없었습니다. 왜냐하면 성적이 될까라는 생각을 해가지고 하지만 제 주변친구들 보니까 자사고나 외고를 갈려고 준비하는 친구들이 많습니다. 일반고를 생각하고 있었는데 내년부터 5등급제로 바뀌니까 생각이 좀 많아지더라구요. 그리고 2학년때보다 전교등수도 거의 10등정도 올라서 전체 3학년 약 140명 중에서 21등을 했습니다. 차라리 일반고에서 중간정도 애매하게 하는 것보다 옥야고 가는게 나을까요..??ㅜㅜ 지금 일반고 갈지 옥야고 갈지 너무 고민이 됩니다.. 뭐가 더 괜찮나요??,12101602, 25,2024.10.27
476869736,질문창녕여고 분위기 어떤가요?,공부 잘하는 사람들 많나요? 시험 많이 어려운가요?,121016, 37,2024.10.22
476452786,질문경남간호고 창녕여고 질문!!!!!!!!!,원래는 경남간호고에 관심이있었으나 오늘 창녕여고에 대해 알게되었어요. 경남간호고는 시설은 그닥이지만 밥값무료 기숙사비 8만원으로 알고 있는데 창녕여고는 시설이 좋고 밥값은 5만원? 정도인것 같고 기숙사비는 50만원..? 인것 같던데 제 중학교 성적은 거의 평균 80점대고요 못하는건 아니지만 그렇다고 잘하는 편은 아닌것 같아요. 지금 시점에서 2주후에 기말고사가 있고요. 경남간호고랑 창녕여고랑 비교하면 창녕여고가 더 빡셀것 같은데 그냥 간호고 갈까요? 아 근데 제가 교우관계가 좀 잘안되서 기쎄거나 막 선배들 무섭거나 ㅋㅋㅋ 뭐 예전시대처럼 일진은 없겠지만 순한? 착한 애들이 더 많은 학교는 어딜까요?ㅠ 잘 아시는 분들이나 재학생분들 답변해주세요 ㅜㅜ 아 그리고 교칙같은것도 알려주시면 좋고 복장 기숙사 공부 학업 이런거 알려줘도 괜찮아요! 궁금하거든요,12101602, 35,2024.10.10
476102855,질문동서대 웹툰과영산애니과 특성화전형 등급이 몇인가요?,등급을 찾을려는데 안 보여요ㅜ,12101611, 51,2024.10.02
476078947,질문경남 남지 고등학교 실업계인가요?,경남 창녕 남지고등 학교가 실업계 인가요?,12101601, 57,2024.10.01
475445418,질문고암면 억만리 848번지의 영문 표기,Daum지도에서 살펴보니 경상남도 창녕군 고암면 억만리 848번지 는 괴산2길에 접해있는 단독주택(두거리집)입니다. 창녕군 고암면 억만리 848번지를 영문으로 표기하는 방법을 알려주시기 바랍니다.,12101604, 9,2024.09.17
475357662,질문창녕 이방면 토끼노래동산 9/15 일요일 썰매 하나요?...,창녕 이방면 토끼노래동산 9/15 일요일 썰매 하나요? 하면 몇시에 하나요?,12101602, 31,2024.09.14
475069831,질문대구계성고등학교,제가 공부를 안 해서 90%가 나왔어요 ㅠㅠ 계성고가 작년에 미달이었고 90%로 넘어도 다 받아준다고 했었는데요 제가 계성고에 들어가서 계산을 해보니 60점쯤이던데 계성고 갈수있을까요? 작년 계성고 커트라인이 얼마였나요 ? 기숙사로 가면 대부분 갈수있나요 ?,12101603, 21,2024.09.08
