﻿doc_id,answer_index,answer,answer_date
477427354,477427354_1,문경새재도립공원에 버스정류장이 있으니까 그렇게 힘들지는 않아요 부산 어디에서 출발합니까?,2024.11.03.
476697135,476697135_1,1460m입니다.,2024.10.16.
476023980,476023980_1,버스타고 어플 또는 티머니GO어플에서 예매 가능합니다.,2024.09.30.
476023980,476023980_2,버스타고에서 하면 됩니다,2024.09.30.
475200531,475200531_1,영신여고 면학 분위기 아주 좋고 선후배간 교우 관계 아주 좋은 학교입니다생기부 관리 내신관리 잘 하여 주고 대학 진학률 높은 학교입니다,2024.09.11.
