﻿doc_id,title,question,region_id,views,question_date
477427354,질문부산에서 문경세제 16개월아기랑 대중교통으로 갈가하는데,너무 힘들라나요 적당히 갈만하겠죠?? 당일치기 혹은 1박으로요,12110513, 26,2024.11.03
477274066,질문외국어 여자 기숙사 중학교가 있나요,전학가고 싶은데 친구가 외국어여자기숙중학교로 전학갔다는데 학교 이름이 뭐냐고 물어봐도 이름이 없고 그냥 외국어중학교외중 이라고 한대요ㅠㅠㅠㅜ 특징은 기숙사 방이 2명 3명 6명 선택 가능하고 노래방있고 매점도 있고 급식도 좋고 여행도 자주간대요 지역은 일산? 경기도쪽에 있다는데 확실히는 모르겠네요ㅠㅠㅠ,12110509, 30,2024.10.31
476620822,질문수원 영신여고에 대한 질문입니다,제가 지금 중3이라서 갈 고등학교를 정햐야하는데 영신여고를 갈까 생각중이긴한데 궁금한점이 몇가지 있어서 물어봅니다. 1. 영신여고 내신따기 많이 어려운가요? ㄴ여고라서 주변에서 따기 어렵다는 사람들이 많아서요ㅠ 2. 영신여고 분위기 어떤가요? ㄴ여고가 기싸움이 있다는 소리가 있던데 혹시 있나요? 3. 제가 지금 내신 190 초중반 인데 갈수 있을까요? 4. 공부 분위기 좋나요? 5.여기서 좋은 대학교 간사람 많나요? ㄴ수시나 정시 둘다여 6.등교시간과 교칙이 빡센지 궁금합니다,12110505, 22,2024.10.19
476697135,질문인천방향 마성터널의,터널 길이는 몇 미터인가요?,12110516, 18,2024.10.16
476549643,질문경북 문경시 고등어 가공식품 업체(주)에프엔지 망했나요,경북 문경시  고등어 수산물 가공업체 (주)에프엔지  공장 망했나요,121105, 14,2024.10.13
476394284,질문관문고시원 문닫았나요?,10여년 전에 지냈던 곳인데 지금도 하나요?,121105, 29,2024.10.10
476023980,질문점촌 출발 시외버스 예매 어디서 하나요?,점촌에서 동대구복합센터 시외버스 예매 할려고 해요 어디서 해야하나요?,12110509, 28,2024.09.30
475200531,질문수원 영신여고 가려는데 분위기가 많이 안 좋은가요?,저희 아이가 워낙 남녀공학 한 반 한 학교 남자애들한테 호감도 많이 받고 또 본인도 애정결핍인지 너무 그런 애들한테 혹해서 연애하고 헤어지고를 자주 하고 외모 치장하느라 본인도 그걸 알고 집에서 엄청 멀지만 통학 가능한 여고를 찾다보니 고등 때는 좀 정신 차려보겠다고 영신여고를 지원하겠다고 하는데 대부분의 지인들이 뜯어말리네요. 물론 다른 이유로는 아이가 중상위권이라 내신으로 대학 가려니 비교적 나신 따기 쉬운 학교를 지원하려고하다보니 영신여고를 고려중인데 여자애들만 있음 왕따나 기싸움 심하고 특히 영신은 노는 애들 천지라고 자칫하면 같이 휩쓸려 입시 망친다고 말리는데 어찌해야 할 지 모르겠어요. 수원 영신 여고 요즘 분위기 어떤가요?,12110505, 29,2024.09.11
475177309,질문빌라 분리수거통 교체,지금 분리수거 종류가 2개 밖에 없어서 그냥 막 버리는데 분리수거 통을 바꾸려면 사비로 해야하나요 아님 시에서 무료로 바꿔주나요,121105, 16,2024.09.10
475166266,질문점촌 정형외과 괜찮은 곳 추턴해주세요,,12110509, 17,2024.09.10
