﻿doc_id,answer_index,answer,answer_date
477577274,477577274_1,아뇨. 상관없습니다.,2024.11.06
477577274,477577274_2,아뇨. 상관없습니다.,2024.11.06
477576108,477576108_1,압구정로데오역에 물품보관함이 있습니다.역 내부에 위치해 있으니 참고하세요.,2024.11.06
477561630,477561630_1,네  안녕하세요?제주의 동명에 따라 달라집니다만 대략요금은 10만원입니다 접수는 언제든지 가능합니다 프로필 터치하셔서 전화주시면 저렴한 금액으로 친절하고 안전하게 배송해드리겠습니다 감사합니다 채택도 부탁드립니다 좋은 하루 보내세요 ^^~,2024.11.06
477558325,477558325_1,8학군 강남구 서초구5학군 노원구 중계동,2024.11.06
477546352,477546352_1,원웨이시트입니다.멀리서  보시니까  안보입니다.검색 해보시면  원웨이필름(시트)이 어떤것인지 이해를 하실수 있습니다.자세히 가까이서 보면 청색바탕에구멍이 있는데 멀리서 보면 안보입니다.야간에  조명은 백색이므로 구멍사이로백색이 나오는데 전체가  백색처럼 보입니다.질문자님    관찰력  대단하신대요?이런것을  개발하신분도   있는데일반분들은  잘  모르십니다.도움이 되셨기를...,2024.11.06
477546352,477546352_2,원웨이필름으로 시공해서 이런효과를 나타낸다고 합니다...,2024.11.06
477546352,477546352_3,LED 간판이라고 보시면 될 거 같아요밤에는 파랑색 흰색 간판이면은 안보이기 때문에LED로 전환되어서 밤에 잘 보이도록 바뀌는 원리라고 보면 될거 같아요,2024.11.06
477543991,477543991_1,"https://flash-game-house.tistory.com/entry/%EC%A5%AC%EB%94%94%EC%9D%98-%EC%B0%9C%EC%A7%88%EB%B0%A9-%EA%B2%8C%EC%9E%84%ED%95%98%EA%B8%B0쥬디의 찜질방 게임하기"" data-ke-type=""html"">HTML 삽입미리보기할 수 없는 소스※ 마우스 오른쪽 버튼 클릭으로 전체화면 플레이를 할 수 있습니다.(모바일에선 한 손가락 꾹 터치  안드로이드만 전체화면 가능) 쥬디의 찜질방키니위니 쥬디게임의 최고 인기작  쥬디의 찜질방입니다. 손님의 주문에 맞게 서비스를 해주고 요금을 받는 타이쿤 게임이며  레벨이 오를수록 손님이 늘고 찜질방이 점점 번창하게 됩니다. 불가마  마사지의자  수면실과 간식과 청소 등등 손님의 말풍선에 표시된 그림에 맞게 서비스를 제공해 주세요. 잘못 클릭한 물건은 쓰레기통을...flash-game-house.tistory.com",2024.11.06
477406643,477406643_1,수서역 근처 인형뽑기 매장 없습니다,2024.11.04.
477455567,477455567_1,화류계 같습니다채택 부탁드립니다~,2024.11.04.
477450850,477450850_1,강남 / 가로수길 / 압구정로데오 / 코엑스정도인데 코엑스가 그나마 괜찮아보입니다.,2024.11.04.
477450850,477450850_2,압구정로데오역도산팝업스토어 젠틀몬스터 팝업 11월2일 ~ 1월14일2호선삼성역코엑스몰 아쿠아리움별마당도서관 1층 2층 약7만권 책대여는 불가 하며 안에서만 가능 2층이 한가한편강남 역11번 출구 강남역 지하상가 200여개 매장리니게이트 팝업스토어 콜투마인드 팝업스토어 악세사리 폰 등 옷가게가 유명 10시 ~ 22시애플샵 cgv 뒤쪽골목에 방탈출 보드게임 등 이색까페 네컷사진 이 많은곳먹거리 꼬꼬이 일식 카레 디저트 빌리엔젤 1만원대8번 출구 삼성전자 딜라이트샵 무료10번출구 골목이 성인상권 이고 건너편 11번출구 cgv 쪽은 학생들 상권)중간 카카오프렌즈 3층 까페 음료 도넛 5천 ~ 3천뒤쪽 제로ㅇㄷ 방탈출까페 먹거리 강ㄴ교자 칼국수1만원대 콤보 샌드위치클럽 포차거리가장 끝 신논현역 교보문고4번 출구 직진 10분 kbo 회관 프로야구 정보 전시관 무료,2024.11.04.
477441227,477441227_1,17일 셋째 주 일요일 휴무,2024.11.03.
477385708,477385708_1,강남 태영데시앙루브에서서울역 가는 버스는 6000번입니다.약 30분 소요되며 직행으로 편리합니다.,2024.11.03.
477413108,477413108_1,강남 역11번 출구 강남역 지하상가 200여개 매장리니게이트 팝업스토어 콜투마인드 팝업스토어 악세사리 폰 등 옷가게가 유명 10시 ~ 22시애플샵 cgv 뒤쪽골목에 방탈출 보드게임 등 이색까페 네컷사진 이 많은곳먹거리 꼬꼬이 일식 카레 디저트 빌리엔젤 1만원대8번 출구 삼성전자 딜라이트샵 무료10번출구 골목이 성인상권 이고 건너편 11번출구 cgv 쪽은 학생들 상권)중간 카카오프렌즈 3층 까페 음료 도넛 5천 ~ 3천뒤쪽 제로ㅇㄷ 방탈출까페 먹거리 강ㄴ교자 칼국수1만원대 콤보 샌드위치클럽 포차거리가장 끝 신논현역 교보문고4번 출구 직진 10분 kbo 회관 프로야구 정보 전시관 무료2호선삼성역코엑스몰 아쿠아리움별마당도서관 1층 2층 약7만권 책대여는 불가 하며 안에서만 가능 2층이 한가한편2호선잠실 역잠실역 지하상가 영업장 150개 옷가게 가장 많고 소품샵도 먾은곳4번 출구 롯데월드2번 출구 롯데타워롯데타워 뒤 석촌호수 동호송리단길 보드게임카페(청소년할인) 만화카페 소품샵거리 공방네컷사진 노래방 등 즐길 거리가 있는 곳소품샵코지블루비쥬마켓루이코모맛집세컨디포레스트 스파게티 1.5봉땅 꽈베기 4동경산책 일식 1.4일일향 중국집 1.1,2024.11.03.
477413108,477413108_2,강남 추천지 입니다선릉과 정릉 코스강남역 지하상가교보문고  강남점코엑스몰별마당  도서관아쿠아리움봉은사가로수길압구정  로데오거리청담동 명품거리유명한 클럽이 많고특급호텔 뷔페가 유명유흥주점이 많습니다,2024.11.03.
477388428,477388428_1,강남역 근처에서 사람들이 비교적 적고  여유롭게 PT를 받을 수 있는 곳으로는 다음과 같은 추천을 드립니다.1. 미진휘트니스센터: 강남역 1번 출구 바로 앞에 위치한 이 피트니스센터는 다양한 운동 기구와 프로그램을 제공하며  여유로운 분위기에서 PT를 진행할 수 있는 것이 장점입니다. 이곳에서는 1일 입장하여 인바디 체크 및 다양한 상담도 가능하니  직접 방문하여 확인해 보시는 것을 추천드립니다.2. 강남일대의 프리미엄 PT 스튜디오: 강남역 근처에는 소규모 PT 스튜디오가 여러 곳 있습니다. 주로 예약제로 운영되며  트레이너와의 1:1 세션을 통해 여유롭게 운동할 수 있는 공간을 제공합니다. 방문 전 사전 예약과 상담을 통해 트레이너와의 매칭과 시설 확인이 가능합니다.추가적인 정보가 필요하시다면  더 많은 추천 및 상세 상담은 네이버 카페에서 확인하실 수 있습니다.,2024.11.02.
477385760,477385760_1,강남역 cgv 앞 버스중앙차로에서 402번 탑승힐튼호텔 정류장 하차 조금내려가면 서울역 8번출구,2024.11.02.
477357946,477357946_1,장한평역 3번출구 장안1동 작은도서관장안1동 작은도서관서울특별시 동대문구 장한로26가길 113장한평역서울특별시 동대문구 장안동 480-16,2024.11.01.
477354658,477354658_1,1.네 맞습니다  1988년 1월 1일 강남구에서 분리 되었습니다2.자세한 내용은 아래 서초구청 홈페이지  참고해 보세요서초구청 ::오늘 행복하고 내일이 기다려지는 서초::서초구청 홈페이지에서 다양한 민원서비스와 소식을 확인하세요.www.seocho.go.kr,2024.11.01.
477354658,477354658_2,강남구 땅이 너무 넓어서 87년 부터 분구1987년  강남구 에서 강동구 분구1988년  강동구 에서 송파구 분구1988년  강남구 에서 서초구 분구서초구남쪽은 경기 성남시 및 과천시와 경계를 이루고  동쪽은 강남구  서쪽은 관악구·동작구와 접하고  북쪽은 한강을 경계로 용산구를 마주본다. 1963년 경기 시흥군 및 광주군에서 서울시로 편입된 이래  강남구의 관할에 있다가 1988년 1월 강남구에서 분구하여 서초구로 독립하였다.,2024.11.01.
477340096,477340096_1,일반인 출입 가능 합니다....저도 거래처가 있어 방문 합니다,2024.11.01.
477309515,477309515_1,거의 개인병원들은 점심시간 맞추기 어려우실 거구큰병원이 그나마 괜찮은데 이것도 예약하시는게 시간을 더 절역하실 수 있는 방법일 것 같아요.코엑스 주변에 위치하신다면 광동병원 가보시는 것도 도움 되실 것 같습니다.,2024.10.31.
477284734,477284734_1,호빵맨 들이 나중에  이뻐짐남자들은 그대로인데 여자들은 걱정안해도 됨,2024.10.30.
477284734,477284734_2,1.우선 얼굴 롤모델을  정해서 얼굴형을  정합니다2.얼굴 표정. 얼굴 마사지. 얼굴 운동. 얼굴 지압. 기구 이용. 헤어 스타일 커버 합니다3.개선해도  지속적이면  성인이 되어서 전문가 상담 하고 종합적  으로 판단을 추천 합니다,2024.10.30.
477274022,477274022_1,당연히 열불나죠 아파죽겠는데 친자검사?아무리 세상이 흉흉해도 친자검사를 하겠다는것은아내의 불륜을 의심하는 말입니다 정말 사랑하고믿는 상대에겐 절대 할 수 없는 말이죠친자검사 하지마세요,2024.10.30.
477221500,477221500_1,맥joo 여기서 롤드컵 중계도 해주긴했었는데 지금은 롤 중계 하는지 확인은 해보셔야 합니다.위치는 강남 인근 잠실입니다. 잠실새내역 인근입니다.잠실새내 맥JOO 퍼블릭하우스서울특별시 송파구 백제고분로7길 42-12 2층 맥JOO 퍼블릭하우스,2024.10.30.
477266305,477266305_1,청담이면 7호선 라인 북쪽 광진구 중랑구 쪽이 방세도 저렴하고 외국인이 많이 없어 괜찮은곳이중에 군자역이  바둑판처럼 잘정리되어 있는 평지  깔끔하고 교통 편의시설이 가장좋은곳사가정역 작지만 번화가도 있음용마산 중곡은 방세가 저렴  면목 무난한 수준,2024.10.30.
477266305,477266305_2,대림역이나 신풍역  보라매역 등 7호선으로 압구정이나 청담까지 30~40분내외입니다.청담역까지가 30분내외이고 압구정까지 3호선으로 1회 환승해야해서 40분 내외입니다.,2024.10.30.
477254387,477254387_1,도곡렉슬아파트 강남세브란스병원 정류장에서 4432번 버스 탑승하시고3개 정류장 후 중대부고정류장에 하차하시면 됩니다중대부고 정류장에서 숙명여고 까지는 약 450m 정도 됩니다버스+도보 총 15분 정도 걸립니다중대부고 정류장에서 숙명여고 가는 방법,2024.10.30.
477206172,477206172_1,1.종로 세종로에  집회가 있습니다2.아래 경찰청 리스트  참고해 보세요서울경찰청서울경찰청 정보공개 알림마당 국민마당 홍보마당 정보마당 소개마당 경찰민원포털www.smpa.go.kr,2024.10.28.
477199426,477199426_1,안녕하세요! 강남역 근처 헬스장을 찾으신다면  단기 등록 옵션을 제공하는 곳이 있습니다. 특히 강남역 1번 출구 바로 앞에 위치한 미진휘트니스센터는 일일 입장권부터 일주일  한 달 단위의 단기 이용권도 제공하고 있어요. 단기 등록 시에도 다양한 운동 기구와 프로그램을 이용할 수 있으며  필요한 경우 인바디 체크와 전문 상담도 받으실 수 있습니다.더 궁금한 사항은 방문하셔서 직접 상담을 받아보시면 맞춤형 안내를 받으실 수 있습니다. 추가 질문이 있으시면 NAVER 카페에도 남겨주시면 더 상세하게 답변 드릴게요!,2024.10.29.
477184088,477184088_1,안녕하세요역삼역 인근 회식장소로 적합한 횟집을 추천드리겠습니다.1. 보물섬- 자연산회 맛집으로 유명한 곳으로  단체 손님이 이용 가능합니다.- 주소는 서울 강남구 테헤란로20길 11-1이며  영업시간은 월-토 16:00-01:00  토요일은 24:00까지입니다.- 주차는 불가하며  예약과 포장이 가능합니다.2. 백수산- 역삼역 8번 출구에서 도보 7분 거리의 지하에 위치해 있으며  4인 테이블 7개의 홀과 2개의 룸으로 구성되어 있습니다.- 스페셜  A코스  B코스 등의 메뉴가 있으며  가격은 3.9만 원부터 시작합니다.- 영업시간은 매일 10:30 - 23:00이며  매주 일요일은 휴무입니다.3. 사량도회- 모던한 분위기의 횟집으로  매일 10:00 - 22:00까지 운영합니다.- 주방장 스페셜과 회 정식(점심특선)이 대표 메뉴입니다.4. 복돈이 막회 역삼본점- 해산물과 당일 도축한 한우육회를 한곳에서 즐길 수 있는 요리주점입니다.- 주소는 서울 강남구 테헤란로37길 22 지하 1층이며  영업시간은 매일 11:00 - 02:00입니다.- 주차는 발렛 주차로 가능합니다.위의 횟집들은 모두 역삼역 인근에 위치해 있으며  날것을 못 먹는 분들을 위한 메뉴도 제공하고 있습니다.각 식당의 메뉴와 가격  영업시간 등은 변동될 수 있으므로  방문 전에 미리 확인하시는 것이 좋습니다.즐거운 회식 되시길 바랍니다!,2024.10.28.
477177016,477177016_1,강남 역11번 출구 강남역 지하상가 200여개 매장리니게이트 팝업스토어 콜투마인드 팝업스토어 악세사리 폰 등 옷가게가 유명 10시 ~ 22시애플샵 cgv 뒤쪽골목에 방탈출 보드게임 등 이색까페 네컷사진 이 많은곳먹거리 꼬꼬이 일식 카레 디저트 빌리엔젤 1만원대8번 출구 삼성전자 딜라이트샵 무료10번출구 골목이 성인상권 이고 건너편 11번출구 cgv 쪽은 학생들 상권)중간 카카오프렌즈 3층 까페 음료 도넛 5천 ~ 3천뒤쪽 제로ㅇㄷ 방탈출까페 먹거리 강ㄴ교자 칼국수1만원대 콤보 샌드위치클럽 포차거리가장 끝 신논현역 교보문고4번 출구 직진 10분 kbo 회관 프로야구 정보 전시관 무료,2024.10.28.
477173651,477173651_1,수서역 3번출구 입니다,2024.10.28.
477172566,477172566_1,안녕하세요.저도 신사역 근처에서 직장을 다니고 있어요. 신사역 피부과 저도 궁금해서 여신티켓이나 강남언니에서 많이 찾아봤는데요. 저는 아이에이치의원 추천합니다.우선은 가격적인 측면에서 가성비가 좋은 시술들이 몇 개가 있고요.(온다리프팅  슈링크  울쎄라 등) 신사역 피부과 저도 많이 찾아봤지만아이에이치의원만큼 꼼꼼하게 잘 봐주시는 곳이 없는거 같아요.가격은 공장형 피부과처럼 합리적인데 대기가 없는 경우가 많아서 예약없이 방문한 적도 있어요.과즙세연님도 병원에 방문하시는걸 본 적 있어요. 신사역 피부과에 대한 답변이었습니다. 채택 부탁드려요.,2024.10.28.
477153638,477153638_1,윈터스쿨 알아보시고 계시군요.저도 도움 받았습니다.아직 모집중인곳도 있으니 잘 결정하셔서 좋은결과 있으시길..,2024.11.06
477133814,477133814_1,40년 정도 된 지하보도 옛날에는 횡단보도가 없었음https://blog.naver.com/cnmnews2015/220903203688영동시장 앞 횡단보도 설치된다(서울경기케이블TV뉴스)【 앵커멘트 】 지난해 9월 강남구 영동전통시장과 서초구 반포1동을 쉽게 오갈 수 있는 횡단보도 설치 민...blog.naver.com,2024.10.27.
477127159,477127159_1,1.아니요 논현동은  지역 마다 조금 차이가 있습니다2. 유흥 관련 종사 하는분들이 사는곳도 있고 .3.전직 장관. 고위직 . 국회의원 사는 곳도 있습니다,2024.10.27.
477127159,477127159_2,논현역에서  신논현역 사이 영동시장 이쪽에 단란 주점도 많고 노숙자도 많음영동시장 앞 지하보도에 노숙자들 많이 사는 곳,2024.10.27.
477125468,477125468_1,강남 유앤미 추천https://www.gnyouandme.com/강남가라오케 - 강남 유앤미 강남 유앤미 가라오케 | 유앤미강남 가라오케 - 강남 유앤미 하이퍼블릭 | 유앤미가라오케 전화문의 : 010-8185-1196 강남 가라오케  강남 유앤미 가라오케에서는 강남지역의 최신트렌드 선도하며 최고의 음향시설과 실력있는DJ팀 최고의매니저 고급음료가 구비되어있습니다. 강남 트렌디한 밤문화를 즐기실수있으며  지인분들과 신나는 분위기 편안함을 공간에서 강남의 환상적인 밤을 보내세요. 가격 시스템 견적 주소 위치등을 24시간 연중무휴로 친절하게 설명해드리고있습니다. 많은관심 부탁드립니다 강남가라오케 최고시설에서 기억남는 최고의 추억을 선사하세요www.gnyouandme.com강남 달토 추천https://www.gnkaraokerabbit.com/강남가라오케 - 강남 달토 강남 퍼펙트가라오케 | 달리는토끼강남 달토 강남 퍼펙트가라오케에서는 달리는 토끼처럼 빠른 서비스와 함께 강남 최고의 경험을 선사합니다. 인스타 여신급 BJ  모델  대학생  승무원 출신 등 다양한 프로필의 20대 전문가들과 함께  강남에서 가장 넓은 규모와 최상의 서비스로 여러분을 맞이합니다. 예약제로 운영되어 기다림 없는 프리미엄 경험을 제공하며  각종 모임과 파티에 최적화된 공간에서 거짓말 없는 최저 가격과 양심적인 서비스를 약속 드립니다. 강남가라오케 최대 규모 시설에서 기억되는 특별한 밤을 경험하세요.www.gnkaraokerabbit.com강남 퍼펙트 추천https://www.dalto7.com/강남달리는토끼 | 강남달토강남1등가라오케 예약문의 [010-7158-4504] 강남달리는토끼 강남달토 강남 가라오케 1등 가라오케www.dalto7.com,2024.10.26.
477111069,477111069_1,강남역 근처에서 PT(퍼스널 트레이닝)를 잘하는 곳을 찾고 계시군요! 추천드릴 만한 곳으로는 강남역 1번 출구 바로 앞에 위치한 미진휘트니스센터가 있습니다. 이곳은 다양한 PT 프로그램을 제공하며  회원 맞춤형 인바디 체크와 상담을 통해 목표에 맞는 트레이닝 계획을 세워줍니다. 또한  1일 입장하여 시설 체험 및 상담을 받아보실 수 있으니 방문해보시는 것도 좋겠습니다.대학교 입학 전 체형 관리와 체력 향상에 도움이 되도록 운동뿐만 아니라 식단 관리에 대한 조언도 제공되니  꾸준히 따라가신다면 만족스러운 결과를 얻으실 수 있을 거예요. 추가 질문이 있으시면 언제든지 남겨주시고  더 자세한 내용은 네이버 카페를 통해서도 확인하실 수 있습니다.,2024.10.31.
477094525,477094525_1,강남 김레인대표라고 추천드려요제 단골가게입니다 !https://www.gnyouandme.com/강남가라오케 - 강남 유앤미 강남 유앤미 가라오케 | 유앤미강남 가라오케 - 강남 유앤미 하이퍼블릭 | 유앤미가라오케 전화문의 : 010-8185-1196 강남 가라오케  강남 유앤미 가라오케에서는 강남지역의 최신트렌드 선도하며 최고의 음향시설과 실력있는DJ팀 최고의매니저 고급음료가 구비되어있습니다. 강남 트렌디한 밤문화를 즐기실수있으며  지인분들과 신나는 분위기 편안함을 공간에서 강남의 환상적인 밤을 보내세요. 가격 시스템 견적 주소 위치등을 24시간 연중무휴로 친절하게 설명해드리고있습니다. 많은관심 부탁드립니다 강남가라오케 최고시설에서 기억남는 최고의 추억을 선사하세요www.gnyouandme.com,2024.10.26.
477081049,477081049_1,저도 7~9 시입니다ㅜㅜㅜㅜㅜㅜㅜㅠㅠ,2024.10.25.
477081049,477081049_2,아뇨 그냥 님 부모님이 좀 많이 불안 하신거 같아요,2024.11.02.
477071888,477071888_1,그냥 이야기 하고 수다 떨어요.여자놀이...? 요새는 놀이를 막 성별 나눠서 하고 그러나요...?말 수 적어도 그냥 얘들 하는 이야기 호응하고 뭐 친구들이 좋아하는 취미나 아이돌 있으면 거기에 대해서 공부해서 대화에 낄 수 있게 하는 노력도 좀 따로 필요하겠죠...?그냥 카페를 수다 떨려고 가는 거라서 따로 하는 건 없어요.,2024.10.25.
477071888,477071888_2,1.미리 재미있는 소재를 준비 하여  연습 합니다2.대화 방법및 반복연습. 반복학습.  반복훈련을 합니다3.테마카페를 갑니다 타로카페. 애견카페. 고양이카페심리카페. 암흑카페. 디저트카페 . 메이드카페 등등 입니다,2024.10.25.
477048003,477048003_1,역삼동 푸르지오 79제곱미터(24평) 22억 ~  23억이곳에 잘나와있음https://new.land.naver.com/complexes/14142?ms=37.497966 127.047479 17&a=APT:ABYG:JGC:PRE&e=RETAIL네이버페이 부동산네이버페이 부동산new.land.naver.com,2024.10.24.
477033756,477033756_1,몸 쪽에 나는 소리가 있고 꽤 시끄긴 해요.-새내기를 위한 소라게 초짜로생활-대한민국 모임의 시작  네이버 카페cafe.naver.com,2024.10.30.
477014945,477014945_1,옛날이나 현재나 강남역이 우승이고사당역은 타고 내리는 사람은 별로 없고 대부분 환승객강남역은 싹쓸이 싹 다 내림,2024.10.24.
477014945,477014945_2,강남역 입니다 이용자수 1위 기준 입니다,2024.10.24.
477000254,477000254_1,안녕하세요대치도서관- 서울특별시 강남구 삼성로 212 은마 복지상가 2층 215호. 월요일부터 금요일까지 오전 9시부터 오후 9시까지  토요일과 일요일은 오전 9시부터 오후 5시까지 운영합니다.Google 지도에서 위치를 확인할 수 있습니다.개포하늘꿈도서관- 서울특별시 강남구 개포로110길 54. 월요일부터 금요일까지 오전 9시부터 오후 10시까지  토요일과 일요일은 오전 9시부터 오후 5시까지 운영합니다.Google 지도에서 위치를 확인할 수 있습니다.열린도서관- 서울특별시 강남구 일원로 115. 화요일부터 금요일까지 오전 9시부터 오후 10시까지  토요일과 일요일은 오전 9시부터 오후 5시까지 운영합니다. 월요일은 휴무입니다.Google 지도에서 위치를 확인할 수 있습니다.서초구립양재도서관- 서울특별시 서초구 양재천로 33. 월요일부터 목요일까지 오전 9시부터 오후 10시까지  금요일은 휴무  토요일과 일요일은 오전 9시부터 오후 8시까지 운영합니다.Google 지도에서 위치를 확인할 수 있습니다.,2024.10.23.
476987148,476987148_1,안녕하세요~ 먼저 목표로 하는 대학을 선정했다면 당연히 그 학교의 입시전형을 살펴봐야겠죠^^저는 입시컨설팅 관리담당하고있는 대치동 입시전략교사입니다 수원 영통 장안구 아이들도 많이 주말 상담으로 만나뵙고 있습니다^^대치동연구소 한번 방문주시면 자세한 상담 도와드리겠습니다.거리상 어려운 친구들은 단기.장기 비대면컨설팅으로 화상관리 받는 친구들도 많습니다. 서울대 의대 합격   약대  연대 의대  간호서울대 인문학부   고려대 국제학   서울대 정치외교 등등 서연고 중심으로 대거 입학성공시켰고 신뢰중심으로 열심히 쌓아올린 경력 15년 이상의 경험과 노하우로 상담 도와드리겠습니다^^ 1. 수능 대비 집중 교육: 국어  영어  수학 등 주요 과목에 대한 심화 학습2. 모의고사 분석: 학생의 강점과 약점을 파악하여 맞춤형 학습 전략 수립3. 대학별 입시 전략 수립: 학생의 성적과 희망 대학을 고려한 지원 전략 제시4. 정시 지원 가이드: 수시 이월 인원  정시 선발 비율 등을 고려한 지원 대학 추천5. 면접 준비: 일부 대학의 정시 전형에 포함된 면접에 대비한 훈련6. 정보 제공: 대학별 전형 방식  모집 인원  커트라인 등 최신 입시 정보 제공7. 심리적 지원: 수험 기간 동안의 스트레스 관리와 학습 동기 부여저는 저를 믿고 따라준 학생들이 정시 수시 대입 모든전형에서 좋은 결과를 얻을 수 있도록  최선을 다해 돕습니다. 무료상담 및 내방 가능하시니 연락처 프로필 확인 하시고 상담신청 주시면 꼼꼼하게 봐드릴게요^^~~ 감사합니다!,2024.10.23.
476987148,476987148_2,제 개인적인 생각으로는면접컨설팅과 대입컨설팅은 따로 구분하는 것이 좋습니다.종합적으로 잘하는 컨설팅업체도 있겠지만  대입분석과 면접과 관련된 스피칭은 다른 분야라고 판단됩니다. 제가 여기서 어떤 학원이 좋은지 추천드릴 수는 없어도 꼭 이것은 확인하고 등록하면 좋겠어요.컨설팅학원 마다 면접은 비포 애프터 영상은 1 2개는 확인했으면 해요. 어차피 아이가 면접이 불안하니 학원을 찾는거잖아요? 그리고 누가 관리하는지 등도 체크해보시고요.그리고 학원이 학생부종합전형을 전문으로 하면서 면접을 하고있는지도 체크하세요  단순히 면접을 말 잘하는 방식을 체크하는 것은 아니니까요. 아무쪼록 도움되었기를 바라며  오늘 제가 면접 관련된 도움될만한 영상 소개드릴테니 (조금 길어요) 시청해보시길 권해드립니다.파이팅입니다~ 어머님~https://youtu.be/Fko47ZyNYFg?si=IyJEwzX4gJ6NUU0O,2024.10.23.
476987148,476987148_3,안녕하세요! 자녀의 대학 진학을 위해 대치동에서 입시 컨설팅을 고려하고 계시는군요. 카이스트와 수의대는 매우 경쟁이 치열한 학교이므로 잘 준비하는 것이 중요합니다. 아래 몇 가지 조언을 드리겠습니다.### 1. **대치동 입시 컨설팅**- **전문 컨설팅 센터**: 대치동에는 많은 입시 컨설팅 센터가 있습니다. 특히 공대나 수의대에 특화된 프로그램을 제공하는 곳을 찾아보세요. 각 센터의 후기를 참고하여 결정하는 것이 좋습니다.- **1:1 맞춤형 상담**: 자녀의 목표와 현재 상태에 맞춰 1:1 맞춤형 상담을 제공하는 곳을 선택하면 더 효과적입니다. 세특 주제와 관련된 조언을 받을 수 있습니다.### 2. **면접 준비**- **면접 전문 학원**: 대치동에는 면접 준비에 특화된 학원도 많습니다. 공대와 수의대의 면접 준비를 위해 실제 면접을 시뮬레이션해 볼 수 있는 프로그램이 있는 곳을 선택하세요.- **모의 면접**: 모의 면접을 통해 피드백을 받고  실제 면접에서 자신감을 가질 수 있도록 연습하는 것이 중요합니다.### 3. **세특 주제**- **세특 주제 컨설팅**: 세특 주제는 학생의 관심 분야와 관련된 활동을 바탕으로 설정하는 것이 좋습니다. 진로와 관련된 다양한 활동을 통해 세특을 풍부하게 채울 수 있도록 지도하는 프로그램을 찾아보세요.### 4. **추천 센터**- **명성 있는 센터**: 대치동에서 유명한 입시 컨설팅 센터로는 '진학사'  '유웨이'  '대성학원' 등이 있습니다. 이들 센터는 많은 학생들이 추천하는 곳이니 참고해 보세요.- **후기 및 상담**: 여러 센터의 후기를 비교하고  직접 상담을 받아보는 것도 좋은 방법입니다. 상담을 통해 자녀의 상황에 맞는 프로그램을 제안받을 수 있습니다.결론적으로  대치동에서의 입시 컨설팅은 매우 유용할 수 있으며  자녀의 목표에 맞춰 잘 준비할 수 있도록 도와줄 수 있습니다. 추가적인 질문이나 도움이 필요하시면 언제든지 말씀해 주세요!그리고 마지막으로  얼마 남지 않은 시험에 대비해서 고요랩 귀마개는 꼭 준비하시길 추천 드립니다. 각 시험장마다 소음 빌런들때문에 안타까운 일들을 겪는 수험생들이 정말 많습니다. 재수생들 사이에서도 고요랩은 착용해도 착용안한듯 편리하고  특히 시험장에서 발생하는 소음들을 차단하는데 탁월하다고 알려져 있어서 인기가 많습니다. 시험에서 좋은 컨디션을 위해 미리 준비하시길 추천 드립니다.https://smartstore.naver.com/lightingup/products/10338201383?nt%20source=smart&nt_medium=sound고요랩 컴포트 소음방지 층간소음 밀폐 귀마개 코골이 수면용 밀착형 압축 이어플러그 : 라이팅업[라이팅업] 여러분들의 삶을 밝고 환하게 만들어 나가는 라이팅업(Lighting-up) 입니다 :)smartstore.naver.com,2024.10.23.
476987148,476987148_4,저희 아들 받았던 선생님 추천해드릴게요막 전문적인 입시업체는 아니지만  또 그만큼 세세하게 하나하나 다 봐주셔요연락처 남길테니 상담이라도 받아보세요~~대치수능영어&입시컨설팅 [휘랩연구소]님의 오픈프로필대치중고등내신수능영어&입시컨설팅 [휘랩연구소]open.kakao.com,2024.10.25.
476986755,476986755_1,저도 친구가 잘한다고 알려줘서 압구정 민클리닉 다니는데지금도 뭐 받을때되면 꾸준히 가고 있어요ㅋㅋ여기가 오래된 청담동 피부과고 막 싸게 하는 공장형은 아니라 가격은 좀 있는 편인데다른데 가보면 여기가 진짜 잘하는데구나 느껴지더라고요ㅋㅋ먼가 첨이라고 하시니까 일단 이것저것 좀 더 찾아보시고고민인 부분 말하면 상담 잘 봐주실듯해용ㅋㅋㅋ 실장님 친절하셔용저는 레이저나 피부 스킨부스터 같은거 위주로 하는데한살씩 먹을 때마다 그래도 미리 투자하길 잘했다 싶어요 ㅋㅋㅋㅋ암튼 일단 상담 먼저 해 보시라고 추천하고 싶어요,2024.10.24.
476986413,476986413_1,강남역 근처에서 주말에도 PT(퍼스널 트레이닝)를 받을 수 있는 헬스장을 찾고 계시군요. 주말에 PT가 가능한 곳 중 하나로 미진휘트니스센터를 추천드립니다. 강남역 1번 출구 바로 앞에 위치해 있어 접근성이 좋으며  1일 입장도 가능해 인바디 체크와 다양한 상담을 받아보실 수 있습니다.미진휘트니스센터는 주말에도 트레이너가 상주하며  예약에 따라 유연하게 PT 일정을 조정할 수 있으니 주말에도 맞춤형 트레이닝을 받을 수 있습니다. 방문하시거나 전화로 예약을 문의하시면 상세한 안내를 받을 수 있습니다.더 궁금한 점이 있으시면 네이버 카페https://cafe.naver.com/goeduhealth에서질문을 남겨주시면 더욱 자세한 답변을 제공해드리겠습니다!,2024.10.23.
476986356,476986356_1,강남 대성학원 근처에서 PT(퍼스널 트레이닝)와 공부를 병행하며 체력을 키우는 운동 스케줄을 잘 계획하는 것이 매우 중요합니다. 특히 장시간 앉아있는 재수생이라면  체력 저하와 자세 불균형이 문제가 될 수 있으니 교정 운동과 유산소 운동을 병행하는 것이 좋습니다.추천하는 운동 스케줄:1. 주 3~4회 운동: 공부에 지장을 주지 않으면서 체력을 기를 수 있도록 주 3~4회  1시간 내외의 운동을 추천합니다.2. 퍼스널 트레이닝 (PT): 전문가와 함께 자세 교정 및 체력 향상 운동을 하는 것이 효율적입니다. PT 세션에서는 코어 강화  척추 교정  전신 근력 운동을 위주로 진행하면 좋습니다.3. 유산소 운동: 러닝머신  고정자전거  또는 가벼운 조깅을 20~30분 추가하여 심폐 기능을 개선하고 공부에 필요한 집중력을 높일 수 있습니다.4. 스트레칭 및 교정 운동: 하루 종일 앉아있는 시간을 고려하여  하루에 5~10분 정도 틈틈이 스트레칭을 하여 척추  어깨  목의 긴장을 풀어주면 좋습니다.운동 시간 추천:오전: 아침 운동을 통해 하루를 상쾌하게 시작할 수 있습니다. 체력을 증진시키면서 공부 효율도 높일 수 있습니다.저녁: 공부를 마친 후  저녁 운동을 통해 스트레스를 풀고 하루의 피로를 풀어줍니다.헬스장 추천: 강남 대성학원 근처에서 PT와 다양한 운동을 할 수 있는 미진휘트니스센터를 추천드립니다. 강남역 1번 출구 바로 앞에 위치해 있어 접근성이 좋고  1일 입장이 가능하여 인바디 체크와 상담도 받을 수 있습니다.더 자세한 상담을 원하시면 미진휘트니스센터에 방문하시면 좋을 것 같습니다.또한  추가 질문이 있으시면 네이버 카페에서 더욱 상세한 답변을 받을 수 있습니다.https://cafe.naver.com/goeduhealth운동과건강한이야기 : 네이버 카페건강과 운동에 관심이 많고 전문가의 도움을 필요로 하며  즐거운 운동을 찾는 사람들의이야기가 있는 곳.cafe.naver.com,2024.10.25.
476986270,476986270_1,강남 대성학원 주변에는 학생들을 위한 PT 프로그램을 제공하는 헬스장들이 많이 있습니다. 특히 학생들에게 맞춘 체력 관리 프로그램은 공부로 인해 쌓이는 피로를 풀고  집중력 향상에도 도움을 주기 때문에 유익합니다. 학원 근처에서 추천할 만한 헬스장으로는 강남역 1번 출구 바로 앞에 있는 미진휘트니스센터가 있습니다.이곳은 학생을 위한 다양한 PT 프로그램을 제공하며  체력과 근력 향상뿐만 아니라 스트레스 해소에도 도움을 줄 수 있는 맞춤형 운동을 제안합니다. 인바디 체크도 가능하고  1일 입장하여 다양한 상담을 받을 수 있으니 한 번 방문해보시는 것도 좋습니다.추가로 궁금한 사항이 있으시면 **네이버 카페**를 통해 더욱 상세한 답변을 받아보실 수 있습니다!,2024.10.23.
476986202,476986202_1,강남대성학원 근처에서 PT를 받을 수 있는 헬스장을 찾으신다면  미진휘트니스센터를 추천드립니다. 이 헬스장은 강남역 1번 출구 바로 앞에 위치해 있어서 학원과 가까운 거리에 있으며  개인 일정에 맞춰 유연하게 PT 시간 조정이 가능합니다.특히 학원 스케줄 때문에 시간 조정이 필요한 경우  트레이너와 상의하여 맞춤형 운동 프로그램과 시간을 조정할 수 있으니 큰 부담 없이 PT를 받을 수 있을 거예요. 또한  1일 입장이 가능하며  다양한 상담과 인바디 체크도 받을 수 있어 운동 시작 전에 몸 상태를 정확히 파악하는 데 도움이 될 것입니다.더 자세한 상담을 원하신다면 직접 방문해 보시거나 네이버 카페를 통해 추가 질문을 남기시면 상세히 안내받으실 수 있습니다.,2024.10.23.
476984454,476984454_1,코엑스 내부는 없을 거 같구요찾아봈는데 없음.북앤레스트서울특별시 강남구 삼성로104길 22 예림빌딩 1층 (서울특별시 강남구 삼성동 153 예림빌딩 1층)삼성역 코엑스 근처 프라이빗룸에서 낮잠을 잘 수 있는 조용한 북카페 북앤레스트 (누울 수 있는 카페)삼성역 코엑스 근처에서 프라이빗 룸이 있고  누울 수 있고  낮잠을 잘 수 있는 조용한 북카페를 찾는다면 ...blog.naver.com후기보면은 낮잠 잘 수 있는 침대 있는 공간이 있습니다.당일권 시간당 5천원입니다.코엑스에 그렇게 멀지 않아서 잠시나마 누워서 쉴만할 거 같습니다.참고바랍니다.,2024.10.23.
476979442,476979442_1,저는 강남 삼성미라클안과 추천드려요.다른 안과에는 없는 양손 스마일기술이 있고 대학병원 출신 안과 전문의 대표원장님 분들이 계셔서 좋은 것 같네요사람들이 강남 삼성미라클안과를 선호하는 이유?강남에서 스마일라식과 렌즈삽입술을 고려하고 계신 분들이라면  수술을 받는 병원의 선택이 매우 중요하다...blog.naver.com,2024.10.23.
476979442,476979442_2,제 지인이 하고 휴유증도 없고 괜찮다고 하더라고요무료 상담 받아보시고 결정 해보세요각 병원마다 잘 하는 분야가 있어서 꼭 상담 후시술 하셔야 해요 찾아봐서 괜찮은곳 링크 달아놓을게요클리어서울안과 스마일라식 라섹 노안 최대 49% 할인혜택!클리어서울안과 시력교정술 최대 49% 할인혜택! 1. 할인 대상 : 이벤트 신청자 2. 할인 기간 : ~ 광고 종료시까지 3. 할인 내용 : 이벤트 신청 페이지 내 비급여수술 할인혜택 클리어서울안과는? 1. 서울대 / 의학박사 의료진이 수술을 직접 집도 (단독 20 000건 달성) 2. 국내 최초 시력교정술 더블엑스퍼트 획득 (스마일닥터  클리어닥터) 3. KFDA 의 백내장수술 인공수정체 가이드라인 연구진 4. 국내 최초 AVIAN A.I 도입 (부작용예방 시스템) 5. 고도의 무결점 3중 반복 검사시스템 (HIGH INTEGRI...Athog.me지인이 다녀온곳 입니다 할인도 한다고 해서골라 보았습니다,2024.10.23.
476942560,476942560_1,강남역 근처에서 혼자 조용하게 운동하기 좋은 헬스장을 찾으신다면  미진휘트니스센터를 추천드립니다. 강남역 1번 출구 바로 앞에 위치해 있어 접근성도 좋고  과도한 PT 권유 없이 자유롭게 운동할 수 있는 분위기입니다. 다양한 운동기구가 갖춰져 있어 개별적으로 운동을 즐기기에 적합하며  필요시 인바디 체크나 상담도 가능합니다.추가로 1일 입장이 가능하므로  직접 방문하셔서 시설을 체험하고 결정하실 수 있습니다. 더 자세한 상담을 원하시면  직접 방문하거나 **네이버 카페**에서 추가 질문을 남기시면 더욱 상세한 답변을 드릴 수 있습니다.,2024.10.23.
476942469,476942469_1,강남역 근처에서 PT 가격이 합리적이고 시설이 좋은 헬스장을 찾으신다면  미진휘트니스센터를 추천드립니다. 강남역 1번 출구 바로 앞에 위치해 접근성도 좋고  1:1 PT 체험도 가능합니다. 이곳에서는 다양한 상담과 인바디 체크도 가능하며  시설이 최신 장비로 잘 갖춰져 있어 트레이닝에 최적화된 환경을 제공합니다.1일 입장 후 다양한 프로그램을 체험할 수 있으니 방문하셔서 직접 확인해보는 것도 좋은 방법입니다. 더 자세한 상담을 원하시면 방문 시 트레이너와 상담을 통해 원하는 프로그램에 맞춰 진행할 수 있습니다.추가로 궁금하신 내용이 있으시면 네이버 카페에 질문을 남겨주시면 더욱 상세히 안내드리겠습니다!,2024.10.23.
476942396,476942396_1,강남역 1번 출구 근처에서 1:1 PT를 받을 수 있는 곳을 찾고 계시군요! 이 지역에는 다양한 헬스장이 있지만  추천드릴 만한 곳 중 하나는 미진휘트니스센터입니다. 이곳은 강남역 1번 출구 바로 앞에 위치해 있어 접근성이 뛰어나며  1:1 PT와 자율 운동 모두 가능합니다. 트레이너 분들이 체계적으로 상담해주고  운동 계획도 개개인에 맞춰 세심하게 설계해 주시기 때문에 PT 초보자부터 경험자까지 모두 만족할 수 있을 거예요. 또한  인바디 체크와 함께 다양한 상담도 제공하니  체형과 목표에 맞춘 운동이 가능합니다.더 자세한 상담을 원하시면 직접 방문해보셔도 좋을 것 같고  1일 입장도 가능하니 편하게 시설을 체험해 보실 수 있습니다.추가로 궁금한 점이 있으시면 **네이버 카페**에서도 질문을 남기시면 더 상세한 정보를 드릴 수 있습니다!,2024.10.23.
476942220,476942220_1,강남역 부근에 헬스장을 찾고 계시군요! 헬린이시라면 1:1 PT를 통해 올바른 운동 방법과 자세를 배우는 것이 큰 도움이 될 거예요. 강남역 1번 출구 바로 앞에 있는 미진휘트니스센터를 추천드려요. 이곳은 1:1 PT를 받을 수 있는 곳으로  초보자부터 숙련자까지 맞춤형 프로그램을 제공해요. 특히  인바디 체크를 통해 체성분 분석 후 개인 맞춤형 운동 계획을 세울 수 있어요.미진휘트니스센터에서는 1일 입장도 가능하고  다양한 상담을 통해 운동 계획을 조정할 수 있으니 한번 방문해보시는 것도 좋을 것 같아요. 또한  강남역 인근의 다른 헬스장으로는 스포애니나 휘트니스스타 같은 곳들도 PT 프로그램을 제공하니 참고해보세요.추가 질문이 있으시면 여기에서 더 상세하게 답변 드릴 수 있습니다.,2024.10.23.
476936610,476936610_1,고양시청 교통국에 담당자한테 전화해서 말하면 됩니다,2024.10.22.
476936610,476936610_2,버스 내부에 내리는 곳 위쪽에 보시면 불친절한 기사에 대한 글 적어내는 곳도 있습니다하지만 가장 확실한 것은 시청을 통해 사무실에 컴플레인 거는 것입니다고양시청에 찾아보시면 66번버스 회사에 대해 항의글 남길 수 있는 곳이 있을거에요거기다 남기면 해당 내용이 사무실 통해서 해당 버스기사쪽으로 전달이 됩니다버스기사님들은 기사님에게 직접 가는 것보다 사무실 통해서 그런 내용이 전달될경우 타격이 큽니다적게는 경고부터 사유가 심각하면 징계까지도 받습니다시청사이트에서 한 번 찾아보시길 바랍니다,2024.10.22.
476936610,476936610_3,고양시청  버스정책과 (시내버스)031-8075-2916 (마을버스)031-8075-2917번입니다...,2024.10.22.
476936610,476936610_4,경기도 버스운송조합에 민원 글 남기면 7일 이내 처리결과 알려줌https://www.gbus.or.kr/lost-items-and-civil-complaints-consultation/report-traffic-inconvenience경기버스운송사업조합행복을 나르는 경기버스www.gbus.or.kr,2024.10.22.
476934373,476934373_1,거긴 얼마 깊지도 않은데요.,2024.10.22.
476934373,476934373_2,강남역 지하상가는 상가로 개발된곳이 아니라서 바닥에서 천장까지 의 높이가 낮음원래 목적은 전쟁시 대피공간,2024.10.22.
476923176,476923176_1,안녕하세요! 친구의 꿈에 당신이 히틀러로 등장했다니  정말 흥미로운 상황이네요. 꿈의 해석은 여러 가지로 가능하지만  몇 가지 중요한 요소를 살펴볼게요.히틀러는 역사적으로 매우 부정적인 이미지를 가진 인물입니다. 친구의 꿈에 등장한 것은 당신이 어떤 부정적인 감정이나 상황과 연결되었을 수도 있다는 의미일 수 있어요. 히틀러와 관련된 상징은 권력  억압  갈등 등을 나타냅니다.당신이 히틀러로서 수배되었다는 것은 친구가 당신에게 어떤 불안감이나 두려움을 느끼고 있을 가능성이 있습니다. 혹은 친구가 당신과의 관계에서 갈등이나 긴장을 느끼고 있을 수도 있어요. 함께 도망가는 모습은 친구가 당신과의 유대관계를 소중하게 여기고 있다는 것을 나타낼 수 있습니다.총에 맞는 것은 상처받거나 위협받는 상황을 상징합니다. 친구가 슬펐다는 것은 당신이 겪고 있는 감정이나 상황에 대해 걱정하고 있다는 의미일 수 있어요. 친구가 당신을 걱정하는 마음이 꿈에 반영된 것일 수도 있습니다.친구의 꿈은 당신과의 관계에서 느끼는 감정이나 갈등을 반영하고 있을 수 있습니다. 혹시 최근에 친구와의 관계에서 어떤 일이 있었는지 돌아보는 것도 좋을 것 같아요. 서로의 마음을 솔직하게 이야기해보는 기회가 될 수 있습니다.조금이나마 도움이 되셨다면 채택 부탁드려요!,2024.10.21.
476922663,476922663_1,불법은 아닙니다.....,2024.10.22.
476916597,476916597_1,1등급 후반 되어야 이화여대 입학 가능 합니다,2024.10.21.
476916031,476916031_1,삼성역 코엑스 가 행사 전시장이라 사람들이 편히 올수 있어야 하는데지방에 있으면 가기가 힘들기 때문에 만들 수가 없음일산에 코엑스 와 비슷한 전시장 킨텍스 가 있는데 이곳은 대화역 3호선 지하철이라도 연결되므로만들어짐,2024.10.21.
476898456,476898456_1,2,2024.10.21.
476898456,476898456_2,장지역,2024.10.21.
476885516,476885516_1,평균 65점 이상이면 입학 가능 합니다,2024.10.21.
476851835,476851835_1,강남구  유명한곳 추천지 입니다1.명소 입니다강남역 지하상가선릉봉은사가로수길  연애인 자주 보입니다압구정 로데오거리코엑스 별마당 도서관코엑스 아쿠아리움스타필드 코엑스몰한류 스타거리청담 명품거리2.장소  입니다교보문고클럽 가기   유명 클럽이 많습니다방탈출카페보드게임카페호텔 뷔페 가기,2024.10.20.
476851835,476851835_2,2호선강남 역11번 출구 강남역 지하상가 200여개 매장리니게이트 팝업스토어 콜투마인드 팝업스토어 악세사리 폰 등 옷가게가 유명 10시 ~ 22시애플샵 cgv 뒤쪽골목에 방탈출 보드게임 등 이색까페 네컷사진 이 많은곳먹거리 꼬꼬이 일식 카레 디저트 빌리엔젤 1만원대8번 출구 삼성전자 딜라이트샵 무료10번출구 골목이 성인상권 이고 건너편 11번출구 cgv 쪽은 학생들 상권)중간 카카오프렌즈 3층 까페 음료 도넛 5천 ~ 3천뒤쪽 제로ㅇㄷ 방탈출까페 먹거리 강ㄴ교자 칼국수1만원대 콤보 샌드위치클럽 포차거리가장 끝 신논현역 교보문고4번 출구 직진 10분 kbo 회관 프로야구 정보 전시관 무료2호선삼성역코엑스몰 아쿠아리움별마당도서관 1층 2층 약7만권 책대여는 불가 하며 안에서만 가능 2층이 한가한편2호선잠실 역잠실역 지하상가 영업장 150개 옷가게 가장 많고 소품샵도 먾은곳4번 출구 롯데월드2번 출구 롯데타워롯데타워 뒤 석촌호수 동호송리단길 보드게임카페(청소년할인) 만화카페 소품샵거리 공방네컷사진 노래방 등 즐길 거리가 있는 곳소품샵코지블루비쥬마켓루이코모맛집세컨디포레스트 스파게티 1.5봉땅 꽈베기 4동경산책 일식 1.4일일향 중국집 1.13호선고속터미널역지하상가 서울에서 가장크고 가장저렴한 옷가게가 많은곳 300개 넘음도보10분 반포한강공원,2024.10.20.
476833270,476833270_1,1.네 맞습니다.  자기 집 이면 맞습니다2.전국 재산세 1위 지역 기준 입니다,2024.10.19.
476824054,476824054_1,3관 1층에 버거킹 있습니다.,2024.10.19.
476808414,476808414_1,가장 큰 요인은 한강을 끼고 있는 조망권 으로 인한재벌 연예인 등 고소득층의  이주로 고급시설 수요가 있는 지역되다 보니 고급인프라 확충물가가  비쌈,2024.10.19.
476808414,476808414_2,1.청담동은 여러가지 인프라 시설이 잘되어 있고2.수요가 많고 공급이 많아서 땅값 집값이 높습니다3.또한 고급 빌라. 고급 주택.고급 아파트가 많기 때문입니다,2024.10.19.
476799451,476799451_1,디저트 추천 합니다  참고해 보세요1.서울 3대 빵집 입니다리치몬드김영모제과나폴레옹기타 태극당2.베이글 입니다런던 베이글 뮤지엄코끼리 베이글,2024.10.18.
476799451,476799451_2,디저트도 성분을 생각하고 더 순수하고 안전하게건강에 좋은 것은 더하고 칼로리는 덜어낸맛있는 웰니스 디저트인 신사역 요고 프로즌은 어떠세요?매장에서 직접 만든 수제 요거트 아이스크림과신선한 제주 우유로 만든 그릭요거트에 제철 생과일 토핑을 더해서맛있게 즐기는 건강 웰니스 디저트 요고 프로즌!입소문만으로 많은 고객분들께 사랑받고 있는'요고 프로즌 신사역 본점'도 한번 찾아주세요~♥요고 프로즌 요거트 신사본점서울특별시 서초구 강남대로99길 10 비동 1층,2024.10.24.
476798548,476798548_1,top 대학병원입니다.,2024.10.18.
