﻿doc_id,answer_index,answer,answer_date
477550349,477550349_1,안녕하세요^^ 상안동에서 가장 큰 안경체인 K비젼 안경원입니다.현재 올리브영 옆 상안소방서 맞은편에 위치해 있으며울산 북구 상안동에서 가장 다양한 안경테 와 21가지 꼼꼼한 시력검사를 통해고객님께 최상의 만족을 드릴수 있도록 노력하고 있습니다.참고 하실수 있도록 11월 행사 안내해드리겠습니다.▷신규고객 첫 만남 혜택1.56 비구면 30.000원1.60 비구면 50.000원1.67 비구면 70.000원도수 상관없이 30.000원 균일가(신규고객만 가능 중복할인 불가)▷카카오 플러스 친구 이벤트5.000원 할인쿠폰 (안경세트구매시)▷네이버 예약 5 000원 추가 할인▶개인맞춤 누진 다초점렌즈국산더블 업그레이드 행사220 000 -> 99 000260 000 -> 150 000300 000 -> 220 000▷영수증리뷰 참여시 커피쿠폰 증정(메가 커피)■프리시전원 근시/난시30p2팩 구매시 1팩 증정근시용 30p*3팩 150 000원 -> 56 000원난시용 35p*3팩 174 000원 -> 72 000원■ 알콘 한달용 근시/난시구매시 약품증정근시용 6p+2p 90 000원 -> 49 000원난시용 6p+2p 135 000원 -> 59 000원▶ 아큐브오아시스 대용량 2팩 구매시 소용량 한팩 무료모이스트 대용량 2팩 구매시 소용량 한팩 무료(근시 렌즈만 행사 참여 가능)▶가격인상 공지쿠퍼비젼 모든제품 11월20일가격 인상 합니다!!금액 인상전 구매 하세요!!▶현차복지포인트 백화점상품권 온누리 울산페이 가능 매장▶초중고 생일자 공무원 (경찰 군인 소방관 선생님포함)생일 당일부터 한달간10%할인혜택본인만 가능 (콘택트렌즈 5% 할인 중복 불가)자세한 문의는 052-294-5005 전화 주세요^^♥주소 : 울산 북구 아진로 65K비젼안경 울산상안소방서점울산광역시 북구 아진로 65 케이비젼안경,2024.11.06
477435948,477435948_1,추천1: 46 560원추천2: 60 560원추천3: 51 610원평균 택시비는 다음과 같습니다 약52 910원입니다.네이버 지도 길찾기 기준입니다.,2024.11.03.
476889424,476889424_1,보건소 안에 위치한 정신건강복지센터에서도 상담 가능하고  청소년상담복지센터에서도 상담 가능합니다!,2024.10.21.
476889424,476889424_2,울산 북구보건소안에정신건강복지센터라고 있습니다 여기에 가서 받으면 됩니다...,2024.10.21.
476889424,476889424_3,서비스 이용대상 및 시간 이용대상 : 우울  스트레스 등 정신과적 어려움 또는 자살에 대한 어려움이 있는 아동·청소년  성인  노인 누구나(중구 주민이면 가능!)울산북구정신건강복지센터울산광역시 북구 산업로 1018 보건소울산북구정신건강복지센터울산광역시 북구 상방로 149울산광역정신건강복지센터울산광역시 북구 명촌10길 50 3층,2024.10.21.
476246083,476246083_1,석정여고 추천합니다내신 받기 쉽고 내신 관리 생기부 관리 잘하여 줍니다대학 진학률 매우 높은 학교입니다,2024.10.08.
476137100,476137100_1,그나마 대야동에 하나 있네요...대야동 한울어울림센터경기도 시흥시 대골안길 69-1,2024.10.06.
476137100,476137100_2,여기 말고 이야기가 나온게 있나요찾아봐도 신천 어울림 센터 이야기는 없네요은계1어울림센터경기도 시흥시 은계로 240은계2어울림센터경기도 시흥시 수인로3247번길 33 은계어울림센터-2,2024.10.06.
476214022,476214022_1,이런거는 보통 점원한테 물어보면 알려줍니다.스타벅스나 서점은 그래도 규모가 큰 편이라 친절한 편일거에요.,2024.10.05.
475547580,475547580_1,1. 선로는 아직까지 남아 있으나 북구에서 폐선부지 활용을 시도중입니다.2. 선로쪽에 갈수는 있으나 펜스로 막혀 있습니다.3. 펜스 너머로 볼수는 있습니다.4. 폐선된 선로이므로 당연히 지나가는 열차 없습니다.,2024.09.20.
475490564,475490564_1,안과는 동구 전하동에 서울강안과 또는 마음에 안 들면 옆에 하나 바로 더있음탈모약 처방은 그냥 남목에 현대가정의원 가시는게 저렴합니다. 괜히 피부과 가면 처방전 비싸게 사와야해요.,2024.09.20.
475179904,475179904_1,052-241-7470(매곡도서관)번으로 전화를 해서온라인으로 대출연장 가능한지를 문의해보세요...,2024.09.12.
