﻿doc_id,title,question,region_id,views,question_date
477550349,질문울산 상안동 안경원 추천요,울산 북구 상안동 이나 달천쪽에 큰 안경원 있나요? 가격도 저렴했으면 좋겠어요,12070310, 29,2024.11.06
477435948,질문경주월드에서 울산 북구까지 택시비로 얼민인가요ㅜㅜ,,120703, 22,2024.11.03
476889424,질문울산 북구 주변 청소년 정신건강 상담 센터,울산 북구 주변에 우울증 상담 같은거 받을 수 있는데 없을까요? 보건소에선 받을 수 있는지?,120703, 46,2024.10.21
476299375,질문화봉유치원 관련 질문,울산 북구 화봉유치원 관련해서 질문 몇가지 하려고 하는데 혹시 화봉유치원 폐원했나요..? 제가 어릴때 화봉유치원에 다녔어서 오랜만에 소식 들을겸 네이버에 검색 했는데 홈페이지 같은게 안뜨더라구요ㅠㅠ 최근에 가보니까 놀이터에 빨간색 테이프들도 칭칭 감아져있고 교문도 닫혀있어서 사람 한명 안보였어요..ㅠㅠㅠ 애정이 많이 갔고 좋은 추억들로 가득한 곳이라 성인되서 꼭 다시 가보고 싶었거든요~ㅠㅠ 정확한 정보들이 너무 궁금합니다!!ㅠ 참고로 저는 2015년에 높은하늘반에 다녔습니다 저를 정성껏 케어 해주시던 높은하늘반 선생님 잘 지내고 계시는지 궁금하고 그립네요ㅠㅠㅠㅠ 선생님께서 이 글 꼭 보셨음 합니당,12070326, 24,2024.10.08
476246083,질문인천신명여고vs논현고vs석정여고,3개중에 어디가야지 내신 잘주고 대학 잘보내주나요ㅜㅜ,12070313, 33,2024.10.08
476137100,질문시흥시 신천동 구도심에는 어울넘센터 언제 짓을까요?,시흥시 신천동 구도심도 어울림센터 있으면 좋을거 같아요,12070314, 31,2024.10.06
476214022,질문종로문고 울산 북구 신천 CGV점에서 나오는 음악,제목이랑 어디서 들을 수 있는지 알려주세요. 듣고있으면 편해서 작업할때 듣고싶은데 찾기가 힘들어요.,12070314, 19,2024.10.04
475912084,질문스과고 가는법을 잘 모르겠어요,저는 매곡중2학년 여학생인데요. 제가 돼회 라곤 스포츠스태킹 밖에 안나가봐서 잘 모르긴 한데 1학기 성적표에 국어 77점 도덕 66점 역사86점 수학 91점 과학 83점 기.가 90점 영어 89점 음미체는 A인데 내년부터 육상부활동하면 스과고 육상부에 들어갈수 있을까요? 원래는 사격을 하고 싶었지만 학교에 사격부가 없어서요,12070309, 13,2024.09.27
475547580,질문울산 호계역 열차 지나다니긴 하나요,울산 호계역이 폐역한걸로 아는데 아직 선로 남아 있나요? 선로쪽에 갈 수 있나요? 선로를 볼 수는 있나요? 사진을 찍을려고 해서.. 열차는 지나가기는 할까요?,12070325, 23,2024.09.19
475490564,질문울산 안과  피부과,울산 염포사거리쪽 사는데 안과하고 피부과(탈모약) 시내버스로 편도 30분정도 걸리는 병원 추천드립니다.,12070319, 15,2024.09.18
475250254,질문검색에서 아파트가 오피스텔로 뜨는데 바로 잡으려면요??,울산 경남팰리스 명촌동은 아파트인데 오피스텔로 뜨네요 아파트로 바꾸려면 어떻게 해야 할까요 아파트로 검색하니 안나오네요,12070307, 12,2024.09.12
475179904,질문매곡도서관 울산,여기 대출연장 온라인으로 안되나요?,12070306, 36,2024.09.12
