﻿doc_id,answer_index,answer,answer_date
477538205,477538205_1,달북초등학교 정류장 승차동래구84분  5개 정류장 이동사직중학교 정류장 하차,2024.11.06.
477332153,477332153_1,참고하이소~~~~^^,2024.10.31.
477332153,477332153_2,이렇게 타세요,2024.11.01.
477332153,477332153_3,조양맨션에서 42번 버스를 타고동래한전앞에서 200번 버스로 환승하세요,2024.11.01.
477229472,477229472_1,'앙리 마티스'입니다.,2024.10.29.
477096650,477096650_1,산책이라고 산에서만 하는건 아니죠 동네공원에서도. 냇가천을 걸어도 동네 골목길을 걸어도  되는겁니다,2024.10.26.
477096650,477096650_2,아닙니다,2024.10.26.
477096650,477096650_3,길바닥에서도 가능하죠,2024.10.26.
477096650,477096650_4,1.아니요 산책의 의미는  느긋한 기분으로 거니는 뜻 입니다2.따라서  산. 강. 공원 등 전부 포함이 됩니다,2024.10.26.
477096228,477096228_1,동래럭키아파트는1983년11월에 준공되어 입주하여 현제까지 살고있는 대단지 아파트 입니다,2024.10.26.
476900734,476900734_1,안녕하세요동래구성형외과 눈성형 잘하는 곳 찾으시면 역 근처에ㅈㅇㅇㅅ성형외과 괜찮을 것 같아요여기가 성형외과 전문의 쌤 계시기도 하고 엄청 친절하세요ㅋㅋㅋ얼굴에 칼 대는 게 쉬운 것도 아니고 긴장되는 건 마찬가지잖아요근데 쌤이 되게 조용조용하게 말해줘서 릴렉스돼서 좋았어요상담할 때 꼼꼼하게 잘 들어주시기도 해서 일단 상담이라도해보는 거 괜찮을듯? 엄마랑 딸이랑 같이 많이 오더라고요질문자님도 한번 엄마랑 같이 가보시는 거 추천드려요!동래구성형외과 위치는 지도랑 넣어놓을게요제이에스 성형외과의원부산광역시 동래구 충렬대로 219 마노 5층 제이에스성형외과의원,2024.10.21.
476872622,476872622_1,99번 버스타고연산로터리(연산역)에서 지하철1호선 서면방향으로 환승하시기 바랍니다가장 빠릅니다,2024.10.21.
476872622,476872622_2,명장역 승차4호선 미남방면빠른 승차 1-17분  4개 역 이동지하철노선도로드뷰충렬사역낙민역수안역동래역 환승1호선 다대포해수욕장방면22분  12개 역 이동지하철노선도로드뷰교대역연산역시청역양정역부전역서면역범내골역범일역좌천역부산진역초량역부산역 하차,2024.10.20.
476801003,476801003_1,스카는 중학생 받아주는데도 잘 없어요 ㅠ안락누리도서관 명장도서관등 공공 도서관 이용하시는게 좋겠습니다.,2024.10.21.
476780954,476780954_1,백암온천 노래방 시설 있습니다,2024.10.18.
476581503,476581503_1,동래구6 마을버스의 승차 위치는 온천장역 쪽으로 온천장역.CGV동래 정류장에서 131번 버스를 내린 다음  아래 지도의 파란 선을 따라서 육교를 건너 약 400m 가량 도보로 이동해야 합니다.,2024.10.14.
476521179,476521179_1,청주농협 정류장 승차30-213분  8개 정류장 이동지하철노선도로드뷰꽃다리.아동복지관육거리시장육거리서운동도청지하상가청주대교사직분수대 정류장 하차,2024.10.12.
476144038,476144038_1,개관시간 및 휴관일동래읍성도서관개관시간구분화~금요일토~일요일월요일1층어린이자료실 (051-550-6905)09:00 ~ 20:0009:00 ~ 17:00휴관2층종합자료실 (051-550-6907)09:00 ~ 22:0009:00 ~ 17:00자유열람실07:00 ~ 22:0007:00 ~ 22:00☎ 전화 문의 : 051)550-6901~4 6910휴관일매주 월요일 및 법정공휴일자료의 정리 점검 및 도서관의 시설 보수  기타 관장이 필요하다고 인정할 시 임시 휴관,2024.10.03.
476125911,476125911_1,고민이 많으시군요!! 제일 정확한 답변은 현재 해당 학교를 재학중인 선배들을 통해 정보를 얻는것이 효과적이겠지만 통상적인 내용들을 정리하여 공유드립니다학업에서 좋은 성취 하세여~^^!1.	이사벨고등학교는 사직동 지역의 학교 중에서 비교적 빡센 학교로 알려져 있습니다. 특히  종교적 가치와 규율을 중시하는 학교로서 학업뿐만 아니라 생활면에서도 엄격한 규칙을 따르는 경우가 많습니다. 학업 수준도 일정 수준 이상을 요구하는 편이라 일부 학생들에게는 다소 빡센 학교로 느껴질 수 있습니다.2.	이사벨고와 사직고 두 학교 모두 중위권 학생들에게 적합할 수 있지만  사직고는 이사벨고보다 상대적으로 덜 엄격한 분위기로 알려져 있으며  좀 더 중위권 학생들에게 맞을 수 있는 학교입니다. 이사벨고는 중위권 학생도 잘 맞을 수 있지만  상위권을 목표로 하는 학생들에게 조금 더 적합할 수 있습니다.3.	이사벨고는 종교적인 규율과 함께 학업의 질도 중요시되어 내신 따기가 상대적으로 어려울 수 있습니다. 반면  사직고는 학교 생활 면에서 조금 더 자유로울 수 있으며  그에 따라 내신 따기 난이도도 이사벨고보다는 쉬운 편으로 느껴질 수 있습니다. 다만  내신 경쟁은 두 학교 모두 학생의 학습 스타일과 환경에 따라 달라질 수 있습니다.4.	장단점:•	이사벨고:•	장점: 높은 학업 수준  체계적인 교육과 종교적인 가치관을 바탕으로 한 학생 관리.•	단점: 엄격한 규율과 생활 관리  종교적 규율이 맞지 않는 학생에게는 부담이 될 수 있음.•	사직고:•	장점: 자유로운 분위기  다양한 학업 및 생활 선택의 폭이 넓음.•	단점: 상위권 학생들을 위한 체계적인 학업 관리가 부족할 수 있음.각 학교의 분위기와 내신 경쟁은 학생 개개인의 성향과 학습 스타일에 따라 다를 수 있으니  학교 방문이나 선배들의 의견을 참고하여 더 신중한 결정을 내리는 것이 좋습니다.,2024.10.02.
476125911,476125911_2,이사벨 재학생입니다그냥 사직고 가세요... 내신 따기 훨씬 쉽습니다 학업 분위기도 예전에나 이사벨고가 더 좋다고 했었지 지금은 그냥 비슷합니다,2024.10.25.
476063170,476063170_1,밀면 아니고 막국수 입니다https://m.place.naver.com/restaurant/11831717/home?entry=plt주문진 막국수 : 네이버방문자리뷰 6 735 · 블로그리뷰 2 950m.place.naver.com,2024.10.01.
475959843,475959843_1,작년에 동래중에서 제일 많이 왔습니다랜덤이라 확답드리기 어렵네요,2024.09.29.
475948987,475948987_1,놀곳 추천  합니다1.명소 입니다부산시민공원서면 미술관삼보 오락실런닝맨놀이똥산2.장소 입니다방탈출카페  공포. 미스터리. 스릴러보드게임카페만화카페디저트카페심리카페영화관PC방탁구장스크린야구스크린사격교보문고영풍문고,2024.09.28.
475947611,475947611_1,자음모음을 하나하나 영어 알파벳으로 나열하는게 아니고외국 사람들이 읽었을때 우리가 읽는 발음과 최대한 비슷하게 쓴겁니다.우리말로 읽으면 동내라고 읽힙니다.그래서 ~nae,2024.09.29.
475947611,475947611_2,공무원 시험에  비슷한 유형의 문제가 나온적이 있습니다.rae가 아니고 nae가 맞아요.- 경상도 상남자가-,2024.09.29.
475853290,475853290_1,야간운행이라교통체증이 없어서  1시간이면 충분할 것으로 봅니다그리고 다음 사항도 참고하세요부산역에서 출발하는 심야버스입니다https://blog.naver.com/diamond-girl/223533087248부산에서 진주 심야버스(2024.8.1)최신부산에서 진주까지 가는 심야버스에 대해서 알아보려고하는데요.부산시외버스터미널에서 운영하는게 아니라...blog.naver.com,2024.09.26.
475853120,475853120_1,"안녕하세요 교육비지원 중앙상담센터 입니다.

2024년 초.중.고 교육비지원  신청 후 소득･재산조사 후(소득인정액)를
 30일(특별한 사유가 있는 경우 60일)의 기간을 거쳐 
학교(교육청)은 교육감이 정하는 선정기준에 따라 교육비 지원 대상자 결정하여
자녀분이 재학 중이 학교에서 2024년 초.중.고 교육비지원 심사결과를 
신청하신 학부모님 휴대전화로 문자 메시지 통보로 전달 드립니다.

감사합니다.

이용 중 불편하신 점이 있으면 평일 09:00 ~ 18:00 사이에 1544-9654로 문의주세요.

고맙습니다.",2024.09.30.
475766193,475766193_1,보통 역에 안ㄴ내하시는분들이 계시긴 해서아마 분신물은 거기 역쪽 창고 나 상담하시는 분들이 있는곳에있을수도 있어요.,2024.09.24.
475766193,475766193_2,분실한지 얼마되지 않았다면 온천장역에 문의하면 되겠지만분실한지 1일이상 경과했다면 -다른 승객이 가져가지 않았다면 - 서면역에 있는 유실물서비스센터에 확인을 하면 됩니다.궁금증 해결에 참고와 도움이 되었길 바랍니다,2024.09.24.
475766193,475766193_3,지하철역 분실문은 서면역인근에 유실물 센터가 있습니다.그곳에 가셔서 찾는 것이 맞는 것 같은데 온천장역 관리실에먼저 문의 해보는 것이 좋습니다.,2024.09.28.
475722871,475722871_1,하루  이틀 단기적으로 겪는 불면증이라면 캐모마일티나 페퍼민트티 같은 따뜻한 허브티나 따뜻한 우유를 마시면 도움이 됩니다.가벼운 명상이나 산책도 도움이 될 수 있어요.하지만 위치까지 찍어서 질문하신걸 보니  단기적인 불면증의 문제가 아닌것 같네요.우선 생활패턴을 개선하시는게 가장 좋은데  멜라토닌을 섭취하셔서 도움을 받는 것도 좋은 방법이에요.멜라토닌은 우리 몸에서 생성되는 수면 호르몬인데  불면증이 길어지면 멜라토닌 생성이 원활하게 되지 않아 잠들기가 더 어려워지죠.이때 멜라토닌 영양제를 섭취하면 부족한 멜라토닌을 보충하면서 수면 패턴 개선에 도움을 주게 되고 생활패턴 개선하시는데 큰 도움이 됩니다.그리고 스트레스나 불안도 수면에 큰 영향을 미치기 때문에 스트레스를 해소하실 취미나 심리 상담도 큰 도움이 됩니다.저는 멜라토닌이 진짜 도움이 많이 됬어요. 제가 복용한건 이제품인데 한번 참고해 보세요.안심하고 마음편히 푹 주무시는 날이 오기를 기원합니다.구스투스 식물성 멜라토닌 함유 멜라투스 3.0 : 건강돌봄상점3mg 고함량 100% 식물성 멜라토닌으로 편안하게 휴식하세요~smartstore.naver.com,2024.10.23.
475722871,475722871_2,저는 유튜브 명상의시간이런거 틀고 잡니다,2024.09.23.
475722871,475722871_3,1.네 우선 나의 수면 패턴을 잘알고 있고  총시간 시작~끝시간을 정해 규칙적 으로 수면 합니다2.정신적 으로 스트레스 풀기. 힐링 하기. 명상 하기.긍정적 생각하기 합니다3.신체적 으로 운동 하기. 만보 걷기.  필수 영양성분 섭취. 하기   일찍 자기  합니다4.개선해도 증세가 지속적이면  신경과  방문 추천 합니다,2024.09.23.
475703786,475703786_1,온천천을 산책해 보세요부산을 가로지르는 도심하천으로 상류는 금정산이 있는 금정구부터 시작이지만 동래구를 관통해서 연제구 수영구 일원까지 이어집니다.그래서 동래구에서 온천천으로 접근하는 루트로는 지하철역 온천장역 - 명륜역 - 동래역을 따라서 흐르는 도심하천이다보니 이들 3곳 역에서 온천천으로 내려갈 수 있습니다. 그외에 수안동 낙민동 안락동에서도 온천천으로 내려가는 길이 곳곳에 있습니다 이런 길은 네이버지도나 카카오맵에서 확인이 가능합니다.봄에는 벚꽃명소이고 온천천 좌우로 자전거도로 보행자도로 그리고 곳곳에 운동시설(농구장 배드민턴장 각종 운동기구 등)이 있는데 하천길이 수영강과 연결되고 수영강 라인을 따라서 센텀시티 를 기준으로 왼쪽으로 해운대 오른쪽으로 광안리까지 이어집니다 자전거타는 사람들이나 운동 특히 러닝하는 사람들은 그렇게 광안리나 해운대까지 가기도 합니다.- 동래읍성 -- 복천동 고분 -- 금강공원 -등도 있는데 이런 곳은 다음이나 네이버에서 미리 검색을 해보고 가보는게 좋겠습니다온천천은 평지라서 접근성이 좋고 추가로 남긴 3곳도 물론 새벽에 산책 아침운동을 하는 분들도 있는 곳이기는 한데 약간은 산쪽이라서 낮에 방문해 보고 익숙해지면 가는 것이 좋겠습니다궁금증 해결에 참고와 도움이 되었길 바랍니다,2024.09.23.
475282116,475282116_1,29분,2024.09.13.
475282116,475282116_2,동래읍성 서문에서 남녀공학 만덕중학교까지 거리는 약8km입니다자차로 약 25분 정도 걸립니다,2024.09.13.
475240048,475240048_1,동래읍성 남문에서 남녀공학 만덕중학교까지 거리는 약 6.50km입니다자차로 약30분 정도 걸립니다,2024.09.12.
475192075,475192075_1,8km입니다차로는 15분 이상 걸려요버스타면 40분~50분 잡아야 하고요,2024.09.11.
475161279,475161279_1,"참고하세요https://www.dongnae.go.kr/index.dongnae?menuCd=DOM_000000406000000000탐방코스 < 동래읍성 뿌리길메인으로 이동 탐방코스 동래읍성 뿌리길 동래읍성 뿌리길 페이스북 공유하기 트위터 공유하기 카카오스토리 공유하기 인쇄하기 부산의 뿌리 동래의 문화유산을 가장 집약해 만날 수 있는 코스 코스안내 동래읍성임진왜란역사관 → 동래장관청 → 동래만세거리(동래시장) → 동래부 동헌 → 송공단 → 부산복천동고분군 → 복천박물관 → 동래읍성역사관 → 장영실과학동산 → 내주축성비 → 북문 ""동래문화유산을 걷다"" 얼쑤옛길 탐방안내 참여인원 15명이상 탐방 일주일전까지 동래구 문화관광과 유선신청 (☎ 550-4...www.dongnae.go.kr",2024.09.10.
475161279,475161279_2,https://naver.me/GyeNbPVa온천천시민공원 : 네이버방문자리뷰 60 · 블로그리뷰 803naver.me온천천 시민공원은 어떠셔요~?,2024.09.11.
475160447,475160447_1,썩어도 준치라고 망한상권이라고 생각할수도 있지만부산 온천장 아시아드 나이트 주변에는 아직도 괜찮은 상권입니다...,2024.09.10.
475006935,475006935_1,없습니다.,2024.09.07.
