﻿doc_id,title,question,region_id,views,question_date
477538205,질문사직 하늘채리센티아에서 사직중까지 버스 경로좀,사직 하늘채 리센티아 아파트에서 사직중까지 마을버스 경로좀 알려주세요 자세히 어디서 타야하고 어디서 내려야하는지 제발요,12020705, 15,2024.11.05
477537590,질문동래원예고 학과 선택,동래원예고 가고 싶은 중2인데 제가 도시공학이라고 하나.. 그냥 도시 가꾸고 이런거 하고 싶은데 그러면 도시 조경과 가는게 좋을까요 ? 아빠가 취미로 농장 같은거 해서 (농장은 한 2천평 정도라고 들었어요) 가업 승계자 특별전형 쓸 수 있나요 ? 할 수 있다면 일반으로 가는게 좋나요 특별전형으로 가는게 좋나요 ? 학과 별 분위기는 어떤가요? 도시조경이랑 원예만이라도 알려주세요,120207, 16,2024.11.05
477332153,질문동래구에서..,부산 동래구 조양맨션에서 해운대에 가는 버스는 몇번이 있나요?,120207, 20,2024.10.31
477229472,질문로카이유 장식의 안락의자의,작가는 누구인가요?,12020707, 17,2024.10.29
477215525,질문부산 온천동 다이소에 미니쉘 파나요??,롤니쉘만들라고 하는데 미니쉘이 단종됬다고 해서요 다이소에도 안파나요?? 토익초콜릿이 모양이 똑같다고해서 찾아봤는데 편의점에 재고가 다 없다고 하네요… 부산온천동 근처로 파는곳 아시면 댓부탁드립니다 ㅜ,12020708, 25,2024.10.29
477124387,질문서면 동래 레이스 파는곳,레이스 파는곳 있나요? 진시장 갈려고 했는데 일요일에는 휴무라 ㅠㅠ,120207, 16,2024.10.26
477096650,질문19.산책을,산에서만 하는건가요,120207, 27,2024.10.26
477096228,질문부산 동래럭키아파트는 재건축은 언제 하나요?,부산에 동래럭키아파트는 재건축을 언제 하나요? 몇년도에 입주했는지 알려주세요,120207, 86,2024.10.26
476900734,질문동래구성형외과 눈성형 하는 곳 알려주세요,수능 끝나고 쌍수할 건데 미리 한번 찾아놓으려고요ㅎㅎ 엄마랑 같이 갈 거긴 하지만 멀리는 가고 싶지 않고용 제가 동래쪽 살아서 동래구성형외과 쌍수 하는 곳 가고 싶어여 성형외과전문의면 더 좋을 것 같아요 뭔가 꼼꼼하게 해줄 것 가틈 동래구성형외과 중에서 눈성형 잘하는 곳이나 쌤 친절한 곳 알려주세요 해보신분이면 더 좋을 것 같아요!,120207, 33,2024.10.21
476872622,질문부산역..,부산 동래구 조양맨션에서 버스를 타고 부산역으로 갈려면 어떻게 가면 될까요?,120207, 33,2024.10.20
476801003,질문부산 안락동 스터디카페/독서실 추천좀..,초등학생인데 이번에 중간고사가 너무 빡세서..(국제학교)삼남매인 집에선..아시져?그래서 혹시 초등전용 독서실이나 스터디카페 가능한데가 있는지 최대한 빨리 좀…가능하면 안락 sk근처면 좋을듯요,12020707, 37,2024.10.20
476820639,질문피크민 집에서,걸으면 걸음수 안 차나요? 밖에 나가기는 귀찮고 씻어야 해서..,12020706, 19,2024.10.19
476738697,질문부산 유락여중 시험기간,아시는분이요?,12020708, 28,2024.10.19
476780954,질문백임온천에,노래방있나요?,12020708, 20,2024.10.18
476581503,질문131번 타고 온천장역 내려서 금정6번 어디서 타나요,131번 타고 온천장역.CGV동래 정류장 내려서 금정6번 마을버스 온천장역 정류장 어디서 타면 되나요 물어봅니다.,120207, 25,2024.10.13
476521179,질문사직사거리 가는 방법,모충교에서 사직사거리까지 대중교통 시내버스로 가는 방법 좀 알려주세요 특히 버스노선과 버스 번호 좀 알려주세요,12020705, 21,2024.10.12
476269056,질문부산 동래.온천장 쪽 피부과 추천~,남자 선생님이 하시는 피부과 추천좀 해주세요 점.쥐젖 잘제거하는 곳으로 추천좀 바랍니다,120207, 17,2024.10.06
476244760,질문부산 동래구 맛집추천,중학생인데 친구랑 갈 수 있는 가성비 좋은 동래구 맛집 많이 알려주세요,120207, 20,2024.10.05
476194085,질문저녁...추천 좀여!,부산 동래구 에 학생이 저녁 먹을만한 식당이 있을까여? 햄버거 같은건 좀 매일 먹긴 그렇고 자주 갈만한 곳으로 8천원 선 안에서 가능한 집이 있다면...알려주세요! 제가 찾으면 술집밖에 안보입니다...ㅠ,120207, 18,2024.10.04
476144038,질문동래 도서관,혹시 부산동래구에 도서관있을까요??,120207, 32,2024.10.03
476140067,질문부산 동래구 사직동 주변 혼자 축구 할만한곳,부산 동래구에 혹시 혼자 축구할만한곳 있을까요? 사직동 주변이면 더 좋아요.,120207, 18,2024.10.03
476125911,질문부산 사직고등학교 이사벨고등학교,저는 중3 여학생인데요 중학교는 널널하고 빡센편은 아닌 학교에 진학중이에요 내신성적 퍼센테이지는 44~50% 정도입니당 여고는 부산진여고 성모여고 갈수 있긴한데 공학을 가고싶어서요 ㅠ 근데 저희학교에서 갈 수 있는 공학 고등학교가 동래쪽에도 갈 수 있긴 한데 거긴 학군이 빡세서... 동래쪽에 조금 덜 빡센곳에 갈 예정이에요 그래서 사직고등학교  이사벨고등학교 고민중인데 사직고에 대해선 어느정도 파악이 됐는데 이사벨고는 에스크나 그런게 없어서 잘 모르겠더라구요 1. 이사벨고등학교는 사직 학교들 중에 빡센편에 속하나요? 2. 이사벨고 / 사직고 둘 중 어디가 더 중위권이 가기에 잘 맞을까요? 3. 이사벨고 / 사직고의 분위기나 내신 따기 쉬운편인지 어려운편인지 알려주세요! 4. 이사벨고 / 사직고의 장단점? 졸업생  재학생분들 다 너무 괜찮으니까 조금 자세하게 답변 부탁드려요! 채택해드립니다,12020705, 613,2024.10.02
476063170,질문부산 사직동 밀면 맛집,몇년전에 갔던 밀면집 찾습니다 사직동에 있고 2츰으로 올라간 기억이 있습니다 양도 엄청 많이 주고 줄서서 먹는 맛집 이었는데 아시는분 계시나요?,12020705, 18,2024.10.01
475959843,질문부산사대부고 동래에서1지망으로 넣으면 잘붙을지 궁금해요,동래 지역근처에 거주중인데 부산사대부고랑 그리 멀지도않고 많이 가까운건아니지만 잘붙는지 궁금해요!,120207, 52,2024.09.29
475890053,질문동래중앙하이츠2차 고층 중층 질문 있어요,부산동래구 중앙하이츠2차 동양과 남양 방향의 차이점이 있는지요? 고층 중간층 어느쪽이 살기에 습기 안차고 안춥고좋은지 살고 계신분이나 살아보신분 진심어린 답변 부탁 드립니다.,120207, 31,2024.09.28
475948987,질문부산대시청서면사직 놀곳 추천해주세요,부산대시청서면사직에서 중1이 놀수있을만한 곳 추천해주세요,12020705, 42,2024.09.28
475947611,질문동래역 이름은 왜 Dongnae station인가요?,Dongrae station..이 맞지 않나요...???,120207, 32,2024.09.28
475797533,질문부산 동래구 사직동 초등4학년 여아 친구만들어 주기,안녕하세요. 부산 동래구 사직동으로 이사 온지 두달 된 초등학교 4학년 여자아이를 둔 아빠입니다. 저희 딸이 사직초로 2학기때 전학을 하는바람에. 같은 반 여자아이들과 친해지는데 너무 힘들어하네요. 이미 무리가 형성이돼서 친해지기 힘들어보여서 사직동 동네에서 다른 친구들을 사귀게 해주고 싶은데. 혹시 부모들의 모임이라던지 어플이라던지 사람들과 친해질수 있는 방법을 알고 싶네요. 좋은 방법있다면 같이 공유좀 해주세요~~~~~,12020705, 36,2024.09.26
475853290,질문부산동래 시외버스를 타고 마산 시외버스정류장 까지,제가 진주를 사는데 금요일날 야구를 보러가서 버스타고 진주를 와야하는데 경기 시작이 6:30분이라 끝나는시간 넉넉하게 잡고 4시간 정도 한다고 치면 심야버스를 타야하는데 매진이라 동래에서 마산 가는 버스를 탄다음에 마산에서 진주를 와야할거같은데 동래에서 1시간안에 마산시외버스정류장 까지 도착할수 있을까요 ㅠㅠ 시간표는 사진에 첨부 해놨어요,120207, 61,2024.09.26
475853120,질문방과후 자유수강권 신청,복지로 싸이트에서 9월3일에 방과후 자유수강권 신청했는데 9월26일인데 아무소식없고 복지로 싸이트 들어가니 아직도 조사중으로 뜨고 학교에서 문자온것도 없어요 이번달 방과후 수강비가 이미 청구되었는데 원래 이렇게 신청후 오래 걸리나요?,120207, 38,2024.09.26
475766193,질문온천장역에서 물건 분실하면,어디가서 획인해야 되요?,12020708, 33,2024.09.24
475722871,질문잠 잘 오는 방법이 있을까요?,,12020705, 60,2024.09.23
475703786,질문부산 동래구 근처 새벽산책할곳,저는 서울 반포한강공원이나 석촌호수같은곳 산책하는거 좋아하는데 부산에는 그런곳이 없는것같아요 ㅠㅠ 새벽산책할곳 추천해주세요,120207, 88,2024.09.23
475631285,질문국내 온천 추천해주세요!,혼자 온천여행갔다오려고 하는ㄷ강원도에 온천추천해주세요! 충청도도 괜찮습니다,12020708, 35,2024.09.21
475234891,질문부산 사직구장 앞 당구장,다음주 친구들이랑 사직 가는데 당구 치려고 하는데 제일 싼 곳이 어딘가요??,12020705, 26,2024.09.15
475282116,질문동래읍성 서문에서 만덕중학교까지 차로 몇분거리인지요?,부산광역시 동래구 명륜동에 있는 동래읍성 서문에서 남녀공학 만덕중학교까지 차로 몇분거리인지요? 더불어서 부산광역시 동래구 명륜동에 있는 동래읍성 서문에서 남녀공학 만덕중학교까지 몇킬로미터인 지요? 좀 궁금하네요 꼭 가르쳐주세요 ^_________________________________^;;;;;;;;;;;;;;;;;;;;;;;,12020702, 23,2024.09.13
475174999,질문부산 사직동 야구보면서 술 마시기 술집 추천,부산 사직동에 야구보면서 술 한잔 할 수 있는 술집이 있을까요 이왕이면 스크린에 띄어주면 좋을거 같은데 야구보면서 술 마시기 동래구 사직동 이자카야 바 포차느낌 전부 좋습니다~,12020705, 36,2024.09.12
475240048,질문동래읍성 남문에서  만덕중학교까지 차로 몇분 걸려요?,부산광역시 동래구 수안동에 있는 동래읍성 남문에서 남녀공학 만덕중학교까지 차로 몇분거리이에요? 더불어서 부산광역시 동래구 수안동에 있는 동래읍성 남문에서 남녀공학 만덕중학교까지 몇킬로미터이 에요? 좀 궁금하네요 꼭 가르쳐주세요 ^_________________________^:;;;;;;;;;;;;;;;;;;;;;;;;;;;;;,12020706, 27,2024.09.12
475197661,질문부산 동래구 온천동근처 방학때 점심주는 학원?,이번에 동래구 온천장 쪽으로 이사를 가는데 내년부터 복직도 합니다~~ 초3인데 방학때 다닐만한 점심도 주는 학원이 있을까요?? 체육관도 좋고 영어학원도 좋고.. 점심해결해주는 곳 찾고있어요~~,12020708, 14,2024.09.11
475192075,질문동래읍성 동문에서 만덕중학교까지 차로 몇분거리인가요?,부산광역시 동래구 복천동에 있는 동래읍성 동문에서 남녀공학 만덕중학교까지 차로 몇분거리인가요? 더불어서 부산광역시 동래구 복천동에 있는 동래읍성 동문에서 남녀공학 만덕중학교까지 몇킬로미터인 가요? 좀 궁금하네요 꼭 가르쳐주세요 ^___________________________________________^;;;;;;;;;;;;;;;;;,12020704, 18,2024.09.11
475161279,질문부산 동래 또는 그 근처에 산책하기 좋은 곳이 있을까요,부산 동래 또는 그 근처에 산책하기 좋은 곳이 있을까요? 시민 공원은 너무 멀구요. 이 근처였으면 해서요.,120207, 36,2024.09.10
475160447,질문부산 온천장...,부산 온천장쪽 술집 거리에 주말에 사람 많나요? 아시아드 나이트 쪽이요 .. 아니면 이미 망한 상가인가요,12020708, 73,2024.09.10
475063015,질문동래중학교 체육관 지금 가면 열려있나요?? (부산),부산 동래중학교 체육관 옛날에는 열려있고 그랬는데 지금도 열려있나요? ㅠㅠ,120207, 10,2024.09.08
475006935,질문사직동 러닝장소,제가 원래는 보조경기장에 가서 러닝을 했었는데 공사때문에 당분간 출입을 못한데요. 사직동에 트랙 있는 다른 러닝장소 없나요? 없으면 근처 러닝장소 추천해주세요.,12020705, 23,2024.09.07
