﻿doc_id,answer_index,answer,answer_date
477562918,477562918_1,111번 버스 현금 결제 가능한 버스 입니다,2024.11.06
477562918,477562918_2,의정부 민락동 ~ 동대문구간 운행하는111번 대원여객 버스는 현금없는 버스로  교통카드만 사용가능,2024.11.06
477539227,477539227_1,[부천시 첫만남이용권 기본 정보]- 지원금액: 200만원- 지원방식: 국민행복카드 포인트- 사용기한: 아동출생일로부터 1년- 지원대상: 2022년 1월 1일 이후 출생아[신청 및 수령 과정]1. 신청방법- 복지로 웹사이트 온라인 신청- 주소지 관할 동 행정복지센터 방문- 복지로 모바일 앱 신청2. 소요기간- 온라인 신청: 약 2-3주- 방문 신청: 약 2-4주- 실제 포인트 지급: 승인 후 1-2일 이내[필요 서류]- 신분증- 주민등록등본- 통장사본- 국민행복카드(미리 발급 권장)[주의사항]- 출생신고 후 신청 가능- 타 지역 이동 시에도 사용 가능- 국민행복카드 미리 발급받으면 처리 시간 단축- 부모 중 한 명만 신청 가능[사용처]- 영유아 용품점- 병원- 약국- 온라인 쇼핑몰 등시기별 참고사항:- 연말연시: 처리 기간 늘어날 수 있음- 명절 전후: 약 1주일 정도 지연 가능성추가적인 문의사항이나 구체적인 정보가 필요하시다면 답변 드리겠습니다.,2024.11.06.
477512002,477512002_1,경기도 청년 지원금이 있습니다.자세한 내용은 경기도청 홈페이지를 참고하세요.,2024.11.05.
477484217,477484217_1,내신은 양정>다산=제일이고특별전형으로 가야 출석을 보지 내신으로만 가면 출석 안 봐요 다산이나 제일이나 둘 다 특성화 학교인데 그 안에 과가 인문계과고요양정 매점있고 여자만 있어서 편하고 재밌음제일 학교 크고 과도 많아서 재밌음다산은 모르겠음,2024.11.04.
477470671,477470671_1,경기도 안성도 수도권지역이라고 하는데요수도권이라고 하더라도 서울이 멀어서 지하철이 없는거 아닐까요...,2024.11.04.
477470671,477470671_2,1호선 하고 경부선 철도하고 같이 가므로공사비 절감과 쉬운 공사라서  수원 평택 천안으로 1호선이 깔린 것이고안성 쪽으로 선로 깔려면 완전히 새로 깔아야 하므로수지 타산이 전혀 맞지가 않음,2024.11.04.
477459514,477459514_1,1.포천  좋은점 입니다자연경관이 좋습니다관광지가 많습니다개발.발전할 곳이 많습니다공기가 좋습니다2.포천 문제점 입니다수도권  지하철이 없습니다인구수가 줄어 듭니다인프라시설이 부족합니다개발속도가 늦습니다,2024.11.04.
477429573,477429573_1,버스마다 다른데 평균 속도는 □km입니다,2024.11.04.
477391974,477391974_1,질문:안녕하세요 경기도 기후행동 기회소득 미성년자가 하는법좀 알려주세요카카오 토스 네이버류답변:안녕하세요.경기도 기후행동 기회소득은경기도민이라면 7세 이상 누구나 신청 하실수 있습니다.본인인증시 카카오. 네이버. 토스 인증서로 인증하시면 되요.하시는 방법은 아래에 가시면 쉽게 아실수 있습니다.경기도 기후행동 기회소득 환경살리기 운동하고 현금 포인트 받기신청 안하면 못 받는2024 정부지원금 경기도에서 환경을 위한 탄소중립 실천운동을 실시하면 리워드로 현금을 받으실 수 있습니다. 아래를 보시면 경기도 기후행동 기회소득 내용  신청 및 참여방법  실천항목을 확인하실 수 있습니다.  2024년 7월부터 시행되고 있고 해야 하는 실천활동이 간단하기 때문에 쉽게 돈을 버실 수 있습니다.  바로 신청하셔서 환경을 위한 운동도 실천하고  현금 최대 30 000원도 받아 가세요.   경기도 기후행동 기회소득이란? 경기도 내에 주민등록을 가지고 있는 만 7세 이상의 경기도민이 환경오염의 주요 원...naver.me,2024.11.03.
477377588,477377588_1,신도시 전에 전형적인 농촌마을을 그대로 쓰기에 그렇습니다,2024.11.02.
477377588,477377588_2,1.이유는 경기도는 인구수가 가장 많고2.아파트 단지. 아파트 브랜드 등이 비슷한 경우가 있기 때문입니다3.따라서 마을을 붙이면 구분하기 좋기 때문입니다,2024.11.02.
477357735,477357735_1,호서대 추천합니다,2024.11.01.
477357735,477357735_2,안녕하세요 :) 배재대학교 입학팀 입니다 !배재대학교는 대전 서구에 위치하고 있습니다현재 경기도에 거주하고 계시군요 ! 배재대학교는 수시모집 합격생 중 기숙사를 희망하는 학생에게 거리와 성적에 상관없이 기숙사를 우선제공 해드리고 있습니다 ^^또한 수시모집 최초합격자에게 전원 100만원씩 장학금을 드리고 있습니다배재대학교에서는 250여가지의 다양한 비교과프로그램을 통하여 다양한 경험을 쌓고 역량개발과 동시에 장학금도 받을 수 있는 다양한 혜택이 있는 대학입니다 ^^간호학과의 경우32개의 병원과 실습 협력을 맺어 원하는 병원으로 실습을 갈 수 있으며 빅5 병원으로도 취업이 가능합니다 ^^체계적인 교육과정을 운영하여 간호교육 인증평가를 5년동안 인증받았으며 2023년 기준 간호사 국가시험 70명 전원 100% 합격률을 자랑한  취업에 보장이 있는 학과라고 보실 수 있습니다서울 경기 천안 / 대전 세종 충청 통학버스도 운영하고 있으며 고용부 3대 취업 중심사업을 수행하고 있습니다고용부3대 취업 중심사업이란1.대학일자리플러스센터 사업2. 재학생 맞춤형 고용서비스3.고교 재학생 맞춤형 고용서비스기업 탐방 뿐만아닌 직업체험 등 맞춤형으로 지원을 하고 있습니다 ^^학교 홈페이지를 올려두었으니 참고 부탁드립니다 !더 궁금한 점이 생기신다면 042-520-1885 번호로 문의 주신다면 친절한 상담 해드리겠습니다 *^^*입학부터 취업까지 체계적인 관리가 이루어지는 배재대학교 였습니다 :)배재대학교배재대학교www.pcu.ac.kr,2024.11.02.
477357735,477357735_3,호서대가 가장 좋습니다. 간호 실습지도 해외 국내로 다양하게 가고 있고 국가고시 합격률이나 취업률도 굉장히 높습니다. 학교로만 보았을 때 인지도도 가장 높습니다.,2024.11.02.
477357735,477357735_4,안녕하세요 간호 생각하시는거면 혹시 김천대학교는 어떠신가요? 김천대학교는 간호로 역사가 깊었던 학교로 경북지역 취업률 2위  교통편 등 시설이 잘 갖추어져 있어 추천드립니다,2024.11.02.
477340097,477340097_1,현금승차가 가능합니다. 아직 경기도 자체에서는 현금없는 버스 정책 도입 안되었습니다,2024.11.01.
477340097,477340097_2,G1003번 버스 요금표 참고 하시기 바랍니다현금 승차 가능 합니다,2024.11.01.
477260500,477260500_1,2차 면접수당 신청을 완료했고 수령했다면 3차에 다시 신청할 수 있습니다.,2024.10.31.
477291585,477291585_1,차타고 가죠,2024.10.30.
477272214,477272214_1,경기도 버스 전화민원 031)120https://vlvlzlsk35.tistory.com/1135경기도 버스 민원  신고 방법과 개선 사례 한눈에 보기경기도 버스 이용 중 불편을 겪고 있다면  이를 해결하기 위해 ‘경기도 버스 민원’을 접수하는 방법을 알아야 합니다. 교통불편 신고는 버스 서비스의 개선에 중요한 역할을 하며  다양한 경로를 통해 민원을 접수할 수 있습니다. 이번 포스팅에서는 경기도 버스 민원 접수 방법과 교통불편 신고를 통해 어떤 개선이 이루어졌는지에 대해 자세히 안내해 드리겠습니다. 경기버스정보 홈페이지 경기도 버스 민원 접수 방법경기도에서 버스를 이용하면서 불편을 겪는다면  민원을 접수하는 방법은 크게 세 가지가 있습니다. 각각의 방법에 대해 자세히 알아보겠습...vlvlzlsk35.tistory.com,2024.10.30.
477206852,477206852_1,경기지역화폐지역별 사용처를 검색해보세요.search.konacard.co.kr여기서 가맹점 확인이 가능합니다.검색했는데 화성시는 나이키  아디다스 사용가능한 매장 없고수원은 아디다스 매장만 나옵니다.참고바랍니다.,2024.10.30.
477251135,477251135_1,카카오뱅크mini 계좌 받지 못합니다,2024.10.30.
477226287,477226287_1,경기도 버스는 거리비례제 버스가 있어 안 찍고 내리면 페널티 요금이 있음버스 노선의 길이 20킬로 200원 40킬로  700원까지일반버스의 경우는 페널티 없음,2024.10.29.
477215950,477215950_1,카드 추가 등록을 하시고기존 카드는 혹시 모르니 놔두시고우선은 지원금관련한 담당부서 전화번호 등 확인해서 카드를 변경했는데 카드 변경 해달라고 문의 해보시길 바랍니다.,2024.10.29.
477192168,477192168_1,1.중간 정도 거리로 생각 합니다2.KTX  1시간 35분 기준 입니다,2024.10.28.
477192168,477192168_2,대전하고 조치원은 다름대전에서 천안도 먼곳에 속하는곳인데수원은 상당히 먼거리로 봄조치원은 먼거리 정도,2024.10.28.
477192168,477192168_3,중간 정도 거리로 생각 합니다,2024.10.28.
477180973,477180973_1,타지역 반납하여도 됩니다단 타지역 반납 지역이 반납 가능지역이여야 가능합니다,2024.10.28.
477180973,477180973_2,쏘카에서 운영중인 일레클 전기자전거는 반납 지역이 정해져 있습니다.일레클 앱에서반납 가능지역으로 표시된다면  반납이 충분히 가능합니다.다만  질문 하신 것처럼 서울에서 경기도를 왕복하시면서 타려면 분당 요금제로 운영되는일레클의 특성상발생할 비용을 미리 감안하시고 이용하시는게 좋을거 같습니다.일레클 전기자전거에 대한 블로그 글이 있어서 첨부해드립니다.쏘카 일레클 전기자전거 간단 이용 가이드일레클은 쏘카가 제공하는 전기자전거 공유 서비스로  친환경적이고 효율적인 이동 수단으로 많은 인기를 ...blog.naver.com일레클 전기자전거 대여 및 반납 방법 완벽 가이드일레클은 쏘카의 전기자전거 공유 서비스로  친환경적이고 효율적인 이동 수단을 원하는 사용자들에게 인기를 얻고 있습니다. 서울 일부 지역을 비롯한 주요 도시에서 손쉽게 전기자전거를 대여하고 반납할 수 있는 편리한 시스템을 제공하며  다양한 모빌리티 옵션 중에서도 많은 사람들이 선호하는 서비스입니다.  일레클 전기자전거 서비스의 특징편리한 대여 및 반납: 일레클은 사용자가 원하는 장소에서 자전거를 대여하고  가까운 지정된 주차 구역에 반납할 수 있는 비고정형 서비스입니다.저렴한 요금: 기본요금이 합리적이며  분당 요금으로 과금되므로 필...typicalsalaryman.tistory.com,2024.10.31.
477102315,477102315_1,저 베낀 건가요 ㅋㅋㅋ,2024.10.26.
477082522,477082522_1,불가능한 사항이라고 안내드릴게요.도움되셨으면 좋겠습니당-반지하 빌라 1주택자 소유하고 있습니다.혹시 소형저가주택으로 무주택자로 민영분양으로분양신청 할 수가 있나요?,2024.10.25.
477082522,477082522_2,무주택자가 반지하 빌라 소유자로 민영분양 신청 가능한지 확인 필요합니다.답변이 도움되셨으면 하는 바램입니다-반지하 빌라 1주택자 소유하고 있습니다.혹시 소형저가주택으로 무주택자로 민영분양으로분양신청 할 수가 있나요?,2024.10.25.
477082522,477082522_3,반지하 빌라 소유 시무주택자로 분양신청 불가합니다.,2024.10.25.
477017011,477017011_1,실내에서 편안한 옷차림 추천드려요.온도 차 감안해 가벼운 겉옷도 준비하세요.,2024.10.24.
477017011,477017011_2,실내에 주로 계실 예정이고 아침에는 조금 더 쌀쌀할 수 있다는 점을 고려하면  얇은 스웨터나 가디건을 편한 셔츠 위에 레이어드해서 입는 게 좋을 것 같아요. 실내가 따뜻해지면 겉옷을 벗으면 되니까요. 하의는 캐주얼한 청바지나 편한 바지가 적당할 것 같아요. 만약 추위를 많이 타신다면  얇은 스카프나 가볍게 들고 다닐 수 있는 자켓을 챙기는 것도 추천드려요.,2024.10.24.
476983550,476983550_1,과천 의왕 등이 있습니다.,2024.10.23.
476983550,476983550_2,1.의왕시 입니다  시청기준. 거리기준 입니다2.중간에 번화가는 평촌역 로데오거리  추천 합니다,2024.10.23.
476983550,476983550_3,중간위치가 정확한건 아니지만 안양시 안양역앞을 추천합니다...,2024.10.23.
476978629,476978629_1,다시 재발급 필요없이 발급받은 카드로도 춘천에서 사용할수가 있습니다...,2024.10.23.
476978629,476978629_2,고용노동부 국비지원 국민내일배움카드를 말씀하시는거라면이미 발급 받았다면 지역에 관계 없이 사용할 수 있습니다.단  국민취업제도 등은 주민등록상 기재된 주소지 또는 회사 주소지의관할고용센터를 방문해야 합니다.고용센터 문의 ☎ 1350◆ 국민내일배움카드 발급신청 방법▶ PC에서 발급 신청하는 방법(클릭)▶ 모바일에서 발급 신청하는 방법(클릭)▶ 자격증 우대채용 공고 확인하기(클릭)▷ 국민내일배움카드 유효기간/한도 확인 방법로그인 후 마이페이지 > 훈련관리 > 국민내일배움카드 > 발급구분의 링크 클릭https://www.work24.go.kr▷ 주소지 관할 고용센터로 연락하면 빠르게 안내받을 수 있습니다.고용복지플러스센터(지청) 주소 및 연락처 찾아보기https://www.workplus.go.kr▷국비지원은 고용보험기금으로 운영되며 훈련생 자부담금이 있고  미수료 패널티도 있습니다.국비지원 신청 방법  자부담금  패널티  차감금액 알아보기https://blog.naver.com▷ 직장인(재직자)  근로자 원격훈련은 ‘근로자’ 유형으로 훈련 진행이 가능합니다.발급받은 국민내일배움카드가 구직자(실업자)라면 유형 변경이 필요합니다.https://www.edups.co.kr- - - - - - - - -▼ 근로자(재직자) 국비지원 교육과정 알아보기간편상담 신청:https://forms.gle/91Wv4WSNpKffTnt86무료 상담문의: 1600-7107에듀플러스 국비지원https://www.edups.co.kr● 손해평가사● 주택관리사● 전기기능사● 경비지도사● 물류관리사● 사회복지사1급● 손해사정사● 직업상담사2급● 전산회계1급● 유통관리사사2급● 전산세무2급● 관광통역안내사● 농산물품질관리사▼ 에듀플러스 국비지원 수강혜택!① 근로자수강료최대국비지원② 학습플래너 맞춤학습 지원③ 과정별 핵심정리  문제풀이 과정④ 교재비 부담 DOWN! 이론교재 무료제공!(※ 단  혜택 마감 시 조기 종료될 수 있음)⑤ 국비수강 달성 시 1년+1년  총 2년간 복습지원⑥ 지역과 시간에 제약이 없는 온라인수강,2024.10.24.
476953920,476953920_1,이사방위는 북쪽입니다.이삿날이 아무리 좋아도 이사 갈 집의 길흉은 사람마다 다를 수 있습니다.이삿날과 이사 방위는 사주와 성별에 따라 길흉이 다르고 일진에 따라 길흉이 다릅니다.참고문헌[규장각] = 천기대요(增補參贊祕傳天機大要) 황도택일법(黃道擇日法)사람도 주택도 인연이 있어야!손은 누구나 알고 피할 수 있지만  잘못된 지식과 정보에 현혹되어 자칫 일진이 나쁜날흉살 방위로 가게 되면 이사 후 걷잡을 수 없는 우환을 초래할 수 있습니다. (동티)전문가와 의논하세요.왜 좋은 날인지? 이사방위 길흉과 대책은? 풍수지리적 위치와 환경은?비용 절감은 물론 가족이 화합하고 우환이 없으며 세입자는 문서 운  자녀는 학업 운과취직  승진 등의 경사가 따르고 사업자나 미혼자는 귀인을 만나 만사형통할 수 있습니다.아래 포스팅은 현주소지에서 이사 갈 집 주소나 위치로 보는 길흉과 대처 방법입니다.이사하기 전에 이것 만은 꼭 살펴보아야!#이사방위 #이사날짜 #입주시간 #이사운 #대장군방위 #삼재삼살방 #손없는날 #침대방향 #생활풍수 #전세사...blog.naver.com,2024.10.23.
476953920,476953920_2,북방위입니다.,2024.10.22.
476945523,476945523_1,어린이대공원 어린이대공원역 7호선롯데월드 잠실역 2호선서울랜드 대공원역 4호선에버랜드 전대역 에버라인,2024.10.22.
476945523,476945523_2,경기도의 가장 대표적인 놀이공원은 서울랜드와 에버랜드가 있습니다. 둘다 자연에 위치하고 있지만  서울랜드는 주변에 과천 현대미술관  서울대공원이 있고  에버랜드는 놀이공원 내에 사파리라든지  판다도 볼 수 있습니다. 위에 요청하신 질문의 답변은 아래의 링크에서 확인하실 수 있으니 읽어보시고 도움받으시길 바랍니다. ^^과천 서울랜드  Seoul Land  자유이용권  입장권  종일권  오후권  야간권  연간회원권  티켓 예매  가격  할인  고객센터  지도  놀이기구  야간개장  서울랜드 어트랙션 예약앱  대기예약앱  코끼리열차  서울대공원 리프트 | Korea Issue And Trend서울랜드(Seoul Land)는 경기도 과천시에 위치한 대한민국의 최초의 대표적인 테마파크 중 하나로  가족과 친구  연인들이 함께 즐길 수 있는 다양한 놀이기구와 어트랙션을 갖추고 있습니다. 서울대공원과 가까워 자연 속에서 다양한 체험을 즐길 수 있으며  특히 사계절 내내 색다른koreaissueandtrend.com용인 에버랜드 자유이용권  입장권  종일권  오후권  야간권  Plan-it  큐패스  Q패스  정기권  놀이기구  지도  스마트줄서기  홈페이지  앱  스마트 예약  할인  사파리 스페셜투어  판다월드  카카오 T 셔틀버스  고객센터 | Korea Issue And Trend용인 에버랜드는 대한민국을 대표하는 테마파크로  다양한 놀이기구와 테마존  사파리  판다월드 그리고 시즌별 이벤트로 연중 많은 사랑을 받고 있습니다. 가족  친구  연인들이 함께 즐길 수 있는 다양한 어트랙션과 편의 시설이 마련되어 있어  하루 동안 즐거운 시간을 보낼 수 있습니다.koreaissueandtrend.com,2024.10.26.
476937678,476937678_1,경기도에서 교통비를 지원하는데요. 자세한건 아래 링크를 들어가시면 알 수 있습니다.무상교통(올해 5월부터 다른 제도로 바뀜)세이브버스(SaveBus)화성시 무상교통savebus.hscity.go.kr경기도 버스비 지원경기도 청소년 교통비 지원 포털경기도 청소년 교통비 지원 사업이란? 경제적 자립도가 낮은 청소년들의‚ 교통비 부담 완화에 목적을 두고 있습니다. 경기도 청소년 교통비 지원 사업 안내 지원대상 신청일기준 경기도에 거주하는  세∼세 청소년 지원금액 상반기 최대 0만원 하반기 최대 0만원 (연간 0만원 한도) 신청기간 매년 1월  7월 지원방법 청소년 본인 명의의 지역화폐로 지원금 지급 (단  13세 또는 휴대폰이 없거나 지역화폐 App을 설치할 수 없는 휴대폰을 이용하는 청소년은 대리인의 지역화폐로 지급) 신청자격 신청일에 주민등록상 경기도에 거주하고 있으며 해당...www.gbuspb.kr,2024.10.22.
476937678,476937678_2,음 기존에 쓰시던 거 쓰시면서 차라리 교통비 지원 혜택 받으시는 게 어떄요?경기도에서 어린이랑 청소년들에게 교통비 사용액 100% 지원하는데... 혹시 모르셨나봅니다 ㅠㅠ4분기 신청 얼마 안 남았으니 얼른 신청하세용https://naver.me/5PVYgawG2024년 4분기 경기도 어린이 청소년 교통비 지원사업2024년 4분기 마지막으로 경기도에서 어린이와 청소년들에게 교통비 지원사업을 시행합니다. 분기별 6만원 연간 최대 24만원의 혜택을 받을 수 있는 절호의 기회! 수도권 대중교통 실 이용금액의 100%를 지역화폐나 계좌이체로 환급해준다고 생각하면 됩니다. 늦으면 혹은 모르면 그냥 지나가는 국가 보조 혜택이니 꼭 놓치지 마세요!  교통비 지원사업 신청방법  교통비 지원사업 지원금액 안내  지원 불가 사유 확인하기 위를 통해서 홈페이지로 이동이 가능합니다 >>     주정차위반 과태료 조회 납부 및 이의신청주정차위반으로 인한...naver.me,2024.10.22.
476897444,476897444_1,네 맞습니다.채택 부탁드립니다.,2024.10.21.
476895982,476895982_1,25만원은 다음분기에 지급이 됩니다,2024.10.21.
476895982,476895982_2,<질문>청년기본소득이 한번에 75만원 들어왔는데100만원못받는건가요?<답변>이번에 75만원이 들어왔다면 원래 1분기 신청 대상 인원이었는데 이번에 3분기에 소급신청하신 것으로 보입니다.나머지 25만원은 4분기를 신청하셔야 받으실 수 있으며 3분기 신청시 자동신청에 체크하셨다면 자동으로 신청됩니다.답변이 도움이 되셨다면 중복 채택도 가능하니  채택 및 좋아요 부탁드립니다.경기도 청년 기본 소득 신청 방법경기도 청년 기본소득 2분기 신청이 시작되었습니다. 경기도에 주민등록이 있는 24세 청년이라면 분기별 25만 원을 지역화폐로 지급받을 수 있습니다. 신청 자격과 사용처를 확인하고  기간 내에 신청하세요!m.site.naver.com,2024.10.22.
476867420,476867420_1,<질문>경기도 청년기본소득신청했는데 이거 4분기에 나눠서 25만원씩 총 100만원 지급되는거 아닌가요? 확인했더니 25만원이 들어있는게 아니라 50만원이 들어왔는데 이거 왜그런거죠?<답변>아마도 최초 신청가능 기간이 지난 분기였을 것입니다.지난분기에 신청을 안하고  신청시 소급지원이 선택되어 있었다면 지난 분기에 대한 기본소득이 소급지급됩니다. 총 100만원 지급에는 차이가 없습니다.답변이 도움이 되셨다면 중복 채택도 가능하니  채택 및 좋아요 부탁드립니다.경기도 청년 기본 소득 신청 방법경기도 청년 기본소득 2분기 신청이 시작되었습니다. 경기도에 주민등록이 있는 24세 청년이라면 분기별 25만 원을 지역화폐로 지급받을 수 있습니다. 신청 자격과 사용처를 확인하고  기간 내에 신청하세요!m.site.naver.com,2024.10.20.
476852821,476852821_1,저도 오늘 지급 받앗습니다.,2024.10.20.
476841718,476841718_1,서울은  시청에서 나와 수시로 교육하고 무정차 통과는 대과실 무엇보다 임금이 높음경기도는 서울에 비해 관리도 허술하고 임금이 낮음서비스 수준이 낮을 수밖에 없음,2024.10.20.
476841718,476841718_2,아니요?,2024.10.20.
476783110,476783110_1,충청도에서 경기도로 이사하실 때 교통 편리성과 직장 접근성을 고려하신다면  평택  화성  용인 모두 괜찮은 선택입니다.서울 접근성과 직장 밀집도를 가장 중시하신다면 화성이나용인이 적합할 수 있습니다. 반면  제조업에 특화된 직장을 원하시거나 물류 관련 직종을 선호하신다면평택도 좋은 선택입니다.간단한 비교 해드리자면화성은 SRT 동탄역이 있어 서울로의 출퇴근이 빠르고 편리합니다. 또한 1호선  경부선 등의 철도망과 고속도로가 잘 발달해 있어 차량 이동도 편리합니다. 직장 접근성으로 보자면 삼성전자 화성캠퍼스와 현대차 남양연구소가 있어 첨단 산업과 연구직이 많습니다. 동탄 신도시도 조성돼 있어 편의 시설과 인프라가 잘 갖춰져 있습니다.용인은신분당선이 있어 강남으로의 접근성이 좋고  GTX-A 노선 개통 후 교통이 더욱 개선될 예정입니다. 경부고속도로와 영동고속도로가 지나가면서 교통 접근성이 좋습니다. 직장 접근성 쪽으로 보자면 용인은 경기 남부에서 IT  제조업  서비스업이 고루 발달한 지역입니다. 특히 판교나 분당과 가까워 IT나 소프트웨어 관련 직종 종사자들에게도 유리합니다.혹시 아직까지 이사업체를 알아보시는 중이라면 아래 링크를 통해 도움받으시는 것도 추천드립니다.https://iryan.kr/t7rg1tpa40포장이사 고객 맞춤 비교 견적 플랫폼 '모두이사'[모두이사 특징] 1. 업체의 평균 신뢰 등급 -고객들의 솔직담백한 이용 후기를 근거로 작성된 업체들의 평가 2.CCM인증기업 한국소비자원이 주관하고 공정거래위원회가 인증하는 기업 3. 업체정보(사업자 등록증  화물 주선허가증  업체 후기 및 등급) 모두 표기되어있어 안심되는 이사 4. 선별된 최우수 업체를 고객센터에서 1:1 맞춤 서비스 제공 -평균 10곳 이상의 참여 업체 중 업체평가등급과 이사 역경매의 업체별 금액을 빅데이터로 분석 -AS등 고객중심으로 이사업체와 적극중재하여 문제 해결에 도움을 드리고 있습니다 꼼꼼한 과정들을...iryan.kr,2024.10.30.
476768723,476768723_1,흠... 남부는 수원  군포 정도고 북부는 의정부 입니다!,2024.10.18.
476768723,476768723_2,1.경기도 살기 좋은곳 추천 합니다  수원시. 성남시. 용인시 입니다2.인구수 기준 입니다 .이유는 인구수가 많으면인프라시설이 잘발달 하기 때문입니다,2024.10.18.
476768723,476768723_3,남양주 추천!,2024.10.18.
476768723,476768723_4,강남하고 비슷한 수준 인 동네는 과천 과 판교 외에는 없고과천이 유해시설이 없고 깨끗한 동네로 경기도에서 가장 살기좋은곳으로 선택된곳,2024.10.18.
476759035,476759035_1,중간 지점 번화가  추천지  입니다. 시청기준 입니다1.안양역앞 일번지 번화가2.안산시 중앙역  로데오거리 입니다,2024.10.17.
476755490,476755490_1,할머니도 부모이므로 가능할머니네 집 주민센터 가서 전입신고 후 전학,2024.10.18.
476693961,476693961_1,수원역에 즉석사진 기계 설치 되어 있습니다,2024.10.16.
476555957,476555957_1,경기도 청소년 교통비 지원 고객센터 1577-8459로 문의 권장합니다.지식인에서는 해당 개인정보를 요구할 수 없고 관련 담당자가 활동 하지 않기 떄문에 고객센터로 연락바랍니다.,2024.10.15.
476548078,476548078_1,수지역 2번출구 수지도서관https://lib.yongin.go.kr/suji/menu/12484/contents/40176/contents.do수지도서관수지도서관 정보 및 도서검색 제공lib.yongin.go.kr,2024.10.15.
476556679,476556679_1,각자 인천광역시와 경기도에 거주하고 있고 대중교통을 이용하면 1시간 정도 걸리는 거리인데..이 정도 거리라면 장거리 연애냐고요?흠~~장거리 연애는 아닙니다.장거리 연애라면 수도권 지역에서 지방으로 내려가서 만나는 거라 할 수 있갰습니다.,2024.10.13.
476556679,476556679_2,그 정도라면 연예하는 데 큰 지장없는 거리입니다.,2024.10.13.
476556679,476556679_3,대중교통으로 1시간 정도면 장거리는 아니고 단거리로 괜찮은 거리입니다...,2024.10.13.
476550257,476550257_1,해당버스가 거리비례제 버스이면은 하차태그는 필수 입니다. 그래서 하차태그가 필수인 버스를 타고 하차태그를 하지 않으면은 다음 승차할 떄 최소 700원이 더 부과 됩니다.하지만 단일노선인 경우에는 환승만 하지 않으면은 하차태그는 필수가 아닙니다. 환승을 하고 하차태그를 하지않으면은 다음 승차시에 최소 700원과 하차태그할 떄 부과되어야 초과금도 같이 부과될 수 있습니다.정리하면은 환승을 하지 않았다면은 최소 700원의 패널티가 다음 승차할 떄 부가될 가능성이 있습니다. 경기버스 다수가 거리비례제 버스입니다.,2024.10.13.
476550257,476550257_2,걱정하지마세요 추가요금 안붙어요...,2024.10.13.
476538691,476538691_1,안녕하세요. 문의하신 학원 답변드립니다.저희 학원은 대다수의 칠판식 강의가 아닌 소수정예인원으로 학생맞춤수업으로 진행되고 있습니다.개별교재  개별진도로 공부하기 때문에 수업적응하시기 좋습니다.무료수업30분도 진행되고 있으니 제 프로필번호로 연락주시거나  아래의 신청서를 작성해주시면빠르게 상담 도와드리겠습니다! 감사합니다!학습코칭학원 문의네이버 폼 설문에 바로 참여해 보세요.naver.me,2024.10.14.
476533100,476533100_1,반대로 대구에서 경기도로 보낼떈3시간 기준보통 만오천원 내외로 나옵니다. 거리 3시간기준그렇기에 그정도이지 않을까 한데요 무게에 따라 달라지실듯하네요,2024.10.17.
476518096,476518096_1,예고는 특목고로 대부분 기숙사를 운영하고 있습니다기숙사우선순위라던지 하는 문제는 학교측에 문의하면 알려 줍니다...,2024.10.12.
476518096,476518096_2,예고마다 다릅니다.에를 들어서 인천예고나 경기예고는 기숙사 운영 안하는 거 같습니다.홈페이지에 기숙사 관련한 정보가 없습니다.기숙사가 없는 경우에는 집에서 통학을 하거나집이 멀다면은 예고 근처로 자취방을 알아봐야 할 거 같습니다.,2024.10.12.
476475515,476475515_1,주로 화성시 용주사에서 진행됩니다서울에서 제야의 종을 보고 싶다면 종로 보신각에서 전통적인 타종 행사가 진행됩니다.,2024.10.11.
476475515,476475515_2,경기도에서는김포시: 애기봉 남북평화의 종수원시: 화성행궁 광장 건너편 여민각파주시: 임진각 평화의 종안산시: 화랑유원지 단원각 안산천년의종에서 타종행사가 진행됩니다.,2024.10.11.
476474316,476474316_1,가까운 우체국이나 택배사로 배달 가능하며 비용은 수령지 및 무게에 따라 다름.,2024.10.11.
476474316,476474316_2,가까운 우체국으로 이동하시면 도움을 받을 수 있습니다. 비용은 무료입니다.,2024.10.11.
476474316,476474316_3,가까운 우체국이나 택배사에 문의해보세요. 운송 비용은 크게 나오지 않을 것입니다.제가 드린 답변이 도움되셨길 바래요-말씀하신 질문 :막 엄청 방대한 양은 아니고 서류봉투 하나 다찰만큼 있는데 어디로 가야할까요 그리고 있다면 비용은 어느정도 나올까요,2024.10.11.
476473167,476473167_1,아래 경기도5일장정보 드립니다.https://info.money2rich.com/market-schedule/경기도 5일장 일정표 - 오일장 상세정보 바로가기 - 돈되는 정보전달경기도 5일장에 대한 내용들이 모두 들어 있습니다. 경기도 5일장에 대해 알아보고 장이 들어서는 일정과 세부적인 정보도 함께 공유드립니다. 편리하게 활용해 보세요.info.money2rich.com,2024.10.26.
476473167,476473167_2,경기도 5일장날 전통시장 장날표 날짜 장소 궁금하다면? 한눈에보기 | HoHo's블로그경기도 곳곳에서 열리는 전통 5일장  아직 가보지 않으셨다면 놓치기 아까운 볼거리와 즐길 거리들이 기다리고 있어요! 경기도는 도시와 농촌이 공존하는 곳이라 5일장에서도 그런 매력이 물씬 풍깁니다. 신선한 농산물은 물론이고 간단한 공산품부터 시작해 지역 특산물  색다른 먹거리까지 다양한hohoblog.co.kr,2024.11.01.
