﻿doc_id,answer_index,answer,answer_date
476931990,476931990_1,새벽에 택시 잡기 어려울 수 있어요.태백역 앞 택시정류장에택시가 좀 있을 겁니다.,2024.10.22.
476686905,476686905_1,광주를 경유하시기 바랍니다여수에서 광주터미널에 도착해서장성행 시외버스를 타시면 됩니다광주에서 장성까지는 30분 소요됩니다,2024.10.16.
476504292,476504292_1,반려동물 동반 가능하고 무료입장입니다 산책하시기 좋을거예요!! 이번 축제는 일요일까지 진행되며 오늘 불꽃쇼가 9시에 진행된다고 하니 구경하세오!축제가 끝난 날에도 반려동물과 산책하기 좋으니 참고하세요 ㅎㅎ강아지 동반 가능한 카페와 축제정보 아래 첨부해둘게요:)장성 브런치 맛집 광주 근교 카페 로사브릭스571안녕하세요 혀니여행입니다:) 오늘은 최근에 가족들과 방문한 장성 브런치 맛집을 소개하려해요! 저희 엄마...m.blog.naver.com[장성 카페] 광주근교 베이커리 맛집 대형카페 추천 <카페 잇다>안녕하세요 오늘은 장성에 위치한 대형카페 베이커리가 너무 맛있는 곳을 소개하려해요 카페 잇다 매일 11:...m.blog.naver.com전라남도 10월 가볼만한곳 장성 가을 꽃축제 정보 주차장 불꽃축제 알아보기장성 황룡강 가을꽃축제최근 시작한 장성 황룡강 가을 축제에 대해 알아보겠습니다. 이번축제는 2024. 10.05(토)~ 2024. 10.13(일)까지 열리며 장성 황룡강 노란꽃 잔치에서 열리며 2016년 처음 시작된 장성 가을축제는 연속 100만 명에 가까운 관람객을 유지하고 있습니다. 전라남도 우수축제로 대표적인 가을축제이기도 합니다. 매년 10월이면 황룡강일대에 백일홍  천일홍  해바라기  코스모스 등 100억 송이가 넘는 가을꽃들이 만개합니다. 입장료는 없는 것이 제일 좋은 점입니다. 이번 축제에서 특설무대 공연  개막행사  ...hyeontip.com,2024.10.12.
476247534,476247534_1,황룡강 불꽃축제는 9시 황룡정원 본무대에서 한다고 하네요 :) 자세한 사항은 아래 참고하세요축제일정 적어뒀습니다전라남도 10월 가볼만한곳 장성 가을 꽃축제 정보 주차장 불꽃축제 알아보기장성 황룡강 가을꽃축제최근 시작한 장성 황룡강 가을 축제에 대해 알아보겠습니다. 이번축제는 2024. 10.05(토)~ 2024. 10.13(일)까지 열리며 장성 황룡강 노란꽃 잔치에서 열리며 2016년 처음 시작된 장성 가을축제는 연속 100만 명에 가까운 관람객을 유지하고 있습니다. 전라남도 우수축제로 대표적인 가을축제이기도 합니다. 매년 10월이면 황룡강일대에 백일홍  천일홍  해바라기  코스모스 등 100억 송이가 넘는 가을꽃들이 만개합니다. 입장료는 없는 것이 제일 좋은 점입니다. 이번 축제에서 특설무대 공연  개막행사  ...hyeontip.com,2024.10.12.
475898626,475898626_1,태백 장성광업소 견학 가능 합니다,2024.09.27.
475415258,475415258_1,무조건 지원금을 주는건 아니고 불이난 원인과누가불을 질렸는가도 조사하여 조사하여 그런후에그런것도 진행될수도 있답니다,2024.09.16.
