﻿doc_id,answer_index,answer,answer_date
477036361,477036361_1,출발지를 밝히지 않아서 네이버 검색창에상모 초등학교 검색을 하시면가는 법이 나옵니다.,2024.10.27.
477036361,477036361_2,출발지가 어디세요?,2024.10.25.
476758714,476758714_1,광역학군 부산시내전체이고요1 3지망이니까 갈순 있지요 2지망이 걸릴수도 있구요아예 안적은 학교가 걸릴수도 있습니다ㅠ,2024.10.18.
476356887,476356887_1,술을 팔기는하지만 간단히 저녁 식사를 주로 하는 식당입니다.몇번 가본 경험상 사람들이 주로 먹는 주 메뉴는 아구찜이나 수육인듯 합니다.,2024.10.08.
476172829,476172829_1,지잡대 현실 이런거 찾아봐요ㅎ근처 대학 탐방 가는 것도 좋은 방법임님 부산 사는 것 같은데 부산대 부경대 경성대 딱 3곳만 가보세요.  캠퍼스 수준 차이 확나서 공부 마음가짐 확 생겨요.,2024.10.04.
476172829,476172829_2,안녕하세요 저도 17살 여학생입니다. 공부 잘하는 편이고 저도 책상에서 딴짓하는거 때문에 고민이 정말 많았는데 뽀모도로 공부법이라는걸 사용하고 도움이 많이 됐어요.시간을 맞춰놓고  그 시간동안은 진짜 집중해서 공부하고  10분이나 20분 휴식하는 방식인데  유튜브나 검색해보시면 많이 나와요.사실 공부할때 중요한게 시간이나 양보다는 질이고  그래서 집중하는게 진짜 중요해요예를 들어서 문제집을 푼다고 할때도 20분 시간재고 집중해서 푸는거랑 딴짓하면서 1시간동안 푸는거랑 차이가 많이 나거든요.꼭 해보시길 바라고  너무 집중이 안되서 죄책감은 드는데 유튜브나 인스타를 보거나 할때도 공부하는 브이로그나 인스타 피드 같은거 찾아보면 찔려서 금방 공부하게 돼요질문하셨을때 당시 시험은 이미 치셨겠지만 다음시험은 꼭 참고하셔서 잘 치세요!!더 궁금한거 있으시면 댓글 다시면 알려드릴게요!,2024.10.25.
476172829,476172829_3,스스로 나태하다는 것을 알고 있다면 긍정적입니다.뭔가 해야겠다는 마음을 먹었으면 거창하지 않아도 작은 것 부터 실천하는 것이 좋습니다.탄산음료를 먹지 않으려면 바로 생수만 마시는게 아니라 중간에 양을 좀 줄여서 먹어보고다음에는 탄산수를 마셔도보고 그다음에 점차적으로 생수를 마시거나 보리차에 익숙해지는 방법이 있다고 합니다.시험기간에 공부를 하지 않고 딴짓을 한다는 것은 본인의 잘못인거 같지만사실 딴짓이라고 불리는 행동들 놀거리들이 너무 많기 때문입니다. 공부는 재미없고 웹툰은 재미가 있지요.스스로 계획을 세워보고 작심삼일이 되더라도 계속해서 노력하다보면 좋아집니다.지금 공부안하고 논다고 나중에 커서 정말 형편없어지는 것은 아닙니다.시험점수가 높으면 똑똑하다. 공부잘한다. 소리를 듣겠지요.시험점수가 낮으면 똑똑하지 않다. 공부못한다. 소리듣지요?그런데 그것만 있는게 아니라 같은 시간동안 그만큼 노력하지 않았다는 소리가 됩니다.지금 배우는 공부는 지식뿐만 아니라 참을성도 기르는 훈련입니다.스스로 목표를 정하고 달성하는 성취감을 느껴보시기 바랍니다.,2024.11.01.
475765500,475765500_1,부산지역에는 문현동에 있는 상담센터 추천드려요~상담자가 정신과와 공공기관에서 상담을 하고 게신분으로 주택가에 있고 간판이 없어 주변시선 의식하지 않고 방문(사전 예약 필수)할 수 있어 좋았어요~친절하시고 상담 잘해주시니 이쪽으로 연락해보세요나로심리상담센터부산광역시 남구 고동골로18번길 30-5 101호,2024.09.24.
475765500,475765500_2,선우심리상담연구소부설미술치료연구소 : 네이버방문자리뷰 116 · 블로그리뷰 1naver.me부산 남구 심리상담  심리검사  부부상담  1급청소년상담사  전문상담사1급  심리학과겸임교수,2024.10.03.
475297866,475297866_1,1.부산 남구 용소로7번길 45마장동 육회경성대.부경대역 1번 출구에서 172m2.부산 남구 용소로7번길 36 지상 2  3층무궁화 한우정육식당경성대.부경대역 1번 출구에서 166m일단은 두군데로 맛집인지모르나 육회 비빔밥 메뉴에 있네요,2024.11.02.
475008222,475008222_1,1975년부산진구대연출장소  문현동  범천제3동 동래구수영출장소 동구범일3동 일부를 합쳐서 신설되었으며  1995년 3월 1일수영구를 남구에서 분리시켰다.수영구를 분리하기 전의 남구청사는 현재의 수영구남천동에 있었기 때문에 분리 후 수영구청사가 되었다. 그야말로 '굴러온 돌이 박힌 돌을 뽑은 것[10]'인데  그 후로 남구청은 12년 6개월 동안 제대로 된 청사 없이 지내야 했다. 남구청은 1995년부터 4년 7개월간경성대·부경대역근처의 센추리빌딩오피스텔의 7~11층을 임대해서 청사로 사용했고  1999년부터 7년 11개월간은 현재의 청사 부지에가건물을 지어 청사로 사용했다.##2005년 6월 17일못골역[11]근처 대연6동에 있는 16 034㎡의 부지[12]에 신청사 공사를 시작하여 연면적 22 097㎡(6 684평)  지하 2층  지상 7층 규모로 지어졌다. 2007년 9월 1일부터는 신청사에서 업무를 보기 시작했으며  준공식은 조경공사가 끝난 2008년 3월 20일 열렸다.신청사는 '심플하고 다이나믹한 건물 외관에 현대적 재료 마감과 실내·외 투명 유리벽면  누드 엘리베이터  각층마다 다른 화장실 마감 등 기존의 딱딱하고 권위적인 관공서의 이미지를 탈피했다'라는 평가를 받으며 2007년 부산광역시가 주최하는 <부산다운 건축상> 우수디자인 부문 금상과 공공기여건축물 부문 은상을 수상했다.그러나커튼 월(속칭 유리궁전) 방식으로 지어졌기 때문에 냉난방 효율이 나쁘다는 것이 단점이다. 2010년 행정안전부가 실시한 '지자체 신축청사 에너지 효율 조사' 결과 동구청과 함께 최하 등급인 '등외' 판정을 받았다. 남구청은 냉난방 효율을 높이기 위해 청사 2층 로비에 5천만원을 들여 공기의 흐름을 막는 차단막을 설치하기로 했다고 한다.또한 신청사를 지을 때 89억 원의 지방채를 발행하며 400억 6 000만원에 이르는 예산을 들여 지었기 때문에 호화청사 논란을 빚었다. 돈이 많아서 호화청사를 지은 것도 아니고  남구청은 재정상태가 별로 좋지 않다. 89억원의 지방채는 2005년부터 10년간 이자를 포함해 연간 9억여원씩 갚아나가고 있다고 한다. 남구의재정자립도는 2006년 26.7%에서 2008년 22.6%  2010년 18.2%[13]로 줄었다.2010년 1월 남구청이 환경미화원 퇴직금과 직원 연가보상금 등 인건비를 지급할 돈이 없어서 시중은행에서 20억원을 대출받았다는 보도가 나왔다. 직원 인건비 줄 돈이 없어서 기초자치단체가 빚을 낸 것은 1995년 지방자치가 시작된 이래 남구청이 전국 최초이며  또한 기초자치단체가 정부에서 운영하는 공공관리기금을 통해 지방채를 발행하는 대신 시중은행을 통해서 대출받는 것도 초유의 사태였다. 2010년 2월 4일 감사원에서 착수한 호화청사 감사의 24개 감사대상 지방자치단체 중에도 부산 남구청이 포함되어 있었다.2012년 1월 2일 보도에 따르면 은행에서 빌린 대출금 20억원을 다 갚았고 2009년 말 119억원이던 채무도 69억원으로 줄였다고 한다.재정자립도도 2010년 18.2%에서 2011년 23.6%로 상승했고  2012년에는 다시 1.92%p 상승하는 등  부산 내 상위권에 진입하였다.,2024.09.08.
