﻿doc_id,title,question,region_id,views,question_date
477036361,질문이번주에 시내 가는데 버스 몇번을 타야하나요,상모초 버스 탈려는대 몇번 타야하나여,12020505, 28,2024.10.24
476833739,질문부산 남구 근처 블랙데빌 파는 gs,말그대로예요 채택 최대한 빨리 하겠습니다 그레이도 같이 있는곳이요ㅜ,120205, 17,2024.10.22
476951509,질문버스 시간,양산 용당 차고지에서 오전 6시 55분에 첫차가 출발 합니다. 버스를 동원 과기대에서 타려고 그러는데 6시55분에 출발하는 첫차가 동원 과기대까지 오는데 얼마정도 걸리나요?,12020504, 17,2024.10.22
476864999,질문임플란트 신고,부산. 문현동 지게골역 근처 ㄷㅅ치과에서 저희 엄마가 인플란트를 했는데 몇주 몇달안에 임플란트 덮어씌운 이빨이 깨지고 빠지고 합니다 돌팔이 의사 신고 방법있나요? 1년안에 한번 깨졌을때는 무료로 a/s를. 해줬는데 그 수리했던게 2년안에 또 깨져서 40만원주고 다시 했습니다. 근데 그 했던게 2달만에 또 빠졌습니다. 이. 돌팔이 의사 때매 시간도 없는데 또 방문해야되고 시간적으로도 손해고 여러모로 손해를 보고있는데 돌팔이의사 신고방법없나요?,12020503, 24,2024.10.20
476758714,질문고등학교 지망,저는 부산 남구에 사는데 분포고랑 해강고를 가고 싶어 지망 학교를 적으려 하는데 분포고를 더 가고 싶은 마음이 큰데 1지망은 광역학군부터라 해서 해강고를 1지망에 적어야 되더라구요 혹시 2지망도 걸릴 확률이 있을까요? 그리고 남구에서 해강고를 갈 수 있는게 맞겠죠?,120205, 37,2024.10.17
476356887,질문부산 남구 가원밥상 위치와 메뉴는?,안녕하세요. 부산 남구에 위치한 가원밥상은 어떤 곳인가요? 그리고 가원밥상에서 제공하는 메뉴는 무엇인가요? 사람들이 제일 많이 주문하는 메뉴가 뭔지도 궁금해요. 자세한 답변 부탁드려요.,120205, 27,2024.10.08
476172829,질문제 고민좀 해결해주실수 있으신가요?,안녕하세요 저는 17살 고1 남학생입니다. 저는 다음주에 시험을 앞두고 있는데요 머리로는 공부를 해야지 해야지 하면서 게임이나 웹툰등등이나 책상에 앉아도 딴짓하는것들 때문에 시간을 다 버렸습니다.. 사실 이런 질문을 올릴시간에 공부하는것도 맞지만 공부를 한다해도 집중도 잘안되고 그래서 여기에 써봐요.. 제가 원하는 해결책은 꼭 이게 아니어도 돼요!!!! 약간 지금 놀고 행복하면 나중에 5배로 힘들다 이런 말들말고 예를들어 아침7시에 나가서 뛰어라 이런 제가 실천할수 있는 행동들을 통해서 제 나태한 정신상태를 고쳐주세요 제발요..,120205, 36,2024.10.04
475765500,질문부산남구 성인심리상담센터 추천해주세요,얼마전 양극성을 진단받긴했는데 약만 먹어서는 나아지지 않는데 병원에서 상담도 병행해보라하고 하네요~부산남구 지역으로 성인상담 하는곳 추천 부탁드려요~,120205, 184,2024.09.24
475297866,질문경성대 육회 비빔밥 맛집 아시나요?,경성대 근처에 육회 비빔밥 맛집 아는 곳 있으신가요? 제가 육회 비빔밥을 너무 좋아하는데 냄새에 민감해서 신선하고 잡내가 나지 않는 맛있는 집이면 좋을 것 같습니다. 학교 근처로 추천 부탁드려요!,12020502, 16,2024.09.13
475023083,질문롯데 챔피언 유니폼 입고 언제되나요??,프로페셔녈 구입하러는데 마지막 입고는 1년전이더라구요 ㅜㅜ,12020506, 16,2024.09.07
475008222,질문부산광역시 남구는 언제 생겼어요?,부산광역시 남구는 언제 생겼어요? 그리고 부산광역시 남구가 동래구에서 떨어져 나간것인지요? 좀 궁 금하네요 꼭 가르쳐주세요 ^___________________________^:;;;;;;;;;;;;;;;;;;;,120205, 25,2024.09.07
