﻿doc_id,answer_index,answer,answer_date
477472038,477472038_1,안녕하세요9만원입니다,2024.11.06
477404064,477404064_1,시간은  기사님한데물어보셔야할듯합니다,2024.11.02.
477192036,477192036_1,진해연세에스병원원무과(055-548-7701)위 전화번호로몇시부터 몇시까지 병문안이 가능한지를 문의해보세요...,2024.10.28.
477057652,477057652_1,지번 주소 : 경상남도 창원시 진해구 숭인동 11-3도로명 주소 : 경상남도 창원시 진해구 중원로10번길 7 (숭인동)영문 주소 : 7 Jungwon-ro 10beon-gil  Jinhae-gu  Changwon-si  Gyeongsangnam-do 51703  Rep. of Korea,2024.10.25.
477057652,477057652_2,영문주소변환지번주소 영문주소 변환  도로명주소  관할동사무소찾기  아파트 빌라 동 호수 표기방식을 적용하였습니다.bo.ludiasset.com주소를 직접 노출하는게 괜찮으신가봅니다?그럴 필요 없이 자주 사용해야 하거나 주소가 바뀌어서 다시 영문주소 필요하시다면여기 들어가서 확인하시면 간단하게 해결되요,2024.11.05.
476908682,476908682_1,진해세화여고 추천합니다내신 받기는 조금 어렵지만 생기부 관리 내신 관리 잘하여 줍니다,2024.10.23.
476951934,476951934_1,혹시 몇원정도로 생각하시나여,2024.10.22.
476906298,476906298_1,160번 타면 됩니다.버스정류장 표기되어 있으니 참고 바랍니다.더 자세히 알고 싶으시면 아래 확인 바랍니다.https://ggb1.lifelog4.me/2022/06/blog-post.html?m=1네이버 지도로 목적지까지 길찾아 가는 법네이버지도로 길찾기ggb1.lifelog4.me,2024.10.21.
476656211,476656211_1,바로가는 시내버스는 없고버스타고 진해에서 경남대로 간후갈아타고 가능 방법이 있습니다,2024.10.15.
476473737,476473737_1,진해중앙고 진학을 위해 노력하시면 좋겠습니다. 최선을 다하시길 바랍니다.,2024.10.11.
476473737,476473737_2,진해중앙고 최종 합격에 대한 성적 기준은 변동적이므로 학교에 문의하는 것이 가장 확실합니다.제가 드린 답변이 도움되셨길 바래요-말씀하신 질문 :올해 중학교 졸업하고 진해중앙고를 갈려고하는데 성적이 몇%돼야하나요? 찾아봐도 2004년 2005년 등 너무 오래됀 자료밖에 없어서요,2024.10.11.
476473737,476473737_3,중앙고는 그냥 들어갈수 있지 않음?,2024.11.01.
476448603,476448603_1,진해중앙고 커트라인 변동성 있어서 지식인 검색을 권장합니다.,2024.10.10.
476448603,476448603_2,난 왜 꼭 진해 중앙고등학교에 들어갈려고하는지에 대한 이유가 알고싶습니다.그 이유를 알면 상세한 답변을 드릴 수가 있겠네요.제가 그 학교 재학생이였고  졸업생입니다.,2024.10.22.
476443629,476443629_1,저는 이번 공휴일에 부모니까 오봉집가서 식사했어요!고기보단 몸보신이나 한식위주로 찾다가 방문했는데보쌈  낙지볶음  연포탕  막국수 등 부모님께서도 좋아하실만한 낙지메뉴가 다양하더라구요저희 부모님도 너무 잘먹었다고 칭찬하셨어요!한번 방문해보세요!,2024.10.10.
476443629,476443629_2,고깃집 어떠실까요~?ㅁ미량고깃집이라고 맛집있는데친구들이랑 가니까 넘 ㅜ맛있더라라구요 한번 들려보세요맛 보장합니다!,2024.10.10.
476443629,476443629_3,여기요~!,2024.10.10.
476250252,476250252_1,구미에서 창원12만원 입니다,2024.10.06.
476250252,476250252_2,안녕하세요 ~~!11만원입니다 (한국로지스) 전국연합 { 주)틈새 }(운송면허 주선면허 이사면허 포장이사보험 완비)프로필 클릭~ 문자 & 톡으로 가격 문의 편하게 상담가능합니다언제든지 연락주시면~ 최선을 다해서 도움드리겠습니다고맙습니다,2024.10.06.
476250252,476250252_3,1톤트럭용달1대 1인기사도움기본15만원입니다.ㅡㅡㅡ언제든지 문의가능합니다.ㅡㅡㅡㅡㅡ좋은하루되세요 ❤️,2024.10.05.
476250252,476250252_4,"안녕하세요!단순운송 13만원입니다.""연락주시면 최선을 다하겠습니다!""",2024.10.05.
476250252,476250252_5,12만원입니다,2024.10.06.
475902436,475902436_1,광고분위기를 보니까 건전술집은 아닌것 같구요접대부(아가씨)가 있는 술집으로 보입니다...,2024.09.30.
475607009,475607009_1,VR 체험센터  카페 보드게임  아케이드  미니 골프장  테마파크  빙수카페  친구들과 즐길만한 장소를 추천합니다.답변이 도움되셨으면 좋겠네요-질문하신내용 :제가 진해 살고 중2인데 저 포함해서 한 6~7 명 정도가서 놀 만한 곳 추천좀 해주세요피방 같은 뻔한곳 말고 신선하고 재밌는곳,2024.09.20.
475389981,475389981_1,그러게요 그곳에는 부영건설에서 뭔가를 하려고 담장으로 막아놓았습니다...,2024.09.15.
475389981,475389981_2,주변 환경 보존  자연 생태계 유지를 위해 공터 유지 중.답변이 도움되셨으면 좋겠네요-질문하신내용 :바닷가 바로 옆 진해 장천초등학교 앞 큰 공터는 아파트 10000세대는 지을수있을거 같은데 왜 비워져있는지 이유 아시나요?,2024.09.15.
475389981,475389981_3,개발 계획이 변경돼서 그런 것으로 알려져 있습니다.답변이 도움되셨으면 좋겠습니다-말씀하신 질문 :바닷가 바로 옆 진해 장천초등학교 앞 큰 공터는 아파트 10000세대는 지을수있을거 같은데 왜 비워져있는지 이유 아시나요?,2024.09.15.
475389981,475389981_4,건축 제한구역 때문.제가 드린 답변이 도움되셨길 바래요-말씀하신 질문 :바닷가 바로 옆 진해 장천초등학교 앞 큰 공터는 아파트 10000세대는 지을수있을거 같은데 왜 비워져있는지 이유 아시나요?,2024.09.15.
475326925,475326925_1,김해 김씨  효도 효씨  불꽃 섭입니다.답변이 도움되셨으면 좋겠습니다-말씀하신 질문 :김 金 김해 김씨고.효 孝 효도 효씨고섭 燮 불꽃 섭입니다.,2024.09.14.
475113499,475113499_1,가온고와 경화여고 모두 좋은 학교입니다. 입결 면에서는 가온고가 더 높지만  두 학교 모두 기숙사와 비평준제도를 운영하며  학업과 진로 지원이 잘 되어 있습니다. 인공지능 데이터 쪽 진로를 고려할 때  학교의 진로 프로그램과 관련 커리큘럼을 확인해보는 것도 좋습니다.,2024.09.09.
