﻿doc_id,title,question,region_id,views,question_date
477472038,질문용달 합차 문의드립니다 대구-진해,슈퍼싱글 매트리스 대구 신매동 에서 진해 풍호동으로 이동시 합차 비용 문의드립니다,121008, 17,2024.11.04
477369107,질문진해 용원 자원봉사받는곳,집이 용원인데 혹시 진해용원에 자원봉사받는곳잇으면 좀알려주세요!!,12100840, 27,2024.11.03
477404064,질문진해 마라톤 대회 셔틀버스 시간이 어떻게 되나요?,진해 마라톤 대회 셔틀 버스 운영시간이 오전 7시부터라고 되어있고 정류장마다 자세한 시간 안내가 안되어 있는데 어떻게 운영되는 건가요?,121008, 17,2024.11.02
477196432,질문경화여고 미달,제가 가내신이 151인데 광주 경화여고가 너무 가고싶어요 담임쌤이 1차에 원서접수하면 미달이 안떠도 경화여고 붙을 수 있다는데 맞나요?,12100802, 17,2024.10.28
477192036,질문진해연세에스병원 병문안 가능하나요?,저는 중학생 입니다. 이번에 어머니가 입원하셔서 병문안을 가려고 하는데 진해연세에스병원 병문안 가능 여부가 궁금해요ㅠㅠ몇시부터 몇시까지 병문안이 가능한지도 알 수 있을까요?,121008, 67,2024.10.28
477168220,질문경화여고 장단점질문,경화여고 장단점알려주시고 질문은 1.내신따기 어려운가요? 2.버스지하철로 가는데 약 2시간걸리는데 기숙사 가능할까요? 3.가내신 193인데 기숙사가 가능할까요? 4.분위기는 어떤가요? 5.커트라인 6.기숙사 친구?는 어떤방식으로 정하나요?,12100802, 18,2024.10.27
477057652,질문창원시 진해구 숭인동 11-3번지의 영문 표기,Daum지도에서 살펴보니 경상남도 창원시 진해구 숭인동 11-3번지 는 중원로10번길에 위치하는 1층 단독주택입니다. 창원시 진해구 숭인동 11-3번지를 영문으로 표기하는 방법을 알려주시기 바랍니다.,12100833, 12,2024.10.25
476908682,질문진해세화여고 ㄷ 창원사파고,제가 진해세화여고나 창원 사파고 둘중 어디갈지를 못 정했는데 경찰대가 목표라서 내신을 잘 딸 수 있고 수능대비를 잘 해줄 수 있는 학교를 찾고있는데 어디를 가는게 저한테 유리할까요?ㅠㅠ,121008, 50,2024.10.22
476951934,질문메가패스 양도,메가패스 이번 연도까지 사용예정인데 양도하실 분 계신가요? 가능하신 분 가격과 함께 알려주세요!,12100839, 39,2024.10.22
476906298,질문진해  인의동에서  마산 신세계백화점 가는버스 있나요,진해 인의동에서 마산 신세계백화점 가는 버스있나요?,12100845, 23,2024.10.21
476710565,질문인천 부흥고등학교,규정 알려주세요 재학생분들!!ㅜ 화장 잡나요 치마랑 사복두여,12100821, 19,2024.10.16
476656211,질문진해에서   진동 가는 버스   있나요?,진해에서 진동 가는 버스 있을까요?,121008, 22,2024.10.15
476507782,질문진해  인의동에서  창원역  바로가는  버스 있나요,진해 인의동에서 창원역 바로가는 버스 있나요?,12100845, 20,2024.10.11
476473737,질문진해중앙고를 갈려고하는데 성적 몇%에 들어야하나요?,올해 중학교 졸업하고 진해중앙고를 갈려고하는데 성적이 몇%돼야하나요? 찾아봐도 2004년2005년 등 너무 오래됀 자료밖에 없어서요,121008, 66,2024.10.11
476448603,질문진해중앙고등학교 커트라인이 어떻게됄까요?,제가 2025년에 진해중앙고등학교에 갈 예정인데 커트라인이 어떤지 궁금해서요 지식인이에 질문 올려봅니다,121008, 67,2024.10.10
476443629,질문저녁시간에 갈 진해 용원 근처 맛집 추천해주세요!,진해용원에 저녁시간에 갈만한 맛집 있을까요? 부모님 모시고 가려고 하는데 한식위주로 찾고 있어요! 술도 한잔할만한 맛집 추천해주세요!,12100840, 125,2024.10.10
476334032,질문광주 경화여고 기숙사 주말에 나가는 거 필수인가요?,1. 기숙사 전형으로 입학하였을 때 주말마다 밖에 나가는 거 필수인가요? 자유인가요? 2. 내신 196-7점 나온다고 가정했을 때 기숙사 입소 가능할까요?,12100802, 25,2024.10.09
476264327,질문70대 어머니 휠체어 타고 갈만한 곳이요,어머니 보행워커 하시는데 집에서도 몇번이나 넘어지십니다 5년전에 일본 후쿠오카 패키지로 갔는데 3일내내 온천에 기사가 가는길마다 내려주고 걷는것도 별로 없고 좋다고 하시더라구요 더 늦기전에 이번에 다른곳 갈려고 생각중인데 어디가 나을까요?? 5년전에는 지팡이도 없이 보행이 가능한데 지금은 보행워커라서 보행워커나 휠체어 해도 괜찮은 여행지 어디있을까요 휴양지에 쇼핑은 적고 추천 부탁드립니다,121008, 23,2024.10.09
476313854,질문2025공군2월입대,통신 71 일반 95 차량운전 88인데 가능성있을까요? 있다면 어딜 지원하는게 좋을까요? 1월꺼보고 2월지원하는게 좋을까요 ?,12100859, 25,2024.10.07
476301518,질문티베트 독립운동 원인...,티베트 독립운동 원인 알려주세요! 중국이 빼앗은 티베트의 국권을 회복하기 위해서인 것은 알고 있는데 자세히 중국이 왜 어떻게 티베트의 국권을 빼앗았는지 알려주세요,12100802, 17,2024.10.07
476250252,질문구미에서 창원진해구까지 이사비용,안녕하세요 이번에 구미진평동에서 창원 진해구용원동으로 본가에 들어가게되서 짐을옮길려고하는데 큰 가구는 없고 행거랑 빨래건조대랑 택배박스 한 8개 정도 ? 옮기려는데 포장이사를하기엔 비용이 많이들어서 저렴하게 옮기고싶은데 단순운반?이런거하려면 얼마정도들지 궁금합니다,121008, 360,2024.10.05
476166945,질문김녕김씨 충의공파,안녕하세요 전 김녕김씨 충의공파 30대손 입니다 궁금한게 있습니다 본관을 잘 알고있으면 어떤것이 좋나요? 그리고 김해김씨랑 김녕김씨 차이점이 무엇인가요? 답변 감사합니다,12100856, 16,2024.10.03
476124033,질문진해에서 거제까는 버스,제가 진해에서 거제를 갈려고 하는데 혹시 진해에서 거제까지 가는 버스가 거제 터미널에서 뭠추나요?? 그리고 시간표도 알려주세요ㅠㅠ,121008, 25,2024.10.02
475902436,질문진해퍼스트바...,진해퍼스트바는 건전술집인가요?뭐하는 곳인가요?,121008, 39,2024.09.30
475728536,질문거제-진해 노선 질문,평균 몇명 타나요?,121008, 18,2024.09.25
475607009,질문진해 놀곳,제가 진해 살고 중2인데 저 포함해서 한 6~7 명 정도 가서 놀 만한 곳 추천좀 해주세요 피방 같은 뻔한곳 말고 신선하고 재밌는곳,121008, 40,2024.09.20
475540323,질문진해 자은동 이마트24 프박 시간대,운영 시간대 아시는 분 ㅜㅜ 아니면 24시간인가요,121008, 24,2024.09.19
475389981,질문진해 장천초등학교 앞 큰 공터의 용도는?,바닷가 바로 옆 진해 장천초등학교 앞 큰 공터는 아파트 10000세대는 지을수있을거 같은데 왜 비워져있는지 이유 아시나요?,121008, 33,2024.09.15
475327174,질문이름으로 뜻 풀이좀 부탁 드립니다!!!,김 金 김해 김씨고. 효 孝 효도 효씨고 섭 燮 불꽃 섭입니다. 이거 그대로 쓰려면 답변하지마시고 진짜 뜻 풀이 원합니다. 안좋다면 이름 바꿀 생각도 있어요,12100825, 14,2024.09.14
475326925,질문이름 석자 사주풀이즘 부탁 드립니다!,김 金 김해 김씨고. 효 孝 효도 효씨고 섭 燮 불꽃 섭입니다.,12100825, 16,2024.09.14
475113499,질문가온고 경화여고 어디가 좋을까요(입결포함),인공지능 데이터쪽 진로 희망합니다 둘다 비평준 기숙사이고 현 내신 198.4입니디,12100802, 165,2024.09.09
