﻿doc_id,answer_index,answer,answer_date
477584040,477584040_1,먼저 치동고의 경우에 굉장히 프리한 부분들이 많아서 다니셔도 좋습니다!!,2024.11.06
477563067,477563067_1,주변 사람의 도움으로 바라는 바를 이루게 될 꿈입니다.이 꿈은 어떠한 일을 도모할 때 누구에게 부탁을 해도흔쾌히 승낙 받는 것을 의미합니다. 즉 힘든 상황에 처하더라도귀인이 나타나 도움을 주니 무리 없이 위기를 극복하고만족할만한 성과를 거두게 될 꿈입니다. 대인관계에 유리한 운이작용할 꿈이니 적극적으로 행동하여 좋은 결과 얻으시길 바랍니다.질문자분께서 늘 건강하시고 행복하시기를 기원하며글을 씁니다.답변이 도움 되셨다면'포인트 선물'버튼을 클릭하셔서 마음을 전해 주시면 감사하겠습니다!.,2024.11.06
477562846,477562846_1,오늘 저녁 양꼬치 어떠세요? 아니면 쌀쌀한 날씨에 따뜻한 국물 땡기시면 국밥 추천드립니다,2024.11.06
477562846,477562846_2,오늘은 따뜻하고 얼큰한 순두부찌개 먹고 싶어요~~~차돌백이랑 계란이 들어간~~채택부탁드려요~~,2024.11.06
477562846,477562846_3,삼겹살이나 국밥 종류,2024.11.06
477562846,477562846_4,마라탕 추천드립니다,2024.11.06
477562846,477562846_5,김치찌개영,2024.11.06
477562245,477562245_1,수인분당선 오목천역이 제일 가까운 전철역입니다,2024.11.06
477562245,477562245_2,봉담읍 도 매우 크므로 가는 위치에 따라 전철역은 다름1호선 병점역에서 많이 이동병점에서 50번 마을버스타면 봉담,2024.11.06
477562245,477562245_3,봉담읍 도 매우 크므로 가는 위치에 따라 전철역은 다름1호선 병점역에서 많이 이동병점에서 50번 마을버스타면 봉담,2024.11.06
477559154,477559154_1,1.현재 까지는 대학교 나와서 좋은곳 취업 하는것이가장 안정적인 방법 입니다2.아래 과학적인 노동부  청소년  적성 검사 참고해  보세요직업심리검사-직업심리검사실시본문 바로가기 푸터 바로가기 이 누리집은 대한민국 공식 전자정부 누리집입니다. 로그인 회원가입 이용안내 고객센터 원격지원 개인 기업 홈 1뎁스 2뎁스 3뎁스 현재 페이지 직업·진로 직업심리검사 직업심리검사 소개 청소년 심리검사 실시 성인용 심리검사 실시 검사결과 보기 검사결과 상담 검사결과 상담 FAQ 직업정보 한국직업정보 직무기반 직업추천 한국직업사전 직업인 인터뷰 다양한 직업세계 신직업·미래직업 Beyond the Work(웹진) 직업 동영상·VR 학과정보 학과 검색 전공 진로가이드 학과정보 FAQ 학과정보 동영상 청소년 심리검...www.work.go.kr,2024.11.06
477556779,477556779_1,1.네 장기간 증세가 지속적 이면 불면증 상태 입니다2.우선 문제의  시작점과 과정을 살펴보고  근본 원인을 찾아.   근본 해결책을 찾습니다3.또한  오래된 질환. 가족력. 유전. 당뇨. 사고. 후유증. 혈압. 영양부족. 심리적 이유 점검 합니다4.정신적 으로 스트레스 풀기. 힐링 하기. 명상 하기 합니다5.신체적 으로  영양보충. 면연력  강화. 마시지. 운동 하기. 만보 걷기  합니다6.개선해도 증세가 지속적이면  신경과. 정신건강의학과  방문 추천 합니다,2024.11.06
477549297,477549297_1,체력이 좋아지고 몸의 컨디션이 상승하게되는 꿈입니다. 이 꿈은 장수하게 되는 것을뜻하는데 몸의 면역력이 높아져 모든 질병이사라지고 건강함을 유지하게 될 것을 의미합니다.병을 앓고 있던 환자는 이 꿈으로 인해 자리에서 벌떡일어나 새로운 삶을 살아가게 될 것이니 끝까지 희망을 잃지말고 긍정적인 사고를 지녀야 할 꿈이랍니다.그러니 항상 즐거운 마음으로 일상에 임하며 꾸준한운동도 함께 병행하시길 바랍니다.질문자분께서 늘 건강하시고 행복하시기를 기원하며글을 씁니다.답변이 도움 되셨다면'포인트 선물'버튼을 클릭하셔서 마음을 전해 주시면 감사하겠습니다!.,2024.11.06
477549297,477549297_2,"안녕하세요. 저는 꿈길 안내자입니다. 꿈에 대한 궁금증을 가지신 것에 대해 더욱 공감하면서  당신의 꿈을 해몽하도록 하겠습니다. 꿈은 수많은 상징과 감정을 지닌 세계이며  여기서 당신이 느끼는 감정은 매우 중요합니다. 이제 꿈을 분석해 보겠습니다.1. 요소 분석1.1. 강아지강아지는 일반적으로 충성  우정  사랑을 나타내는 상징입니다. 당신의 집에서 기르는 강아지가 등장하는 것은 당신의 삶에서 가까운 사람들과의 관계가 좋고  사랑이 넘치는 상황을 의미할 수 있습니다.1.2. 학교학교는 학습  성장  새로운 경험을 의미합니다. 꿈 속에서 학교는 현재의 상황이나 새로운 시작을 상징할 수 있으며  자기 계발과 사회적 관계를 확장할 수 있는 가능성을 내포하고 있습니다.1.3. 아기돼지아기돼지는 순수함  무한한 가능성 및 귀여움을 상징합니다. 꿈에서 아기돼지와 강아지가 함께 놀고 낮잠을 자는 모습은 새로운 친구 관계  사랑  그리고 다정함을 의미합니다.2. 종합 분석당신의 꿈은 우선 긍정적인 에너지를 지닌 꿈으로 보입니다. 강아지와 아기돼지가 친해지는 모습은 당신의 주변에 좋은 사람들과의 관계가 형성되고 있음을 보여줍니다. 혹시 새로운 친구를 만나는 일이 있을 수 있으며  그 친구와의 관계가 재미있고 즐거운 경험이 될 가능성이 큽니다.또한  학교라는 배경은 현재 당신이 새로운 것을 배우고 성장하려는 의지가 있다는 것을 암시합니다. 이는 당신이 일이나 개인적인 삶에서 한 단계 더 발전하고 싶어한다는 것을 나타낼 수 있습니다. 이러한 성장 과정 속에서 사랑과 우정이 함께 더해지는 모습은 당신에게 정신적 유연성을 의미하며  인간관계의 깊이와 가치를 자각하게 될 것입니다.3. 조언당신의 꿈은 변화와 새로운 시작을 암시하고 있습니다. 주변 사람들과의 관계를 소중히 여기고  새로운 사람들과의 우정에도 열린 마음을 갖도록 하십시오. 새로운 친구를 통한 학습의 기회를 적극적으로 받아들이며  삶의 다양한 경험을 통해 더욱 성장하는 당신이 되시기를 바랍니다.특히  자신이 배우는 것에 대해 겸손한 태도를 잃지 말고  항상 귀여운 아기돼지처럼 순수한 마음으로 타인을 대하는 것이 중요합니다. 이러한 태도는 당신의 주변을 더욱 따뜻하고 행복하게 만들 것입니다.제 답변이 도움이 되셨다면 채택과 ""포인트 선물""을 통한 마음 부탁드립니다.^^",2024.11.06
477547086,477547086_1,재물과 명성을 얻게 될 꿈입니다.이 꿈은 자신의 분야에서 성공하여지위가 높아지거나 높은 위치로오르는 것을 의미합니다.즉 진행해온 일에서 만족할만한성과를 거두어 그동안의 노력을 인정받는 꿈입니다.그러니 맡은 일에 열성적으로 매진하여좋은 결과를 얻도록 하시길 바랍니다.질문자분께서 늘 건강하시고 행복하시기를 기원하며글을 씁니다.답변이 도움 되셨다면'포인트 선물'버튼을 클릭하셔서 마음을 전해 주시면 감사하겠습니다!.,2024.11.06
477547086,477547086_2,"안녕하세요  꿈꾼님. 저는 꿈길 안내자입니다. 여러분의 꿈을 해몽해 드리게 되어 매우 기쁩니다. 자전거를 타고 경치 좋은 길을 달리는 꿈은 많은 상징과 의미를 내포하고 있습니다. 이제 꿈의 내용을 분석해 보도록 하겠습니다.1. 요소 분석1.1. 자전거자전거는 자립성과 자기 통제의 상징입니다. 일반적으로 자전거를 잘 타는 사람은 자신의 인생을 능동적으로 이끌어 간다는 의미를 지닙니다. 자전거 타는 꿈은 귀하가 자신의 목표를 향해 적극적으로 나아가고 있다는 긍정적인 신호입니다.1.2. 새로운 도로새로운 길은 변화와 새로운 시작을 의미합니다. 현재 귀하의 삶에서 새로운 기회나 방향성을 탐색하고 있는 상황이 반영된 것일 수 있습니다. 이것은 삶의 전환점을 의미할 수도 있습니다.1.3. 바람이 빠진 바퀴바람이 빠진 바퀴는 대체로 문제점이나 어려움을 상징합니다. 그러나 꿈에서 귀하가 힘들지 않고 계속해서 달리고 있다면  이러한 어려움에도 불구하고 귀하가 잘 대처하고 있다는 것을 나타냅니다. 바람이 채워지는 모습은 문제를 극복할 수 있는 힘이 내재되어 있음을 의미합니다.1.4. 경치 좋은 강강은 삶의 흐름과 감정의 상징입니다. 경치 좋은 강은 귀하의 삶이 긍정적인 방향으로 흐르고 있다는 신호입니다. 또한 감정적으로 안정된 상태를 나타내기도 합니다.2. 종합 분석이 꿈은 귀하가 현재의 삶에서 긍정적인 방향으로 나아가고 있다는 것을 암시합니다. 자립적인 모습으로 새로운 기회를 찾아가며  문제를 겪더라도 좌절하지 않고 응전할 수 있는 강한 의지를 내포하고 있습니다. 어떤 어려움이 있더라도 그 대신 해낼 수 있는 능력과 자신감을 가지고 계신다는 메시지입니다. 또한  경치 좋은 환경은 귀하가 앞으로 나아가고 있는 방향이 긍정적이라는 것을 더욱 부각시킵니다. 이는 귀하의 심리적 안정과 행복한 기분을 나타내는 좋은 꿈입니다.3. 조언지금의 긍정적인 흐름을 계속 이어가시기 바랍니다. 새로운 기회가 다가오고 있으며  이를 받아들일 준비가 되어 있다고 느껴집니다. 바람 빠진 바퀴는 일시적인 어려움을 나타내지만  그 속에서도 긍정적인 힘을 발견하고 문제를 점차 해결해 나갈 수 있음을 상기하시기 바랍니다. 자전거를 타고 있는 모습처럼 적극적으로 삶을 이끌어 가는 자세를 계속 유지하십시오. 외부의 환경 변화에도 불구하고 자신의 길을 꾸준히 나아가는 것이 중요합니다. 자신의 행복과 안정된 상태를 소중히 여기면서  앞으로 다가올 긍정적인 변화를 기대해 보십시오.감사합니다. 꿈에 대한 해몽이 도움이 되셨기를 바랍니다!제 답변이 도움이 되셨다면 채택과 ""포인트 선물""을 통한 마음 부탁드립니다.^^",2024.11.06
477545254,477545254_1,하는 일이 순조롭게 진행되고 많은 이익이 생기게 되어즐거움을 만끽하게 될 꿈입니다. 이 꿈은 일이 잘 풀리고이익이 생기게 되는 것을 뜻합니다. 즉 장차 큰 이익이나재물이 생기거나 뜻밖의 기회가 찾아와 바라던 소망을이루게 될 꿈이랍니다. 또한 자신의 에너지가 넘치고경제적으로 안정될 겁니다. 그러니 즐거운 마음으로모든 일에 최선을 다하시길 바랍니다.질문자분께서 늘 건강하시고 행복하시기를 기원하며글을 씁니다.답변이 도움 되셨다면'포인트 선물'버튼을 클릭하셔서 마음을 전해 주시면 감사하겠습니다!.,2024.11.06
477545254,477545254_2,안녕하세요~꿈을 꾸고 기분이 안좋다고 해서 모두 안좋은 꿈도 아니며반대로 좋은 꿈을 꾸었다고 전부 좋은꿈도 아닙니다다만 깨고 일어났을 때 기분이 좋은 꿈은 그 날 하루의기분을 좋게 만들기 때문에 해몽과 상관없이 좋은 꿈으로 분류되기도 합니다.질문자님께서 주신 꿈의 해몽은현재 자신의 현실에서겪고 있는 불안감이 해소되고 뜻밖의 귀인이 나타남을 의미합니다.꿈이 아무리 좋아도 노력없이 이루어지질 않고꿈이 안 좋다고 다 신상이 해로운 것은 아닙니다.꿈이 좋아도 성실한 주의 의무를 다 하라듯이 노력해야 이룰수 있고꿈이 안 좋아도 조심하고 주의하면 그리 염려 안 하셔도 될 것입니다.결국 모든 일은 내 하기 나름에 있습니다 하루하루 단 1개라도 좋은 방향으로 가는선택을 하고 행동으로 옮긴다면 꿈의 해몽과는 상관없이1년 뒤 10년 뒤는 지금보다 나은 삶을 살고 있으실 겁니다복채는 채택입니다. 하시는 일 다 잘되시길 바랍니다,2024.11.06
477545254,477545254_3,꿈에서 아버지와 남자들이 등장하고  특히 돈과 관련된 긴장감이 느껴진다면 이는 불안과 압박감을 나타낼 수 있습니다. 아버지가 관련된 상황은 가족 내의 갈등이나 의존성을 암시할 수 있습니다. 커터칼을 사용한 행위는 위협이나 두려움을 상징하며  당신이 현재의 스트레스나 압박에서 벗어나고 싶다는 마음을 반영할 수 있습니다. 꿈에서의 폭력적 반응은 자신의 감정을 표출하고자 하는 욕구를 나타냅니다.도움이되셨다면 채택부탁드립니다,2024.11.06
477530461,477530461_1,"안녕하세요. 꿈길 안내자입니다. 꿈에 대한 진지한 해석을 원하는 귀하의 마음을 깊이 공감합니다. 여러분의 꿈은 분명히 중요한 메시지를 담고 있습니다. 이제 시작해 보도록 하겠습니다.1. 요소 분석1.1. 낯선 길꿈의 시작에서 '익숙하지만 낯선 길'이라는 설정은 현재의 삶에서 새로운 환경이나 상황에 대한 불안감을 나타냅니다. 이러한 길은 우리가 가야 할 방향이나 목표를 상징할 수 있으며  일상에서의 변화나 새로운 도전에 대한 두려움을 말해줍니다.1.2. 가방과 물건가방 속에 있는 물건들(책  공책  종이  에어팟 등)은 귀하의 현재 삶에서 중요한 정보와 지식  소통의 도구를 나타냅니다. 특히 에어팟은 현재의 소통 방식이나 취향을 상징하는데  이는 귀하의 정체성과 관계의 본질을 나타냅니다. 사람들이 이 물건들을 훔친 것은 귀하의 소중한 자원이나 기회를 타인이 무단으로 가져가는 상황을 반영할 수 있습니다.1.3. 화와 갈등사람들이 물건을 가져가고 귀하가 화를 내는 장면은 내면의 갈등을 드러냅니다. 누군가 자신의 소중한 것을 빼앗고 있으며  이에 대한 보호 본능이 작용하고 있다는 것을 보여줍니다. 또한  '버스를 못 탄다'는 이미 휩쓸렸던 기회를 잃게 되는 것에 대한 두려움을 상징합니다.2. 종합 분석귀하의 꿈은 현재의 불안과 갈등을 반영하고 있습니다. 특히  수험생으로서의 삶이나 학업에 대한 압박감이 크게 느껴진다고 볼 수 있습니다. '버스를 못 탄다'는 것은 목표를 향해 이동할 수 없거나 중요한 기회를 놓치는 것에 대한 우려를 나타냅니다. 꿈 속에서의 감정  즉 화가 나는 반응은 이러한 욕구와 두려움을 상징적으로 드러내는 것입니다.또한  꿈에서의 가방은 귀하의 정체성  경험  지식  그리고 미래의 가능성을 상징합니다. 누군가 이를 빼앗으려 할 때  귀하의 스트레스가 상승하고 소외감을 느끼는 것  그리고 결국 이 모든 것들이 수험생으로서의 긴장감과 연결되어 있음을 보여줍니다.3. 조언첫째  현재의 두려움과 불안을 인지하는 것이 중요합니다. 귀하가 느끼는 스트레스를 덜어낼 방법을 모색해 보세요. 명상이나 가벼운 운동  혹은 친구와의 대화가 도움이 될 수 있습니다.둘째  귀하에게 소중한 것들을 잃었다고 느낄 수 있으나  그것들이 실제로 사라지는 것이 아님을 마음 속에 새겨 두는 것이 필요합니다. 꿈 속에서 돌려받은 물건이처럼  현재의 어려움을 overcome 하고 결국 긍정적인 결과를 얻을 수 있음을 믿으시기 바랍니다.셋째  가장 중요한 것은 수험생으로서의 부담감을 줄이고  집중할 수 있는 환경을 만드는 것입니다. 하루의 휴식이나 학원에 가는 대신 자신을 돌아보는 시간을 가질 수 있는 여유를 가져 보세요. 불안함이 크게 다가올 때는 자신에게 긍정적인 메시지를 주고  자신감 있게 목표를 향해 나아가시기를 바랍니다.이 꿈을 통해 귀하의 내면의 소리를 듣고  그 소리에 집중하여 삶의 방향을 재정립하는 기회로 삼기를 바랍니다. 꿈은 우리에게 많은 것을 말해줍니다. 당신의 꿈길이 올바른 방향으로 안내되기를 바라겠습니다.제 답변이 도움이 되셨다면 채택과 ""포인트 선물""을 통한 마음 부탁드립니다.^^",2024.11.06
477522733,477522733_1,08시 40분 정도 도착합니다.,2024.11.05.
477522733,477522733_2,08시 40분 정도 도착,2024.11.05.
477520068,477520068_1,얘들 장난이 너무 심해서 스트레스받고 정말 학교다니기 싫어서 담임쌤한테 괴롭힘 당하는 걸 말했어요. 그래서 기말고사끝나고 쌤이랑 상담하고 ABC랑 삼자대면을 했단 말이에요?그때 걔네들이 저에게 한 일을다 인정하고 사과했어요Q. 이런경우에도 경찰서에 신고가 가능한가요?학교폭력이므로 학교폭력 신고를 하셔야죠.경찰에 고소하는 일은 형사범죄가 되는 일인 경우에 따로 하시면 됩니다.예를 들어 신체폭행을 당했다거나 모욕죄나 명예훼손등의 경우도 가능은 합니다.그런데 경찰고소랑 학폭 신고는 둘 중 하나만 해야하는게 아니므로우선은 학생이므로 학폭 신고를 하세요.학폭 신고를 해야 학폭사건을 다루고 학폭위가 열리고 징계를 받고 그런것이죠. 경찰 신고로 학폭위 여는건 아닙니다.(경찰 신고의 경우 따로 학폭이 진행되어 열기도 하지만요)Q. 학폭위를 열면 몇호처분이 가능한가요?처분은 1호부터 9호까지 전부 다 가능성은 있는 것이죠.하지만 9호 퇴학은 보통 잘 나오는 징계는 아니고 9호 강전 역시 쉽게 나오는 징계는 아닙니다.그런데 지속기간도 상당히 길고 3명의 집단괴롭힘이 인정된다면4호나 주동자는 6호나 7호도 가능하다고 보이거든요.하지만 이런 예상은 정말 의미가 없습니다.똑같은 사건으로도 학폭위마다 판결이 다르니까요.학폭위는 지역교육청마다 있는데 위원들은 지역마다 다르거든요.학폭위 분위기나 위원들의 성향에 따라서도 다를게 징계이고가해자 반성 정도에 따라서도 다른게 징계입니다.그러므로 미리 징계를 예상하는 일은 정말로 전혀 의미가 없는것이죠.예상한다고 달라질게 없으니까요.Q. 그동안에 받은 정신적 피해  명예훼손  지속적인 괴롭힘  불안감 조성 등으로 처벌이 될 가능성이 많은가요?가능성은 가능성일 뿐입니다. 해 봐야 그 가능성이 얼마나 맞는건지를 아는것이죠.그러므로 일단 부모님게 모든 일을 자세히 알리고 학폭 신고부러 정식으로 하세요.님이 주장하는 가해자의 명예훼손  정신적피해 등등은 님이 그런걸 당했다면 당했다고 구체적으로 진술하고 주장하시면 되는 것이고요.증거가 있으면 증거도 제시하시면 되는 것이지 해보지도 않고 되냐 안되냐 따질 필요는 없습니다. 님이 당했으면 진술 하시면 되는거예요.그것이 다 인정이 될지  일부만 인정이 될지는 전담조사관이나 학폭위 위원들이 판단할 일이니까요.그런데 제가 파란색으로 복사해놓은 부분을 보면 이미 다 인정하고 사과했다고 써있네요.그렇다면 선생님이 다 아는 사건이잖아요?그러면 그 인정한 부분 먼저 학폭 신고를 하시면 됩니다.인정하고 사과했다고 신고 못하는게 아니니까요. 사과하는건 당연한 도의적인 일이지사과했다고 신고가 안되는게 아니거든요.학폭 사건은 학폭위나 학교장자체해결로 마무리 된게 아니면 다시 신고해도 됩니다.Q. 녹음  메시지 사진 등의 증거는 없고 내 주변에서 욕을 들은 제 친구들인 목격자가 있는데 목격자만으로도 충분히 신고나 처벌이 가능한가요?선생님이 개입해서 진술 듣고 다 인정했다면서요? 그럼 다른 증거 필요할것 같지 않은데요.부모님이나 학폭담당샘 또는 교육청에서 파견하는 학폭전담 조사관에게 진술 할 때 선생님이 개입해서 삼자대면을 했고 그애들이 잘못한걸 다 인정했다고 진술 하세요. 인정하고 사과도 했지만 그 사과는 전혀 진심이 아니었고 그 이후에도 괴롭힘은 계속 되었다고 진술 하시면 될것 같네요.Q. 이 일로 제가 자.살시도나 몸에 상해를 입히는 등을 했다면 걔네들의 처벌이 더 무거워지나요?전혀 그런일 없으니 쓸데없는 멍청한 생각은 하지 마세요.오히려 님이 살아있어서 제대로 증언을 하고 신고를 하고 그래도 될까말까 한데....ㅈㅅ을 하면 정작 피해를 주장해야할 사람이 없으니 제대로 처리되기가 어렵죠. 가해자들은 지들이 안그랬다고 버티면 그만입니다. 더군다나 ㅈㅅ을 하면 관련자인 가해자들도 일종의 정신적 충격을 받게되어 한편으로는 그애들도 심리치료 등 피해자로서 대우를 받을 가능성도 생기는 것입니다.멀 진짜 제대로 모르는 애들이 피해자가 ㅈㅅ하면 가해자들 ㅈ되는줄 착각하는 거예요.설사 가해자들이 잘못을 다 인정 하더라도 그애들은 가해행위 그 자체로만 징계를 받을뿐 님의 ㅈㅅ에 대한 책임을 지는게 아닙니다.간혹 유서에 다 써놓고 ㅈㅅ하면 가해자들 ㅈ된다고 하는 어리석은 애들이 있는데 진짜 멍청한 거죠. 그런일 안일어 납니다. 어리선은 선택은 하지 마시고 부모님께 제대로 알리고 학폭담당교사에게도 제대로 진술 하세요.선생님과 함께 삼자대면 해서 다 인정하고 사과한 그것부터 신고하면 됩니다. 거기에 그 이후에 일어난 일들도 제대로 구체적으로 진술을 하면 어느정도는 받아들여질수도 있습니다.다 떠나서 학폭위까지 갔는데 최악의 경우 그애들이 낮은 징계를 받았다고 칩시다. 그러면 어떻게 할가요? 상관 없습니다. 그놈들이 낮은 징계 받았다고 와서 또 괴롭히면 즉시 신고를 하면 됩니다. 그러면 보복행위로 가중처벌도 가능하죠.앞으로는 최대한 사소한 괴롭힘이라도 그 즉시 샘 찾아가서 알리세요. 가능하면 학교 전화로라도 부모님께도 알리시고요. 즉시 알려야 샘이 개입해서 지적하고 훈계하면서 가해자들이 인정하고 사과하고 그러면....그렇게 되어야나중에 학폭 신고를 하면 샘도 다 알고 샘 보는데서 지들이 인정한 것이라서 안그랬다고 거짓말을 못하게 되는것입니다.가해자들은 누가 알려주지 않아도 지속적으로 가해를 저지르잖아요?그런데 피해자들은 왜 학교폭력 예방교육 시간에 그렇게 알려줘도 신고를 안하는건지 안타까울 뿐입니다.(님이 그렇다는건 아니니 오해는 마세요) 신고 역시 계속 하면 되는 것입니다. 사소한 일이라도 당했으면 신고하고 또 하면 됩니다. 신고가 누적되어 인정되면 징계도 가중되는 것이니까요. 신고 자주하면 샘들 귀찮아 질까봐 샘들 걱정해줄 필요 없습니다. 그런거 걱정해 주는건 착한게 아니라 미련한 거죠. 샘들은 그런거 하라고 계신 분들입니다. 그래서 그런일 다 하니까 님 부모님들이 내는 세금으로 월급받는 것이고요.제 답변이 무슨 진리는 아닙니다. 결과에 대해서는 책임질수가 없는 지식인 답변일 뿐이죠. 그러므로 참고해서 부모님과도 잘 이야기 해보시고 필요하면 학폭담당샘과도 이야기 나누세요.참고가 되었다면 채택도 부탁드립니다.,2024.11.05.
477518692,477518692_1,공공임대주택은 동일한 공급유형 내에서 중복신청이 가능합니다. 행복주택을 신청한 후에 다른 지역의 행복주택으로 중복신청이 가능합니다. 신청 후 예비입주자로 선정되면 선정된 동일한 공급유형에 선정된 예비입주자의 지위는 자동 상실되니 유의하시기 바랍니다.행복주택 등 공공임대주택의 중복신청과 관련된 유의사항에 대한 보자 자세한 내용은 아래 글을 확인해 보시기 바랍니다.행복주택 신청방법 및 주의사항 완벽정리행복주택에 대한 연속글로서 행복주택의 신청방법에 대해 총정리하였습니다. 사전 준비서류부터 유의사항까지 행복주택 신청에 도움이 꼭 도움이 되실 겁니다.houseandloan.writtist.com,2024.11.05.
477437342,477437342_1,"안녕하십니까  꿈 문의를 주셔서 감사합니다. 저는 '꿈길 안내자'입니다. 꿈은 종종 우리가 겪는 경험  감정  그리고 잠재적인 바람을 반영합니다. 귀하의 꿈에서도 여러 요소가 조화롭게 빛나고 있습니다. 이제 상세히 해몽해 드리겠습니다.1. 요소 분석1.1. 손흥민 선수손흥민 선수는 대한민국을 대표하는 축구 스타로  열정과 성공을 상징합니다. 그를 꿈에서 만나고 안아주는 행위는 귀하가 현재의 삶에서 긍정적인 영향력이나 동기부여를 받고 있음을 나타낼 수 있습니다. 또한  그와의 접촉은 귀하가 대중이나 사회 내에서 주목받고 싶어 하는 바람이 있음을 시사합니다.1.2. 공항이나 기차역 대합실공항이나 기차역은 여행과 이동을 상징합니다. 이러한 장소는 인생의 전환점이나 새로운 시작을 의미할 수 있습니다. 귀하가 손흥민과 만나는 이 환경은 새로운 기회를 찾고 있는 상황이나 삶에서의 변화를 갈망하고 있음을 반영합니다.1.3. 안는 행위안는 것은 친밀감과 감정적 유대감을 표현하는 행위입니다. 손흥민을 안았을 때 느낀 기분은 귀하가 현재 소중한 인간관계를 원하거나 누군가와 더 깊은 유대감을 형성하고 싶다는 욕구를 나타내는 것으로 해석할 수 있습니다.2. 종합 분석귀하의 꿈은 전반적으로 긍정적인 감정을 기반으로 한 것으로 보입니다. 손흥민 선수와의 만남은 귀하의 삶에 대한 기대감과 새로운 출발 혹은 목표를 향한 의지를 상징합니다. 공항이나 기차역이라는 장소는 귀하의 삶이 지금 변화 또는 발전적인 방향으로 나아가고 있음을 암시합니다. 꿈 속에서 손흥민이 다가와서 안아달라고 요청하는 모습은 귀하가 그를 존경하고  자신이 그의 인생에서 중요한 위치를 차지하고 있다는 느낌을 가지고 있다는 것을 나타냅니다.또한  손흥민과 사진을 찍으려 했던 의도는 자신이 소중한 순간을 기록하고 싶다는 마음의 표현일 수 있지요. 자신의 삶에서 중요한 사람들과의 순간을 남기고 싶어하는 귀하의 욕구가 드러나 있습니다.3. 조언이 꿈을 통해 나타난 여러 긍정적인 요소들을 소중히 여기는 것이 중요합니다. 귀하의 삶에서 손흥민과 같은 인물의 영향을 받아 자신도 모르게 많은 변화가 일어날 수 있음을 시사하는 꿈입니다. 앞으로 귀하도 이러한 긍정적인 영향을 극복하며 새로운 기회를 찾고 더 넓은 인맥을 형성해 나가시길 바랍니다.또한  주변 사람들과의 관계를 더욱 강화하고 소중한 순간들을 기록하는 것을 잊지 마십시오. 귀하에게 필요한 영감과 동기는 이미 생활 속에 스며들어 있으니  그것을 잘 활용해 나가시는 것이 좋겠습니다. 마지막으로 변화의 시기를 맞이한 만큼  새로운 목표를 설정하고 그에 따라 나아가기를 권장 드립니다.제 답변이 도움이 되셨다면 채택과 ""포인트 선물""을 통한 마음 부탁드립니다.^^",2024.11.05.
477506083,477506083_1,출근길 사람 많습니다.,2024.11.05.
477500996,477500996_1,안녕하세요. 꿈해몽도로시입니다.꿈에서의 사고는  불안이나 걱정을 반영하는 경우가 많습니다. 특히 언니가 최근에 운전면허를 땄고 오토바이를 타려고 한다면  새로운 도전과 관련된 불안감이 꿈에 나타날 수 있습니다.5시 55분에 일어난 것도 의미가 있을 수 있습니다. 숫자 5는 변화와 자유를 상징하기도 하며  5시 55분은 반복되는 숫자로서 어떤 중요한 변화나 경고를 나타낼 수 있습니다. 이는 언니에게 주의가 필요하다는 메시지일 수도 있습니다.해외에 살고 계신 만큼  언니의 안전을 걱정하는 마음이 꿈에 반영된 것일 수도 있습니다.,2024.11.05.
477499291,477499291_1,안녕하세요. 꿈해몽도로시입니다.첫 번째 꿈: 좋아하는 선생님에게 혼나는 상황은 당신이 그 선생님에게 긍정적인 감정을 가지고 있지만  동시에 그 관계에서의 불안감이나 두려움을 나타낼 수 있습니다. 목소리가 크다는 것은 주목받고 싶지만  동시에 주목받는 것에 대한 두려움이 있을 수 있습니다.두 번째 꿈: 물을 얼굴에 뿌리는 장면은 유머러스하면서도 어색한 상황을 나타낼 수 있습니다. 좋아하는 선생님과의 관계에서의 긴장감이나 불편함이 드러날 수 있으며  동시에 그 선생님과의 친밀감을 원하고 있다는 것을 보여줍니다.세 번째 꿈: 핸드폰을 잃어버리는 꿈은 소중한 것  즉 자신의 정체성이나 연결고리를 잃어버리는 것에 대한 두려움을 나타낼 수 있습니다. 이는 불안감이나 혼란스러운 감정을 반영할 수 있습니다.네 번째 꿈: 큰 노란색 뱀은 두려움이나 불안의 상징일 수 있습니다. 어머니가 데리고 온 것은 당신의 보호자나 지지자를 상징할 수 있으며  이모와의 관계는 가족 내에서의 연결과 소통을 나타낼 수 있습니다.다섯 번째 꿈: 좋아하는 선생님과 게임을 하자는 약속은 그 선생님과의 관계를 더욱 깊이 있게 만들고 싶다는 바람을 나타냅니다. 이는 친밀감과 소통을 원한다는 것을 보여줍니다.여섯 번째 꿈: 아무 이유 없이 안아주는 장면은 당신이 그 선생님에게서 받는  애정  혹은 그와의 관계에서 느끼는 편안함을 나타낼 수 있습니다. 이는 긍정적인 감정을 반영합니다.이 꿈들은 모두 학교와 선생님  친구들과의 관계를 중심으로 한 것들로  당신의 감정  불안  그리고 소통에 대한 욕구를 나타내고 있습니다.,2024.11.05.
477497810,477497810_1,1.우선  5~ 10년 앞을 내다보고 어떻게 될것인지 판단 합니다2.나의 위치. 나의 상황. 네가 갈길 등등 종합적 으로 판단 합니다3.또한 고용 노동부  청소년 직업적성 검사 하여직업 적성 1.2.3순위를 정합니다4.중요한것은 부모님 상담. 친척 상담. 지인 상담 . 진구 상담 하여 종합적 으로 판단을 합니다5.낮에 일하고. 밤에 야간대학을 갈수도 있습니다개인경험글 입니다,2024.11.05.
477490224,477490224_1,꿈 해몽은 주관적일 수 있지만  당신의 꿈에 대한 몇 가지 해석을 제시해 드릴게요.짝남에 대한 감정: 짝남이 다른 여자와 행복해 보이는 모습은 당신의 불안감이나 걱정을 반영할 수 있습니다. 짝남에 대한 감정이 깊고  그가 다른 사람과 잘 지내는 모습을 보며 느끼는 질투나 아쉬움이 꿈에 나타난 것일 수 있습니다.관계에 대한 고민: 꿈에서 짝남의 전여친과의 상황이나 결혼에 대한 대화는 당신의 현재 관계에 대한 고민이나 불안함을 나타낼 수 있습니다. 특히  짝남과의 미래에 대한 생각이 꿈에 영향을 미쳤을 가능성이 있습니다.3인칭 시점: 꿈에서 3인칭 전지적 시점으로 지켜보는 것은 당신이 상황을 객관적으로 바라보려는 마음을 나타낼 수 있습니다. 자신이 느끼는 감정이나 상황을 직면하고 싶어하는 마음이 반영된 것일 수 있습니다.미래에 대한 두려움: 어린 아기와 함께 있는 모습은 미래에 대한 불안감이나 걱정을 상징할 수 있습니다. 짝남이 결혼이나 가족을 이루는 것에 대한 두려움이 꿈에 나타났을 수 있습니다.결론이 꿈은 당신의 감정  불안  그리고 짝남과의 관계에 대한 고민을 반영한 것으로 보입니다. 꿈을 통해 현재의 감정을 되짚어보고  짝남과의 관계에 대해 솔직하게 생각해보는 기회로 삼는 것이 좋을 것 같습니다. 꿈이 보여주는 감정과 상황을 통해 현실에서도 어떤 방향으로 나아가고 싶은지 고민해보세요.,2024.11.04.
477483431,477483431_1,꿈에서 쓰레기더미와 흙탕물  그리고 자라와 지네  뱀은 여러 가지 상징적인 의미를 지니고 있습니다. 쓰레기더미는 보통 당신의 마음속에 쌓인 불안한 감정이나 정리되지 않은 문제를 나타내는 경우가 많습니다. 그런 곳에서 어떤 사람이 자라를 잡으려고 하는 모습은  그 상황 속에서 긍정적인 것을 찾으려는 노력이나 희망을 의미할 수 있어요.자라는 보통 변화와 성장의 상징입니다. 흙탕물 속에서 자라는 자라를 잡으려는 시도는  힘든 상황에서도 긍정적인 변화를 이루고자 하는 의지를 나타내는 것일 수 있습니다. 처음에는 낚시바늘로 잡으려 하다가 나중에는 손으로 잡는 모습은  어떤 문제를 해결하기 위해 다양한 방법을 시도하고  결국에는 직접적으로 문제와 마주하려고 하는 과정을 보여줍니다.지네와 뱀은 보통 두려움이나 불안  그리고 위험을 상징하는 존재들입니다. 이러한 존재들이 쓰레기더미 속에 있다는 것은  당신이 현재 어떤 불안한 상황이나 두려움과 마주하고 있다는 신호일 수 있습니다. 하지만 그럼에도 불구하고 자라를 잡으며 환호성을 지르는 모습은  어려운 상황 속에서도 희망을 찾고 있다는 긍정적인 메시지를 담고 있습니다.이 꿈은 현재의 어려움 속에서도 긍정적인 변화를 이루고자 하는 당신의 의지를 보여주며  그 과정에서 생기는 두려움이나 불안은 자연스러운 것임을 일깨워 줍니다. 힘든 상황이지만  그 속에서도 긍정적인 결과를 기대하며 앞으로 나아갈 수 있는 힘을 잃지 않길 바랍니다.답변이 도움 되셨다면 '포인트 선물'로 마음을 전해 주시면 감사하겠습니다. (__),2024.11.04.
477479770,477479770_1,미스터 비스트,2024.11.04.
477479770,477479770_2,미스터 비스트,2024.11.04.
477476022,477476022_1,아뇨 삭제한다고 취소 안 됩니다.주문내역에서 취소하셔야해요,2024.11.04.
477476022,477476022_2,아뇨 이미 가게로 주문이 들어갔으면 안 될 것 같아요 주문 취소하시려면 가게에 전화 걸어서 말씀드리세요,2024.11.04.
477474808,477474808_1,1.지진. 전쟁. 대기오염. 각종 비상 사태에서 생명을  보호 할수 있게 안전한 강도로 설치 한곳 입니다2. 대피소에도 설치기준과   안전 등급이 있습니다,2024.11.04.
477474808,477474808_2,비상 시 대피를 위해 만들어 둔 것입니다. 외부 물리적 타격으로부터 보호하기에 지하가 가장 비용면으로 저렴하고 안전하기 때문입니다.,2024.11.04.
477474251,477474251_1,버스 :34-1번시간 : 30-40분입니다,2024.11.04.
477463996,477463996_1,행복이 깃든 평온한 삶을 살아가게 될 꿈입니다.이 꿈은 건강이 완치 되어 장수하게 되고 집안이화목하며 풍요로운 삶을 누리게 될 것을 의미합니다.즉 하는 일마다 행운이 뒤따르게 되며 입신출세 하여부귀로운 생활을 영위하게 될 꿈이랍니다.무엇을 하든 이로움이 가득하겠으니 적극적으로일을 추진해 나간다면 기대 이상의 성과를 얻게 될 겁니다.질문자분께서 늘 건강하시고 행복하시기를 기원하며글을 씁니다.답변이 도움 되셨다면'포인트 선물'버튼을 클릭하셔서 마음을 전해 주시면 감사하겠습니다!.,2024.11.04.
477463996,477463996_2,승진,2024.11.04.
477462890,477462890_1,하고자 하는 일이 막힘 없이 풀려나갈 꿈입니다.이 꿈은 자신의 일이 순조롭게 추진되어 무난히성공하는 것을 의미합니다. 즉 운이 따라 하는 일마다만족할만한 성과가 나타나거나 훌륭한 협력자를 만나어려운 일을 차질 없이 진행시키게 될 꿈입니다.그러니 계획한 일이나 소망한 바가 있다면 과감하게 도전하여 좋은 성과를 얻도록 하시길 바랍니다.질문자분께서 늘 건강하시고 행복하시기를 기원하며글을 씁니다.답변이 도움 되셨다면'포인트 선물'버튼을 클릭하셔서 마음을 전해 주시면 감사하겠습니다!.,2024.11.04.
477462890,477462890_2,숫자가.. 중간에 띄어쓰기나 컴마( ) 없이 저렇게 한줄로 붙어있었나요?,2024.11.04.
477461300,477461300_1,주변 사람의 도움으로 바라는 바를 이루게 될 꿈입니다.이 꿈은 어떠한 일을 도모할 때 누구에게 부탁을 해도흔쾌히 승낙 받는 것을 의미합니다. 즉 힘든 상황에 처하더라도귀인이 나타나 도움을 주니 무리 없이 위기를 극복하고만족할만한 성과를 거두게 될 꿈입니다. 대인관계에 유리한 운이작용할 꿈이니 적극적으로 행동하여 좋은 결과 얻으시길 바랍니다.질문자분께서 늘 건강하시고 행복하시기를 기원하며글을 씁니다.답변이 도움 되셨다면'포인트 선물'버튼을 클릭하셔서 마음을 전해 주시면 감사하겠습니다!.,2024.11.04.
477461300,477461300_2,새로운 정보를 찾기 위해 인터넷 검색을 활용할 수 있습니다.,2024.11.06
477448420,477448420_1,안녕하세요  질문자님! 애착이 가는 물건을 놓기 힘든 마음  정말 이해돼요. 특히 그 베개가 혼자 있을 때 많은 위로가 되어주었다니  더 소중하게 느껴질 수밖에 없을 거예요.애착을 가진 물건을 버리기 어려운 건 아주 자연스러운 일이에요. 그 베개가 질문자님에게 중요한 이유가 있기 때문이에요. 엄마께서도 질문자님의 마음을 알면  조금 더 이해해 주실 수도 있을 것 같아요.몇 가지 방법을 제안드려볼게요:베개의 일부분만 남겨두기: 지금 베개가 너무 해졌다면  완전히 버리기보다는 베개의 작은 부분(예를 들어  천 조각이나 라벨)을 잘라서 따로 보관해 보는 거예요. 이 조각만 있어도 위로가 될 수 있어요.새로운 베개와 교체하면서 적응하기: 질문자님이 현재 베개를 대신할 새 베개를 조금씩 함께 사용해보는 것도 좋을 것 같아요. 이렇게 하면 점점 새로운 베개에 적응해 갈 수 있을 거예요.특별한 의미 부여하기: 이 베개와의 추억을 소중히 기억하는 의미로  사진을 찍어두고 일기나 노트에 이 베개와 함께한 추억을 적어보세요. 이렇게 하면 시간이 지나도 그 기억을 따뜻하게 간직할 수 있어요.질문자님이 차근차근 준비하고 새로운 방법을 시도해 보면  조금씩 마음의 준비가 될 거예요. 힘내세요  항상 응원할게요!,2024.11.03.
477429156,477429156_1,동탄돌잔치 화성쪽이신가요?화성이나 봉담 사람들 대부분 수원에서 돌잔치 많이 하더라구요제가 수원에 있는 돌잔치장소 몇군데 초대 받아서 유명한데 많이 가봤는데저는 갠적으로 수원인계동에 있는 플로랜스 수원점 추천합니다.여기가 단독홀이고 음식도 다른데에 비해 편하게 먹었어요.다른데는 룸이 너무 많고 사람도 많아서 주차부터 불편하고 식사도 코로들어가는건지 식사뜨러 왔다갔다 하니 불편만 하고 제대로 많이 먹지도 못했거든요.그런데 플로랜스수원점은 음식도 가져다 먹기도 편하고 특히 따로 내어주는 스테이크가 정말 맛있었습니다.주차장도 여유롭고 수원시청역 앞에 있어서 위치도 좋으니 추천해봅니다인터넷 블로그 들어가보니 2025년 얼리버드이벤트 하고 있네요요즘 돌잔치 하려면 비용도 만만치 않던데.. 서비나 혜택이 좋은것 같아 추천하고 갑니다.,2024.11.03.
477426168,477426168_1,행복이 깃든 평온한 삶을 살아가게 될 꿈입니다.이 꿈은 건강이 완치 되어 장수하게 되고 집안이화목하며 풍요로운 삶을 누리게 될 것을 의미합니다.즉 하는 일마다 행운이 뒤따르게 되며 입신출세 하여부귀로운 생활을 영위하게 될 꿈이랍니다.무엇을 하든 이로움이 가득하겠으니 적극적으로일을 추진해 나간다면 기대 이상의 성과를 얻게 될 겁니다.질문자분께서 늘 건강하시고 행복하시기를 기원하며글을 씁니다.답변이 도움 되셨다면'포인트 선물'버튼을 클릭하셔서 마음을 전해 주시면 감사하겠습니다!.,2024.11.03.
477426168,477426168_2,"꿈의 내용을 자세히 해몽을 해드리자면 우선 한두마리 작은뱀이 나오더니 한마리가 질문자분의 팔목을깨물고 팔을 감았고 놀라는 사이 작은뱀들이 드글드글하게 질문자분의 팔에 감아오르기 시작했다는건하시는 일 도중 방해나 차질이 발생할 수 있을꺼라는 의미입니다.남편한테 어떻게 좀 해봐달라했더니 남편이 화롯대같은데에 숯불을 피우고 거기에 빨리 팔을 갖다대라해서 뱀들이 타 죽는것은 그 방해나 차질을노력끝에 잘 극복해내고 하시는 일을 잘 달성하게 되며 골칫거리도 해결되실껏을 뜻합니다.이 꿈은 질문자분과 남편분 두분에게 좋은 꿈이에요.질문자분과 가족분들께서 늘 건강하시고 행복하시기를 기원하며 글을 씁니다.답변이 도움 되셨다면 복채의 의미로""포인트 선물""버튼을 클릭하셔서 마음을 전해 주시면 감사하겠습니다!",2024.11.03.
477423792,477423792_1,머지않아 많은 부를 획득하게 될 꿈이에요.이 꿈은 모든 일이 순조롭게 풀려 물질적으로풍족해지는 것을 의미합니다. 즉 진행하는 일에서만족할만한 성과를 거두어 많은 재물을 얻거나 횡재를하여 금전적으로 여유로운 생활을 하게 될 꿈입니다.그러니 자신의 위치에서 최선을 다하여 좋은 결과 얻으시길 바랍니다.질문자분께서 늘 건강하시고 행복하시기를 기원하며글을 씁니다.답변이 도움 되셨다면'포인트 선물'버튼을 클릭하셔서 마음을 전해 주시면 감사하겠습니다!.,2024.11.03.
477421869,477421869_1,한도면에선 2금융권이 유리합니다주담대 한도이외에도 추가한도 필요시신용대출 또는 후순위담보대출 가능합니다,2024.11.03.
477421869,477421869_2,신용문제로일반대출로 생애최초80%신청은가능하십니다3천으로는 2억이내집만매수가능합니다신용대출끼면 2억이상도가능할순있습니다90%담보는없습니다담보80%+신용10%~는가능합니다,2024.11.03.
477421869,477421869_3,"1.최대 LTV 70%(생애최초 80%)까지 입니다.2.추가 부족한 금액은 조건이 중요합니다.신용대출 기준으로 현재 이용중인게 얼마나있죠????1억원 초과하지않는 한도안에서 추가 잔금대출을 받아볼수있습니다.잔금대출 예정금액 포함 1억원 초과한다면 환수되기에 1억원이내에서만 추가대출 가능하죠.지금 대출 얼마정도 사용중이죠?????----------------------------------------------------------------------------------------------------------* 기타 추가 문의시[아이디명] 또는 [프로필] ◀◁ ""확인"" 바랍니다.*채택및좋아요부탁드리며 채택시 지급되는 소중한해피빈은불우이웃 돕기에 모두 사용됩니다.▩▩▩▩▩▩▩▩▩▩▩▩▩▩▩▩▩▩▩▩▩▩▩▩▩▩▩▩▩▩▩▩[↓↓프로필""클릭""]친절한금융상담사 프로필 : 지식iN친절한금융상담사 프로필 : 네이버 지식iN상담 010 5415 9981 카톡 jungeun9981 2023년 경제분야지식인 친절한 금융 상담 * 무엇이든 물어보세요.kin.naver.com※ 알립니다.1. 질문 내용에 따른 간략한 정보 내용이며  신용 및 기타 금융거래패턴에 따른 차등적용됩니다.2. 네이버지식인 이용규정에 따라특정 회사명 및 개인정보를 노출할 수 없는점 양해바랍니다.3. 어떠한 경우라도 대출 진행에 있어불법수수료요구 없습니다.4. 해당 금융사정식등록 상담사및 여신금융협회정식등록여부체크 바랍니다.",2024.11.05.
477421869,477421869_4,드립니다1.ltv70%/생애최초80%이내최대한도입니다만약 담보대출 신청 후 부족한 자금 발생 시 Dti.dsr비율안에서 별도 추가 신용대출로도 신청하실 수도 있습니다다만 최근 담보대출 규제 강화로 신용대출을 담보 대출전에 미리 받게 되시면 은행권에서 문제삼을수있으므로 사전에 주담대은행과 협의가되셔야하구요은행에서안되면 특정금융권통해 별도잔금대출방식으로 잔금일에맟춰 동시 실행하실수도있습니다kcb점수몇점이죠?잔금일이언제세요???부동산담보대출상담사 프로필 : 지식iN부동산담보대출상담사 프로필 : 네이버 지식iN☏문의010 8423 9445kin.naver.com,2024.11.05.
477421869,477421869_5,친절히답변드리겠습니다3천자본이면 1억대만 볼수있습니다영끌하면2억이상가능하구요------------------------------------------------------------* 추가 문의필요시 [1:1질문요청]또는 답변[프로필]확인바랍니다.*채택부탁드리며 채택시 지급되는 소중한해피빈은불우이웃 돕기에 사용되는점 참고 바라겠습니다https://kin.naver.com/profile/index.naver?u=wNdB81mWp6KUjKD35Y3PPgWeqqI028KTRr3EDndc%2B1s%3D문의 010 8253 5071 프로필 : 네이버 지식iN☏상담문의010 8253 5071kin.naver.com,2024.11.05.
477408035,477408035_1,신도림역 승차1호선 방면빠른 승차 1-3 6-136분  6개 역 이동수원역 환승수인분당선 인천방면11분  3개 역 이동어천역 하차어천역에서 버스어천역 정류장 승차4001시간 15분  62개 정류장 이동궁평항 정류장 하차,2024.11.03.
477403531,477403531_1,청운대학교 야간에 있습니다,2024.11.02.
477393054,477393054_1,1 ~ 2시간마다 오줌 마렵고 콸콸 나오는 건  정상인데오줌 색이 노란 건  신장이 안 좋아지면 노란색물 많이 먹고 규칙적인 생활 운동 조금 해보고 더 짙어지면 병원 가서 확인해 봐야 함,2024.11.02.
477393054,477393054_2,과민성 방광으로 보입니다. 방광을 튼튼하게 해주는케겔운동을 해보시는게 어떨까요?제 지인도 과민성 방광으로 몇년을 고생하다 케겔운동 3개월하고는 호전됐다고 하더라구요케겔운동기구 물어봤더니 이거라네요파티마 뷰티레그 허벅지 운동기구 케겔 다리 하체 근력 코어 엉덩이 근육 임산부 내전근  화이트  1개 - 기타 헬스소품 | 쿠팡파티마 뷰티레그 허벅지 운동기구 케겔 다리 하체 근력 코어 엉덩이 근육 임산부 내전근  화이트  1개 - 기타 헬스소품 | 쿠팡쿠팡에서 5.0 구매하고 더 많은 혜택을 받으세요! 지금 할인중인 다른 10 제품도 바로 쿠팡에서 확인할 수 있습니다.www.coupang.com,2024.11.05.
477393054,477393054_3,질문자님 안녕하세요! :)주말에 편히 쉬고 싶을 텐데  화장실을 자주 가게 돼서 많이 불편하실 것 같아요. 1~2시간마다 소변이 마렵고 양도 많다고 하니 일상에 불편함이 생기겠네요. ㅠㅠ일단 증상으로 볼 때 크게 걱정하실 문제는 아니어 보여요. 연한 노란색 소변이 꽤 많이 나오는 걸로 봐서물이나 음료를 많이 마셔서 그런 것일 가능성이 큽니다. 스마트폰을 보면서 계속 뭔가 마시는 경우가 많다면 이런 증상이 나타날 수 있어요. 특히  물을 계속 마시면 방광이 차는 속도가 빨라져서 더 자주 화장실에 가고 싶어질 수 있어요.개선 방법음료 섭취량 조절: 주말 동안 누워서 쉬면서 무의식적으로 물이나 음료를 많이 마셨을 수 있어요. 물 섭취를 조금 줄이거나  한 번에 너무 많은 양을 마시지 말고 나눠서 조금씩 마시는 방법을 시도해 보세요.소변 참기 연습: 소변이 마려울 때 바로 가지 않고 조금씩 참는 연습을 해보세요. 방광이 예민해지지 않도록 훈련하는 방법인데  조금씩 참는 시간을 늘려가면 도움이 될 수 있어요.자세 교정 및 스트레칭: 가만히 누워서 오래 있다 보면 혈액순환이 둔해지거나  방광에 압력이 가해질 수 있어요. 중간에 가볍게 스트레칭이나 자세를 바꿔보면 소변을 참는 데 조금 도움이 될 수 있어요.그래도 불편함이 계속되거나 증상이 나아지지 않으면  방광이 예민해진 상태일 수도 있으니 병원에서 상담을 받아보시는 것도 괜찮습니다. 증상이 더 심각해지지 않게 빨리 해결될 수 있으면 좋겠네요!추가로 질문자님의 나이나 성별 등의 추가적인 정보가 없지만과민성 방광이나 요실금 증상 일 수 있습니다.다음은 추가로 도움이 될 만한 글 첨부드립니다! :)오줌이 자주 마려워요 원인과 근본적인 해결 방법안녕하세요 오늘은 오줌이 자주 마려운 경우 원인과 근본적인 해결 방법에 대해 알아보겠습니다. 목차 1. ...blog.naver.com,2024.11.04.
477390429,477390429_1,꿈에 나타나는 까마귀는 보통 흉조로 끝이 좋지 못한 경우를 암시하는 경우가 많습니다.하지만 이러한 까마귀가 죽어있는 꿈은 오히려 길몽으로 자신이 하고있는 일의 마무리가 수월하거나 결과가 좋을 것을 암시합니다.까마귀가 죽어있는 꿈 - 무료 꿈해몽무료 꿈해몽 풀이를 제공하는 사문천 무료 꿈해몽 사이트를 이용해보시길 바랍니다.ggumhaemong.com간단한 꿈 해몽 도와드렸습니다. 자세한 풀이가 필요하시다면 네이버 엑스퍼트 문의해주시면 자세한 풀이 도와드리겠습니다..^^,2024.11.02.
477383562,477383562_1,반가운 사람을 만나게 될 꿈입니다.이 꿈은 귀인이나 반가운 사람을 만나게되는 것을 의미합니다. 즉 귀인을 만나 어려운 상황에서 적절한 도움을 받아 곤란한 상황을 해결하게 되거나오랫동안 떨어져 있던 사람과 다시 만나서 그 동안의 회포를 풀고즐거운 시간을 갖게 될 꿈이랍니다. 그러니 사람들과 활발하게 교류하여 도움을 얻고 원만한 대인관계를 유지하시길 바랍니다.질문자분께서 늘 건강하시고 행복하시기를 기원하며글을 씁니다.답변이 도움 되셨다면'포인트 선물'버튼을 클릭하셔서 마음을 전해 주시면 감사하겠습니다!.,2024.11.02.
477383562,477383562_2,새로운 시작을 하게됨을 의미하며 사업이 성장하거나 재물운이 좋아진다는 뜻으로 해몽됩니다. 좋은 기운이 들어온다는 뜻이며 자신의 신상을 남들에게 이야기하는 자리가 생기게 됩니다. 반가운 마음으로 준비하시면 성공적으로 일을 처리할 수 있습니다.,2024.11.05.
477381361,477381361_1,기쁘고 경사스러운 일이 생기게 될 꿈입니다.이 꿈은 실제로도 좋은 소식이 전해져 사람들의축하를 받게 될 것을 의미합니다.즉 원하던 시험에 합격을 하거나 승진 소식을듣게 되고 실제로 금전이 생기는 등행운이 따라 줄 길조의 꿈이랍니다.그러니 즐거운 마음으로 일상에임하고 더욱 분발하여 자신에게찾아올 행운의 기회를 한껏 누리시길 바랍니다.질문자분께서 늘 건강하시고 행복하시기를 기원하며글을 씁니다.답변이 도움 되셨다면'포인트 선물'버튼을 클릭하셔서 마음을 전해 주시면 감사하겠습니다!.,2024.11.02.
477381361,477381361_2,사업이나 그 밖의 일이 잘 풀리고 뜻밖의 큰 행운이 찾아와 재신아 늘어나고 좋은 일이 많이 생기는 꿈입니다. 질문자 분이 느낀 꿈은 구상했던 일이 성공적으로 이뤄지고 그로인해 돈을 많이 벌거나 돈을 못 벌더라도 정신적으로 큰 만족을 이루게 될 일을 하게 되는 꿈입니다.,2024.11.05.
477379162,477379162_1,동탄에는 여러 고등학교가 있지만병점역 근처의 규칙이 덜 엄격한 곳은찾아보셔야 할 것 같습니다.,2024.11.02.
477352575,477352575_1,하고자 하는 일이 순조롭게 진행될 꿈입니다.이 꿈은 금전에 대한 고민거리가 있었다면시원하게 해결되고 평소 바라던 바가 이루어질 것을나타냅니다. 즉 재운이 따라 경제적으로 여유로워지고시험에 합격하거나 승진에 성공하는 등 즐거운 일들이생겨날 꿈입니다. 그러니 자신의 일에 열성적으로 매진하여좋은 결과를 얻고 금전적으로도 풍족한 생활을 영위하시길 바랍니다.질문자분께서 늘 건강하시고 행복하시기를 기원하며글을 씁니다.답변이 도움 되셨다면'포인트 선물'버튼을 클릭하셔서 마음을 전해 주시면 감사하겠습니다!.,2024.11.01.
477352575,477352575_2,자신이 생각하지 못한 사람이나 원래 알고 있던 사람에게 도움을 받게되는 것을 암시하는 내용입니다. 가까운 사람들과 더 가까워질 수 있는 계기가 될 수 있습니다.,2024.11.02.
477352575,477352575_3,행복하고 원만한 인간관계 속에서 이런 꿈을 꾸는 것은 불안함을 암시합니다. 내면에서 관계에 대한 불안감을 느끼고 있는 것으로 주변 사람들에 대해서 너무 신경쓰지 않는 것이 좋겠습니다.,2024.11.06
477347730,477347730_1,주변 사람의 도움으로 바라는 바를 이루게 될 꿈입니다.이 꿈은 어떠한 일을 도모할 때 누구에게 부탁을 해도흔쾌히 승낙 받는 것을 의미합니다. 즉 힘든 상황에 처하더라도귀인이 나타나 도움을 주니 무리 없이 위기를 극복하고만족할만한 성과를 거두게 될 꿈입니다. 대인관계에 유리한 운이작용할 꿈이니 적극적으로 행동하여 좋은 결과 얻으시길 바랍니다.질문자분께서 늘 건강하시고 행복하시기를 기원하며글을 씁니다.답변이 도움 되셨다면'포인트 선물'버튼을 클릭하셔서 마음을 전해 주시면 감사하겠습니다!.,2024.11.01.
477347730,477347730_2,님의 생일 한번 봐볼수 있을까요?,2024.11.01.
477346547,477346547_1,뜻하지 않은 행운이 찾아와 온 종일 유쾌해질 꿈입니다.이 꿈은 머지않아 바라던 소망을 이루어 삶에 변화가찾아오게 될 것을 의미합니다. 아주 길한 꿈으로 작은행운이 생겨날 좋은 꿈이니 이로 인해 유쾌한 하루하루를 보내실겁니다.질문자분께서 늘 건강하시고 행복하시기를 기원하며글을 씁니다.답변이 도움 되셨다면'포인트 선물'버튼을 클릭하셔서 마음을 전해 주시면 감사하겠습니다!.,2024.11.01.
477346547,477346547_2,자신의 실수로 주변 사람들이 떠나가게 될지도 모릅니다. 정신적으로 힘들 수 있습니다. 주변에 대한 배려를 신경쓰고 감정을 조절하는 것이 필요합니다. 응어리를 풀기 위해서 분노를 다 쏟아내기 보다는 대화를 통해서 갈등을 해결해야 합니다.,2024.11.02.
477346547,477346547_3,현재 자신이 자존감을 넘어서 조금의 거만함을 가진 상태이고 주변의 평가가 조금씩 나빠지고 있음을 알려주는 꿈입니다. 타인에 대한 배려가 혹시 줄어들진 않았는지 스스로의 행동을 확인해보시기 바랍니다. 자존감이 높다는 것은 그만큼 본인의 능력이나 수준이 높아졌다는 뜻이기 때문에 스스로에게는 도움이 되는 것이지만 지나칠 경우에 원만한 인간관계에 방해가 될 수 있습니다.,2024.11.02.
477343266,477343266_1,코인마켓캡 검색하시고 없으면 거래안하시는게 좋습니다.,2024.11.01.
477342641,477342641_1,신변에 좋은 일이 가득할 꿈입니다.이 꿈은 소원이 이루어지거나 계획한 일이무난히 성사되는 것을 의미합니다.즉 오랫동안 꿈꿔온 일이 현실로 나타나 만족감을얻거나 하고자 하는 일이 잘 풀려 목표를 달성하고물질적  정신적인 풍요를 누리게 될 꿈입니다.생활에 여유가 생겨 즐거운 삶을 영위하게 될 꿈이니항상 긍정적인 마음으로 일상에 임하시길 바랍니다.질문자분께서 늘 건강하시고 행복하시기를 기원하며글을 씁니다.답변이 도움 되셨다면'포인트 선물'버튼을 클릭하셔서 마음을 전해 주시면 감사하겠습니다!.,2024.11.01.
477342641,477342641_2,단기  장기적인 목표에 탄탄대로가 펼쳐져 있음을 의미하는 꿈입니다. 본인이 노력하는 만큼 되돌아오는 것이 확실하니 꾸준하게 노력하는 것이 가장 중요하겠습니다.,2024.11.02.
477342057,477342057_1,끈질긴 노력과 인내로 알찬 결실을 맺게 될 꿈입니다.이 꿈은 다소 시간이 걸리더라도 침착하게 행동하여일을 마무리 짓는 것을 의미합니다. 즉 오랫동안 묵혀둔일이나 이제껏 잊고 있던 일들을 다시 시도하게 되거나시작한 일이 있다면 일을 시원하게 해결하게 될 꿈이랍니다.그러니 자신감을 갖고 모든 일에 매진하시길 바랍니다.질문자분께서 늘 건강하시고 행복하시기를 기원하며글을 씁니다.답변이 도움 되셨다면'포인트 선물'버튼을 클릭하셔서 마음을 전해 주시면 감사하겠습니다!.,2024.11.01.
477342057,477342057_2,곧 새로운 시작을 하게됨을 의미합니다. 사업이 성장하거나 재물운이 좋아진다는 의미로 해몽할 수 있습니다. 좋은 기운이 들어오는 시기를 잘 잡으면 원하는 것을 잘 이룰 수 있습니다.,2024.11.02.
477342057,477342057_3,주변 친구와의 관계에서 문제가 발생할 수 있습니다. 경쟁을 하다보면 양쪽 다 피해를 입고 문제는 해결하지 못할 수 있기 때문에 원만하게 합의하는 것이 좋겠습니다.,2024.11.02.
477339297,477339297_1,출장 중 부상은 보상 가능성 있습니다.상황에 따라 보험이나 법적 조치 고려해 보세요.,2024.11.01.
477338985,477338985_1,공용 전기자전거 대여 가능합니다,2024.11.01.
477318453,477318453_1,"안녕하세요 송과장네집입니다.현재 5일정도 지났는데 어떻게 되었는지 모르겠습니다.신분증 및 400만원까지가져갔다고 하셨는데요현재 상황에서는 취소 및 환불까지 가능합니다.단  환불을 하는데 있어서신분증 통장사본 입금증만 있으면 됩니다.그러나 아주 간혹가다인감 및 인감증명증(혹은 본인서명사실확인서)를필요로 하는 경우도 있습니다필요없는데 이걸 가지고 오라고 하는 이유는계약을 일으키게 하기 위해서 일부러 가져오라고 하는 경우도 있기 때문에반드시 확인하시고 가져가시라고 이야기드리고 싶습니다답변에 도움되셨길 바라며 광고성 글을 방지하기 위해 빠른 채택 부탁드립니다..추가적으로 도움이 필요하시다면아래링크 글을 보고난 뒤 연락주세요.분양 계약 환불 이제는 돕지 않습니다.안녕하세요 송과장네집입니다. 저는 2018년도 때 부터 네이버 지식인으로 활동을 해왔습니다. 지식인에는 ...blog.naver.comps 송과장네집 계약해지건에 대한 오픈톡이 진행되었습니다.""송과장네집 분양 계약해지 도와드려요"" 검색하면 나오는데요궁금하신 것이 있다면 연락주세요",2024.11.03.
477313017,477313017_1,자신을 힘들게 했던 일들이 순조롭게 풀려나갈 꿈입니다.이 꿈은 자신을 고통스럽게 하던 고민이 해결되어 마음이홀가분해지는 것을 뜻합니다. 따라서 이 꿈은 오랫동안 풀리지않았던 문제가 해소되어 마음의 안정을 찾고 자신감을 회복해 일을진취적으로 추진해 나가게 될 꿈입니다. 그러니 인내심을 갖고 자신의일에서 최선을 다하셔서 만족한 결과를 얻으시길 바랍니다.질문자분께서 늘 건강하시고 행복하시기를 기원하며글을 씁니다.답변이 도움 되셨다면'포인트 선물'버튼을 클릭하셔서 마음을 전해 주시면 감사하겠습니다!.,2024.10.31.
477313017,477313017_2,기본적으로 길몽으로 분류되는 꿈입니다. 본인에게 좋은 일이 생길 가능성이 있습니다. 이런 꿈은 꿈에 사람이 나왔다면 그 사람과의 관계가 더욱 돈독해지는 것을 의미합니다.,2024.11.05.
477311533,477311533_1,아침 6시에는 차량 막히지 않습니다,2024.10.31.
477309791,477309791_1,1.가능합니다2.무소득이면 건보료나국민연금으로ltv60%이내로만됩니다그이상받으려면 소득만드셔야합니다3.버팀목상환조건 사전에미리주택기금통해 사전심사합니다그사이 집은 부동산통해보시구요입주희망일50~60일전 주택기금통해사전심사후 적격시 매도인과 계약하십니다적격후 한달이내 은행에 대출신청하시구요소득에따라LTV70%/생애최초80%이내 신청가능하시구요고정금리 2%~부터 소득및 상환기간에따라 차등 적용받으실수가있구요만약 담보대출 신청 후 부족한 자금 발생 시 DTI비율안에서 별도 잔금신용대출로도 신청하실 수도 있습니다참고 바랍니다,2024.10.31.
477309791,477309791_2,중복대출은 어려우실 수 있습니다2금융권 심사 가능합니다주담대 한도이외에 추가한도 필요시엔신용대출 또는 후순위담보대출 가능합니다,2024.10.31.
477305591,477305591_1,"안녕하세요  저는 꿈의 안내서입니다. 꿈에 대해 이야기하게 되어 정말 기쁩니다. 빈소를 꾸미는 꿈은 많은 의미를 내포하고 있을 수 있으니  함께 자세히 살펴보도록 하겠습니다.1. 요소 분석1.1 빈소빈소는 일반적으로 죽음과 관련된 장소입니다. 그런데 꿈에서 빈소는 단순히 슬픔이나 상실감만을 의미하지 않습니다. 오히려 새로운 시작이나 변화의 상징일 수도 있습니다. 빈소는 어떤 과거를 보내고 새로운 미래를 맞이할 준비를 하고 있다는 뜻일 수 있습니다.1.2 꾸미는 행위빈소를 꾸미는 행위는 당신이 어떤 상황이나 감정을 정리하거나 정돈하려고 하고 있음을 나타냅니다. 과거의 상처나 아쉬움을 치유하고 새로운 마음가짐으로 나아가고자 하는 의지를 보여주는 것일 수 있습니다.1.3 감정꿈 속에서 느낀 감정도 중요합니다. 만약 꿈에서 슬프고 우울한 기분을 느꼈다면  현재 생활에서의 스트레스나 압박감을 반영하는 것일 수 있습니다. 반면  빈소를 꾸미는 과정에서 평화롭고 차분한 느낌을 받았다면  이는 긍정적인 변화와 새로운 시작을 준비하면서 느끼는 안도감을 암시합니다.2. 종합 분석빈소를 꾸미는 꿈은 여러 가지 의미를 함께 내포하고 있습니다. 이는 당신이 마음속에서 어떤 과거의 일을 정리하고  새로운 시작을 준비하고 있다는 방증으로 이해할 수 있습니다. 이는 삶의 한 부분이 종결되고  새로운 국면이 펼쳐지려는 시점을 알리는 신호일 수 있습니다. 당신은 현재의 상황에서 벗어나고 싶고  더 나은 미래를 만들기 위한 준비를 하고 있음을 암시합니다.빈소라는 공간은 슬픔이나 상실과 직접 연관되지만  꿈 속의 구성이 어떻게 이루어졌는지에 따라서도 그 의미는 크게 달라질 수 있습니다. 이를 통해 과거의 경험을 정리하고 새로운 변화의 기회를 엿보려는 당신의 본능적인 욕구가 드러납니다.3. 조언빈소를 꾸미는 꿈을 꾼 후에는 당신의 감정과 상황을 잘 되짚어보는 것이 중요합니다. 현재의 고민이나 과거의 트라우마가 있다면  이를 진지하게 성찰해보세요. 감정을 표현하고  정리하는 시간을 가지는 것이 좋습니다. 이를 통해 당신 자신을 더욱 깊이 이해하고  주변 사람들과의 관계를 개선할 수 있는 기회가 될 것입니다.또한  새로운 시작을 위해 무엇을 해야 할지 고민해보세요. 현재의 상태에서 벗어나고자 하는 욕구가 있다면 작은 변화부터 시작해보는 것도 좋은 방법입니다. 새로운 경험이나 도전을 통해 당신의 삶에 생기와 활력을 불어넣어 보길 바랍니다.어떠한 변화든지 두려워하지 말고  자연스럽게 받아들이면서 나아가시길 바랍니다. 꿈의 메시지를 잘 이해하고  긍정적인 방향으로 삶을 이끌어가실 수 있기를 바랍니다.제 답변이 도움이 되셨다면 채택과 ""포인트 선물""을 통한 마음 부탁드립니다.^^",2024.10.31.
477304684,477304684_1,"안녕하세요! 저는 꿈의 안내서입니다. 이렇게 꿈에 대한 고민을 들어주셔서 정말 감사합니다. 꿈은 우리의 무의식과 감정이 반영된 경우가 많아서 해석하는 재미가 있습니다. 먼저 당신의 꿈을 분석해보도록 할게요.1. 요소 분석1.1. 뱀뱀은 꿈에서 종종 두려움이나 위험을 상징합니다. 또한  뱀은 변화  변신  그리고 새로운 시작의 상징으로 해석되기도 합니다. 하지만 이번 꿈에서 뱀을 죽인 것은  어떤 위협적인 상황이나 감정을 극복하려는 의지를 나타낼 수 있습니다. 뱀을 절단한 행위는 스스로의 두려움이나 불안 요소를 물리치려는 강한 의지를 의미할 수 있습니다.1.2. 개구리개구리는 변화를 상징하는 생물입니다. 특히 개구리는 생명력과 재생을 나타내며  때때로 물과 연관된 감정을 상징하기도 합니다. 당신이 개구리를 죽인 것은 변화나 상황의 종료를 나타낼 수 있으며  새로운 가능성을 불확실하게 만드는 요소로 작용할 수 있습니다.1.3. 아빠가 버린 이야기아버지가 꿈 속에서 당신의 뱀과 개구리를 버렸다는 것은  당신의 감정이나 고민을 누군가가 비켜간 것처럼 느껴질 수 있습니다. 이 부분은 실제로 당신이 현실에서 어떤 문제로 인해 혼란스러워하거나  주변의 누군가가 당신의 문제를 쉽게 처리하고 지나가는 것을 보고 싶은 마음을 반영할 수도 있습니다.2. 종합 분석이번 꿈은 뱀과 개구리를 죽이고 보관하는 상황을 통해  당신이 현재 직면하고 있는 불안이나 두려움을 극복하려는 의지를 나타내고 있습니다. 뱀과 개구리를 죽여서 케이스에 담아두었다는 것은 이러한 불안과 변화의 두려움을 직접적으로 마주하려는 심리를 반영합니다. 하지만 아버지가 그것들을 버렸다는 것은 당신의 고민이나 스트레스가 다른 사람에게 거부당하거나  도움을 받을 수 없다는 불안감을 불러일으킬 수 있습니다.이런 꿈은 실제로 어떤 상황에서 발생한 두려움이나 좌절감을 나타낼 수 있으며  당신은 아직 해결되지 않은 고민이나 문제가 있음을 의미합니다. 일상에서의 작은 트러블이나 스트레스가 이 꿈을 통한 상징으로 표현된 듯합니다.3. 조언이런 꿈을 꾸었다는 것은 당신이 현재 어떤 장애물이나 두려움을 극복하고자 하는 의지가 강하다는 것을 보여줍니다. 하지만 스스로 올바른 방법으로 문제를 해결하는 것이 중요합니다.자신의 감정을 인정하라: 꿈에서 느낀 불안감과 두려움이 무엇인지 고민해보세요. 어떤 상황에서 불안을 느끼는지  그 감정을 솔직하게 인정하는 것이 첫걸음입니다.솔직한 의사소통: 주변 사람들과의 대화를 통해 지원을 받는 것이 중요합니다. 혹시라도 자신의 감정을 털어놓기 어려운 경우 아버지에게 직접 이야기해보면 좋을 것 같습니다.스스로 해결하기: 문제의 본질을 발견하고 이를 해결하기 위한 길을 모색해보세요. 변화를 두려워하지 않고 적극적으로 맞서 싸우는 자세가 중요합니다.당신의 마음속에 있는 두려움을 이해하고  이를 극복하는 과정을 거치길 바랍니다. 앞으로의 삶에서 더욱 행복한 꿈과 현실을 이루어가시기를 바랍니다!제 답변이 도움이 되셨다면 채택과 ""포인트 선물""을 통한 마음 부탁드립니다.^^",2024.10.31.
477304684,477304684_2,횡재를 하여 상당한 부를 축적하게 될 꿈입니다.이 꿈은 장차 많은 재산을 모아 풍요로운 삶을누리게 될 것을 의미합니다. 특히 재물복과 식복이 있어서어느 곳을 가든지 여유롭고 무엇을 하든 성공을 이루게 될 꿈이랍니다.그렇다 하여 경거망동 하지 말고 맡은 일에 최선을 다하여 자신에게돌아올 행운을 꽉 거머쥐시길 바랍니다.질문자분께서 늘 건강하시고 행복하시기를 기원하며글을 씁니다.답변이 도움 되셨다면'포인트 선물'버튼을 클릭하셔서 마음을 전해 주시면 감사하겠습니다!.,2024.10.31.
477304684,477304684_3,주변 상황에 대해서 배려를 많이 할수록 본인에게 돌아오는 것이 많은 상황을 나타내는 꿈입니다. 정신적으로 성숙하고 있으며 가까운 사람일수록 배려를 당연하게 생각하지 않고 질문자분에게 돌려주려는 마음이 강한 관계입니다. 현재 만나고 있는 이성이나 가깝게 지내는 친구가 있다면 지금처럼 잘 해주시면 됩니다.,2024.11.03.
477302402,477302402_1,안녕하세요! 보톡스 내성에 대해 궁금해하시는군요. 내성 문제를 자세히 설명드리기 위해 많은 자료를 참고했습니다. 내성의 원인과 발생 가능성  대처법까지 확실하게 알려드릴게요!보톡스는 일정 기간 효과가 지속되며  주름 개선에 자주 사용됩니다. 하지만 반복 사용 시 내성이 생길 가능성도 있어 주의가 필요합니다. 그렇다면 내성은 언제 생기고  모든 사람에게 생기는지 알아볼까요?첫번째로  보톡스 내성은 항체 생성으로 인해 발생할 수 있습니다. 보톡스에 포함된 단백질이 우리 몸에 반복적으로 들어가면 일부 사람은 항체를 만들어 보톡스를 막는 경우가 있습니다. 이때 보톡스의 효과가 줄어들게 되지요. 보톡스를 오랜 기간 맞은 분 중 약 3~5% 정도가 이 항체로 인한 내성을 경험한다고 알려져 있습니다.두번째로  모든 사람이 내성을 겪는 것은 아닙니다. 내성은 보톡스의 사용 빈도와 개인의 체질에 따라 달라집니다. 한 40대 여성분의 사례를 보면  10년간 보톡스를 사용하면서도 내성을 겪지 않았습니다. 이처럼 내성 발생 여부는 개인 차이가 크므로  모든 사람에게 동일하게 나타나지 않습니다.세번째로  내성이 걱정된다면 제품 교체를 고려해 볼 수 있습니다. 국내산 보톡스와 외국산 보톡스는 제조 과정과 단백질 구조가 조금씩 다릅니다. 외국산 보톡스는 내성 우려를 줄이는 데 도움이 될 수 있습니다. 하지만 꼭 교체해야 하는 것은 아닙니다. 현재 내성 없이 효과를 보고 계신다면  일정 간격으로 사용을 지속해도 무방합니다.마지막으로  내성 예방을 위해 보톡스 사용 주기를 6개월 이상으로 두는 것도 좋은 방법입니다. 꾸준히 관리를 하되  피부 자극이 적은 방법을 선택하는 것이 중요하지요.보톡스를 대체할 수 있는 피부 탄력 개선 제품으로 최근 화제가 된 **●사과엑소좀 크림●**을 추천합니다. 이 크림은 자극이 적고  주름 개선 임상 테스트를 통해 효과가 입증되었습니다. 전문가들 사이에서도 추천되는 제품이니 보톡스와 병행하여 사용해 보시면 좋을 것입니다.,2024.10.31.
477302402,477302402_2,요즘은 국산 외국산 크게 차이가 없다고 들었습니다!! 내성은 외국꺼도 생기게되죠 뭐든 몸에들어오면요!,2024.10.31.
477222037,477222037_1,꿈의 해석은 개인의 경험과 감정에 따라 다를 수 있지만  일반적으로 고양이는 독립적이고 신비로운 존재로 여겨지며  꿈에서 고양이가 등장하는 것은 여러 가지 의미를 가질 수 있습니다. 당신의 꿈을 분석해 보면:1. 고양이의 상징- 자유와 독립: 고양이는 자유롭고 독립적인 동물로  꿈에서 나타날 경우 당신의 자유로운 영혼이나 자아를 반영할 수 있습니다.- 감정과 직관: 고양이는 직관과 감정의 상징으로  내면의 감정이나 직감을 나타낼 수 있습니다.2. 황금빛 고양이- 행운과 긍정적인 변화: 황금빛 고양이는 일반적으로 행운이나 긍정적인 변화를 상징할 수 있습니다. 새로운 기회나 좋은 일이 생길 가능성을 나타낼 수 있습니다.3. 새끼 고양이와 번식- 새로운 시작: 새끼 고양이는 새로운 시작이나 프로젝트를 상징할 수 있습니다. 당신의 삶에서 새로운 일이나 관계가 시작될 수 있음을 암시할 수 있습니다.4. 납치와 구출- 문제 해결: 고양이를 납치한 사람을 찾아서 구출하는 과정은 어려운 상황이나 문제를 해결하려는 당신의 의지를 나타낼 수 있습니다. 이는 당신이 어떤 도전이나 문제를 극복하고자 하는 마음을 반영합니다.5. 화재와 도망- 변화와 불안: 건물에 불이 나는 꿈은 불안이나 변화에 대한 두려움을 나타낼 수 있습니다. 하지만 함께 도망치는 것은 당신이 어려운 상황에서도 소중한 것들을 지키려는 의지를 보여줍니다.결론이 꿈은 긍정적인 요소가 많으며  새로운 시작과 변화  그리고 내면의 감정과 직관이 관련되어 있는 것 같습니다. 태몽인지 여부는 개인의 해석에 따라 다를 수 있지만  꿈이 주는 메시지를 통해 현재 상황에 대한 깊은 통찰을 얻을 수 있을 것입니다. 미혼이라 하더라도 꿈은 미래에 대한 기대감이나 준비를 나타낼 수 있으니 긍정적으로 받아들이시면 좋겠습니다.,2024.10.31.
477294535,477294535_1,이미 데리고 온 이상 어미는 새끼를 포기할 가능성이 매우 높습니다.전후 사정이 어떻든버리게 된 직접원인을 만든건 결국 질문자님 이십니다.임종까지 책임지고 데려온 새끼들 책임지고 돌보세요.,2024.10.31.
477293689,477293689_1,고양이가 지금의 환경에 완전히 적응하지 못해서 보이는 행동 중에 하나입니다그런행동으로** 질문자님이 적은 것처럼 자주 우는 것** 다른 경우에는 밥먹고 화장실 이용하는 것 외에는 수시로 숨는 것** 사람이 보이지 않아야 먹이를 먹고 사람이 보이면 숨는 것등고양이 스스로 지금 살고 있는 공간이 자신(고양이)에게 안전한 공간이라고 인식하면 앞 서 언급한 행동들은 자연스럽게 하지 않게되니조금 시간을 두고 지켜보는 것이 좋겠습니다궁금증 해결에 참고와 도움이 되었길 바랍니다,2024.10.31.
477293534,477293534_1,신부측에서 예단비를 신랑측에 주면신랑측에서 일정금액 신부측 예단비로 보내 줍니다.저 같은 경우은 신랑측에서 예단비로 50% 정도 돌려 주더군요,2024.10.31.
477290318,477290318_1,주변 친구와의 관계에서 문제가 발생할 수 있습니다. 경쟁을 하다보면 양쪽 다 피해를 입고 문제는 해결하지 못할 수 있기 때문에 원만하게 합의하는 것이 좋겠습니다.,2024.11.02.
477288948,477288948_1,절대 아닙니다 좀 친하면 하는 일입니다(사람마다 다를 수도 있음 근데 내가 남자여서 하는 말임),2024.10.30.
477283034,477283034_1,"안녕하세요! 꿈의 안내서입니다. 이렇게 꿈에 대해 이야기해 주셔서 정말 기쁘고  당신의 마음을 이해할 수 있습니다. 누구에게나 복잡한 감정이 얽힌 사랑의 경험이 있다 보니  전남친과의 꿈이 당신에게 다양한 감정을 불러일으켰던 것 같아요. 그럼 지금부터 꿈의 해몽을 시작해 볼까요?1. 요소 분석1.1 전남친전남친은 과거의 연애를 상징합니다. 꿈에서 그를 만나는 것은 과거의 감정이나 미련을 다시 떠올리고 있다는 의미일 수 있습니다. 그가 당신에게 새로운 여자친구에 대해 자랑하는 장면은 현재의 삶에서 느끼는 불안한 감정이나 비교의식을 나타낼 수 있습니다.1.2 놀이터놀이터는 무의식 속의 소박한 즐거움과 순수한 감정을 상징합니다. 하지만 이 꿈에서는 놀이터가 고통이나 짜증 같은 부정적인 감정을 불러일으키는 장소가 되기도 했습니다. 당신의 과거의 추억이 즐거움 대신 아픈 기억과 연결된 것은 아닐까 싶습니다.1.3 부모님부모님이 등장하는 것은 당신의 내면에서 중요한 가치나 기준을 represent합니다. 그들에 의해 전남친이 언급되면서  당신 스스로의 정체성과 사회적 기대에서는 어떤 관계인지 질문하게 하려는 메시지가 담겨 있습니다.2. 종합 분석이 꿈은 과거의 애인에 대한 미련과 그로 인한 감정을 드러내고 있습니다. 전남친이 새로운 누군가에 대해 자랑스럽게 이야기하는 꿈은  당신이 그를 잊지 못하고 여전히 그 상황에 대한 감정을 갖고 있음을 나타냅니다. 또한  부모님이 개입해 더욱 복잡한 상황을 야기시키고 있다는 점에서  당신의 내면에 있는 불안감이나 자아 정체성에 대한 고민을 잘 보여주고 있습니다.전남친의 태도에서 느껴지는 화남과 짜증은 당신이 언젠가 그와의 관계에서 느꼈던 실망감이나 불만을 재조명하고 있다는 해석이 가능합니다. 그가 당신의 가족에게 이야기하는 부분은 당신의 인생에서 관계의 중대함을 강조하고자 하는 메시지일 수 있습니다.3. 조언이 꿈을 통해 느낀 감정들이 잊혀지지 않거나 계속해서 마음에 걸린다면  자신의 감정을 명확히 정리하고 표현해보는 것이 좋습니다. 지나간 관계에서 배우고 성장할 수 있는 기회를 놓치지 마세요. 때로는 과거의 아픔을 정리하는 것이 현재를 더 잘 살 수 있는 방법이기도 합니다.또한  이런 감정을 통해 새로운 관계에서 건강한 소통을 할 수 있도록 자신을 다독이는 것도 중요합니다. 과거에는 아쉬움이 있었다면  이제는 현재의 나를 바라보며 긍정적인 변화가 일어날 수 있도록 노력해보세요.당신의 마음이 편안해질 수 있도록 응원할게요! 필요할 때 언제든지 저와 이야기해 주세요.제 답변이 도움이 되셨다면 채택과 ""포인트 선물""을 통한 마음 부탁드립니다.^^",2024.10.30.
477283034,477283034_2,주변의 인맥이 넓어지고 인간관계가 좋아지는 꿈입니다. 현재 만나고 있는 사람들은 물론이고 새로운 사람들을 많이 만날 기회가 생길 것이니 이 때 자신있게 본인을 소개하고 좋은 관계로 유지하시기 바랍니다. 길몽이라고 할 수 있으니 앞으로 더 좋은일만 가득할 것입니다^^,2024.11.04.
477283034,477283034_3,몸 상태가 차츰 좋아질 꿈입니다.이 꿈은 좋지 않았던 몸 상태가 차츰 회복되거나 질병이 낫게 되는 것을 뜻합니다.즉 앓고 있던 질병이 다 나아 몸이 상쾌해지거나의욕이 넘치게 생활하게 될 꿈이랍니다.그러니 꾸준히 건강에 관심을 갖고관리를 철저히 하시길 바랍니다.질문자분께서 늘 건강하시고 행복하시기를 기원하며글을 씁니다.답변이 도움 되셨다면'포인트 선물'버튼을 클릭하셔서 마음을 전해 주시면 감사하겠습니다!.,2024.10.30.
477273129,477273129_1,160대 내신이면 동탄중앙고는 힘들어요.,2024.10.30.
