﻿doc_id,title,question,region_id,views,question_date
477584040,질문치동고 어떤가요,치동고 어때요 다니시는분들 알려주세요,12093132, 17,2024.11.06
477533348,질문동탄 서연고 갈수있나요,내신 138.7인데 몇점올려야 안정권일까요 (수행 3개기말 남음,12093132, 21,2024.11.06
477574598,질문폐업하였습니다.,안녕하세요?양도양수로 카페를 양도를 받아 6개월간 운영하고 폐업을 하였습니다. 나라에서 지원해주는 교육이나 지원금등 받을수 있는 사항이 있을까요? 재창업도 고려 하고 있어서 받을수 있는 대출이나 별거 아닌거여도 받을수 있는 혜택이 있으시면 알려주시면 너무나도 감사합니다 모르는부분이 너무 많아 알려주시면 감사합니다. 창업했던지역은 대전입니다.,12093120, 15,2024.11.06
477563303,질문영락의료과학고,안녕하세요 저는 현재 중3인 학생입니다 원래 일반고를 가려했는데 쟤 관심 분야와 맞아서 영락의료과학고를 가볼까하는데요 영락의료과학고에 궁금한게 많아서요 1. 등교시간은 몇시까지인가요? 2.대학 잘 보내주나요? 3.건강과학과에서는 의료관련된 것을 전문적으로 배우나요? 4. 체육대회 같은 것도 하나요? 5. 보건 간호학과 가기 힘든가요?,12093120, 13,2024.11.06
477563067,질문꿈 해몽 부탁드립니다,안녕하세요 제가 오늘 꿈을 꿨습니다. 꿈 속에서 제가 체육관? 같은 곳에 있었는데 갑자기 어금니가 흔들리더니 하나씩 빠지더라구요.. 저는 놀랬는데 체육관 직원들은 아무렇지 않은 듯 괜찮다고 웃으며 제 어금니를 소독물? 같은데 넣어서 내일 치아 들고 치과가면 괜찮을 거라고 하더라구요.. 어금니는 왼쪽 오른쪽 위 아래 다 빠졌습니다. 이거 무슨 꿈일까요? 최근에 제 심리 상태는 여자친구와 이별 후 많이 힘든 상태인데 연관이 있을까요?,12093120, 19,2024.11.06
477562846,질문저녁메뉴 추천해주세요~,,12093120, 23,2024.11.06
477562245,질문경기도 화성시 봉담읍 가는 전철역 이름?,경기도 화성시 봉담읍에 가려면 어떤 전철역에서 내리는 것이 가장 가까운가요? 그 전철역 이름을 알려주세요. 노선의 이름까지 알려주시면 더 감사하겠습니다.,120931, 21,2024.11.06
477559154,질문중학생인데 공부를 하는게 나을까요?,안녕하세요! 평소에는 평균 85~90점대 나오는 학생이고 주변 얘들 이야기 듣고 공부를 조금 많이 하기싫어졌어요 그냥 수행이나 시험같은걸 아예 열심히 하기싫어진것같아요 주변 얘들 이야기는 본인이 60~70점을 맞아도 부모님이 칭찬을 해주시거나 외박이나 약간의 보상을 주신다고하는데 전에 몇번 백점을 맞았었는데 더 열심히 해라 유지해라 라고만 하고 부모님께서 칭찬도 안해주셨거든요 이런것 때문에 공부를 하기싫은것도있고 저희집이 굉장히 보수적이라 남들 다해본 외박(파자마)밤까지 놀기 절대 금지라서 요즘 드는생각은 날 이렇게 집도 못나가게 만들거면 성적걱정없이 살게해줬으면 좋겠다는 생각이 들어요 이런것 때문에 공부가 너무 하기싫어져서 아예 지금부터라도 다른 분야에 대해 노력하는건 어떤가 생각중입니다 부모님의 허락은 받지 못했지만요.. 제가 사춘기라서 드는생각인건가요 제가 이기적인가요? 정말 궁금합니다ㅜㅜ 그리고 대한민국 학생은 공부가 답일까요?,12093120, 20,2024.11.06
477556779,질문불면증인가요? 어디 병원을 가야 되나여?,안녕하세요 경상남도 마산에 사는 17살 학생입니다 요즘 몇달째인가..?거의 2달 다 되어가는데 새벽에 잠을 못자고 꼭 아침에 3~4시간 씩만 자요 저녁에 잔다해도 1~2시간 만에 깨서 다시 잠들기 힘들구여 이제는 피곤해 죽겠는데도 눈이 아픈데도 잠들기가 힘들어요..이거 불면증인가요?.. 병원 추천좀 해주세요,12093120, 21,2024.11.06
477553212,질문안녕하세요...,안녕하세요 ㆍ여기 오산대역 에서 화성시 정남면가장로 285번지까지 갈라면 대중교통 몇번을타고 ᆢ가야하는지 빠른답변 부탁드릴께요 ᆢ그리고 어디서 버스를 타야하는지답 부탁드릴께요,12093120, 19,2024.11.06
477549297,질문꿈 해몽…..,안녕하세요 꿈 해몽을 부탁드릴게요 저희집 강아지를 학교에 데리고 갔는데 학교에서 키우던 애기돼지(실제론 안키움 꿈에서만 키움)랑 친해져서 둘이 엄청 귀여웠어요 둘이 막 놀고 같이 낮잠도 자고 좋은 꿈인가요?,12093120, 18,2024.11.06
477547086,질문자전거 타는 꿈 해몽 부탁드립니다,안녕하세요 오늘 자전거 타는 꿈을 꾸었는데요 꿈 해몽 부탁드립니다. 꿈에서 자전거를 타고 새로운 자전서 도로 길을 따라 달리는데 기분이 너무 좋았고 가는 도중에 힘들진 않았는데 자전거 바퀴에 바람이 빠졌나?!? 하고 멈추지 않고 달리는 중에 앞 바퀴를 보니 바람이 조금 빠져 있었습니다 바람이 빠져있었는데도 달리는데 무리가 없었고 멈추지 않고 계속 달렸고 나중에는 바퀴에 바람이 점점 채워지고 있었습니다 꿈에서 깨기 전까지 신나게 기분 좋게 계속 달리고 있었습니다. 길은 새로운 길이였고 아주 잘 정비된 자전거 도로에 왼쪽엔 경치 좋게 강이 흐르고 있었습니다~ 어떤 꿈인지 해몽 부탁드립니다. 감사합니다.,12093120, 26,2024.11.06
477545311,질문고양이 임신해서 출산한꿈 해몽부탁드립니다!ㅜㅜㅜ,안녕하세요 30대초방 미혼인 여성입니다. 꿈에서 어딘지 모르겠지만 어떤 공장이엿는데 체감상 따뜻한 공장이였습니다. 그 공장안에 어미고양이가 있었고 새키고양이 4-5마리 있었습니다. 그 어미고양이는 또 임신중인상태에 새키고양이들 돌보고있으니 몸보신이라도 해주자 미역국을 제가 챙겨줬는데 어미고양이는 다 먹고 꿈에서 나온 모르는 인물이 어미를 잠시 들자 또 새키고양이들이 4-5마리 있었습니다. 꿈에서는 기분좋은 감정받았고 아침에 일어났을때 기분좋게 일어났습니다. 꿈 해몽부탁드리겠습니다.,12093120, 19,2024.11.06
477545254,질문칼맞는꿈 해몽좀 부탁드립니다..,안녕하세요! 꿈속에서 자고있었고 중간에 깼을 때 남자 두명이 집에 들어와있었습니다. 별 생각 없이 씻었는데 아빠가 다른 남자 한명과 집에 들어왔고 아빠가 일로 와서 종이 보고 앉으래서 앉았습니다. 남자 3명중 한명은 아빠한테 돈을 빌려갔다가 안돌려준 사람 한명은 일수 업체 사람 같았고 다른 한명은 대부 업체 사람이 이러한 행위를 통해 돈 받아주었다는걸 서류로 써서 알려주는 사람이였고 다른 한명은 돈 받아준 업체 사람이였습니다. 서류 내용 보면서 이야기 하던 도중에 돈 빌려간 사람이 본인 뜻대로 되지 않아 주머니에서 커터칼을 꺼내서 제쪽으로 들이대면서 제 팔을 긁는듯한 제스처를 했는데 팔에서 피는 안나고 고통도 없었던 것 같습니다... 그러고 제가 그 사람을 한대 때리면서 꿈에서 깼습니다 해몽 부탁드립니다ㅠ,12093120, 16,2024.11.06
477396560,질문동탄지역고등학교,2025년 입학생인데 예당고나 중앙고 한백고 2024내신컷 몇이였나요 2023밖에 안떠서 가내신 1학기기준 161이고 2학기때 점수 좀 잘나와서 몇점 더 올라가있을듯합니다,12093132, 28,2024.11.06
477539359,질문안화고 동탄고 동탄중앙고 수시 정시,안화고 동탄고 동탄중앙고 각각 내신 커트라인 몇인가요? 각 학교마다 수시가 많은지 정시가 많은지 학교에서 밀어주는 게 뭔지 알려주세요 12학년 때 분위기는 다들 공부하는 분위기인가요?,12093132, 19,2024.11.06
477448102,질문성형외고 and 안과,안녕하세요 저는 이번에 12월에 쌍커플 수술을 하려하는데요 처음에 전주 김현숙안과가 잘한다고 해서 상담과 예약을 했고 그다음 전주 리후 성형외과에서 상담을 했어요 근데 저는 사실 리후가 좀 더 땡기는데 주위에서 김현숙 안과가 잘한다고 해서 거기서 하라고하는데 어디서 하는게 좋을까요?ㅠㅠ 하신 분들 있으시면 알려주세요ㅠㅠㅠ,12093120, 20,2024.11.05
477531427,질문이산고등학교,2023년 이산고 커트라인 아시는분 답변 부탁드리겠습니다,12093132, 10,2024.11.05
477530461,질문꿈해몽 모르는사람들이 물건을 훔쳐가는걸 들켜서 다시,안녕하세요 방금 꿈을 꿨는데 제가 꾼 꿈의 내용의 해몽은 없어서 지식인에 질문해봅니다. 잠에서 막 깨어나 글의 두서가 없는 점 죄송해요 꿈에서 익숙한 길 (현실에서는 ㄹㅇ 첨봤음)로 버스를 타러가고있었어요 근데 익숙하지만 꿈에서도 뭔가 낯선거에요 항상타는 버스를 기다렸다가 제가 잠깐 어딜 갔다왔는데 제 가방에 있는 물건들(책공책종이)이랑 에어팟;;;을 사람들이 버스를 타려고 줄을 길~게 서있었는데 사람들이 줄을 그냥 서지 않고 제 가방에 있는 물건들을 하나씩 가져가서 버스를 타랴고 줄을 서는거에요;;;;;;;!!!!!!!! 제가 그거 보고 너무 화나서 소리를지르고 화내면서 물건 돌려받았거든요 물건 가져간 사람들이 놀래서(얼굴는 기억이 안남) 저한테 물건을 돌려주고 버스를 타려고 갔는데 어떤일인지 모두 버스를 못타고 내려서 울상인거에요 (도둑질 하다가 걸려서 그런가ㅋ)근데 거의 다 돌려받은것 같은데 저는 꿈에서도 현실에서도 에어팟이 제일중요한데 꿈에서는 에어팟을 찾았기 때문에 ’그냥 다 훔쳐진물건을 돌려받았겠지‘하고 깼는데 꿈에서 깨어나도 계속 뭔가 물건을 덜 돌려받았음 어쩌지 하는 생각때문에 지식인 남깁니다 자세히 알려주세요 궁금해요 ㅠ!! 제가 방금 학원에 맨날가다가 하루 안간다고 문자를 버내놓고 자서 불안해서 이런꿈을 꾼건지;; 그리고 제가 사실은 수험생이라 대학발표가 곧 나오는데 그런거 관련된 꿈을 꾼건지...ㅋㅋ 알려주세용♡,12093120, 21,2024.11.05
477472858,질문바른생활부,안녕하세요 중2인데 벌점을 1개 받아버렸는데 바른생활부 못하나요?? 바생하고 싶어서 벌점도 안 받고 진짜 성실히 행동했는데 말 조금 했다고 받아버렸어요..,12093120, 26,2024.11.05
477523005,질문택시비용대해서,안녕하세요 이거제친구 얘기입니다 울산역에서 울산면허시험장까지 가는데 비용이얼마인가요 양심껏 얘기해주세요 보통6000이선이면 괜찮은데 얼마정도 나오나요 자세히 설명부탁드립니다 빠른답변부탁드립니다,12093120, 17,2024.11.05
477522733,질문동탄 호수부영3차에서 김포공항까지,공항버스 타고 가면 얼마나 걸릴까요? 한 7시쯤 출발한다고 가정했을 때요,12093132, 25,2024.11.05
477520068,질문학교폭력이 지속되는 상황?,안녕하세요. 현재 고1 여학생입니다. 지금 3명 무리인 남자얘들에게 언어폭력을 개학때부터 지금까지 듣고있어요. 괴롭히는 얘들을 ABC라고 할게요. 그 중 A가 주도하는 얘예요 6월 5일 ( 1시 50분경 점심시간 ) ABC가 탁구공을 우산으로 치는 야구와 비슷한 놀이를 반에서 하고있었는데요. 그때 A가 쳤던 공에 제 눈 밑 광대에 맞아서 A가 미안하다고 사과를 했어요. 위험하다는 걸 인지했으면 그만해야 되는데 계속하면서 저처럼 피해받는 얘들이 있길래 담임쌤한테 말했더니 걔네를 혼내셨어요. 학교 하교시간에 A가 찾아와서 “ 너가 찔렀냐? ”해서 맞다고 하니까 “ 사과했는데 왜 일러?”라고 해서 사과가 했냐의 문제가 아니라 사과를 했어도 다른 얘들한테 피해를 줬잖아. 그리고 사과받지도 않았는데 너가 미안하다고만 했다고 해서 사과는 아니잖아.라고 말했더니 걔가 째려보면서 갔어요. 그 후로 6월 11일 (음악시간) 당구하는 활동이었는데 치는게 어려워서 어버버하니까 A가 “ 와뭐냐 개대충하네“ ” 뭐하냐 ㅋㅋ“ 이 말을 하면서 ABC는 셋이서 깔깔웃어댔어요 음악시간이 끝나서 앞문으로 들어오고 교탁에 ABC가 있었는데 그때 제가 교탁으로 지나갈때 A가 “좆같네!”라고 크게 소리질렀어요. 그러곤 또 셋이서 깔깔 웃어댔어요 6월 12일 ( 점심시간) 이때는 시험기간이라서 점심시간에 자리에 앉아서 문제집을 풀고있었어요. 졸려서 잠깐 책상에 엎드렸는데 그때 A가 칠판앞으로 와서 칠판을 쾅세게 치고 BC있는 곳으로 가서 또 셋이서 깔깔 웃었어요. 같은 날 2시 56분에 B가 “ 괜찮다고 한 적 없는데?”라고 하며 제가 한 말을 따라하면서 자기들끼리 웃었어요 6월 24일 (점심시간) 이때가 시험 이주전. 근데 C가 티비 미러링으로 노래를 틀고있었어요. 그때 누군지 몰라도 누가 담임쌤한테 ABC가 시험기간에 노래틀면서 방해한다라며 말했나봐요. 그래서 쌤이 바로 오셔서 제지하셨는데 ABC가 이른 사람이 저인 줄 오해하고 걔네들끼리 “ 누가 일렀냐” “우리 반은 정이안가” “좆같네” “장애년” 이러며 욕했어요. 6월 24일 ( 일본어시간) 일본어쌤이 타코야끼라며 단어를 알려주고 계시는데 ABC가 갑자기 수업시간에 큰소리내면서 웃는거예요 그래서 쌤이 왜 웃니? 라고 했더니 걔네들이 “누굴 닮아서요 ㅋㅋㅋㅋ” 하며 웃었어요 얘들 장난이 너무 심해서 스트레스받고 정말 학교다니기 싫어서 담임쌤한테 괴롭힘 당하는 걸 말했어요. 그래서 기말고사끝나고 쌤이랑 상담하고 ABC랑 삼자대면을 했단 말이에요? 그때 걔네들이 저에게 한 일을 다 인정하고 사과했어요 그래서 제가 앞으로 욕하지마라 그게 누구든 하지말라고 했는데 여름방학 끝나고 와서도 고쳐지지 않았어요 걔네들이 맘에 안드는 여자얘들은 다 앞에서 까고 다니고 대놓고 비웃고 저희 반에 장애인 친구가 있는데 걔를 엄청 놀렸거든요 예를들어서 먹고있던 젤리를 그 친구 얼굴 앞에 대며 “ 먹을래?먹을래?먹을래?”하면서 그 친구는 먹을려고 입 벌리는데 그걸로 지들끼리 엄청 웃었어요. 그러고 11월 5일 화요일에 저를 보며 A가 눈짓을 하며 “ 야 쟤는 못이길거 같은데 힘 셀 것 같잖아 ㅋㅋ”이러면서 절 대놓고 앞에서 꼽줬습니다 이걸 매일매일 당하고 있는데 저 뿐만 아니라 저희 반 모든 여자얘들이 꼽을 당합니다. 이걸 제가 더이상 참는게 힘들어요. 정신적이든 뭐든 그냥 너무 힘들어요. Q. 이런경우에도 경찰서에 신고가 가능한가요? Q. 학폭위를 열면 몇호처분이 가능한가요? Q. 그동안에 받은 정신적 피해 명예훼손 지속적인 괴롭힘 불안감 조성 등으로 처벌이 될 가능성이 많은가요? Q. 녹음 메시지 사진 등의 증거는 없고 내 주변에서 욕을 들은 제 친구들인 목격자가 있는데 목격자만으로도 충분히 신고나 처벌이 가능한가요? Q. 이 일로 제가 자.살시도나 몸에 상해를 입히는 등을 했다면 걔네들의 처벌이 더 무거워지나요?,12093120, 20,2024.11.05
477518692,질문행복주택(청년) 관련 질문 드립니다.,안녕하세요 저는 10.25 경기주택도시공사에서 공고한 https://apply.gh.or.kr/sb/sr/sr7150/selectPbancDetailView.do 링크가 안되네요..ㅠㅠ GH청약임대센터에 올라와 있습니다. 공고명 [정정공고] 경기행복주택 경부권역(성남판교 성남하대원 용인죽전 수원광교 광교원천 수원영통 용인영덕) 예비입주자 추가모집 공고 행복주택에 청년전형으로 청약을 넣으려고 합니다. 해당 공고의 일정은 아래와 같습니다. 서류제출대상자 발표일 : 2024.12.06 17:00 서류제출기간 : 2024.12.09 10:00 ~ 2024.12.20 17:00 당첨자발표일 : 2024.12.06 17:00 만약 해당 행복주택에 당첨이 된다면 12월 중에 공고(타지역 경기도)되는 LH의 행복주택에 청약을 넣을 수 있는지 궁금합니다.,12093120, 25,2024.11.05
477514821,질문트레보시티아울렛 지역화폐,봉담에 있는 트레버시티 아올렛에서 지역 화폐 가능하다는데 정말 가능한가요? 가능하면 어느 매장이 가능한가요??,12093129, 16,2024.11.05
477437342,질문유명인 나오는 꿈풀이,"안녕하세요. 꿈에 손흥민 선수를 안아주는 꿈을 꾸었습니다. 장소는 공항이나 기차역 대합실 같았고 앞쪽에서 갑자기 ""형 나좀 안아줘"" 하더라구요 그러면서 돌아서는데 손흥민이었습니다. 그래서 팔벌려 안아주려고 하니 상의를 탈의하면서 안겨오더군요. 그리고 나서 제가 사진찍을까? 했더니 제 무릎에 앉아서 같이 사진찍다가 깼는데... 꿈속에서 기분은 좋았습니다. 스포츠스타를 만난것도 그렇지만 저가 안았을때 느낌이 좋더라구요. 이꿈에 대한 해몽 부탁드릴께요.",12093120, 32,2024.11.05
477506083,질문화성 남양 아이파크쪽에서 H160번 버스,아침에 출근할때 타려고 하는데 오전 7시20분에 출발한다고는 되어 있던데 실제 시간대가 어떤지 지금 타고 계신분 있으면 알려주세요 목적지는 무송쪽입니다.,12093103, 22,2024.11.05
477505221,질문병점 중심상가 공항버스 질문,28인치 캐리어랑 골프백 1개 가능한가요?,12093111, 17,2024.11.05
477500996,질문가족이 교통사고 나는 꿈 해몽,저희 언니가 차타고 교통사고 나는 꿈을 꿨는데 죽진 않았어요 근데 언니가 이번에 운전면허를 땄고 오토바이 탈려고 하기도 하고..제가 꿈에서 5시55분에 일어난게 찝찝 하고 제가 해외에 살아서 다음주에 한국 가는데 관련이 있을까요?,12093120, 33,2024.11.05
477499291,질문꿈..해몽 부탁드려여..,안녕하세요 꿈 해몽 조심스레 부탁 드려봅니당…ㅎ 1번째 꿈 학교 복도 교무실 앞에서 친구들이랑 얘기를 하고 있었는데 좋아하는 선생님이 오셔서 제 목소리가 너무 크다고 혼내셨어요.. 2번째 꿈 학교 반 앞에서 물먹다가 좋아하는선생님이 나오셨는데 그 선생님 얼굴에 만화처럼 물을 촤르륵 얼굴에 뿌렷어여.. 3번째꿈 학교에서 핸드폰을 잃어버렸는데 못 찾은 꿈 4번째 꿈 엄청나게 큰 노란색 뱀을 어머니가 데리고 오셨는데 그 뱀을 거실에 풀었더니 아는 이모한테 가서 이모가 그 뱀을 안고 있던 꿈 5번째 꿈 학교 선생님한테 제가 요즘 빠져있는 게임이 잇엇는데 그 게임 같이 하자고 약속하던 꿈…ㅎ 6번째 꿈 이것도 학굔데 좋아하는선생님이 아무 이유없이 냅다 안아주시던 꿈 한번에 다 꾼 꿈은 아니구여.. 며칠 걸쳐서 꿨는데 너무너무 궁금해여!! 개꿈 일수도 잇지만.. 그래두.. 궁금해서요ㅎ 읽어주셔서 감사합니당 ♡,12093120, 39,2024.11.05
477497810,질문안녕하세요 고2학생입니다,어릴때부터 아바지는 가게를 하셨어요 처음에는 잘 되서 집도 사고 그러다가 최근 다른 가게를 망하셔서 이사도 가고 아빠가 매일 대출만 빌리고 여기저기 돈만 빌리고 다녀요 엄마도 마트에서 일을 합니다 이사온지 1년도 안돼서 또 이사를 간다네요.저희집은 자녀만 3명 말도 없는 아빠와 최근 우울증에 걸린 엄마 저는 꿈이 승무원인데 승무원을 빨리 포기하고 돈을 버는 직업을 해야할까 막막하기만 합니다.매일 눈물만 나오고 힘들어요 사람들의 생각이 필요해요..어떻게ㅜ하면 좋을까요,12093120, 20,2024.11.05
477497122,질문임플란트 손상 및 재수술 여부?,안녕하세요? 오른쪽 상부 어금니 임플란트 재수술 치료에 대한 질문입니다. 자세한 설명을 위해 오른쪽 상부 끝어금니(사랑니 아님)를 7번이라하고 설명드리겠습니다. 5년전 6번 어금니(7번은 자연니)를 임플란트하고 잘 사용하고 있던중에 5번 어금니에 문제가 있어 임플란트 치료중(현재까지 발치하고 임플란트 심음)에 2주전(10/22일) 4번 치아 염증 치료를 위해 잇몸 수술을 하였습니다. 수술 당일 6번 임플란트 치아가 방해되니 6번 치아 보철물을 제거하고 잇몸치료후 다시 붙혀준다고 6번보철물을 제거하였습니다. 1주일후(10/28일)에 4번 치료하고 실밥뽑고 제거했던 6번 보철물 부착을 하던중 6번 임플란트 픽스처가 손상되었다고하면서(임플란트 사이가 벌어진 사진 보여줌) 기존 임플란트 뽑고 새로 하여야한다고 하여 동의하고 10/28일 당일에 기존 임플란트 픽스처를 제거하였습니다. 피가나서 솜을 2시간가량 물고 있다가 버리고 물을 먹는데 코로 물이나와 확인해보니 입안에 천공이 생겼습니다. 액체류를 먹으면 코로 물을 먹은것 같이 심해서 10/29일 다음날 다시 방문하여 물으니 기존 임플란트가 깊어서 천공이 발생하였고 큰 문제 없이 자연적으로 치료된다 하여 그냥 참고 1주일을 보내고 있습니다. 그러나 여전히 코로 물이 들어간것처럼 불편을 겪고 있는 상황입니다. 제가 알고 싶은것은 1. 6번 치아는 5년전에 임플란트 시술후에 문제없이 잘 사용해왔고 일련의 치료 과정에 포함된것 아닌데 제가 비용 100프로를 부담해야 하는지? 4번이나 5번 치료과정 또는 처음부터 6번 임플란트 치료시 치과 치료 과실이나 실수로 손상된것은 아닌지? 제 생각으로는 5번 임플란트 치료(발치 및 식립) 또는 4번 치료과정 중에 6번 보철물의 탈부착 과정에서 손상될 가능성이 더 높다고 보는데? 치과에서는 자신들 문제가 아니라 일상 사용중에 부서진 것이라하면서 1백 만원이 넘는 임플란트 재수술 비용 100프로를 제가 부담해야 한다고 합니다. 2. 6번 임플란트 제거 수술후 발생한 입안 천공으로 코로 물이 나오는 증상이 1주일 넘게 지속되고 있는데 이비인후과등 다른 치료없이 계속 그냥 자연 치료되도록 놔두어도 되는지? 모쪼록 전문의님의 자세한 소견 부탁드립니다. 감사합니다.,12093120, 13,2024.11.04
477417927,질문~~농촌에서 하루빨리 일하고 싶어요?~~,안녕하세요 마음을 편안하고 안정을 되찾고 나서 머릿속에 쌓인 것을 비우고 가슴속에 있는 상처를 뻥하고 뚫어버리면 좋을것 같아서 농촌에서 하루빨리 돈을 벌기 위해서는 내가 해야될 숙제 10가지를 빨리 해결해야겠다는 생각이 번쩍 들었어요 창원에 있는 농촌이 아니라 경기도에 있는 농촌에서 숙식제공 되는 곳으로 가고 싶네요,12093120, 29,2024.11.04
477490224,질문꿈 해몽 부탁드려요!!ㅠㅜ,하루에 다 꿨어요!! 꿈에서 제가 우연히 길가다가 단짝이랑 있었는데요 근데 우연히 앞에 제 짝남이 짝남 친구랑 가고 있었어요 근데 제가 또 그걸 봐서 막 뛰어가서 짝남을 쫓아갔어요 근데 짝남은 아는 척 안 하고 꿈이 끝났고 다른 꿈으로 넘어갔는데 꿈에 짝남 전여친 집 앞에서 제가 단짝이랑 얘기하다가 저희 학교 여자애를 만났는데 그 여자애가 저를 빤히 쳐다보고 또 꿈이 끝났고 다음 꿈이 충격인데요.. 꿈 속에 어떤 여자애가 있었고 (그 여자애 얼굴은 자세히 안 보였어요) 그리고 그 여자애 엄마가 있었어요 근데 어린 아기도 있는 겁니다 근데 제가 보기엔 그 여자애가 중딩?으로 보이는데 어린 아기가 그 여자애 딸인 거 같았어요 (고딩엄빠 느낌) 저는 3인칭 전지적 시점으로 보고있었어요 근데 갑자기 제 짝남이 나타나서 여자애 옆 소파에 앉아서 그 여자애 딸을 자기가 놀아주고 안아주고 막 비행기 태워주는 겁니다 비록 꿈일지라도 제 짝남의 표정이 너무너무너무 행복해보였고 짝남의 미소가 너무 따뜻하게 느껴지고 그 여자애의 딸을 아빠 같이 엄청 사랑하는 거 같았어요 짝남의 그런 미소를 처음 봐서 더 마음이 아팠어요.. 너무 열받아서 제가 그걸 본 후 제 단짝한테 말했더니 야 너 짝남 그 여자애랑 결혼할 거 같아 이러고 꿈이 깼는데 꿈 해몽 좀 부탁드릴게요..ㅠㅜ *제 짝남이 전에 저랑 말하다가 결혼 일찍해서 아이 낳고 살고 싶다고 대화했던게 떠올라서 좀 그러네요..ㅠ* 꿈 해몽 부탁드려요!! 저는 현실에선 말도 거의거의 안하고 거의 남과 같은 사이입니다,12093120, 20,2024.11.04
477432036,질문~~농촌에서 하루빨리 일하고 싶어요?~~,안녕하세요 항상 저희엄마한테 죄송한게 돈을 벌어서 용돈을 한번도 드리지 못해서 늘 미안하고 죄송해서 올해가 가기전에 돈을 벌어서 부모님 용돈도 드리고 건강검진도 시켜드리면 좋을것 같다는 생각이 들었으며 내가 좋아하는 서울(경기도) 좋아하는 지역에서 농촌일을 배우면서 열심히 일을 하고 싶다는 생각이 드네요 집이 망했다고 친척들이 무시하지만 두고보자 성공해서 꼭 좋은모습 보여드리겠다는 다짐을 해서 좋은곳이 있으면 하루라도 빨리 가서 일을 배워보고 싶네요,12093120, 26,2024.11.04
477483431,질문꿈해몽부탁드립니다.,쓰레기더미 장소에서 전 지켜 보고있고 어떤사람이 쓰레기더미 가운데 흙탕물에서 자라를 잡으려고 하고 제발밑에는 지네와 뱀이지나답니다 처음에는 낚시바늘로 잡으려다 나중에는 손으로 잡고 서로 환호성을 지르다 깼습니다 꿈이 너무 느낌이 이상해서 풀이좀 부탁드립니다.,12093120, 24,2024.11.04
477479770,질문세계 1위 유튜버 알려주세요,말 그대로 세계 1위 유튜버 알려주세요,12093120, 19,2024.11.04
477477768,질문화성의과학대 공사..,화성의과학대 재학생 분들... 화성의과학대 캠퍼스 공사 어느정도 진행되었나요? 합격 했는데 이 학교 다녀야 할지 말아야 할지 고민되어 남깁니다ㅠㅜ,120931, 18,2024.11.04
477476022,질문요기요 앱 삭제하면 주문 취소돼나여,제가 아까 요기요앱에서 뭘 시켰는데 앱 삭제 하면 주문이 취소 돼나요?,12093120, 22,2024.11.04
477474808,질문대피소 마련해두는 이유,안녕하세요 궁금한게 있는데 대피소는 왜 마련해두는거죠? 지하주차장이랑 별거 다를 거 없던데,12093120, 20,2024.11.04
477474251,질문농협와우사거리 봉담,왕림휴게소 가는 버스 몇번일까요? 버스타고 몇분거리죠?급해요 ㅠㅠ,12093129, 11,2024.11.04
477473949,질문횟집 매운탕,안녕하세요. 횟집에서 회 포장할 때 궁금증 있어 여쭙니다 보통 식당에서 먹을 땐 매운탕을 서비스로 주거나 하지 않나요..? 아니면 작은 건 그냥 주고 좀 큰 사이즈는 값을 주고 먹거나 했던 걸로 기억해서용(제가 잘못 생각하는 거면 알려주세욤) 이게 또 가게마다 다르기도 하겠지만요 궁금한 점은 예로 도미 한 마리를 포장해간다 했을 때 그 한 마리 가격에 횟감 떠주시는 값까지 포함해서 들어가는 거죠? 그러면 손님이 도미 한 마리를 전부 구매한 것인데 손님이 원하든 원하지 않든 매운탕용 횟감도(머리나 몸통 뼈 쪽) 다 포함해서 줘야 하는 게 맞지 않나요? 필요 없다면 모를까요 근데 왜 횟감 떠주고 매운탕거리(자잘한 부분) 달라고 하면 그건 또 그거 대로 값을 더 받는 건지 궁금해요. 그냥 장사해야 하고 벌어야 하니까 단순하게 거기에도 값을 붙인 건지 아니면 그게 횟집에서 정당하게 받는 건지 알고 싶습니당,12093120, 18,2024.11.04
477472430,질문치아 임플란트 손상으로 재수술?,안녕하세요? 오른쪽 상부 어금니 임플란트 재수술 치료에 대한 질문입니다. 자세한 설명을 위해 오른쪽 상부 끝어금니(사랑니 아님)를 7번이라하고 설명드리겠습니다. 5년전 6번 어금니(7번은 자연니)를 임플란트하고 잘 사용하고 있던중에 5번 어금니에 문제가 있어 임플란트 치료중(현재까지 발치하고 임플란트 심음)에 2주전(10/22일) 4번 치아 염증 치료를 위해 잇몸 수술을 하였습니다. 수술 당일 6번 임플란트 치아가 방해되니 6번 치아 보철물을 제거하고 잇몸치료후 다시 붙혀준다고 6번보철물을 제거하였습니다. 1주일후(10/28일)에 4번 치료하고 실밥뽑고 제거했던 6번 보철물 부착을 하던중 6번 임플란트 픽스처가 손상되었다고하면서(임플란트 사이가 벌어진 사진 보여줌) 기존 임플란트 뽑고 새로 하여야한다고 하여 동의하고 10/28일 당일에 기존 임플란트 픽스처를 제거하였습니다. 피가나서 솜을 2시간가량 물고 있다가 버리고 물을 먹는데 코로 물이나와 확인해보니 입안에 천공이 생겼습니다. 액체류를 먹으면 코로 물을 먹은것 같이 심해서 10/29일 다음날 다시 방문하여 물으니 기존 임플란트가 깊어서 천공이 발생하였고 큰 문제 없이 자연적으로 치료된다 하여 그냥 참고 1주일을 보내고 있습니다. 그러나 여전히 코로 물이 들어간것처럼 불편을 겪고 있는 상황입니다. 제가 알고 싶은것은 1. 6번 치아는 5년전에 임플란트 시술후에 문제없이 잘 사용해왔고 일련의 치료 과정에 포함된것 아닌데 제가 비용 100프로를 부담해야 하는지? 4번이나 5번 치료과정 또는 처음부터 6번 임플란트 치료시 치과 치료 과실이나 실수로 손상된것은 아닌지? 제 생각으로는 5번 임플란트 치료(발치 및 식립) 또는 4번 치료과정 중에 6번 보철물의 탈부착 과정에서 손상될 가능성이 더 높다고 보는데? 치과에서는 자신들 문제가 아니라 일상 사용중에 부서진 것이라하면서 1백 만원이 넘는 임플란트 재수술 비용 100프로를 제가 부담해야 한다고 합니다. 2. 6번 임플란트 제거 수술후 발생한 입안 천공으로 코로 물이 나오는 증상이 1주일 넘게 지속되고 있는데 이비인후과등 다른 치료없이 계속 그냥 자연 치료되도록 놔두어도 되는지? 모쪼록 전문의님의 자세한 소견 부탁드립니다. 감사합니다.,12093120, 15,2024.11.04
477463996,질문꿈해몽 부탁드려요,꿈에서 하루아침에 직장이 없어졌습니다 이건 무엇을 의미할까요 ? 꿈해몽 부탁드립니다 !,12093120, 10,2024.11.04
477462890,질문숫자 꿈 해몽,안녕하세요 꿈에서 5100404라는 7자리 숫자가 나왔는데(누군가에게 과태료를 처분하는? 그런 내용이었던 것 같은데 그 금액이었던것 같아요) 인상깊어서 일어나서도 기억이 나는데 어떤것과 관련이 있을까요?,12093120, 32,2024.11.04
477461300,질문꿈 해몽 부탁드려요,제가 지금 좋아하는 애랑 작년에 진짜 좋아했던애가 있는데 둘다 꿈에 나왔어요 지금 제가 좋아하는 애가 저희학원에 있어서 제가 관심 좀 끌려고 밖으로 나가서 이것저것 다 해봤는데 제 쪽을 보지도 않더라고요 근데 갑자기 예전에 좋아했던 애가 나오더니 손 잡고 막 제 어깨 앞쪽으로 팔을 딱 올리더라고요 그러자 지금 좋아하는애가 엄청 벙쪄했어요,12093120, 19,2024.11.04
477453049,질문벌레가 온몸을 물었어요,안녕하세요 어제 밤에 무의식적으로 몸을 계속 긁은 게 어렴풋이 기억나는데 오늘 일어나보니까 얼굴부터 팔 발 뒤꿈치 옷 안도 들어가서 다리까지 총 열방을 뜯어놨더라고요 너무너무 간지럽고 특히 손 부분은 너무 부었을 정도인데 혹시 이거 진드기나 벼룩 빈대 종류일까요? 어제 기차 타고 지하철 타고 버스까지 타서 거기서 붙어온 듯해요,12093120, 17,2024.11.03
477379750,질문병점역서해그랑블 건설사,광고에는 서해그랑블로 홍보하는데 막상 서해건설 에서는 도급계약을 안했다는데 이럼 허위광고아닌가여?,12093111, 40,2024.11.03
477451843,질문동탄주변고등학교,동탄2 주변 고등학교 내신컷 좀 알려주세요,12093132, 12,2024.11.03
477448420,질문12살 애착베개,"안녕하세요12살 초등학생입니다. 제가 한 5~6년째 쓰고있는 애착베개가 있는데요. 엄마께선 ""이거 너무 해졌다. 버릴거니까 한달 시간줄게"" 라고 하시더라구요. 근데 저는 이 베개가 너무너무 좋고 한때 엄마께서 한창 일로 바쁘셔서 출장을 많이 나가실 때 혼자 자는걸 안무섭게 도와준 베개라 더욱 못 버리겠어요. 이게 없으면 잠자리가 불안정하고악몽도 꿔요. 초등학생부터 이걸 못버리면 중학생고등학생까지 못버릴걸 알면서도.. 이게 없음 너무 불안해요. 저 어떡하죠?",12093120, 23,2024.11.03
477429156,질문동탄돌잔치 대규모 70명 대관 식사 장소 추천해주세요,안녕하세요 아기돌잔치가 2025년 5월일정이 있어서 이제 막 알아보려고 동탄돌잔치 장소 알아보려고 하는중인데 지금이 6개월차에 접어들기 시작해서 지금부터 돌잔치 장소 알아봐야 할것 같은데 검색해보니깐 동탄돌잔치 장소 중에 70명 정도 모시고 대규모로 식사가능한 장소가 별로 많지 않은것 같애요.. 혹시 동탄돌잔치 장소 추천해주실만한 장소가 있을까요? 1.주차 2.음식 3.공간  선택하는데 가장 중요할것 같아요. 동탄이 아니더라도 수원지역도 같이 보고 있습니다. 수원이면 더 좋을것 같네요 동탄돌잔치 장소 추천 해주시면 감사하겠습니다~,12093132, 38,2024.11.03
477426168,질문작은뱀이 많이 나오는 꿈 해몽이요,한두마리 작은뱀이 스멀스멀나오더니 한마리가 제 팔목을 깨물고 팔을 감았습니다 어?하고 놀라는 사이 작은뱀들이 드글드글하게 제 팔에 감아오르기 시작했고 놀래서 제 남편한테 어떻게 좀 해봐달라했더니 남편이 화롯대같은데에 숯불을 피우고 거기에 빨리 팔을 갖다대라해서 뱀들이 타 죽는꿈이였습니다 물렸을때 아프진 않았는데 더 물릴까봐 겁은 먹었던 것 같습니다 무슨 꿈일까요..?,12093120, 46,2024.11.03
477423792,질문애인이 다른 여자를 데려오는 꿈 해몽이요,꿈을 꿨는데 남자친구가 다른 여자를 데려오더니 우리 둘 다 너무 사랑한다고 하는 꿈이에요.,12093120, 19,2024.11.03
477421869,질문주택 구매 대출 90% 가능한가요?,안녕하세요 현재 결혼 5년차에 7개월 신생아 키우고 있는 다문화가정 입니다. 2019년 개인회생 신청해서 2022년 10월에 끝났고 올해2월부터 직장생활하고 있습니다(연봉4100정도) 대출은 2금융 햇살론 700 3금융 300정도해서 1000만원 정도 있으며 모아둔 돈은 3천정도 있습니다. 주택 매매하여 안정적으로 생활하고 싶어 알아보고 있는데 70% 까지만 된다고 해서요.. 내생에 첫주택이나 신생아 관련 대출은 한번도 받은적 없습니다. 주택 매매관련 대출이 90% 가능 할까요?,12093120, 43,2024.11.03
477408035,질문신도림에서 궁평항가기,신도림에서 화성 궁평항 대중교통으로 가려는데 어떻게 가야 빨리 갈수가 있을까요?,120931, 15,2024.11.02
477403531,질문충남 야간대학교,안녕하세요 현재 충남 천안 아산권에 거주하고 있는데 일을 하면서 대학을 졸업하고 싶습니다 제가 가고 싶은 학과는 부동산학과인데요 혹시 천안 아산 권에 야간 부동산학과 있는곳 알려주실 수 있나요..?,12093120, 26,2024.11.02
477403481,질문신연중 가는 방법,안녕하세요 현재 6학년 입니다 제가 신연중에 가고 싶은데 ㅜㅜ 제가 홍제1동 사거리? 딱 홍제역 바로 앞에 사는데요 홍은중 가겠죠..? 신연중 갈 수 있는 방법은 없을까요..? 언니는 올해 중학교 졸업하는데 홍은중 나왔어요 ㅜㅜ 제발 도와주세요..ㅜㅜㅜ,12093120, 27,2024.11.02
477401755,질문entp 남자 꼬시는법,안녕하세요 infp여자 입니다..! 제가 entp남자를 조금 마음에 두고있는데 12시 지나면 제 생일이거든요.. 근데 혼자있기는싫고 그친구랑 둘이서 놀고싶어 저녁에 뭐하냐고 물어봤더니 약속있다고 그래서 아쉬운티 내고 알겠다 그랬어요 (그친구는 저 생일인거 몰라요) 진짜 너무아쉬운데 약속 일찍 파하면 나랑놀자고 하면 많이 부담스러울까요..? 너무 다가가는것같고 부담수러워서 피할까봐 무섭네요ㅜ,12093120, 23,2024.11.02
477198671,질문중3 고등학교 결정,현재 동탄에서 학교다니고 있는 중3인데요 이제 곧 고등학교 원서를 써야하는데 어디를 가야 할지 모르겠어서요..내신은 180대 초반이고핸드폰을 걷지 않는 학교로 가고싶어요.동탄역 근처에 살고 있어서 거리가 너무 멀지 않은 이산고예당고이솔고 세 학교 중에서 고르려고 하는데 어떤 학교로 가야할지 모르겠어요 각 학교의 장단점이랑 교복어떤지핸드폰 걷는지학교분위기 등 알려주세요 부탁합니다!!!!,12093132, 36,2024.11.02
477393054,질문오줌이 자주 마려워져요,안녕하세요.주말마다 가만히 누워서 폰만 보는데.제가 한 1~2시간 마다 화장실이 가고 싶어져서.가면 오줌이 꽤 많이 콸콸 나오는데색은 연노랑색입니다.자꾸 가서 너무 불편한데 왜 이러는건가여.그리고 고칠 방법은 없나요 ㅜ,12093120, 29,2024.11.02
477391353,질문길거리 사진 전시,안녕하세요 고등학교에서 사진동아리를 운영하고 있는 학생입니다. 동아리 활동의 일환으로 부원들과 찍은 사진으로 무료 길거리 사진 전시를 하고싶은데 어디서 할 수 있을까요?? 학교가 가평이라 가평에 있는 마을들이나 남이섬 자라섬 음악역 1939과 같이 가평을 대표하는 장소들이어도 좋을 것 같은데.. 만약 가평에 되는 곳이 없으면 서울도 괜찮습니다! 아무 장소든 상관 없으니 알려주시면 감사하겠습니다!! 추가적으로 동아리 안에서 할만한 교내/교외활동도 추천해주시면 감사하겠습니다 :),12093120, 21,2024.11.02
477390429,질문까마귀꿈 해몽풀이 부탁합니다,안녕하세요 제가 까마귀 꿈을 꾸었는데 해몽풀이 쩜 해주세여 친구랑 집을가는데 까마귀들이 길 가는길마다 죽어있었어요 몇마리는 차위에 편안한자세로 죽어있었어요.. 그리고 진짜 엄청나게 큰 까마귀를 보기도하고 또 까마귀가 죽은 까마귀를 먹는 그런 흉내를 내는 까마귀도 있었어요ㅠㅠ 마지막으로 그런 상황에서 제가 좋아하는 연예인이 나와서 그 연예인의 차근처에 있는 포동통한 아기고양이를 구조하는 꿈을 꾸었어요 주변에 해외가서 오랫동안 못 보는 사람이랑 또 몸이 조금 안 좋은산 분이 있거든요 그분들에겐 영향 안 미치겠죠…?,12093120, 28,2024.11.02
477384595,질문창의고 중앙고,동탄에 살고 있는 중3인데요 곧 고등학교 어디로 갈지 정해야 하는데 어디로 가야할지 감이 안 잡혀서요  창의랑 중앙 생각하고 있는데 가내신 195고요 창의고는 제일 가까워서 생각 중이고 중앙은 제가 분위기를 많이 타서 생각중이에요ㅜ 창의는 이제 내신따기 힘들다는데 그냥 치동 이솔 이런곳을 가는게 더 좋을까요.. 추천 좀 해주세요 ㅜㅜㅜㅜㅜ 창의랑 중앙 다니시는 분들 답글 많이 달아주세요ㅜㅜ,12093132, 28,2024.11.02
477383562,질문꿈해몽 부탁드려요??,"꿈을 원래 잘 꾸지않은편이라 꿈을꾸면 바로 깨는데요~ 꿈이라해야할지~~ 친정아버지가 ""ㅇㅇ""아~라고부르 지긋이불러 바로 잠에서 깼습니다. 자주 찾아뵙지않아 이런꿈을꾸는건지~ 사람을 보이지않고 음성만들려 깨고나니 이상하네요~ 이게 꿈이맞나싶기도하구요~ 꿈해몽부탁드립니다",12093120, 22,2024.11.02
477381361,질문꿈 해몽 해주세요,제 방에서 일어난 일이에요 염소가 태어났는데 그 염소 크기가 다 큰 염소 크기에요 좀 아파 보였어요 방 문 앞에서 누었었어요 엄청 작은 황소가 나왔어요 다 큰 황소 모습인데 크기만 작아요 한 10cm 정도? 저는 황소를 잡으려고 했어요 왜냐면 황소가 저를 자꾸 공격을 해서요 문이 살짝 열린 사이로 작은 황소가 도망갔어요 잡으려고 거실로 갔는데 없어졌어요 방으로 돌아오니 말이 있어요 그 말이 약간 염소 느낌이 나요 말은 입으로 문을 열고 제 방을 나가려고 해요 처음엔 못 나가게 했는데 나중엔 문을 열고 나갔어요 전 그때 “그냥 밖으로 방생해 버릴까”라고 했어요 아빠를 불러 말을 데려가라고 했어요 방으로 돌아오니 염소랑 저랑 남았어요 전 염소를 쳐다보고 꿈은 끝났어요,12093120, 24,2024.11.02
477379162,질문동탄에 있는 고등학교...,동탄에 있는 고등학교중에 내신 120점대도 갈 수 있고 병점역 근처사는데 그나마 가깝고 규칙 안 빡세고 폰 안 걷는 동탄에 있는 고등학교가 어디어디 있나요,12093132, 27,2024.11.02
477299672,질문동탄 이솔고,이솔고 가고 싶은데 교복 사진 있나요? 그리고 이솔고 반 분위기는 어떤가요 정현고랑 이솔고 고민중인데 내신 따기 쉬운 곳을 가는게 유리한가여,12093132, 30,2024.11.01
477275559,질문예산예화여고 기숙사질문 ㅠㅠ,올해 중3인 여학생인데 예화여고 진학을 생각해보거있거든요 근데 기숙사를 써야해서 기숙사 들어가면 폰 걷나요?? 그리고 방은 몇명씩 쓰나여 그리고 방에 화장실있나요? 화장실 공용인가요? 기숙사 넓나요? 통금은 몇시인지 궁금합니다 ㅠㅠ!! 예화여고 재학생분이 답 해주셨으면 좋겠습니다!!,12093120, 24,2024.11.01
477352575,질문꿈해몽 빨리요,꿈에서 집에 물이 가득차 아빠가 집에 들어오지 못하는 꿈 풀이좀 해주세요,12093120, 32,2024.11.01
477347730,질문꿈 해몽 부탁드려요,생일파티 하는 꿈 가족 + 친척 + 지인 + 친구들부터 내가 좋아하는 연예인도 다 옴 한 60~70명 온 듯 결혼식 같은거 진행하는 파티홀이었는데 10개~12개 정도로 나뉜 테이블 사이에서 더 잘 그린 그림 그리기 부자 대결하기 노래부르기 춤 추기 블로그 누가 더 잘 썼나 대결하기 벌레 들어간 음료수 마시기(근데 영적으로 좋은 벌레) 를 하고 생일축하 받고 초는 불었던 것 같은데 케이크가 엄청 컸던것만 기억남 되게 남들한테 끌려다녔고 그래도 잘 즐기고 파티를 끝내긴 했지만 마지막에 시람들이 주인공인 나 빼고 자기들끼리 단체사진 찍으니까 어떤 아저씨가 그러면 안된다고 훈계하고 사람들이 그럼 우리가 잘못했다는거야?이러니까 그럴거면 여기 온 이유가 없지라고 해서 사람들 민심 다 돌아서길래 다급하게 아니라고 다같이 찍자고 웃으면서 분위기 살리려고 노력함,12093120, 37,2024.11.01
477346547,질문꿈해몽 부탁드려요,안녕하세요 일어나자마자 생생하게 기억 나는대로 적을게요 국대가 되어 축구경기 뛰고 이기는 꿈을 꾸었습니다 현직 국대들이랑 뛰고 쉬다가 인터뷰를 위해 라커룸으로 이동했는데 정장이 없어 구하고 국대인원중 한 명이 그냥 하고 첫경기라 이럴줄은 몰랐다고 하자고 귀엽게 가자 하고 끝이 나고 화제가 전환되고 경찰이 되어 나쁜 사람들을 잡으러 가고 찾으러 가고 한 여성분이 주취자에게 괴롭힘을 당하자 구해주고 아이를 납치하는 범인을 목격하는 꿈이였습니다 의경ptsd오네,12093120, 39,2024.11.01
477343266,질문우즈넥스 거래소 사용자??,안녕하세요 우즈넥스(우즈벡 코인 거래소) 2.0버젼 진행중이라고 하는데 정보가 없네요 혹시 우즈넥스 거래하고 계신분 있을까요..? 카이인피니티코인이라고 우즈벡 통화 처럼 사용 예정이라고 떠들면서 지인에게 고수익 올릴것 처럼 홍보하고 판매 강요하고 있습니다. 관련 자료 찾아보니 코베아그룹인가 먼가하고 연관되어 있는것 같고 해당 코인은 20년도에 포블게이트에 상장되었다가 소리 소문 없이 사라진것 같은데 관련 내용 아시는분 내용 좀 알려 주세요,12093120, 21,2024.11.01
477342641,질문꿈 해몽좀 부탁드려요 ㅠㅠ 무슨꿈일까요?,꿈에서 친구들을 만나고 집으로 가랴고 주차해놓은 차로 가는길에 누군가 지나가길래 그냥 힐끗 보고 가는데 갑자기 그 누군가가 내가보여 ? 라며 계속 따라왔습니다. 주차된 차에 타려고 하는 순간까지도 지기가 보이냐며 물어보기에 보이니까 쳐다 본 거 아니겠냐고 했더니 놀라워 하며 무슨 대화를 했는데 자신의 제자가 될 생각이 없냐고 계속 물어봤습니다. 그러면서 자신의 능력들을 보여줬는데 능력은 자세히 기억 안납니다. 근데 많은 고민을 하던 중 꿈에서 깼습니다. 도대체 꿈에서 본 그건 정체가 무엇이며 이게 무슨 꿈 일까요?,12093120, 27,2024.11.01
477342586,질문헬리오시티 매매,안녕하세요? 헬리오시티를 2024년1월5일 취득했습니다 2026년 1월6일 이후에 매매 할 예정 입니다 근데 2023년3월24 일에 지방 미분양 아파트 6억7천 에 분양받아 분양권을가자고 있는데. 이경우 1가구2주택 이 되는지 그리고 양도세를 줄일수있는방법이 궁금합니다,12093120, 25,2024.11.01
477342057,질문텐트꿈 물에 잠기는 꿈 해몽 부탁 드립니다,꿈 내용 텐트에서 어떤 사람과 같이 물이 자꾸 자꾸 차들어와 잠기는 꿈을 꿨는데요.제가 꿈 속에서 굉장히 불안 해 했던 것 같아요.스트레스 라는 말도 얼핏 꿈에서 들었덤 것 같고 텐트 밖으로 나가려고 해도 잘 안 됐던 것 같아요.목 끝 까지 물이 차들어서 너무 불안하니까 발을 허우적 댔더니 텐트 물이 스르르 살아졌어요.이건 무슨 의미 일까요?지금은 일본 유학 중에 있어요. 텐트꿈은 연인을 만나 목표를 이룸다는 꿈이었는데 감정적 문제가 크다는 건 물의 꿈 해몽이더라구요.이 둘을 어떻게 합쳐서 해몽 하면 좋을까요?지식인 선생님들께 여쭤봅니다..,12093120, 29,2024.11.01
477339297,질문보상을 받을 수 있을지..,안녕하세요. 저는 출장뷔페라고 해서 원주에서 횡성으로 대중교통을 이용하여 일을 다녀왔습니다. 전부터 가끔 일을 하던곳이고 돈을 벌기 위해 갔었는데 몇달전이였습니다. 실외로 정원에서 결혼식을 조촐하게 하는거였는데 몇일전 비가오며 이슬과 함께 땅은 질퍽거리고 당일날은 하필 땡볕이였습니다. 근데 거기에 200명의 테이블 의자를 깔아야 했고 또 한 음식과 음식놓는 테이블을 놓아야 했습니다. 저와 일하는 사람들은 땡볕으로 거의 쓰러질 지경이였고 땅도 고르지못하여 힘들어 했습니다. 일을 하는 동안에도 기절할것같아 그늘진 곳에 잠시 그냥 땅바닥에 누웠습니다. 일이 끝나고 집에오는 동안 하도 물만 먹어서 계속 토하고 집에 와서 씻어야 했지만 움직이지도 못했습니다. 문제는 질퍽거리는 땅을 다니며 200명분의 테이블의자를 깔고 파라솔 까지 쳐야 하며 힘들게 일하고 몇일뒤 왼쪽 엄지발톱이 이상하더니 아예 빠져버리더라구요. 오른쪽 엄지발톱은 까메져있었는데 오른쪽 엄지 발톱 마져 빠지려는지 너덜너덜해지네요. 출장뷔페에 이런 것에대해 보상받을 수 있을까요. 젊은 여자인데 엄지발톱을 양쪽다 잃었네요.,12093120, 22,2024.11.01
477338985,질문동탄 호수공원 자전거 대여,동탄 호수 공원에는 자전거 대여할 수 있는 곳 없나요?,12093132, 44,2024.11.01
477332296,질문이 친구 손절해도 되나요?,안녕하세요. 현재 남고 다니고 있는 고1 학생 입니다.같은반 친구가 저를 ㅈ으로 보는것 같고 저는 그 친구랑 얘기하고 싶어서 따라 다니는 건데 변태라고 하고요. 이것 뿐만 아니라 학교 축제 때문에 인천 서구 쪽을 둘이서 같이 만나서 지하철을 타고 축제장에 도착해 축제를 즐기고 집에 같이 가려고 근처 지하철역으로 걸어가던중 갑자기 제 어깨를 때리면서 뛰라고 하는데 지 혼자만 뛰어서 가고요 저는 달리기를 못해서 그냥 그 친구 뛰어가는 모습만 볼수 밖에 없었습니다. 그 친구도 제가 달리기를 못한다는 사실도 알고있고 제가 몸이 안좋은걸 알고 있는 상황에도 그랬습니다.결국 저는 안 써도 될 택시비를 내고 집에 도착했습니다. 이것 뿐만 아니라 갑자기 헤드락을 걸고 제가 잘못하지도 않았는데 (아무 말도 안함)미안하다고 놔달라고 해야하는 상황도 생긴적이 있고요.제가 어떤 말만하면 헤드락에 백초크 걸어 놓고선 안놓아 주고요. 운동을 같이 하자고 그 친구가 제안했을때 안한다고 하니깐 너 운동 안하면 우리반 장애인(실제 장애인은 아니고 정신적으로 문제가 있어서 다른 친구들이 별명으로 부름)이라고 하고 저희 반에 수학을 잘하는 애가 1명 있는데 그 친구가 수학 잘하는 친구와 친구 사이 입니다. 그 친구가 얼마전에 넌 학원도 다니고 매일 수학 문제 푸는데 수학 잘하는 애보다 못하냐고 비교하고요(그 말 할때 말투 자체가 비꼬고 비교하는 말투임)심지어 그 친구는 수학 10점따리 입니다.(공부 못함) 그 친구가 저보다 힘쎄다고 약간 나대고 저를 까는 느낌이 많이 듭니다. 이 새끼 자기는 여친 있다고 저를 모쏠이라 놀리고 저 말고 다른 친구들 앞에서는 공부 잘하는 척 착한척 그냥 온갖 개지랄을 합니다. 저는 어렸을때 부터 포켓몬스터 애니를 많이 봐서 포켓몬 만화를 좋아하는데요. 포켓몬 좋아한다고 저한테 로리냐고 하고(자기는 심지어 포켓몬고 함 내로남불 오짐) 제가 이번시험 3등급 해본다고 말했는데 안될거 같은데.... 이지랄 합니다. 이거 말고도 많은데요 일단 이게 다 기억나는 것만 쓴겁니다. 이런 친구 손절하는게 맞는거죠? 참고로 이새끼 친구라고는 저밖에없고 맨날 쉬는시간점심시간에 담요덮고 잠만 처자는놈입니다.+추가로 생각난게 그 새끼가 자꾸 가만히 있는데 때려서 카톡으로 작작좀 때려 씨xx아라고 보낼려고 했는데 욕을 써서 말하면 적어도 그 친구가 불편할수도 있어서 작작 좀 때리라고만 보냈는데 그 이후로는 잘 건드리진 않습니다. 어제 저 혼자 생각해보니 이런 애는 멀리하는게 좋겠다고 생각이 들어서 오늘은 말걸어도 그냥 무시했습니다. 같이 또 말섞으면 또 이런일이 발생할수 있으니까요,12093120, 17,2024.10.31
477324859,질문향남 지하철,토요일부터 운행한다는데 어디서 부터 어디까지 차례대로 노선 좀 알 수 있을까요?,12093131, 11,2024.10.31
477318453,질문모델하우스 가계약 해지,안녕하세요.어제 모델하우스를 다녀왔어여 다녀와보니 조건이 좋아 일단 가계약으로 400만원을 내고 왔습니다 근데 계속 뭔가 의심스러워서 계약을 취소할려고 하는데 본인사실확인서 를 달라고하는데 주는게 맞을까요? 신분증까지 복사한상태인데 확인서까지 주면 왠지 안될꺼 같아 지식인에 질문합니다 환불은 받을수있을까요??,12093111, 26,2024.10.31
477313017,질문꿈 해몽 부탁드립니다,"안녕하세요 고 1 여고생 입니다. 제가 최근에 꿈을 하나..? 둘..? 정도 꾸게 되었는데 너무 기분이 찝찝해서요. 이상하게 찝찝하고 기분이 이상한 꿈이 이틀 정도를 두고 내용이 이어지는 느낌이 있어서 더 그렇습니다. 긴 글이지만 읽어주세요.. 일단 첫 번째로 꾼 꿈은 제가 시험 당일 날 친구들이랑 점심을 먹고? 학교를 산책하다가 학교 안 좀 외진 곳에 원래는 없던 폐놀이공원을 보게 되었어요. 학교 안에 놀이공원이 있다는 것에 놀랐지만 ""들어가볼까?""라며 호기심에 제가 유도를 해보았지만 친구들은 싫다더라고요. 그래서 같이 또 산책을 이어서 하다가 친구들을 먼저 올려보내고 그 폐놀이공원이 생각나서 혼자 다시 가서 멍하니 보고 있는데 약간 좀 가오 잡는 언니? 좀 놀 것 같은 언니 한 분이 오셔서는 ""가볼래?""라고 하시고는 저랑 같이 들어갔습니다. 막 호수 같은 물 위에 레일이 있고 기차처럼 생긴 놀이 기구를 타고 언니랑 수다를 떨었는데 그 수다 내용이 크게 기억이 안 나네요. 아무튼 수다를 떨다가 ""아 맞다 저 시험이 있어서 먼저 가볼게요!""이러고 빨리 놀이기구에서 내려서 뛰쳐 나와 반으로 들어가보니 시험 치기 바로 직전이더라고요.. 조금 늦었지만 빨리 앉으라는 말에 앉아서 시험 준비를 하다가 깼습니다. 그리고 이틀 정도 뒤에 또 꿈을 꿨는데 앞 내용은 기억이 잘 안 나고 가족들이랑 폐놀이공원에서 좀 위험하게..? 놀고 있었거든요. 막 작동되는 관람차에 매달려서 탄다던가.. 원래 부모님 성격이시라면 말리다 못해 엄청 혼내시고 막 아무튼 엄청 보수적인 그런 부모님들 계시잖아요 약간 그러시는데 그 때는 유독 같이 즐기셨어요. 제가 첫 번째로 꾼 놀이공원은 아닌 것 같이 다르게 생기긴 했었어요. 아무튼 그러다가 원래 제가 다니던 학교는 아닌데 꿈에선 그게 학교였나봐요. 아무튼 처음 보는데 평소처럼 학교를 가니까 제가 가족들이랑 놀던 폐 놀이공원에서 약간 살인 사건 같은? 그런 일이 있었나봐요 기사도 뜨고 그러더라고요. 막 엄청 심각해보여서 누구인지 다 찾고 의심하는 분위기에 뭔가 저는 그 범죄에 손을 대거나 그런 적이 없지만 거기를 가족과 함께 들린 적이 있으니까 왠지 모르게 좀 긴장이 되더라고요. 아무튼 잘 지내다가 종례 시간에 제가 늦게 들어갔어요. 근데 반 문을 여니 친구들과 선생님이 절 이상하게 쳐다본다? 혐오? 약간 그렇게 쳐다보고 원래 반에서 좀 똘끼 있어 보이는? 좀 없잖아 당돌한? 그런 친구가 패턴이 풀린 제 폰을 보고 ""얘들아 범인 왔다.""이러더라고요. 전 ""뭐?""이랬는데 제 폰에 게임이 깔려있는 거예요. 근데 그 게임들이 다 그 논란이 된 폐놀이공원 사건을 기반으로 만들어진 체험 시뮬레이션 게임 같은 거라 친구들이 이걸 보고 막 제가 범인이라고 하는 거예요. 제 폰 들고 있던 친구는 ""선생님이 의심되면 폰 확인해 봐도 된대.""이런 식으로 말하면서 제가 완전 범인이 된 분위기였어요. 그래서 전 아니라고 이 게임은 그냥 논란이 되니까 체험해보고 싶어서 그런 거라고 했는데 애들이 안 믿었죠.. 그러면서 반 친구들이 ""너 무슨 파야? 청룡파? 아니면 @@파?""이러면서 무슨 파인지를? 무슨 조직? 그런 걸 묻더라고요. 그래서 저는 아무것도 아니라고 모른다고 하소연 식으로 말하고 부정하다가 깼습니다. 다 폐놀이공원이 중심이 되었고 결말도 그닥 다 안 좋고 폐놀이공원에서 가족들이랑 철없이 위험하게 놀았다는 그 자체가 제일 걱정이 되고 마음이 쓰여서요. 혹시 이게 무슨 꿈인지 해몽 가능할까요? 사실 최근에 학폭 피해 관련 일과 친구 관계 등등으로 부모님과 같이 좀 힘들긴 했는데.. 물어봐주시면 다 알려드리고 대답해 드릴게요. 진짜 기분 나쁠 것 같은 말도 안 돌려 말하셔도 괜찮고 다 직접적으로 말하셔도 좋으니까 꿈 해몽 좀 부탁드릴게요.. 긴 글 읽어주셔서 감사합니다.",12093120, 34,2024.10.31
477259406,질문아래 설명된 인디언 노트 제조사와 노트명 아시는 분,안녕하세요? 제가 올해 초 어떤 사람으로부터 되게 신기한 홈메이드 노트를 보았습니다. 주황빛이 감도면서 인디언 인형 약 40개가 노트 앞면에 끈으로 달려 있었습니다. 이것이 너무 예뻐서 사고 싶은데 어떻게 사야할 질 몰라 여쭙니다. 무늬와 색감은 Charles Jordan의 머플러와 비슷하고 노트는 인디언 수제 노트 텍스쳐와 비슷하며 인형들은 첨부드린 인형보다 1/3크기로 7열 횡대로 서있었던 기억이 있습니다. 감사합니다.,12093120, 37,2024.10.31
477311533,질문수원 동탄 아침6시에 차막힐까요?,이사온지 4일되서 제가내일 병원을 가야되는데 인계동에서 동탄한림대병원을 가는데 차많이 막힐까요?,12093132, 18,2024.10.31
477309791,질문무소득부부 신혼 매매대출 ((급해요)),안녕하세요 일단 저는 꾸준히 일을하다가 이번년도 11월말에 퇴사예정이고(미용사프리랜서) 남친은 6개월정도 무직상태입니다 내년 중순쯤에 둘다 일할예정이구요 내년 초쯤 신혼부부 매매 대출을 받아 이사를 가고싶은데요 5000만원 자금이 있고 2-3억 매매로 아파트를 갈예정입니다 질문1) 저는 지금 살고잇는 오피스텔에 버팀목대출이 껴잇는 상태고 3월 만기입니다 그전에 신혼부부 매매대출을 중복으로받을수있을까요? 3월에 버팀목은 상환예정입니다 질문2) 내년엔 둘다 무소득자인데 대출을 받을수있을까요? 작년은 둘다 소득이 있습니다 전문가님들 한번만 부탁드릴게요 ㅠㅠ,12093120, 37,2024.10.31
477305591,질문빈소를 꾸미는 꿈,제목과 같습니다. 무슨 꿈일까요? 해몽 부탁드립니다.,12093120, 28,2024.10.31
477304684,질문꿈 해몽 문의드립니다,안녕하세요! 꿈해몽 관련 문의입니다 제가 꿈속에서 뱀과 개구리를 죽여서 보이는 케이스에 넣어놨습니다 (뱀은 절단) 너무 징그러워서 어떻께 처리해야하지 하고 고민하고 있는데 제가 없는 사이 아빠가 버렸다고 전달받았습이다 제가 계속 뱀과 개구리를 찾다가 꿈에서 깨어났는데 해몽 알 수 있을까요?,12093120, 41,2024.10.31
477302402,질문보톡스 내성,안녕하세요 국내 보톡스 맞으면 내성이 생기다고 들었는데 저는 3년동안  5~6개월 마다 국내보톡스 맞았는데최근에 맞고 효과는 그대로 보고 있는데 내성이 오래 맞으면 생기는건가요? 아니면 내성이 안생기는 사람도 있는건가요? 나중에 할때 외국산으로 바꿔야 하나해서요..,12093120, 23,2024.10.31
477222037,질문금목걸이 하고있는 고양이 꿈,꿈에서 황금빛? 일명 치즈냥이라고 불리는 고양이 있잖아요 그 고양이를 어떤사람이 맡아달라고 건네주고 도망가는 꿈이였는데 그 고양이는 새끼였고 금목걸이를 차고 있었어요.그래서 꿈에있는 제 자취방에서 키우고 있고 저는 털알러지가 있어서 키워줄사람을 구하고 있었는데 안구해져서 우선 키우는상황이였어요. 근데 집에서 돌아올사이에 얘기 새끼를 낳아서 고양이가 4-5마리 늘고 또 나갔다 들어오니 엄청작은 고양이들이 더 많아져서 20마리는 더 생겼었어요.처음에 데려왔던 금목걸이한 고양이는 누가 납치해서 제가 찾아서 납치한사람을 엄청 패고 그고양이 안아서 데려가는데 몸이 자라서 금목걸이가 너무 쪼이는거처럼 보여소 금목걸이는 빼서 제 방에다가 두었어요.그뒤로 계속 고양이들이랑 생활하고 그러다가 제가 살고있는 건물에 불이나서 다같이 도망나오는 꿈 꿨어요. 꿈에서 검은색 고양이는 없었고 치즈색냥이흰색고양이 등등 밝은 계열 고양이들 이였어요 좋은 꿈인가요? 태몽인가요 아니면 미혼인데ㅠㅠ..,12093120, 31,2024.10.31
477251539,질문제과제빵 특성화고등학교 교복 조리복,안녕하세여 중3인데여 제과제빵에 관심이 많아서 관련학교를 알아보고 있는데요 성보경영고 영화관광경영고 인천생활과학고 남인천고 인천해양과학고 이렇게 알아봤는데 여기 학교들 교복도 궁금하구요 조리복과 교복은 따로인가요?? 따로라면 교복과 조리복 다 알려주세여!!!,12093120, 25,2024.10.31
477299640,질문안녕하세요,오늘 꿈을 꿨는데 비행기가 한3~4가 폭팔했어요 제가 타있던건 아니고 건물안에 들어가있었는데 갑자기 좌우로 떨어지면서 폭팔했어요,12093120, 23,2024.10.31
477294535,질문어미있는 새끼 길고양이 구조,제가 아는곳에 고양이 가족들이 살고 있는데요. 어미 고양이가 애들을 3년째 낳고있어서 자식들이 꽤 많아요. 근데 이번에 낳은 아기 고양이를 봤는데 어미는 안보이고 그 자식들이 자꾸 때리고 물길래 그냥 놔두다가는 맞아 죽을 것 같아서 무작정 저희 집으로 데리고 왔는데..제가 키울 여건이 안되면 다시 거기 가져다 놔줘야하는게 맞나요?? 어디서 사람 손타면 어미가 버린다고 했긴 했는데 아직 2주도 안된 것 같아 보여서 고민이네요ㅜㅜ 조언 좀 해주세요!!!,12093120, 20,2024.10.31
477294339,질문안녕하세요 질문좀드릴께요,구형 스마트폰 2대가 미납6개월이 넘어서 sgi서울보증회사로 넘어갈거 같은데요 독촉장이 날라오면 그달에 바로 내야 하나요 아니면 연기 조율이 가능해서 담달에도 납부가 가능한지 알고 싶습니다 아그리고 이번달은 얼마 담달은얼마 이런식으로 조율해서 내는거도 되는지 알고 싶습니다,12093120, 13,2024.10.31
477293689,질문고양이가 우는 이유는 뭔가요?,안녕하세요. 며칠 전에 골드 2개월 된 브리티시 쇼트헤어 고양이를 분양했습니다. 처음에 거실에 뒀더니 고양이가 떨면서 낯을 가리고 어색해 하는 것 같아 넓은 거실 말고 우선 작은 방에 둬서 적응하도록 도와줬는데 제가 거실에 나가서 앉아있을 때면 자주 울더라구요. 어떨 때는 우는 소리가 들려서 방으로 가봤더니 구석에 가만히 있었고 또 어떨 때는 우는 소리가 들려서 가보려고 고개를 들었는데 고양이가 거실로 나오지는 않고 방 문 쪽에 가만히 서서 저를 쳐다보고 있더라구요. 고양이가 있는 방에 같이 있어줄 때에는 별로 울지 않더라구요. 그리고 자주 골골 소리도 내던데.. 그것도 잘 모르겠지만 새 환경에 스트레스를 받아서 내는 소리라고 생각하고 있습니다. 참고로 밥은 정상적으로 먹습니다. 이런 경우에 고양이가 우는 이유와 어떻게 하면 적응을 빠르게 잘 할 수 있는지도 알려주시면 감사하겠습니다.,12093120, 46,2024.10.30
477293534,질문예단비 문의,안녕하세요 결혼을 준비하고있는 예신입니다 ^.^ 남친이랑 서로 양쪽집에 예단 없이 예물만 하자고 해서 2천만원 정도의 예물을 주고받았습니다 그런데 갑자기 남자쪽에서 예단비는 줘야한다고 말전달이 잘못된거같다고 예단비를800-1000만원 요구하십니다 근데 남자가 월세집에 재개발 들어간다고 십년뒤 집에들어가수있데요 ㅋㅋ 저는 이미 혼수를 다 해온상태입니다 제가 예단비를 저만큼 주는게 맞는건가요?? 궁금해서요 예단비는 남자집에서 지원받은만큼 해주는걸로 알고있는데 저희는 저는 지원받은게없어서요,12093120, 25,2024.10.30
477293530,질문동탄이나 오산 일반고,제가 고등학교를 동탄쪽이나 오산쪽으로 가려하는데 그쪽 고등학교들 중에서 성적으로 봤을때 딱 중위권쪽이 어딘가요 내신은 169이고 대학 잘 보내는곳이여,12093132, 14,2024.10.30
477290318,질문꿈 해몽부탁드립니다,꿈에서 친구들이랑 놀고있었는데 하늘이 무너지고 주변에 있던 친구들이 머리가 터져서 죽었어요 그리고 제가 혼자서 내가 날 죽인거니깐 원망하지마라 라고말하고 일어났는데 머리 터지는 장면서 너무 생생하게 기억이나서 토했습니다 무슨 꿈일까요,12093120, 16,2024.10.30
477288948,질문이거 썸인가요..?,안녕하세요 여중딩 입니다 저희 반에 예전부터 일고있던 남자애가 있어요 근데 제가 언제 서서 쓰는 책상을 쓰고 있었는데 걔가 제 자리에 앉믄거에요.. 그래서 그냥 그러려니 했는데 내심 좋았거든요 (호감있어요) 근데 그런식으러 계속 남자애가 하다가 걔가 스토리를 올려는데 관계 발전.유지.회복 이렇게 3가지로 설문 하는거 해놨길레 제가 발전을 눌렀거듬요? 그랬더니 종례끝아고 제 책상위에 자기 책가방을 두거나 버스에서도 마주쳐서 (버스안에 사람이 많았음) 서로 등도 맞대지고 ... 암튼 이거 썸 맞나요? 아님 김칫굿인가여:(˘•̥ㅁ•̥˘ ):,12093120, 17,2024.10.30
477283034,질문전남친 꿈 해몽,전남친꿈 해몽해주세요 진짜 꿈 해몽하실 수 있는 분이 답하셨으면 좋겠어요. 꿈에서 전남친하고 놀이터에서 놀았어요 근데 전남친이 지 여자생겼다고 저한테 자랑하듯이 말하는거에요 화나고 짜증나고 나한테 미안하지도 않냐고 따지고 싶었는데 못 따지고 꿈에서 되게 짜증이 났어요 근데 마침 놀이터에 저희 부모님이 지나가셨는데 부모님이 전남친한테 저하고 무슨사이냐고 물어봤어요 근데 전남친이 아무사이도 아니다 자기는 좋아하는사람이 따로 있다 이러면서 부모님한테까지 말하더군요 그러고 꿈이 끝났어요 지금 현재 전남친과 연락하는 사이도 아닙니다..,12093120, 56,2024.10.30
477273129,질문중앙고 입시,내년에 고등학교 가는데 제가 친구랑 진짜 가고 싶거든요 전 내신이 그나마 안전해서 동탄중앙고 가기 마땅한 내신이지만 친구가 자세하진 않지만 160대?예요 제 친구는 동탄중앙고 가기 어렵나요?ㅠㅠ,12093132, 32,2024.10.30
477185620,질문병점역 서해그랑블 메종,병점역 서해그랑블 메종을 어떻게 하다 알게 되었는데 검색하니 다 대표라고 홈페이지가 너무 많네요 들어가보니 다 비슷한 홈페이지이고 상담 받아야한다고 개인정보 남기라하고 모델하우스는 어딘지 모르고 분양시기는 언제인지도 모르고 제대로 알 수 있는 곳은 없을까요 못찾는걸까요.,12093111, 33,2024.10.30
