﻿doc_id,title,question,region_id,views,question_date
477502518,질문대전이나 계룡시 화재 경보기 설치업체  아시는분!!!,계룡시 이사 오고 어제 소방점검 받는데 중문이 있어서 현관에 화재 감지기가 없어서 화재 감지기  설치 해야 한다고 하는데 혹시 설치 업체 아시는분  업체명 이나 연락처 공유좀 부탁 드립니다,121501, 27,2024.11.05
476503235,질문충남 계룡 닭 구매,할수있는곳 있나요? 살아있는 닭입니다,121501, 20,2024.10.11
476106331,질문계룡산연화굿당 가는 길과 주차장 정보는?,충남 공주시 계룡면에 위치한 계룡산 연화 굿당 가는 길과 주차장 정보를 알려주세요. 굿당 내에 주차장이 있는지 없다면 인근 주차장 정보도 함께 알려주시면 감사하겠습니다. 자세한 정보 공유해 주시면 감사하겠습니다!,12150102, 24,2024.10.02
475895166,질문계룡산 숯불갈비 지세포점 주차장 있나요?,계룡산 숯불갈비 지세포점에 방문하려고 하는데 주차장이 있는지 궁금합니다. 주차장이 없다면 근처에 주차할 곳이 있는지 알려주세요.,12150102, 28,2024.09.27
475845016,질문계룡시 두마면 아파트 있나요?,계룡시 두마면에 아파트를 구입하려고 하는데 어떤 아파트가 좋을까요? 아파트 가격대와 주변 편의시설 교통 등을 고려하여 추천해주시면 감사하겠습니다. 인프라가 좋고 생활하기 편리한 곳이면 좋을 것 같습니다.,121501, 30,2024.09.26
475617405,질문엄사 근린 공원에,턱걸이 할만한데 있나요 ?,12150104, 24,2024.09.22
475209771,질문계룡시 근처에 괜찮은 파크골프장 있나요?,친구들과 함께 여행을 가게 되었는데 계룡시 근처로 가게 되었습니다. 가서 놀고 골프도 칠 겸 파크골프장을 찾아보고 있는데 계룡시에 파크골프장이 있는지 궁금합니다. 있다면 위치와 이용 방법 요금 등 자세한 정보를 알려주세요.,121501, 37,2024.09.11
475209125,질문계룡 아파트 중 살기 좋은 곳은 어디인가요?,계룡시로 이사를 계획 중인데 아파트 중에서 살기 좋은 곳을 추천해 주세요. 주변에 편의 시설이 많고 교통이 편리한 곳이면 좋겠어요. 아이를 키우고 있어서 학원이나 학교도 가까우면 더 좋을 것 같습니다.,121501, 33,2024.09.11
