﻿doc_id,answer_index,answer,answer_date
477584392,477584392_1,전주 사대부고와 솔내고 각각의 분위기  시험 난이도  내신을 비교해 주세요.,2024.11.06
477577208,477577208_1,"안녕하세요!단순운송 12만원입니다.""연락주시면 최선을 다하겠습니다!""",2024.11.06
477577208,477577208_2,1톤트럭용달1대 단순용달화물운송기본15만원입니다.ㅡㅡㅡ언제든지 문의주십시요.ㅡㅡㅡㅡㅡ좋은하루되세요 ❤️,2024.11.06
477577208,477577208_3,영암에서 전주까지 용달비용 보시네요!1톤으로 가능할 양으로 생각되는데'포장이사 협의회 이사몰 포장이사의 선두주자 2424.net 사무실이사 이삿짐센타 기업이전 토탈이사전문업체'포장이사 가격비교 이사몰 고객명 연락처 - - 이사상품 이사짐 이사일자 출발주소 도착주소 개인정보처리방침 [보기] 에 동의합니다. 동의함 대표자: 박원재/경기도 하남시 조정대로 150 830호 (덕풍동 아이테코) l 사업자번호 : 215-81-93599 l 통신판매업 : 제 2015 경기하남 0244호 l 화물자동차운송주선사업허가증(번호 20 240083호) l SGI서울보증: 제100-000-201202425707호 Copyright ⓒ 2008~2017. All Rights Reserved.dmtu.kr가격비교 확실하게 하시고좀 더 저렴한곳 골라보세요ㅠㅠ발품파는게 짱입니다아,2024.11.06
477577208,477577208_4,영암에서 전주11만원 입니다,2024.11.06
477573069,477573069_1,인터넷은 주로 비대칭형 통신을 사용해요~ 통신사마다 대칭형 제공 여부가 다를 수 있어요~ 집 주소와 같은 상세 정보는 개인정보 보호를 위해 절대 공개하지 않는 것이 좋아요,2024.11.06
477562226,477562226_1,전주사대부고 평준화지역 고등학교로 성적과 상관없이선지망 후 컴퓨터 추첨을 통하여 고등학교 배정이 됩니다1지망으로 전주사대부고  선색을 하면 배정 확률 약 50-55% 정도 됩니다,2024.11.06
477556785,477556785_1,아쉽게도 전주는 대형택시가없습니다.,2024.11.06
477544702,477544702_1,전주역에서 서울역까지 KTX나 무궁화 기차 타시고 용산역 이동.KTX는 2시간정도 무궁화는 3시간정도 전주역에서 용산역까지 걸립니다.용산역에서 경의선(문산방향)을 타고 탄현역까지 이동탄현역에서 1번출구 건너편에서 773번 버스 타고 농수산물센터(일산)에서 하차 하면 됩니다.전주역에서cj enm 일산 제작센터까지는 편도 약4시간~5시간정도 걸리네요,2024.11.06
477536806,477536806_1,전주시 초등학교 중학교 겨울 방학 기간은 학교별로 다릅니다여름방학이 길어 겨울방학은 짤게 하는 학교도 있고여름방학이 짧아 겨울방학을 길게 하는 학교도 있습니다,2024.11.06
477533230,477533230_1,네이버지도 출발지 도착지 해서 찾아 보시면 됩니다.,2024.11.06.
477533230,477533230_2,5001번타셔서한국은행.전북청소년상담센터 정류장 하차하셔서전주시온성교회까지 도보로 이동5001  5002번 운행시간표(2022년 6월 4일 기준)[ 펼치기 · 접기 ]전주대캠퍼스 (기점) 출발 시간5001번시간5002번050012253750061005173042550215 27 4050070720 32 4555001023375108051528425605 1934480910 24395303152840 541008203345 59092439541114294459092439 5212142944 57061934491311243954052035 5014102540 5505152637491510203142540318 34 4959160823 39 54091929445917041424344913 2741551804 18 32460924395419001429445911 29462016 3451042141210926460121220626█- 평일에만 운행(토  일  공휴일 감회)06:05- 전북대학교.농협앞 출발06:10- 팔달로 예술회관 출발,2024.11.06
477480528,477480528_1,풍패지관 사거리에 있는 풍년제과가 본점이에요당연히 다른 빵이나 제과도 팝니다~,2024.11.05.
477470516,477470516_1,전주도청지사실 ◀◀◀ 무엇이 궁금한가요...???,2024.11.04.
477464688,477464688_1,익산 군산에도 매장 있습니다,2024.11.04.
477464688,477464688_2,길거리야전북특별자치도 전주시 완산구 백마산길 28길거리야전북특별자치도 익산시 익산대로70길 35 근린생활시설길거리야 본점전북특별자치도 전주시 완산구 경기전길 124길거리야광주점광주광역시 동구 필문대로287번길 23-22길거리야 군산점전북특별자치도 군산시 나운2길 34지도를 참고하세요...,2024.11.04.
477434153,477434153_1,시민여객 전화번호 063-212-9234 입니다. 꼭 찾으시길 바랍니다.,2024.11.03.
477434153,477434153_2,아마도 시민여객에서운행한버스인듯합니다...전번은주식회사 시민여객자동차株式會社 市民旅客自動車Simin Bus Corporation주소전북특별자치도 전주시 덕진구 고내천변로 32-9 (본사)전화번호TEL : 063)212-9234전주 시내버스 분실물센터 전화번호 안내전주 시내버스 분실물센터 전화번호 안내[목차] 전주 시내버스 분실물센터 전화번호 전주 시내버스를 이용하시다가 지갑  휴대폰 등 귀중품을 잃어버리신 경우 분실물센터를 찾아가게 되는데요. 본인이 이용했던 운수사 사무실에 연락하시어 분실물 습득 여부를 확인하시는 것이 좋습니다. 전주시 내의 시내버스를 운영하는 운수사의 전화번호는 다음과 같습니다. 제일여객: 063-212-5171 시민여객: 063-212-9234 전일여객: 063-272-7000 호남고속: 063-211-3569 전주 시내버스 분실물센터는 통합하여 운영되고 있지 않기 때문에 아래의 전주시 교통정보센터와 버스...tongtong.tistory.com전주 버스 분실물 전화번호 : 네이버 블로그전주 버스 분실물 전화번호전주 버스 분실물 찾기 전주에서 버스를 타다 물건을 잃어버렸다면  가능한 한 빨리 행동하는 것이 중요합...blog.naver.com,2024.11.03.
477407448,477407448_1,자가용 1시간 거리면 장거리 아니지만 일 때문에 일주일 하루 아니면 1박 2일 이라면 장거리 다를 것 없어 보이네요.,2024.11.03.
477407425,477407425_1,서도피앤씨서도피앤씨전북 전주 서도피앤씨 인쇄소 도면출력 복사 컬러스캔 고속복사 전주 도면seodopnc.alltheway.kr전주인쇄소 ‘한글복사’ 전주대학교 앞 디자인 .. : 네이버블로그전주인쇄소 ‘한글복사’ 전주대학교 앞 디자인 잘하는 집안녕하세요. 뚜둥-입니다:) 오늘은 홍보물이나 인쇄물 제작할 때 늘 만족스러운 결과물을 가져다 준 디자인...blog.naver.com,2024.11.02.
477407244,477407244_1,김제는 완전 도농이고 익산 군산 어느 정도라고 봐야 할 듯 싶네요.,2024.11.03.
477397223,477397223_1,전주역첫마중길 정류장까지 도보로 이동7분  389m 이동전주역첫마중길 정류장 승차999타셔서.완산여고 정류장 하차하셔서 완산중학교까지 도보로 이동,2024.11.02.
477397223,477397223_2,전주역 역전광장교차로에서 길건너서 쭉~가면교동김밥집 바로앞에 중앙차로 버스정류장에서 119번 버스를 타고완산여고 버스정류장에 내려서 약 5분정도 걸어가면 완산중학교가 있구요약 50~55분정도 걸립니다...전주역전북특별자치도 전주시 덕진구 동부대로 680 전주역버스정류장전북특별자치도 전주시 덕진구 우아동3가 746완산여자고등학교전북특별자치도 전주시 완산구 덕적골1길 60 전주완산여자고등학교,2024.11.02.
477390609,477390609_1,전주는없구여 김제는있어요전북 김제 실내 낚시터 전주 근교 실내 데이트.. : 네이버블로그전북 김제 실내 낚시터 전주 근교 실내 데이트 체험 장소로 좋은 전주실내바다낚시터-상세정보- 상호 : 전주실내바다낚시터 주소 : 전북 김제시 금구면 선비로635 시간 : ㄴ목  금...blog.naver.com,2024.11.02.
477372101,477372101_1,기타 피크로 보이네요.,2024.11.01.
477161332,477161332_1,한일고 추천드려요!,2024.11.03.
477342321,477342321_1,전주 이씨 대동종약원에 물어보세요.여긴 사이트도 있다던데 한 번 찾아가보시고요.,2024.11.01.
477342321,477342321_2,본인이 어느 파 몇 대손인지가 궁금하신 거 같은데  인터넷에 전주 이씨 항렬자를 검색해보시면 전주 이씨 수십개 파의 항렬자표를 찾을 수 있습니다. 전주이씨대동종약원에서도 검색하실 수 있고요.봐도 어떻게 찾는지 모르겠다 싶으시면 할아버지  아버지 본인 돌림자를 알려주시면 답변드리겠습니다.,2024.11.01.
477338276,477338276_1,네  전주에서 논산가는 길에 휴게소가 있어요.답변이 도움되셨으면 좋겠어요-전주에서 논산가는 길에 휴게소 있나여 ㅠㅠ,2024.11.01.
477338276,477338276_2,별곡휴게소탄천휴게소있습니다,2024.11.01.
477338276,477338276_3,● 고속도로를 이용하신다면 여산휴게소가 있습니다.여산휴게소(천안방향)전라북도 익산시 여산면 호남고속도로 192,2024.11.01.
477337924,477337924_1,전북대 근처에서 많이 놀아요...,2024.11.01.
477335083,477335083_1,기전이 확실히 어렵죠..ㅠㅠ,2024.11.01.
477335083,477335083_2,기전입니다,2024.11.01.
477335083,477335083_3,전주사대부고 내신 받기 쉽습니다....기전여고 시험 난이도 어렵습니다,2024.11.01.
477335047,477335047_1,전주사대 분위기 너무 별로던데요내신 따기 쉽고 어렵고를 떠나서 걍 양현을 추천,2024.11.01.
477333813,477333813_1,익산과 군산 중에서 군산이 더 큰 도시입니다.(비교)군산 : 해안 도시이며 인구가 약 10만 명 이상이고  산업과 무역이 활발한 지역입니다. 군산항과 여러 산업단지가 있어 경제적으로도 중요한 역할을 하고 있습니다.익산 :  인구는 약 28만 명 정도이며 군산보다 많습니다. 하지만 도시 규모나 경제적 활동 측면에서는 군산이 더 발달한 편입니다.따라서  인구 수로는 익산이 더 많지만  도시의 규모와 경제적 측면에서는 군산이 더 큰 도시로 평가되고있습니다!,2024.11.01.
477330273,477330273_1,소리문화전당 옆에 비빔소리라고 있어요.유비빔은 영업사원일뿐! 와이프가 쉐프예요,2024.11.01.
477302372,477302372_1,픽시 자전거는 없네요,2024.10.31.
477239566,477239566_1,전라도 국립대 순위전북대전주교대전남대여수캠퍼스목포해양대목포대순천대군산대한국에너지공과대,2024.10.31.
477293315,477293315_1,무대와 거리는 좀 있지만 관람하시에 좋은 좌석입니다,2024.10.31.
477270523,477270523_1,전주 동물원 공사 마무리하고 운영하고 있습니다,2024.10.30.
477270457,477270457_1,안녕하세요 전주 토박이입니다네개 학교 전부 내신이 다른 학교들에 비해 어려운 편입니다 그래서 기숙사 사실게 아니면 집에서 가까운 학교가 최고입니다.,2024.10.31.
477260575,477260575_1,전주비전대 간혹학과 예비90번대 추합 가능성이 있긴하나 무조건 합격한다고 할수없고 무조건 떨어진다고볼수없습니다감사합니다,2024.10.30.
477255208,477255208_1,전주역에 도착하여 입석표 구입후 기차 이용 하시면 됩니다,2024.10.30.
477255208,477255208_2,전주역에서 자유석 입석표 발권하세요단 현장발권만 가능,2024.10.30.
477246203,477246203_1,익산 추천합니다,2024.10.30.
477235587,477235587_1,전주 난장 추천해요!볼거리도 많고 60분동안 옛날에 6 70년대를 볼수있어서 신기해요 좀 가다보면 달고나 만들수았는곳도 있습니당전주 한옥마을쯤에 있어요!한옥마을에 족욕 하는곳도 많으니 추천 드리고한옥마을 보면서 전이랑 막걸리 먹을수있는 전주는전주랑한복입고 이쁘게 사진 찍을곳은 마시랑게 추천드립니당작가님이 사진 찍어주는건 인생샷 연구소 가보세요!마지막으로 테라리움 만드는곳이 있는데 은근 재미있어용,2024.10.30.
477098405,477098405_1,일반고는 일단 어쨌든 님은 가실거고요근영 보면 고2인데도 미적 하더라구요.. 빡세보이긴 하던데요호제는 2학년때 언매 할거고 보통~ 고3때 배우는 과목들을 고2때 하는 학교예요. 근영 호제 교복규정도 빡센편이에요. 1지망을 호제로 쓰는 것보단 근영을 쓰는게 붙을 확률이 높을 것 같아요= 두 학교  별 차이 없다,2024.10.29.
477098405,477098405_2,호제 왜 옴? 와서 후회하지마,2024.10.30.
477220850,477220850_1,저희 아이도 전주온빛초등학교에 다니고 있어서 답변 남겨요^^ 읽는 것을 그다지 좋아하지 않지만 그보다 글 쓰는 것을 너무 싫어해요사실 다른 독서 논술학원을 보내봤는데 아이가 너무 힘들어해서 학원을 그만둔 상황이었거든요. 그러다 민돌국어논술학원이 새로 생겨서 상담을 받으러 갔었거든요~오픈한 지는 얼마 되진 않았지만  원장님께서 20년 이상 경력을 가지신 원장님께서 직접 수업을 해주신다니 그래도 믿음이 가더라구요.그리고 여기는 단순히 학년에 맞춘 레벨이 아니라  도서 지수 검사를 해서 아이의 실력에 맞춰 레벨을 정해 진행해 주시니까 아이가 자신감 있게 수업할 수 있을 것 같더라구요.또 여기는 독후활동지가 아주 다양하게 준비되어 있어서 재미있는 글쓰기가 될 수 있을 것 같았어요. 이 점도 아주 좋더라구요. 그래서 저는 이번에 민돌국어논술학원에 등록하려고 해요~질문자님도 아직 전주온빛초등학교 근처에 있는 논술학원을 어디로 보낼지 고민하고 있으면 민돌국어논술학원에 상담 받아보시는 걸 추천해 드려요. 바로 등록하고 싶어지실 거예요.,2024.10.29.
477145882,477145882_1,1.님녀분반이라도 들었는데 체육대회나 수학여행은 어떻게 하나요?체육 대회는 원래 따로 했었는데 24년 부터 남녀 짝반으로 합니다 배드민턴 등등 2개 정도 짝 지어서 하고 농구 피구 등등은 따로 해요2.남녀분반인데 층이 다른가요?층은 같고 1~5 남자 6~10 여자반 입니다3. 교복은 어떻게 생겼나요?24년 부터 디자인이 여자 치마위주로 좀 바뀌었는데아몰라요그냥구려요 웜톤은 워스트 컬러임4.성적순으로 뽑을까요 거리순으로 뽑을까요?전주는 평준화지역이라 그냥 무조건 운빨임. 진짜그냥제비뽑기라고 생각하고 하늘에 맡기세요,2024.11.03.
477201238,477201238_1,ㄴㄴ,2024.10.28.
477201238,477201238_2,서신중 여자도 바지 가능합니다 제 친구도 서신중에서 바지 입었어요,2024.11.04.
477121753,477121753_1,진학지도실은 따로 없고 교육과정진행 오픈채팅이 있어요(입학 후 비밀번호 알려줌) 그리고 담당쌤이 있어서 성적 보면서 1대1로 상담 가능해요,2024.11.06
477185659,477185659_1,전주 객사 주변에는 맛집과 예쁜 카페가 많이 있습니다. 몇 가지 추천해드릴게요!맛집1. 전주비빔밥:전주에서 유명한 비빔밥을 맛볼 수 있는 곳으로  신선한 재료와 풍부한 맛이 특징입니다.2.한옥마을 순두부:순두부찌개가 유명한 집으로  부드러운 순두부와 함께 다양한 반찬이 나옵니다.3. 모주당:전통주와 함께 먹는 전주식 전통 안주가 맛있는 곳입니다.카페1. 카페 소이:한옥 스타일의 예쁜 카페로  전통적인 분위기 속에서 다양한 음료와 디저트를 즐길 수 있습니다.2.카페 루프탑:멋진 경치를 감상할 수 있는 루프탑 카페로  사진 찍기 좋은 장소입니다.3. 카페 플로리스트:플라워 카페로  예쁜 꽃들이 가득한 공간에서 커피와 디저트를 즐길 수 있습니다.전주 객사는 한옥마을과 가까워서 주변을 산책하며 다양한 맛집과 카페를 쉽게 찾아볼 수 있습니다. 즐거운 여행 되세요!,2024.10.28.
477185659,477185659_2,https://m.youtube.com/watch?v=8AcoRlC3z1Uhttps://m.youtube.com/watch?v=p0-Ha5GX8hA&pp=ygUU7KCE7KO8IOyLnOyyrSDrp5vsp5E%3D[전주맛집추천] 현지인 맛집 부터 필수 맛집까지 리스트 만들었습니다! -전주 여행에 참고하세요안녕하세요 파더맨입니다 ^^이번에는 전주에 다녀왔습니다~먹고 경기전 가고먹고 오목대 가고먹고 또 먹고~역시 여행에서 남는 건 맛있는 음식을 먹은 기억 뿐이네요리뷰 보시고 전주 여행에 참고 하시길 바라며 시청 감사합니다~ 구독 좋아요도 부탁드립니다 ^^** 영상 순서 **00:21 ...m.youtube.comhttps://m.youtube.com/watch?v=vm4ejRUkyi0&pp=ygUM7KCE7KO87Lm07Y6Y<인물화 그려드립니다 (10000원)디지털이미지로 제작해서 이메일로 보내드립니다제 블로그에 댓글로 문의 남겨주세요https://m.blog.naver.com/PostList.naver?blogId=csbstar1983>,2024.10.28.
477167883,477167883_1,80퍼면 인문계 무조건 감,2024.10.28.
477159117,477159117_1,보조배터리 기내로 가지고 가야하구요. 작은 가방정도는 1인당 1개 가져갈 수 있어요 항공사마다 약간 규정이 달라서 이용하는 항공사 홈페이지에 가면 내용이 자세히 나와요!비행기 수화물 규정_기내 반입 금지 물건 확인 방법기본적으로 비행기 수화물 규정의 경우에는 각 공항 홈페이지나 항공보안365 등의 사이트를 통해서 자세한 부분을 알아볼 수 있습니다.www.infotree2024.com,2024.10.28.
477157675,477157675_1,전주 중학생 전과목 학원 서신동 희망하셔서 답변드립니다.국영수사과 과목별 전담선생님이 수업합니다!다섯과목을 하시려면 주말까지 풀로 매일 오셔야 가능하겠네요!전북 전주시 완산구 서신동 / 전주화산코오롱하늘채아파트 인근,2024.10.27.
477157345,477157345_1,지역을 빛내는 매력  함께 하나 되는 마음.제 답변이 도움되셨으면 좋겠어요-수행평가 발표를 해야하는데지역을 홍보하는 문구나 캐릭터를 만들래요저는 문구로 하려고 하는데괜찮은게 있을까요?,2024.10.27.
477157345,477157345_2,지역을 사랑하는 마음으로 홍보하는 문구가 좋을 것 같아요.답변이 도움되셨길 바래용-수행평가 발표를 해야하는데지역을 홍보하는 문구나 캐릭터를 만들래요저는 문구로 하려고 하는데괜찮은게 있을까요?,2024.10.27.
477149840,477149840_1,포천시 일반시내버스 10번[ 지도 노선도 보기 ]기점경기도 포천시 영북면 산정리(산정호수상동주차장)종점경기도 포천시 영북면 대회산리(한탄강하늘다리주차장)종점행첫차09:00기점행첫차09:50막차16:00막차16:50배차간격1일 4회운수사명선진시내버스인가대수1대노선산정호수상동주차장 - 평화교육연수원 - 산정리. 우물목 - 산정호수하동주차장 - 한화콘도 - 몽베르컨트리클럽 - 산정리3교다리 - 2교다리.연대본부 - 1교다리양어장 - 산정리.메이필드 - 운천5리.기보배 - 운천5리 - 운천5리부대앞 - 운천5리노인정 - 문암삼거리 - 운천9리 -영북농협(상)/영북면사무소(하)- 영북중학교 - 소회산리마을회관 - 소회산리-대회산리-한탄강지질공원센터 - 비둘기냥 - 한탄강하늘다리주차장포천시 일반시내버스 10-1번[ 지도 노선도 보기 ]기점경기도 포천시 영북면 산정리(산정호수상동주차장)종점경기도 포천시 영북면 운천리(영북농협)종점행첫차07:50기점행첫차08:20막차18:10막차18:40배차간격1일 2회운수사명선진시내버스인가대수-[1]노선산정호수상동주차장 - 평화교육연수원 - 평강랜드 - 산정리.우물목 - 우둠지 - 산정호수하동주차장 - 한화콘도 - 몽베르컨트리클럽 - 산정리3교다리 - 2교다리.연대본부 - 산정리.메이필드 - 운천5리.기보배 - 운천5리 - 운천5리.마을상회 - 운천5리부대앞 - 운천5리노인정 - 문암삼거리 - 운천9리 - 영북농협(회차)포천시 일반시내버스 10-2번[ 지도 노선도 보기 ]기점경기도 포천시 선단동(선단4통.장승거리)종점경기도 포천시 영북면 산정리(산정호수상동주차장)종점행첫차06:20기점행첫차-막차-막차19:30배차간격1일 1회운수사명선진시내버스인가대수-[2]노선선단4통.장승거리 - 선단1통.대진대학교- 포천고 - 포천시청 - 골든아파트 - 농업기술센터 - 신북면행정복지센터 - 신포천아파트 - 만세교 - 양문1리터미널 - 영중면사무소 - 광명휴게소 - 성동2리검문소 - 야미리 - 문암삼거리 - 영북중학교 -영북농협(상)/영북면사무소(하)- 문암삼거리 - 산정호수하동주차장 - 우물목 - 산정호수상동주차장포천 10번 버스 운행시간표횟수산정호수 출발한탄강하늘다리산정호수 도착109:0009:5010:40211:0011:5012:40314:0014:5015:40416:0016:5017:40운천  소회산리  대회산리 경유포천 10-1  10-2번 버스 운행시간표횟수번호선단4통 출발시청양문공단운천터미널산정호수 도착110-206:2006:4007:0007:2007:40횟수번호산정호수 출발평강식물원운천평강식물원산정호수 도착110-107:5008:0008:2008:4008:50210-118:1018:2018:4019:0019:10횟수번호산정호수 출발선단4통 도착210-219:3020:50,2024.10.27.
477139284,477139284_1,가을 전주 여행 가볼만한 곳 1일차 (맛집 디저트 데이트)https://m.blog.naver.com/doduknun/223634882125가을 전주 여행 가볼만한 곳 1일차 (맛집 디저트 데이트)이 글은 일기이자 브이로그이자 리뷰입니다 계획성 20% 즉흥 80% 전주여행을 다녀왔어요（n‘∀‘)η 2...m.blog.naver.com저 최근에 잔주 5박6일 다녀왔어요!제 글 확인하셔서 즐겁게 놀다오세요!- 한복은 거기서 거기 가격 다 비슷해요2만원에서 4만원사이(종일/2시간/4시간 이런식으로 나뉘기도해요!)제가 간곳은 2만5천원에 종일이였어요!- 나비랑 한복은 원래 가려던곳인데 만원이라하더라구요..여기 먼저 들려보세요!,2024.10.30.
477139284,477139284_2,[전주]선녀와 나무꾼/내돈내산/한옥마을 한복 .. : 네이버블로그[전주]선녀와 나무꾼/내돈내산/한옥마을 한복 대여 완전 추천!!!  완전 꿀팁~!!안녕하세요! 정작가입니다. :-) 오늘은 추석때 다녀왔던 전주 한옥마을에서 한복을 대여한 이야기를 공유해...blog.naver.com,2024.10.27.
477021386,477021386_1,전동 휠체어를 이용하시는 분들이 제주도 여행을 더 편리하게 즐길 수 있도록교통수단  숙소  식당  여행 코스에 대해 안내드리겠습니다.1. 교통수단비행기: 항공사에장애인 지원 서비스를 신청하세요. 전동 휠체어는위탁 수하물로 운송되며  기내에서는공항 휠체어로 이동해야 할 수 있습니다.아시아나항공  대한항공등에서는 전동 휠체어 승객을 위한 지원을 제공합니다. 예약 시에휠체어 이용 여부와 전동 휠체어의 크기와 배터리 종류를 미리 알리면 준비가 원활합니다.렌터카: 제주도에서휠체어 리프트가 있는 차량이나장애인 전용 렌터카를 대여할 수 있습니다.제주 장애인콜택시(☎ 064-120)를 이용하면 리프트 차량을 이용한 이동이 가능하며  사전 예약이 필요합니다.2. 숙소장애인 편의 시설을 갖춘 숙소를 선택하세요.제주 시내의 호텔과 리조트중에는 장애인 객실을 제공하는 곳이 많습니다. 추천할 만한 곳으로는롯데호텔 제주  신라호텔 제주  제주 히든클리프 호텔 등이 있으며  객실 내문턱이 없고 화장실과 샤워실에 손잡이가 있는객실을 갖추고 있습니다.예약 시전동 휠체어 접근 가능 여부와 객실 편의 시설을 미리 문의하세요.3. 식당제주에는 휠체어 이용이 가능한 식당들이 많이 있으며 제주 시내나 유명 관광지 인근의 큰 식당일수록 접근성이 좋은 경우가 많습니다. 휠체어로 들어가기 편리한 식당을 찾으시려면네이버 지도나 구글 맵의 장애인 편의 시설 정보를 확인하는 것도 도움이 됩니다.식당 예약 시휠체어 접근성과장애인 화장실여부를 확인해 보세요.4. 추천 여행 코스제주 민속촌: 전동 휠체어로 쉽게 이동할 수 있으며  다양한 제주 전통 문화를 체험할 수 있습니다.성산일출봉: 주차장에서 휠체어 접근이 가능하며  성산일출봉 입구와 주변을 감상할 수 있는 전망대를 이용할 수 있습니다.섭지코지: 바닷가 전망이 아름다운 곳으로  휠체어가 이동할 수 있는 경사로가 잘 마련되어 있습니다.제주 현대미술관: 제주도의 아름다운 자연을 배경으로 한 미술관으로  휠체어 접근이 용이하며 실내 관람도 가능합니다.카멜리아 힐: 계절에 따라 다양한 꽃을 즐길 수 있는 정원으로  휠체어로 이동하기 좋고 사진 찍기에도 좋습니다.5. 유의 사항제주도는 관광지마다 접근성이 다를 수 있으니미리 연락하여 휠체어 접근 가능 여부와 편의 시설 유무를 확인하는 것이 좋습니다.전국 장애인 지원금 신청 및 대상 조회 | 상시 업데이트 - 전국 지원금 보조금 조회 및 신청**장애인 지원금**은 장애인의 사회 참여와 경제적 자립을 돕기 위해 정부와 지자체가 제공하는 다양한 재정적 지원 프로그램입니다. 장애로 인해 경제적 어려움을 겪는 장애인들에게 안정적인 생활 환경을 조성하고  지역사회와의 원활한 소통을 지원하고자 마련된 제도입니다. 장애인 지원금은support.tomonews.kr제주도 내장애인 관광안내 센터에 연락하면 보다 구체적인 도움과 현지 정보를 받을 수 있습니다.제주도 여행이 편안하고 즐거운 시간이 되시길 바랍니다. 추가적으로 궁금한 사항이 있으시면 언제든지 문의해 주세요!,2024.10.31.
477114447,477114447_1,학교는 집 가까운게 최고에용,2024.10.26.
477113774,477113774_1,현재 재학중인데요  갓반고 아니구요  솔직히 오실거면 정말 뜯어말리고 싶어요. 일단 선생님들이 너무 별로예요. 좋으신 분들도 계시지만  별로인 쌤들이 더 많아요. 수업도 그지같이 가르치고 어떤 반한테는 시험문제 이거 나오니까 외우라고 하고 다른 반한테는 그런 말 일절 안하시는 쌤들도 많아요. 솔직히 생기부 잘써주는 것도 그거 다 학생들이 씁니다. 학생들이 쓴거 그대로 세특에 적어주는거예요. 그리고 수학 영어는 알려주는 것도 없으면서 뭘 그렇게 어렵게 내는지 모르겠어요   밥도 문제인게  너무 맛없어요. 학생들이 공부하고 그러면 솔직히 밥이라도 맛있게 먹는 낙이 잇어야하는데 그런게 없어요ㅋㅋ. 얼마 전에는 학생들이 '밥에서 머리카락이 나왔어요.' '밥 양이 너무 적고 맛이 없어요.' 이러한 내용으로 건의사항을 넣었는데 급식실 문에 이 건의사항 쓴 쪽지들을 붙여놓고 급식 아주머니들의 스트레스 정도 이런 것들이 나와있는 뉴스기사를 붙여놓은 뒤  인신공격 하지 말라고 적어놓고 건의함을 폐쇄시켰어요. 밥에 머리카락이 나오고 양이 너무 적다는 내용은 건의할 수 있는거 아닌가요? 솔직히 이거보고 너무 어이없었어요   그리고 여름방학 끝나고 1학년 건물 1층인 반들은 반 전체에 곰팡이가 폈어요. 근데  저희한테 아무런 조치도 없이 물티슈만 주고 알아서 닦아라 하시더군요. 장갑도 저희가 돌아다니면서 구해왓어요. 곰팡이가 정말 포자가 날릴정도로 심하게 피었는데 아무런 조치 없이 학생들한테 알아서 하라는게 너무 어이없었어요. 결국  학생들이 직접 물건 다 날라서 운동장에 햇빛 쫴서 다 처리했습니다. 책상이나 의자를 바꿔준다던가 정말 아무런 조치가 없었어요. 솔직히 저희가 닦아봤자 책상  의자  바닥 뿐이지 사물함 뒷쪽이랑 그런 곳은 못 닦았는데.. 거의 곰팡이랑 생활하고 있는 수준입니다. 그래놓고  쌤들은 반에 들어오실 때마다 '이상한 냄새 난다. 좀 씻고 다녀라.' 이러시는데 듣고 있으면 참... 어이가 없어요. 그리고 솔직히 여기가 예고인지 체고인지 모르겠어요. 일반고면 애들이 공부에 전념할 수 있게 해줘야 하는거 아닌지 생각하는데  미술 음악 체육 수행이 너무 빡셉니다... 그리고 생기부 잘 써준다는 말이 있는데  사실 생기부 다 학생들이 씁니다. 그냥 써서 제출하면 쌤들이 다시 세특에 복붙해줘요. 대학 잘보낸다는 타이틀도 송도애들이 많이 와서 그런거지  학교가 잘 보내는 건지는 모르겠네요.. 정말 학교에 정이 하나도 안가고요  쌤들도 별로고  시설도 별로고  갓반고인지도 모르겠고   오시고 싶으시다면 뜯어 말리고 싶습니다. 쌓인게 너무 많아요.,2024.11.04.
477113774,477113774_2,안녕하세요 현재 인명여고 1학년 재학중인 학생입니다.과학고  특목고 떨어진 친구들도 많이 오지만 다른 1지망에서 떨어진 친구들도 많이 오기 때문에너무 무서워 하실 필요 없습니다. 최근에 학군지가 바뀌면서 송도 학생들이 오지 못해서07보단 08이 널널했구요. 그렇다고 시험이 쉬운 것은 아닙니다. 국어와 수학은 어느 정도 쉽다고 할 수 있지만영어는 정말... 힘듭니다. 많은 연습이 필요할 것 같아요. 시험 범위에 수능지문도 들어가는 만큼 영어는 정말 방학동안 열심히 하셔야할겁니다.선생님들은 대부분 나이가 있으신 분들입니다. 학부모보다 나이가 많으신 선생님분들이 대부분이신데  그렇다고 다 꼰대이신 것은 아니고 일부 선생님만 그러십니다. 좋으신 선생님도 많으세요. 수업도 열정적으로 하시는 분이 계시고 그렇지 않으신 분들도 계십니다. 그냥 케바케예요.,2024.11.04.
477113774,477113774_3,인명여고 재학생 입니다! 솔직하게 말씀드릴게요과학고 자사고 떨어진 애들이 많이 오는거 맞아요.과학고 자사고에서 전학온 친구들도 꽤 있구요.그치만 학익여고에서 떨어져서 온 애들도 많아서 그 친구들이 대부분 깔아줍니다. 극상위권은 아니더라도 중상위권 되는건 그닥 어렵지 않아용~아 근데 아무래도 사립이다보니까 선생님들이 바뀌지 않으아 개교하실때부터 계신 선생님들도 있으시구요.. 그래서 선생님들 평균 연령이 56세 정도로 높은 편입니다. 시험문제도 까다롭구요. 그치만 생기부 채우기 좋은 교내 활동들이 꽤 많아서 학종으로 대학 잘 보내는 것 같습니다. 이과라면 추천해요!(아근데 급식은 맛 진짜..심각하게 맛없어요),2024.10.27.
477113774,477113774_4,갓반고는 아닙니다 절대로그냥 공부 못하고 내신 안 좋은 애들이 본인 성적 안 좋은걸 갓반고라서 라고 포장하는 것 뿐입니다1등급 따는건 쉽지는 않지만 2등급 정도는 공부 열심히 하면 충분히 나오고요혹시 오시려고 생각 중이면 진짜 뜯어 말리고 싶어요내신경쟁 때문이 아니라 진짜 거지같아요선생님들 실력도 형편없고 급식 먹다가 헛구역질 한적도 있어요시험문제 오류도 많구요 수업 제대로 하는 쌤몇 안됩니다기숙사 있었는데 세상 그렇게 별로일수가 없습니다90년대 화장실까지 최악입니다,2024.11.01.
