﻿doc_id,title,question,region_id,views,question_date
477584392,질문전주 사대부고 전주 솔내고 둘 중 어디가 좋나요??,전주사대부고랑 전주 솔내고 각각 분위기 시험 난이도 내신따기 어떤지 알려주세요. 바로 채택 해드립니다,121305, 17,2024.11.06
477580756,질문전주 이씨 무슨파,아버지 기자돌림 본인 성자돌림 26대손인건 아는디 파를 모르겠습니다,121305, 17,2024.11.06
477579155,질문이번 전주고등학교 내신 예상 퍼센트...,이번 전주고등학교 내신 예상 퍼센트는 몇일까요?ㅠ,121305, 12,2024.11.06
477577466,질문전주 고등입학,전주한일고를 가려는 여학생입니다. 한일고가 수학과학이 빡센걸로 알고있는데 제가 수학이 약한편이라서 좀 걱정됩니다.내년부터는 고교학점제로 운영된다고알고있는데 거기서 전과목 1등급을 목표로 공부하고있습니다. 1. 수학많이 빡세요? (전주에있는고등학교치고) 2. 공부잘하는애들은 따로 더 공부?가르친다고 들었는데 맞나요? 3.학습분위기는 어떤가요? 4.선생님들이 열심히 가르치시나요? 5.한일고 말고도 제가 갈만한 고등학교 추천해주세요! 6.수학 말고 나머지 과목들의 시험난이도는 어떤가요 7.한일고만의 장점있나요 (ex.더 준비를 해주는것 동아리입시관련된점공부를 더시켜준다거나..),121305, 11,2024.11.06
477577208,질문영암에서 전주까지 용달비용,이사박스 7호로 6박스 물량인데 짐이송만 하면 얼마나오나요? 목포나 영암에 저렴한 용달 있으면 알려주시면 감사하겠습니다!,121305, 19,2024.11.06
477573069,질문인터넷 대칭인지 비대칭 인지 알려주세요,인터넷 바꿀려고 하는데 통신사 별로 대칭형 되는지 알려주시면 감사합니다 인천광역시 계양구 효성동 321-17 영진빌라 3동 201호,121305, 20,2024.11.06
477572128,질문전주 공고 면접...,전주 공고 면접 보로 가는데 무슨 질문을 하나요 그리고 자기소개를 하라고 할때 어떻ㅇ게 ㅎ해야 하나요? 저동차과 입니다,121305, 18,2024.11.06
477471512,질문전주시 거성근영아파트 부근에 있는 카페중에서요..ㅠㅠㅠ,서울 마포구에 있는 겨울이 머무는 집과 비슷한 데 애완견이 없는 사람이 가도 개를 만질수 있는 카페 있나요? ㅠㅠㅠㅠㅠㅠㅠㅠㅠㅠㅠㅠㅠ 있다면 주소와 이름좀 알려주세요ㅠㅠㅠㅠㅠㅠㅠㅠㅠㅠㅠㅠㅠㅠㅠㅠㅠ 좀 떨어져도 전주면 상관 없어요 ㅠㅠㅠㅠㅠㅠㅠㅠㅠㅠㅠㅠㅠㅠㅠㅠㅠㅠㅠㅠㅠㅠㅠㅠㅠㅠㅠㅠㅠㅠㅠ,121305, 32,2024.11.06
477567268,질문전주 유일여고 or 전주 솔내고,곧 원서 쓰는데 저만 아직 학교 못 정했어요 ㅠㅠ 유일 갈까요 솔내고 갈까요? ㅠ 제발 도와주세요 ㅠ,121305, 20,2024.11.06
477566945,질문전주 완산경찰서 문의,전주완산경찰서에서 우체국통해서 등기를 보냇다는데 과태료가 3개월정도 미납된게 잇더라구요 이거때문일까요?,121305, 15,2024.11.06
477286282,질문전주 신흥중...,전주 신흥중 어때요? 나쁜애들이나 위생같은거 궁금합니다,121305, 35,2024.11.06
477358559,질문서신동 늦게까지 하는 식당,영화를 볼 생각인데 영화가 끝나면 저녁 10시 10분 정도 되거든요 그래서 영화 끝나고 밥을 먹을껀데 늦게까지 여는 식당좀 알려주세요!! 롯데백화점 근처로 알려주세요,1213050214, 29,2024.11.06
477562835,질문1지망 떨어지면 2지망부터 쭈루룩 떨어지나요 (고등학교,제가 내년에 고등학교에 들어가는데요 막 주변에서 안산 성안고로 1지망 쓰면 절대 안붙는다고 1지망 떨어지면 다 쭈루룩 떨어진다고 막 그러던데 진짠가요? 자기네들이 교육청도 아니고 뭣도 아니면서 다 아는거처럼 굴어서 짜증나요,1213050119, 14,2024.11.06
477562226,질문전주사대부고 갈 수 있나요,지금까지 본 시험 성적 평균 60.. 사대부고 갈 수 잇을가요,121305, 21,2024.11.06
477556785,질문전주에서 용인 에버랜드까지 대형 택시 요금,대형택시로 전주역에서 에버랜드까지 가면 얼마나 나오나요 대형택시 어디가 좋나요,121305, 23,2024.11.06
477549515,질문전주 아뜰리에...,전주 아뜰리에 헤어 학원비 최대 어느정도 해요? 다녀본사람응 후기좀 알려주세요 광고 노노노노노노노.,121305, 16,2024.11.06
477544702,질문스테파 방청,전주에서 cj enm 일산 제작센터까지 고속버스 타고 가야하는데 어떻게 가는게 제일 좋나요??,121305, 30,2024.11.06
477541053,질문가이드업체,전주 주변에 있는 가이드업체들 알려주세용,121305, 15,2024.11.06
477541035,질문전주 가이드업체,전주에 있는 가이드업체들 알려주세요,121305, 15,2024.11.06
477536806,질문2025년 겨울방학 기간..,전주에 위치한 초중학교 겨울방학 기간 알려주세요,121305, 13,2024.11.05
477536724,질문전주 평준화 고등학교,안녕하세요 곧 중학교 졸업을 하고 고등학교 입학을 앞 둔 중3입니다 저는 전주 평준화 고등학교 진학을 희망하고 있어요 전주에 거주 하고 있진 않고 전라북도에 거주 하고 있습니다 제가 지각이 좀 많아서 비평준화고등학교는 떨어질것 같은 불안함에 친구랑 평준화 입문계 고등학교를 희망 하고 있습니다 질문 드리고 싶은건 전주에 있는 평준화 입문계 중 시골 같은 고등학교가 있을까요? 공부도 평균이면서 시험도 별로 어렵지 않은 학교가 있나 궁금 합니다 친구랑 같이 붙고 싶어서 경쟁률이 낮고 지원률이 낮은 고등학교 가고 싶습니다 기숙사는 2인 1실 이였으면 좋갰습니다! 방에 화장실 씻을 수 있었으면 좋겠어요ㅠ 꼼꼼히 답 해주시면 채택 후 네이버 포인트 3000천 드릴게요ㅠ,121305, 15,2024.11.05
477533230,질문전주 버스 질문,서부신시가지아이파크에서 전주시온성교회까지 버스로 아침 6시-7시 사이에 갈 수 있는 보스 번호 좀 다 알려주세요!,121305, 28,2024.11.05
477531158,질문전주완산여고 원서를 고민하고있는데 궁금한것 알려주세요,1. 혹시 완산여고 면접 보나요? 2. 자소서는 어떤식으로 써야할까요? + 만약 자소서를 가지고 오시라고 하셨으면 언제 가져가야 할까? (관광서비스과 생각중입니다...),121305, 15,2024.11.05
477447575,질문전주이씨 족보 찾기 질문입니다.,제가 족보를 찾아보고 싶은데 집안 어르신들이 잘 모른다고 하셔서 질문 남깁니다. 저희 할아버지는 영자(꽃부리영) 돌림 이시고 저희 아버지는 규자(잘모름) 돌림 저는 상자(서로상) 돌림 입니다.,121305, 32,2024.11.05
477514856,질문티처스 12화 도전학생,티처스 12화에 황예원 도전학생 인스타가 궁금해요,1213050219, 15,2024.11.05
477511259,질문전주 스케일링 치과,의사분이 직접 해주는곳 추천해주세요!,121305, 20,2024.11.05
477511225,질문전북외과 스쿨버스,전주까지 가는거 있나요??,121305, 22,2024.11.05
477488337,질문전주공고 질문,1. 제가 이번에 전주공고를 갈려고하는데 갈수있나요..? 89%정도 됩니다.. 2. 기숙사는 들어갈수있나요..? 3. 상위권이면 대학교도 갈수있다는데 사실인가요..? 4. 공고 떨어지면 일반고 갈수있나요..?,121305, 14,2024.11.04
477396264,질문전주 8명이서 놀 파티룸 추천해주세요,이쁜 건 딱히 상관 없고 쇼파 같은 누울 거 있으면 좋고요 냉장고 있으면 좋고요 큰 티비 있으면 좋을 거 같아요 적당히 넓어도 좋을 거 같아요 보드게임이나 그런 거 상관없이 위에 있는 것들에 충족하는 전주 파티룸 있을까요 오전부터 저녁까지 시간 가능하면 좋을 거 같아요,121305, 25,2024.11.04
477480528,질문전주 풍년제과,전주에 풍년제과 본점이 완산구에 있는게 본점인가여? 풍년제과는 수제초코파이로만 만드러서 파는건가여 다른 제과도있나여? 풍년제과 맛있는거 추천점여~,121305, 14,2024.11.04
477471994,질문전주 대형 숙박시설 문의,문화 기획사에서 캠프를 기획중인데요 전주에서 진행할 예정입니다. 익산 함라체험한옥단지처럼 체험도 가능하고 숙박도 가능한 공간이 있을까요??? 혹은 청소년수련원처럼 숙박 가능하고 수련원 내 세미나공간들을 활용할 수 있는 그런 공간이 있을까요??,121305, 14,2024.11.04
477471343,질문우체국 택배 전주 덕진구 완산구,안녕하세요 저 인후동사람이라 덕진구인데 자꾸 우체국 택배 준등기나 시키면 줄긋고 완산구로 써있는데 이거 왜이러는건가요? 이거때문에 그런가 늦게오고 택배 뺑뺑 돌고 왜이러나요 제가 1년동안 저희집 주소를 잘못 알고 있는건가요?,12130501, 16,2024.11.04
477470516,질문전주도청지사실,,121305, 19,2024.11.04
477464688,질문전주 길거리야 질문ㄴ,길거리야는 전주에만 있나욤,121305, 26,2024.11.04
477444721,질문전주공고 가고 싶은 중3 남학생입니다,안녕하세요 전주공고 가고싶은 중3입니다. 저는 석차배분율이 70%입니다. 출석일수는 지각이나 무단이 하나도 없는데 갈수있을까요? 가고싶은 과는 토목과 또는 전자과입니다,121305, 21,2024.11.03
477440659,질문전주 중화산동 맛집 갈만한곳 알려주세요,안녕하세요. 중화산동에 거주 하고 있습니다. 여기저기 먹을만한집들 계속 찾아다니는데 아무래도 한계가 있다보니 더 알고 싶어서 남깁니다. 전주 중화산동 맛집 알려주세요. 메뉴는 아무거나 상관 없습니다. 무엇이든 맛만 있으면 됩니다. 비위생적인곳은 안되요!,121305, 14,2024.11.03
477440057,질문코피어싱 질문,18살 코피어싱 뚫어주는곳 경기서울수원 에 있을까요?,121305, 16,2024.11.03
477438872,질문안 익은 돼지고기와 열,오늘 오후 2시쯤에 갈비집에서 조금 덜 익은 돼지고기를 먹고 놀다 들어왔는데 열이 납니다. 단순한 몸살이나 감기일까요? 아니면 덜 익은 돼지고기로 인한 열일까요? 알려주세요,121305, 16,2024.11.03
477434153,질문전주 시내버스 511,전주 511 시내버스에 에어팟을 놓고 내려서그런데 전화번호 있을까요??,1213050124, 23,2024.11.03
477433935,질문87퍼인데 인문계 가능,평준화이고 전주!!‘,121305, 23,2024.11.03
477407448,질문전주 세종 연애,여자친구는 전주고 저는 세종인데 이정도면 장거린가요?? 너무 보고싶네용ㅠㅠ 참고로 자차가 있어서 1시간정도 걸립니다!,121305, 22,2024.11.02
477407425,질문전주 인쇄소 추천 부탁드려요!,학교 동아리 전시회 출품용으로 고화질 그림을 조금 큰 종이에 출력해야 하는데 한장만 출력할 수 있는 곳이 전주에 있을까요? 추천 부탁드려요!,121305, 16,2024.11.02
477407244,질문익산 군산 김제 중,어디가 도농 복합도시이고 어디가 아닌가요,121305, 23,2024.11.02
477403375,질문일반고 < 특성화고 전학 관련,현재 일반고에 재학중인 고등학생입니다 타지입니다 특성화고로 전학을 희망하고있는데 용산 철도고 이런곳으로 알아보고있는데 가능한가요?,1213050223, 17,2024.11.02
477401384,질문익산시청하고 군산시청하고,어디가 더 일이 많을까요 익산이 땅이커서 더 많으려나여,121305, 17,2024.11.02
477397223,질문전주역에서 완산중학교 갈려면,전주역에서 완산중학교까지 갈려면 어떻게 가야하고 얼마 정도 걸릴까요?? 전주는 혼자 처음 가봐서..,121305, 22,2024.11.02
477345578,질문전주 새전주요양병원 그지같은 요양병원,전주 새전주요양병원 그지같은 요양병원 전주 새전주요양병원 그지같은 요양병원 전주 새전주요양병원 그지같은 요양병원 전주 새전주요양병원 그지같은 요양병원 전주 새전주요양병원 그지같은 요양병원,121305, 41,2024.11.02
477390609,질문전주실내 낚시터 있을가요?,#전주#실내낚시터,121305, 27,2024.11.02
477338144,질문전주기전여고 체육복 관련,학년별로 체육복 색깔이 다르다고 들었는데 2025년도 신입생들 체육복은 무슨 색인가요? 아니면 현재 고3 체육복은 무슨색인가요,121305, 31,2024.11.02
477386686,질문엄마가 찜빌방 계약후 나오질 못해요..도와주세요,엄마가 두어달 전쯤 지인 소개로 때밀이학원을 다닌다 하더니 집 인근에서 실습하고 숙식되는 지방으로 간다하더니 충청도 소재 찜질방에 들어갔습니다 엄마는 경도인지장애와 무릎수술로 몸도 불편한상태입니다 아무리 말려봐도 친구와 함께 가서는 500만원 계약서를 덜컥 써버렸네요. 계약조건은 다음 세신사 구해질때까지 못나간다.. 엄만 안일하게 판단한거 같지만 소개사 말만 믿고 간거같습니다 장사는 그리 잘되지 않고 그래서 다음세신사도 구해지지 않습니다 병원도 가야 하는데 나올수도 없다하고 어떻게 대처해야할지 몰라 글 올려봅니다,121305, 25,2024.11.02
477384551,질문전주에서 킨텍스까지 가는 제일 빠른 차가 뭐죠,제곧네입니다 내일 친구랑 호요가려고요,121305, 24,2024.11.02
477372101,질문이건 뭐하는 물건인가요?,뭐하는 물건인가요!?,1213050228, 23,2024.11.01
477161332,질문저 고등학교 어디갈까요?? (전주),저 지금 중3이라 고등학교 골라야 하는데 어디가 저한테 맞는지 잘 모르겠어요..ㅜㅠ 전 좀 빡센 중학교에서 평균 86 상위 46%로 엄청 중간이에요 분위기를 좀 타는 편이긴 해요 내신 잘딸수 있는데 가고 싶긴한데 전주여고 한일고 전북사대 근영여고 중앙여고 생각 중이에요!,121305, 36,2024.11.01
477367554,질문이번주 일요일 전주에서 격포 가는버스,언제타야하고 몇분걸리나요?..,121305, 15,2024.11.01
477137719,질문전주공고 과 선택,전 전주공고 자동차과 아니면 전기과를 생각하고 있는데요 어디를가야할지 모르겠어요 내신은63%정도 나오는데 둘다 들어갈수 있다 하더라고요 자덩차는 내연자동차도 있긴하지만 내년부토는 전기 자동차 실습장이 만들어진다 하더라고요 전기과나 자동차 어디가 나을까요,121305, 31,2024.11.01
477357861,질문고등학교를 어디로 가야할까요..,올해 중3 내년에 고등학생 되는 학생입니다. 제가 이전까지 고등학교에 대해서 하나도 숙지를 안하고 놀다가 이제서야 심각성을 깨닫고 고등학교에 대해 알아보고 있네요. 제 성적은 처참합니다. 미술이나 음악같은 과목을 제외하곤 보통 잘해야 B 최소 D까지도 내려갑니다. 처음엔 외국어 고등학교에 정말 가보고싶어 찾아보기도 했는데 영어 성적이 올 C이다보니 매우 힘들 것 같고 마이스터고는 이제야 찾아보니 전부 원서 접수가 끝나고 합격자 발표 시기… 참 힘드네요. 어떤 고등학교를 가야할까요..,121305, 23,2024.11.01
477342321,질문전주 이씨 족보가 알고 싶습니다!,전주 이씨인데 족보를 어떻게 해야지 알 수 있을까요? 알고 싶어요!,121305, 93,2024.11.01
477338276,질문전주에서 논산...,전주에서 논산가는 길에 휴게소 있나여 ㅠㅠ,121305, 23,2024.11.01
477337924,질문전주공고 학생,전주공고 학생들은 보통 학교 끝나고 어디서 노나요?? 근처에 놀 곳도 별로 없던데..,121305, 32,2024.11.01
477335083,질문전주기전여고vs전주사대부고,어디가 더 내신따기 쉽나요 (기전여고 많이 빡센가요ㅠㅠ),121305, 39,2024.11.01
477335047,질문전주양현고 vs 전주사대부고,어디가 더 내신따기 쉽나요,121305, 33,2024.11.01
477333813,질문익산 군산 중,어디가 더 큰도시인가요 발전정도나 이런것들,121305, 16,2024.10.31
477330273,질문유비빔님 식당가게,전라북도 전주에 가면 정말로 유비빔사장님을 뵐수있나요?? 하필이면 이름이 비빔밥할때 유비빔ㅋㅋㅋㅋㅋㅋㅋㅋㅋ,121305, 42,2024.10.31
477322583,질문전주 시내 (?),대전 토박이 전주 여행 가려는데 대놓고 유명한 한옥마을 이런곳 말고 전주 시내가 어딘가요? 그냥 소품샵카페네컷사진 밥집 좀 두루두루 모여 있는 곳이요 !,121305, 13,2024.10.31
477237155,질문전주 한옥마을 둘중 언제가는게 더나을까요ㅜㅜ?,11.7은평일이라 사람들없을거같긴한데 단풍이덜졋을거같기도하고.. 차없는거리는주말만 한다길래..그것도신경쓰이는데11월10일이후에가는것과 7일에가는것중 뭐가더나을까요ㅜㅜㅜ너무고민이되어서 답변부탁드립니다ㅠㅠ (이쁜은행나무구경하러가는거에요~~),121305, 26,2024.10.31
477302372,질문전주 서신동 바이크박스,픽시도파나요??,1213050214, 21,2024.10.31
477239566,질문전라도 국립대 순위,제가 전주 살고 있는데 등록금이 국립이 더 싼 걸로 알고 있는데 전라도 국립대 순위좀 알려주세요.,121305, 40,2024.10.31
477293315,질문전주성 자리,제가 이번주 토욜에 여기 앉을 건데 시야 괜찮을까요? E 2F입니다!,121305, 13,2024.10.30
477270523,질문전주역 근처에 동물원,아직도 공사중인가요?,121305, 20,2024.10.30
477270457,질문전주양현고 한일고 전주고 호제 장단점알려주실 천사분ㅜㅜ,이제 고등학교올라가는 학생입니다 전주 양현고 한일고 전주고 호남제일고의 장단점과 교육수준 학교에 관한것 모두 알려주시면 감사하겠습니다ㅠㅠㅠ!!,121305, 34,2024.10.30
477270209,질문전주 보컬학원 취미반 추천해주세요,20대 초반 남자이고 평소 노래부르는걸 좋아해서 본격적으로 취미를 노래로 가져보려합니다 전주 취미반을 운영하는 노래학원 알려주세요 1대1이든 단체래슨이든 상관 없습니다,121305, 20,2024.10.30
477260575,질문전주비전대 간호학과 예비 90번대 추합 가능성,예비 97번 받았는네 추합 가능성 있을까요?,121305, 31,2024.10.30
477255208,질문전주에서 오송역,기차 표가 없는데 토요일에 가야하는데 내일 전주역에 가서 입석을 살수있나요? 아니면 어떻게 해야하나요?,121305, 27,2024.10.30
477138813,질문대구경원고등학교학교점퍼구매가능한곳,안녕하세요. 대구경원고등학교 학생 학교 점퍼를 구매하고 가능한곳을 아시는분 계시면 알려 주세요.,1213050201, 27,2024.10.29
477246607,질문전주공업고등학교,석차 백분률 99.5인데 전주공고 비 인기과라도 갈 수 있을까요?,121305, 15,2024.10.29
477246203,질문익산과 군산 중,보통 어디가 더 인기가 많나여,121305, 16,2024.10.29
477235587,질문남친이랑 데이트 추천,전주에서 할수있는데이트 추천해주세요 :),121305, 23,2024.10.29
477098405,질문전주 여고 남녀공학,전주에 있는 한 중학교를 다니고 있는 중2 여학생입니다 부모님이랑 고등학교 얘기를 자주 하고 있는데 부모님은 여고를 가라고 하십니다 근영여고요 저는 공학으로 가고 싶고 호제를 가고 싶어요 2학년 1학기에는 전체 49등을 했고요 2학기 중간고사는 150명 중 60등대 정도 했는데 이 성적을 3학년 때까지 유지한다면 호남제일고 갈 수 있을까요? 제 성적으로 호남제일고 가면 많이 빡셀까요? 그리고 전주에서 여고가 내신따기 쉬운가요 공학이 내신따기 쉬운가요? ㅠㅠ 그리고 호남제일고 내신 따기 힘든가요?,121305, 57,2024.10.29
477152984,질문전주 아이앤유 성형외과 쌍수 잘하나요??,하신 분들 후기 알려주세요 ㅜ,121305, 35,2024.10.29
477220850,질문전주온빛초등학교 근처로 괜찮은 논술학원이 있을까요?,지식인에 글을 올려도 좋다는 추천을 받아서 글을 쓰게 되었어요... 저희 아이가 지금 전주온빛초등학교를 다니고 있는데 책을 너무 안 읽으려고 해서 논술학원이라도 보내야 읽을 것 같아서 글을 남기게 되었어요... 아직은 초등학교 2학년이지만 이대로 그냥 두면 나중에는 글을 읽는 것도 쓰는 것도 힘들어할 것 같아서 논술학원을 보내려고 하거든요. 혹시 전주온빛초등학교 근처에 괜찮은 논술학원이 있을까요?,121305, 47,2024.10.29
477213182,질문전주 스트레스 풀만한 곳,전주에 스트레스 풀만한 곳이 있을까요?? 노래방 같은 데 말고요 남자친구가 스트레스를 너무 많이 받아하는 것 같아 풀어주고 싶습니다 근교도 괜찮아요 ! 이쁜 카페 좋아하고 난리치는 거 좋아합니다 추천 부탁드려요 ㅠㅠ,121305, 23,2024.10.29
477213029,질문전주 폐가체험,전주에 혼자서 폐가체험 할 만한 곳 있을까요?? 사람 많이 안 다니고 조용한 곳이면 좋겠고 따로 떨어진 건물이 아니더라도 좋아요,121305, 44,2024.10.29
477211859,질문전주에 있는 고등학교중..,곧 졸업을 압두고 고등학교릉 정해야하는 중3 여자입니다. 제가 전주여고랑 전주제일고 중에 고민을하고 있는데요. 어디가 더 좋을까요? 예를 들어 내신 따기 쉬운곳 시설이 좋다 분위기가 좋다는 등ㅇ 이런것 좀 알려주세요! (성적은 딱 중간 정도),121305, 24,2024.10.29
477145882,질문전주 제일고,제일고 고민하는 학생입니다. 1.님녀분반이라도 들었는데 체육대회나 수학여행은 어떻게 하나요? 2.남녀분반인데 층이 다른가요? 3. 교복은 어떻게 생겼나요? 4.성적순으로 뽑을까요 거리순으로 뽑을까요?,121305, 45,2024.10.28
477201238,질문전주 서신중,꼭 여자가 치마해야해요?,121305, 27,2024.10.28
477197581,질문전주 온고을중학교 아중중학교 어딜 가야 더 좋아요?,근거리는 3근거리가 온고을 4근거리가 아중이에요 12근은 가기시러서요 내년 중학교입학인데 아중중가야좋을가요 온고을중가야조을까요ㅠㅠㅠㅠㅠ 두학교 장단점이랑 어디갈지 추천좀,121305, 17,2024.10.28
477121753,질문전주성심여자고등학교...,전주성심여자고등학교에 진학지도실이 있나요??,121305, 22,2024.10.28
477118744,질문전주 남부시장에서 홍시찹살떡 어디서 팔고 개당 얼마죠?,ㅈㄱㄴ에요ㅠㅠㅠㅠㅠㅠㅠㅠㅠㅠㅠㅠㅠㅠ,121305, 25,2024.10.28
477185659,질문전주 객사 맛집이랑 카페 예쁜 곳 알려주세여ㅠㅠ,,121305, 101,2024.10.28
477167883,질문작년에 전주 인문계 커트라인 몇이였나요..?.,80퍼인데 … 지금부터라도 열심히하고 인문계 들어가서 성적 잘나오고 인서울 하고 싶습니다 …..망상이겠지만요,121305, 38,2024.10.27
477159117,질문기내 전동칫솔,내일 제주도로 수학여행을 가는데 비행기를 처음 타보는데요. 배터리 넣고 쓰는 전동칫솔이나 보조배터리는 비행기에 가지고 타야하는건가요? 캐리어에 넣어야하는건가요? 그리고 비행기에 보조가방 가지고 탈 공간이 있나요?,1213050219, 42,2024.10.27
477157675,질문전주 중학생 전과목!!!! 학원,서신동이면 좋아요 +서신서림학원 전과목 학원인가요? 꼭 전과목학원이였으면 좋겠어요 국영수사과 정도??,1213050214, 38,2024.10.27
477157345,질문전주를 홍보할만한 문구가 뭐가 있을까요?,수행평가 발표를 해야하는데 지역을 홍보하는 문구나 캐릭터를 만들래요 저는 문구로 하려고 하는데 괜찮은게 있을까요?,121305, 24,2024.10.27
477080459,질문전주시 특수규격종량제 봉투,안녕하세요 데코 타일을 처분 하려고 하는데 주민센터를 방문해보니 특수규격종량제 봉투는 다농에서만 판매한다고 해서 다농을 가보니 없다고 하네요. 전주시는 어디서 파나요? 매립용에 버리면 안 될것 같던데 도와주세요 ㅠ,121305, 36,2024.10.27
477149840,질문산정호수 10번 버스 시간펴,운천에소 산정호수가는 10번 버스 시간표돔 알려주세요ㅠㅠ..,1213050112, 22,2024.10.27
477139284,질문전주 한옥마을,11월 초에 친구들이랑 전주 가는데 전주 가면 거의 필수로 한옥마을 가잖아용 저희도 지금 한복 입을 생각이 들떠있는데 한옥마을 대여점이 있다고 들었는데 친구들 말론 종일권?이랑 뭐 시간대 별로 돈 드는게 있다고 했는데 ((아무리 찾아봐도 뭐가 뭔지를 잘 모르겠어요ㅎㅎ..)) 저희가 몇시부터 몇시까지 있을진 모르겠다만 ***시간대별 돈 드는거면 1시간에 얼마고 1시간 끝나갈 때 쯤에 계속 1시간씩 연장할 수 있나요? 종일대여?뭐 그런거는 얼마인가용 다른 친구들이 갔을 때는 급해서 그런건지 모르겠는데 한복 안에 옷을 입었다더라고요 혹시 그 대여한 한복 안에 옷 입어야하나용? 만약 벗어도 되는 거면 사물함 같은곳에 옷 넣을 수 있나요ㅠ?,121305, 33,2024.10.27
477131337,질문전주 일페,이번에 전주에서 열리는 일페 티켓 어디서 사나요,121305, 25,2024.10.27
477021386,질문전동 휠체어 장애인,제가 전동휠체어를 타고있는데요 제주도 여행을 계획하고있는데요 어떻게해야 하는지 몰라서요 차량 숙소 비행기 식당 등 그리고 여행 코스도요 알려주세요,1213050219, 41,2024.10.26
477114447,질문전주 솔내고 어떤가요?,아직 고등학교를 못 정한 예비 고1인데요. 제가 아는 선배가 1도 없어서 주변 고등학교 정보가 없어요. 구글에 솔내고 검색해도 나오는 정보가 별루 없네요ㅠ 솔내고 장단점 알려주세요 ㅠ,121305, 51,2024.10.26
477113774,질문인명여고 재학중인 분들만 답해주세요ㅠㅠ,인명여고 어떤가요? 인명여고가 막 과학고나 그런 특목고에 떨어진애들이 간다는게 사실인가요?? 학군이 바꼈는데 좀 나아졌나요..? 시험 많이 빡센지도 알려주세요ㅠㅠ,1213050223, 155,2024.10.26
