﻿doc_id,answer_index,answer,answer_date
476898863,476898863_1,안녕하세요님 말대로 나이가 50대를 넘었으면 조무사보다는 요양보호사 쪽으로 많이 가세요.제 지인도 이제 40인데 그 분은 간호학과로 다시 가서 이제 졸업을 앞두고 있는데 나이가 있어 취업이 힘들다고 하네요다른 지인은 40초반에 조무사 과정을 하고 지금은 병원에 근무중이에요. 지금 나이에 조무사를 하면 마찬가지로 취업문이 좁아요. 결국 요양원쪽으로 가는것 같아요.요양보호사는 조무사보다 과정도 짧고 가족도 할 수 있고요. 물론 몸은 좀 힘들다고 하네요 ㅜㅜ어느 쪽을 택하든 마음먹기 달린듯 하넹ㅅ. 힘내시고 늦었다 생각맑ㅎ ㅎㅘ이팅 해보새요~,2024.10.23.
476921660,476921660_1,칠곡지하도 부근 동서정형외과 입원실 있습니다,2024.10.22.
476788914,476788914_1,대리처방요건 및 구비서류 안내 (knockknocksmart.com)대리처방요건 및 구비서류 안내부모님과 형제  자매들의 대리처방이 필요할 때가 한번쯤은 있지 않나요?2020년 2월 28일부터 시행된 정책에 대해서 자세히 알려드리겠습니다.대리처방이란?대리처방은 환자가 직접 약을 받을 수 없는 상황에서 대리인이 처방전을 수령할 수 있도록 하는 제도입니다.이 제도는 환자의 안전과 편의를 고려하여 마련된 것으로  특정 요건을 충족해야 합니다.대리처방 요건대리처방이 가능하기 위해서는 다음 두 가지 경우 중 하나에 해당해야 합니다✔️환자의 의식이 없는 경우✔️환자의 거동이 현저히 곤란하고  같은 질환에 대하여 계속 진료를 받아오면서  ...knockknocksmart.com,2024.10.18.
476739589,476739589_1,아니요,2024.10.17.
476739589,476739589_2,아니오,2024.10.27.
476737320,476737320_1,4만원-5만원 사이 입니다,2024.10.17.
476644091,476644091_1,검단사거리역 근처 추천합니다,2024.10.15.
476560315,476560315_1,패디과 입시할때요...옷 만드는걸로 뭘 보진 않거든요양장학원은 보통 대학교 수업에서 만족 못하고 추가로 더 배우고싶거나 패디과 안나왔는데 옷 만들어 팔고싶은 사람들이 가는곳이에요학원비도 장난아니게 비싸구요진짜 굳이...?디자인 입시학원을 다니세요패디과는 디자인 그림을 보고세종대만 유일하게 인체 수채화로 입시해요성적이 중요하니까 홍대 경희대 이대 패디과 가고싶으면 성적도 더 챙기시고요,2024.10.13.
476328513,476328513_1,바디엔지니어스짐침산점 추천드려요 실력있는선생님들 이 많아요!!,2024.10.07.
476328513,476328513_2,안녕하세요! 국민피티 침산점입니다.국민피티 침산점대구광역시 북구 침산로 93 이마트 6층 하늘정원이마트 6층 하늘정원에 위치한 국민피티는고강도 기능성 운동 프로그램으로유산소  근력 운동  재활 운동까지 할 수 있는 곳입니다.월  수 - 유산소 운동화  목 - 근력 운동금  토 - 유산소+근력 운동매일 바뀌는 운동 프로그램으로 지루하지 않게재밌게 운동 습관 만들어가보세요!Previous imageNext image그룹 트레이닝으로 파트너와 파이팅 외치며에너지 넘치게 운동하고 그룹 피티형식으로 코치님들이 꼼꼼히 자세를 봐주셔서바른 자세로 기구와 머신을 다룰 수 있어요.네이버 예약으로 일주일 무제한 체험권도이용해보실 수 있으니 궁금한 점은 연락주세요~!https://naver.me/FFSbr7E1국민피티 침산점 : 네이버방문자리뷰 353 · 블로그리뷰 80naver.me,2024.10.11.
476328513,476328513_3,안녕하세요 레드짐 침산네거리점 입니다!차로 이동하실 경우 저희 침산네거리점은 지하 1층에 주차가능하세요 ㅎㅎ레드짐 침산네거리점대구광역시 북구 침산로 138 6층또한  2024년 03월 새로 출시된 웨이트 머신들로 리뉴얼해서운동하시는데 훨씬 편하실꺼에요 (˶> <˶)♡Previous imageNext image추가적으로 다양한 GX프로그램과 스피닝 수업이 있으며 헬스 등록 시 스파시설은 함께 사용가능하세요!!혹  운동보조가 필요하시거나 운동하시는데 어려움이 있으시다면 헬스장의 선생님들을 찾아주세요( • ᴗ - ) ✧Previous imageNext image등록만 해도 무료운동지도 헬스장 레드짐 이용해보세요 ૮ ◜ᵕ◝ ྀིა문의사항은 아래 번호로 연락 부탁드립니다.010-6822-62,2024.10.12.
475811640,475811640_1,거기는 조금 덜해요,2024.09.25.
475811640,475811640_2,인천 검단...동구나 미추홀구보단 낫습니다채택도 부탁해요,2024.09.25.
475463570,475463570_1,디딤돌대출은  자격이 안됩니다은행상품으로는 가능합니다생애최초이면  80%까지도 가능한소득으로 생각됩니다소득으로 볼 때 큰 무리는  없을 것으로봅니다,2024.09.17.
475462952,475462952_1,한도면에선 2금융권이 유리할 수 있습니다추정소득으로도 심사 가능하십니다주담대 한도이외에도 추가한도 필요시엔신용대출 또는 후순위담보대출 가능합니다,2024.09.17.
475462952,475462952_2,안녕하세요소득 내용이 있어야 정확하게답변이 가능할 듯 합니다저의 카페(대구부동산투자카페 미미)에 방문하셔서 미미소장을 만나 보시면가장 정확하게 상담가능합니다부동산 및 은행원 경력 및 대출상담사로서믿을만 하실 것입니다,2024.09.17.
475191686,475191686_1,복현동에 육미제당 새로 생겼던데 추천해요고기 괜찮고 셀프바도 괜찮더라구요.,2024.09.12.
475191686,475191686_2,황제무한화로구이 침산점 추천합니다위치 참고하시기 바랍니다,2024.09.11.
