﻿doc_id,answer_index,answer,answer_date
477388553,477388553_1,복잡한 일이나 근심걱정이 발생할 수 있습니다. 일반적으로 목표가 뚜렷하게 보이지 않고 좌절이 많은 경우에 나타나는 꿈입니다. 노력하는 만큼 성과가 생기지 않을 수 있습니다.,2024.11.06
477385329,477385329_1,하고자 하는 일이 순조롭게 진행될 꿈입니다.이 꿈은 금전에 대한 고민거리가 있었다면시원하게 해결되고 평소 바라던 바가 이루어질 것을나타냅니다. 즉 재운이 따라 경제적으로 여유로워지고시험에 합격하거나 승진에 성공하는 등 즐거운 일들이생겨날 꿈입니다. 그러니 자신의 일에 열성적으로 매진하여좋은 결과를 얻고 금전적으로도 풍족한 생활을 영위하시길 바랍니다.질문자분께서 늘 건강하시고 행복하시기를 기원하며글을 씁니다.답변이 도움 되셨다면'포인트 선물'버튼을 클릭하셔서 마음을 전해 주시면 감사하겠습니다!.,2024.11.02.
477385329,477385329_2,친분관계가 있는 사람이 방문해서 부탁할 일이 생길 수 있는 꿈으로 해석됩니다. 부탁을 들어주고나면 그 사람과 관계가 더욱 좋아질 것입니다.,2024.11.03.
477385329,477385329_3,현재 우울하고 외로움을 느끼고 있음을 암시합니다. 본인의 모습이 투영되서 나타날 수 있으며 외로움과 스트레스가 어느정도 쌓여있는 상태라고 할 수 있습니다.,2024.11.06
476940607,476940607_1,널리 이름을 떨치게 될 꿈입니다.이 꿈은 각고의 노력 끝에 목표를 달성함으로써 부와 명예가 따르는 것을 의미합니다.즉 그동안 준비해온 시험에 좋은 성적으로 합격하여성취감을 얻거나 계획한 일이 성공적으로 이루어져부귀영화를 누리게 될 꿈입니다. 그러니 자신감을 갖고주어진 일에 열성적으로 매진하여 만족스러운 결과를 얻으시길 바랍니다.질문자분께서 늘 건강하시고 행복하시기를 기원하며글을 씁니다.답변이 도움 되셨다면'포인트 선물'버튼을 클릭하셔서 마음을 전해 주시면 감사하겠습니다!.,2024.10.22.
476940607,476940607_2,"이 꿈은 여러 가지 상징적인 요소들이 결합되어 있어  여러 가지로 해석할 수 있습니다. 꿈 속의 다양한 상황과 감정 상태는 당신의 현재 심리 상태와 삶의 경험을 반영합니다. 아래에서 꿈의 각 요소를 자세히 분석해보겠습니다.### 1. 쇠사슬- **속박과 자유**: 쇠사슬은 보통 속박을 상징하지만  꿈 속에서 그것을 끌고 가고 있는 모습은 어떤 제약에서 벗어나고 싶다는 욕구를 나타낼 수 있습니다. 특히 쇠사슬이 사라진 후 다시 찾는 과정은  한때 놓쳤던 무언가의 의미를 되찾고자 하는 마음으로 해석할 수 있습니다.### 2. 할머니- **세대와 지혜**: 할머니가 등장하는 것은 매개체의 의미를 지닐 수 있습니다. 이는 삶의 지혜나  또는 지나온 시간에서 얻은 경험과 지식을 상징할 수 있습니다. 당신의 성장과 자기 발견의 과정에서 세대 간의 연결을 의미할 수 있습니다.### 3. 자전거- **자율성과 진보**: 자전거는 자율적으로 움직이며 자신의 방향을 설정할 수 있는 교통수단입니다. 따라서 자전거를 타고 있다는 것은 스스로의 삶을 조절하고  주체적으로 나아가고 있다는 점을 시사합니다.### 4. 도로와 교통- **방향성과 선택**: 1차선 도로를 따라가는 모습은 당신이 선택한 방향으로 나아가고 있다는 의미가 있습니다. 오는 버스를 기다리는 모습은 주변의 상황이나 다른 사람의 속도에 의해 영향을 받고 있음을 나타냅니다. 이는 조화롭게 타인과의 관계를 맺고 있다는 긍정적인 신호일 수 있습니다.### 5. 기분과 감정- **행복감과 여유**: 꿈 속에서 당신이 느낀 행복감을 잊지 않고 있다는 점은 긍정적인 심리 상태를 나타냅니다. 즐거운 마음으로 자전거를 타고 있다는 모습은 현재의 삶에서 활력을 느끼고 있으며  긍정적으로 상황을 바라보고 있다는 것의 표현입니다.### 종합적인 해석이 꿈은 현재 당신이 자신의 삶을 자율적으로 인도하며  과거의 요소(쇠사슬과 할머니)와 연결되어 새로운 방향으로 나아가고 있다는 것을 나타냅니다. 여러 가지 상황 속에서도 스스로 선택한 길을 걷고 있으며  그 과정에서 느끼는 즐거움과 행복감을 강조합니다.### 조언- **자기 인식**: 현재의 행복한 감정을 계속 유지하고  그것이 어디서 오는지를 반추해보세요. 이 감정이 지속되도록 당신의 삶을 긍정적으로 가꾸는 것이 중요합니다.- **관계 유지**: 귀찮거나 힘든 상황에서도 긍정적인 관계를 유지하려는 노력은 중요합니다. 주변 사람들과의 소통이 여러분의 행복에 큰 기여를 할 수 있습니다.이 꿈을 통해 스스로의 삶에서 긍정적인 에너지를 계속 이어가시길 바랍니다!최대한 자세하게 풀어서 설명해 드렸습니다.제 답변이 도움이 되셨다면 채택과 ""포인트 선물""을 통한 마음을 전해주셔도 좋습니다^^",2024.10.22.
476937128,476937128_1,범일역 더튼튼마취통증의학과 좋아여원장님이랑 물리치료사 선생님 다 친절하시고 치료도 잘해주세요충격파 받고 나면 바로 좋아지더라구요,2024.10.23.
476220015,476220015_1,초량역은 행정구역상 부산동구입니다.부서직위전화담당업무경제복지국 > 복지정책과주무관051-440-4391긴급복지지원수정2동주무관051-440-6215찾아가는복지상담 및복지사각지대 발굴  통합사례관리 긴급지원  지역사회 통합돌봄 사업 추진초량2동주무관051-440-6128통합사례관리  찾아가는 상담 및복지사각지대 발굴  사랑의 열매  참전유공자 지원  통합돌봄(일상·긴급돌봄포함)  차량관리  임대주택  kt biz관리(안부연락)수정1동주무관051-440-6182기초수급(생계 의료 주거 교육) 및 차상위계층 관리 임대주택  에너지 효율 개선 사업긴급복지지원경제복지국 > 복지정책과주무관051-440-4395통합사례관리사 관리(급여  채용 등) 사랑의 열매긴급지원사업 업무 저장강박 위기가구 지원 사업 푸드마켓  푸드뱅크 관련 업무부산 동구 긴급 복지 담당자 연락처입니다.할아버지는 긴급복지차원에서 구청이나 시에서 도움을 줄 수 있습니다.부서직위담당업무전화번호본청 > 사회 복지 국 >  복지 정책과주무관- 정부형긴급복지지원 사업 운영 이의신청에 관한 사항 - 부산형긴급복지지원사업/부산형 기초보장제도운영에 관한 사항 - 구군 통합조사팀 실무자 워크숍에 관한 사항 - 기초수급 관련 방문 전화민원 상담에 관한 사항051-888-3176부산시 긴급복지 담당자입니다.긴급복지로서 할아버지가 인근의 시청이나 구청과 연관된 요양원 등의 시설을 이용가능할 수 있을것을 보이고시청이나 구청에서 안된다면은 각 뉴스 언론에서 해당 사진 등 촬영된게 있다면은 제보를 통해서 언론의 도움을 받으시는게 좋을 거 같습니다.아마 언론에 나가게되면은 부산시나 구청의 복지 체계 시스템이 비판을 받을 가능성이 높기 때문에긴급복지 신고를 한다면은 할아버지가 도움 받을 수 있으니 부산시로 긴급복지 신고를 하시면은 부산시에서 부산동구청  부산지하철 직원분들과 협업해서 할아버지가 요양원같은 시설로 들어갈 수 있도록 도움 주실 수 있을 거 같습니다.,2024.10.05.
475833774,475833774_1,안녕하세요. 꿈해몽도로시입니다~1.이 꿈은 긍정적인 꿈이라고 보기는 어렵습니다. 아기가 개에게 물리는 상황은 보호받지 못하는 존재가 위험에 처해 있다는 것을 나타낼 수 있습니다. 이는 당신이 소중한 사람이나 상황이 위협받고 있다는 불안감을 느끼고 있음을 반영할 수 있습니다.2. 주변 사람이나 상황에서 안전에 주의하세요. 특히 어린아이와 관련된 상황에서는 더욱 조심해야 합니다.갈등: 사람들과의 관계에서 갈등이나 오해가 생길 수 있으니  대화에 신중을 기하고 감정을 잘 표현하는 것이 중요합니다.,2024.10.10.
475663663,475663663_1,다른 지역에서는 헌옷수거함에 넣어서 버리는데요근처에 헌옷수거함이 없다면 동구청에 전화를 해서 이불 버리는 방법을 문의해보세요...051-440-4455(부산 동구청 환경청소위생과),2024.09.22.
475663663,475663663_2,이불은 대형폐기물로 위탁업체에 의뢰하여 처리하셔야 합니다https://www.bsdonggu.go.kr/index.donggu?menuCd=DOM_000000104005004000대형폐기물배출요령 < 청소/환경 < 분야별정보 < 부산광역시 동구청분야별정보 좌측메뉴 민방위/재난 중대재해 자동차/교통 부동산/건축 경제/일자리 청소/환경 쓰레기분리배출요령 음식물폐기물배출요령 대형폐기물배출요령 대.소형폐가전처리안내 가로청소환경관리원안내 문전수거청소용역계약안내 재활용종합정보 단독정화조 및 오수처리시설관리 환경개선부담금제도안내 오존경보제 먹는물공동시설안내 남은음식물재사용금지안내 석면관리 종량제봉투 정화조청소료 상수도정보 하수도정보 환경 자료실 청소 자료실 미세먼지 예·경보제 교육/강좌 체육/녹지 Home > 분야별정보 > 청소/환경 > 대형폐기물배출요령 대형폐기물배출요령 대형 생활 ...www.bsdonggu.go.kr위탁업체 : 부산환경 ☎ 051-631-0933,2024.09.23.
475323665,475323665_1,좋은 길몽으로 해석되는 꿈입니다.이 꿈은 하는 일이 의도대로 이루어져막힘이 없는 상태를 의미합니다. 즉 모든 근심과걱정이 사라져 마음이 안정되고 추진하는 일마다만족한 성과를 얻어 즐거운 삶이 펼쳐지게 될 꿈이랍니다.그러니 지금의 위치에서 좀 더 박차를 가하여 만족한 성과를 얻으시길 바랍니다.질문자분께서 늘 건강하시고 행복하시기를 기원하며글을 씁니다.답변이 도움 되셨다면'포인트 선물'버튼을 클릭하셔서 마음을 전해 주시면 감사하겠습니다!.,2024.09.17.
475323665,475323665_2,네 말씀하세요.,2024.09.18.
475097916,475097916_1,이익이 생기고 일이 성공적으로 잘 진행될 꿈입니다.이 꿈은 어떠한 일의 이득을 얻게 되는 것을 뜻하지요.즉 자신의 생각대로 모든 일이 뜻대로 이루어지거나생활 형편이 점차 나아지게 될 꿈이랍니다.또한 끈질긴 노력과 알찬 결실을 맺을 수 있습니다.그러니 평소 바람이 있다면 적극적으로 행동하여 기쁨을 만끽하시길 바랍니다.질문자분께서 늘 건강하시고 행복하시기를 기원하며글을 씁니다.답변이 도움 되셨다면'포인트 선물'버튼을 클릭하셔서 마음을 전해 주시면 감사하겠습니다!.,2024.09.10.
