﻿doc_id,title,question,region_id,views,question_date
477395575,질문꿈해몽 착한동구님,착한동구님 저 질문있습니다 계시면 답변주세요,120206, 21,2024.11.02
477389609,질문꿈해몽 착한동구님...,꿈해몽 착한동구님 저 질문 있습니다 계시면 답변 주세요,120206, 26,2024.11.02
477389125,질문꿈해몽 착한동구님...,꿈해몽 착한동구님 저 질문 있습니다 계시면 답 변 주세요 ?,120206, 21,2024.11.02
477388553,질문꿈해몽 착한동구님...,꿈해몽 착한동구님 질문있습니다 계시면 답 변 주세요,120206, 27,2024.11.02
477385329,질문꿈해몽 착한동구님,착한동구님 질문 있어요 답변주세요,120206, 23,2024.11.02
477180761,질문부산동구  경남공립여자고등학교와  양산 효암고,최근5년간의 입시결과 문의드립니다 .재학생 기준 입결문의드려요 둘 다 기숙학교인걸로 압니다만면학분위기도 궁금합니다,120206, 19,2024.10.28
476940607,질문10m 되는 쇠사슬을  끌고가는 꿈 해몽 좀 알려주세요,10m 되는 쇠사슬을 끌고가다 보니 손에 쇠사슬이 사라지고 어느 시장인지 모퉁이를 돌아 어떤 할머니가 쇠사슬을 가지고 있어서 내가 다시 찾아 자전거에 올라 손에 쥐고 편도 1차선 (오른쪽 차선)직진 으로 갈려고 하는데 버스 2대가 들어 올려구 해서 버스2대 먼저 보내고 그뒤를 이어 자전거 타고 손에 쇠사슬 쥐고 10m다 로 길게 늘어지게 해서 끌고 가는데 내 얼굴엔 웃음 가득 장난끼 가득하고 콧노래 나오듯 머리를 갸웃갸웃 흔들며 행복한듯 쇠사슬 손에 쥐고 길게 늘려 트리고 자전거 타고 가다가 깼어요 무슨 꿈 인지 깨어 나서도 기분 나쁘지 않고 그냥 평상시 처럼 기분 좋았어요 어떤 의미 일까요 정말 궁굼 합니다,120206, 19,2024.10.22
476937128,질문부산 도수치료/충격파 범일동 주변에 잘하는 곳 있나요?,제가 사는 곳은 부산 범일역 근처에 사는데 주변에 도수치료 받을 만한 곳 있을까요? 20대 후반 여성입니다. 요새 일어나니까 앉았다 일어났다 하는데 통증이 나타나서 도수치료좀 받아보려고 하는데요. 집이 범일역 주변이라 범일동 주변으로 치료 받고싶은데 워낙 요즘 도수치료 하는 곳이 많아서 그냥 서면 쪽 갔다 왔는데 너무 성의없이 치료를 받아서 집 주변에서 치료 받고 싶어서요.,12020601, 43,2024.10.22
476456548,질문부산 동구 e바구페이 사용처,E바구페이 사용 가능한 음식점 알수있나요?,120206, 19,2024.10.10
476309277,질문범천동에 있는 플란치과 공휴일 쉬나요?,제가 임플란트를 해야 해서 치과를 알아보고 있습니다. 평일에는 일 때문에 시간을 내기가 어려운데 이번 주 수요일이 공휴일이라 가보려고 합니다. 범천동에 있는 플란치과 공휴일 쉬나요?,12020601, 21,2024.10.07
476220015,질문부산 초량역에 치매 할아버지가 똥도 못가리고 누워계시던,데 혹시 도울 방법이 없을까요 관련해서 알아보려고 하는데 나오지가 않아서요.. 여행 갔다가 어디선가 처음 맡아보는 지독한 냄새에 둘러보니까 엄청 마르신 할아버지분께서 (대략 70~80대 추정) 지하철 의자에서 물품보관함을 바라보는 자세로 멍때리며 앉아계시더군요. 저는 물품 보관함을 쓰려고 자리를 살피다 바닥을 우연히 보게되었는데 갈색 액체가 바닥에 잔뜩 웅덩이 져있는걸 발견했어요. 네 맞아요 상태가 매우 좋지않은 대변이었습니다. 할아버지께서는 불편하실텐데도 게속 그자리에 대변을 깔고 앉아계시고 신음소리를 내고 계셨어요...보고 119를 부를까 어디를 불러야 하나 했는데 마침 지나가던 역무원 분이 계시길래 이런 사람이있다 도움을 청했습니다. 역무원분께서는 알고 있다고 벌써 작년부터 계셨다고 하셨어요. 신고도 하고 했는데 호적이 없으시다고 해서 친척분에게 도움도 못받고 센터에서도 할 수 있는게 없다면서 거절당하시고 그렇게 누구의 도움도 받지 못한채 지하철 안에서 생활하신지1년이나 지났다고 하더라구요... 그때는 대소변을 가리셨는데 요즘에는 가리시지도 못한다고... 할아버지가 많이 아파보여서 뭐라도 돕고 싶은데 뭘 해야 할지 모르겠어요.. 마지막으로 본 장면은 비오는 날 찬 대리석 바닥에 새우등으로 누워계셨는데 그 옆에 갈색 웅덩이가 보이더라구요..제가 동물병원간호사로(수의테크로) 일하면서 강아지 똥을 꽤 봐왔는데 정말 심각해보였어요...피도 보이고..그대로면 탈수로 쓰러지실거 같은데..도와드릴 방법이 어떤게 있을까요...,12020604, 61,2024.10.05
475833774,질문꿈해몽  착한동구님9윌26일,방금 어머님 꾸신 꿈 질문합니다 ------------------------------------------------------------ 5살 정도 되는 아기를 개 가 물려고 하는 꿈 을 보는꿈 --------------------------------------------------------------- 1.좋은 꿈 인가요 ? 2.오늘 하 루 무엇을 조심해야 하 나요 ?,120206, 47,2024.09.26
475663663,질문부산 동구 이불 어떻게 버리나요?,동구청 홈페이지에 자세히 안나와있네요 종량제 봉투에 버려도 되나요?,120206, 92,2024.09.22
475323665,질문꿈해몽 착한동구님,착한동구님 안주무시면 답변 주시면 감사하겠습니다,120206, 44,2024.09.17
475097916,질문꿈해몽 착한동구님,착한동구님 잠 깐 이야기해요 지금 안주무시면 답 변 주세요,120206, 26,2024.09.10
