﻿doc_id,answer_index,answer,answer_date
477553676,477553676_1,제천여고 기숙사 시설 좋고 면학 분위기 아주 좋은 학교입니다,2024.11.06
477545735,477545735_1,같은 학년 끼리 기숙사 방 사용 합니다영월에서 제천여고 지원하지 못합니다면학 분위기 아주 좋고 대학 진학률 높은 학교입니다제천여고 지원 자격 참고하시기 바랍니다,2024.11.06
477459607,477459607_1,아프리카에서 눈은 드물지만 사하라 사막에서도 가끔 내립니다.,2024.11.05.
477437960,477437960_1,오랜만에 조심히 다녀 오십시오 라고 하셨다면 맞는것 같습니다...,2024.11.05.
477436757,477436757_1,노예 12년  장고 같은 영화에서도 볼수 있듯이자유민 하가를 가진 흑인들도 자유주든 노예주든  차별을 받았고  심지어는 다시 잡혀서 노예로 팔리거나 죽임을 당한 경우도 많습니다.1차 대전에 참전한 미군 흑인 병사들.혁혁한 무공을 세워 소속부대 사령관들에게 직접 훈장을 받고전쟁영웅이 되어 귀향한 흑인 병사들조차 귀향 퍼레이드가 끝난 이후 고향에서군복 입고 다니다가 백인들에게 린치 당해 전신주나 나무에 매달린 시체로발견된 경우가  많았던 시대였으니까...그 이전 시대는 말할것도 없었죠.,2024.11.03.
477378723,477378723_1,중국에 있으면 중국에서 가는게 시간  돈 절약하는거죠.,2024.11.03.
477410918,477410918_1,환승하실 필요가 없습니다.같은 열차입니다.그러니 대전역에서 내리지 말고  열차 안에서 좌석만 옮기시면 됩니다.,2024.11.02.
477317196,477317196_1,그렇습니다,2024.11.02.
477309187,477309187_1,아니요... 중간 관리자가 임원들에게 물어 보는건 몰라서가 아니라..임원들의 기를 세워주기 위함입니다.그리고 가끔 그들의 짬밥에서 울어 나오는 좋은 조언도 받을 수 있고요.임원이 나의 인사고가를 책정하기에 항상 물어보고 의견을 듣습니다.,2024.11.02.
477317226,477317226_1,특별하게 더 낫고 아닌게 그런 법무사죠.비용은 다 똑같으니 어차피 개인적인 친분이 있는게 아니라면.법원 앞에 많이 있는 법무사 어딜 가든 다 비슷합니다.법을 다루는 사람들이라서인지 그리 친절하지는 않지만 들어가서상담했을때 기중 친절하게 응대하는 법무사 이용하세요.개인적으로 아는 몇군데 있긴 한데 그들도 저랑 개인적인 친분관계라서다른 분들에게 크게 추천하지는 않습니다. 느낌은 다 다를테니까요.,2024.10.31.
477308195,477308195_1,잘했습니다,2024.10.31.
477307337,477307337_1,제천이 아니고 단양군 입니다.충북 단양군 영춘면 백자리 산 26-7보발재전망대충북 단양군 영춘면 백자리 산 26-7place.map.kakao.com,2024.10.31.
477268579,477268579_1,제천시보건소 인바디 측정 가능합니다,2024.10.30.
477257071,477257071_1,참고바랍니다청량리역까지 지하철 이용하시면 됩니다,2024.10.30.
477139000,477139000_1,충북에서 제천은 성적순으로 가는 비평준화 지역이에요.일반고들은 자기 주소지가 있는 시군구 지역 학교들만 지원 가능하니까제천에 사면서 다른 시군구 지역은 지원 불가능하고제천 고등학교들은 성적순으로 제고  여고  제일고  세고를 지망하는거구요.,2024.10.28.
477096505,477096505_1,종류가 광범위한데...순대국- 중앙 시장 내 제천 신협 아래쪽 우성순대.고기집- 하소동 대림숯불갈비냉삼- 국민은행 뒤 선미식당모찌- 의림초 근처 덩실분식( 찹살떡  모찌  꽈배기 ) 유명함디저트카페- 국민은행 사거리 뉴욕쟁이 디저트(십원빵  호두과자 전문점)짬뽕- 구교육청 앞 자비성  터미널 앞 유성반점등갈비- 제천고 앞 라인 두꺼비 식당샤브샤브- 이마트 앞 소담촌(여러군데 있지만 기본기가 여기가 제일 나은듯)칼국수- 중앙지구대 앞 명동칼국수  의림지 뒷쪽의 채가네 칼국수.역전 장칼국수빨간오뎅- 명동 지금은 폐점한 극장 앞 원조 빨간오뎅.추어탕- 중앙성결교회 앞 광성추어탕횟집- 청전대로변 바다사랑 횟집.입맛에 따라 다르겟지만 제찬민들 많이 이용하는 식당들요런 식당 등등이 있습니다. 참고하세용,2024.10.26.
477045641,477045641_1,청주와 제천 청주시 인구는 약85만이며 제천은 20여만으로 살기엔느 청주가 더 좋습니다.청주는 대학병원등 각종 인프가 잘 준비되어 살기에는 편 하고 좋습니다.,2024.10.24.
476978229,476978229_1,중국회사에 어떤 직책이 있는지 몰라서 정확히는 모르겠네요...,2024.10.24.
476866524,476866524_1,아무래도 임원이라서 부담이 적은것이 아닐까요...,2024.10.24.
476870096,476870096_1,네,2024.10.24.
476870096,476870096_2,회사에 상무정도면 어느정도의 연세가 있으니흰머리가 날만합니다...,2024.10.24.
477006744,477006744_1,청주공항은 군 민 복합공항으로 공군부대와 함께 사용하여 성장에 한계가 있어인천공항에 많이 부족한 상황입니다.,2024.10.24.
476927770,476927770_1,에베레스트는 고도도 높고 환경이 극한이라 위험해요. 비록 루트는 개발되었지만  산소 부족  기후 변화  눈사태 등으로 등반 중 사고가 많아요. 많은 사람들이 도전하지만  고도의 살인적인 조건 때문에 여전히 어렵고 위험한 산으로 여겨집니다.,2024.10.23.
476927770,476927770_2,흔히 세계적으로 힘든산 하면 에베레스트  K2 등 여러 산이 들어갑니다 그 기준에는 3가지 입니다.1. 산의 높이가 세계적으로 높은가2. 산의 평균 경사도 가 가파른 편인가3. 날씨의 변화가 예상이 불가한가4. 정상까지 대략 며칠가량 걸리느냐에베레스트는 높이도 8 848m 라는 세계에서 가장 높은 산 이면서 날씨의 변화가 하루에도 여러번 바뀝니다. 셰르파를 통한 등산루트가 많이 밝혀져있지만  아직 미지의 루트도 남아있으며  기존 루트도 100% 안전성이 보장이 되어있지는 않다고 합니다.,2024.10.23.
476978419,476978419_1,우리나라 지방공항은 가까운 일본 중국 대만 베트남 정도를 운항하며인천공항에서 미주 유럽 중앙아시아를 운항합니다.,2024.10.23.
476968744,476968744_1,네  시간내서 모택동기념관에 한번 가보세요좋은 경험이 될것 같습니다...,2024.10.23.
476959596,476959596_1,노선마다 다릅니다.청량리 - 강릉을 잇는 열차는강릉선 으로 행신에 갑니다.,2024.10.22.
476945805,476945805_1,퇴사 1개월 전에 회사에 사직서 처리하시면 됩니다. 퇴사 문제 없습니다.,2024.10.22.
476942601,476942601_1,꼭 가야하나요..멀어서 싫기도 합니다..비행시간만 10시간이 넘어가는데 충분히 싫을만 합니다..,2024.10.22.
476888708,476888708_1,뉴 슈퍼마리오 브라더스Wii는 생각보다 어려운 게임이기는 합니다.월드 보다는 레벨 마다 난이도 차이가 있지만  게임을 진행할수록 어려워지는 경향이 있습니다. 특히 7 8 9는 좀 어렵다고 하시는 분들이 있습니다.참고로 해외의이 게시글과이 게시판 투표를 보면 6-6이 게임 전체 중에서도 어려운 편이라는 것을 볼 수 있습니다.,2024.10.30.
476869776,476869776_1,아버지 회사에 들어 가더라도 이직이 확정나면 임박해서 퇴사하는것이 좋을것 같습니다...,2024.10.22.
476868649,476868649_1,아무래도 회사에서 상무정도면 어느정도의 연세가 있어서가 아닐까요...,2024.10.22.
476927837,476927837_1,히말라야 8 000m 이상은 14좌로모두 등산이 어렵고 힘든 곳으로 상황에 따라 변화가 심하여 난이도 차이는 없습니다.초오유(8 201m)도 험한 곳입니다.,2024.10.22.
476863064,476863064_1,중국 출장 가면 별다방 방문하여 자주 마시는데  에스프레소 괜찮습니다,2024.10.22.
476900494,476900494_1,제주도민입니다..친구  가족들이랑 대화할때 일부 사용하긴하는데처음 만난사이에서는 기본적으로 표준어를 씁니다말씀하신대로 관광  1년살이 등으로 내려와있는 타지사람들이 많거든요통계상으로도 제주거주중인 사람 5명중 1명이 타지 출신이라 하니..그래서 일단은 기본적으로 표준어를 쓰고 어느정도 친해지고 상대방이 제주도사람인걸 알게되면조금씩 섞어씁니다일상에서 초면에 사투리 쓰는 사람은 70대이상?읍이나 면단위 시골 어르신들중에 그런경우가 있긴 합니다,2024.10.21.
476897141,476897141_1,올 여름이 너무더운여름이라서 이번 겨울은 무척이나 추운겨울이 될거라고 하네요...,2024.10.21.
476894802,476894802_1,아무래도 회사내에서 직책이 높으면 그만큼 책임감도 있고 해서 그런것이 아닐까요...,2024.10.21.
476893329,476893329_1,새치와 흰머리 원인과 차이점흔히 '새치'와 '흰머리'를 같은 의미로 사용하지만  둘 사이에는 미묘한 차이가 있습...blog.naver.com위에 블로그를 참고하세요...,2024.10.21.
476885504,476885504_1,칠곡경북대학교병원대구광역시 북구 호국로 807칠곡 경북대병원은대구 북구 학정동에 위치합니다.,2024.10.21.
476885504,476885504_2,경성대 칠곡병원 대구 북구에 위치 하고 있습니다,2024.10.21.
476885504,476885504_3,네  대구지하철 3호선 칠곡경대병원역 4번출구쪽에 있습니다...칠곡경대병원역 대구3호선대구광역시 북구 팔거천동로 386칠곡경북대학교병원대구광역시 북구 호국로 807 칠곡경북대학교병원,2024.10.21.
476872452,476872452_1,세명대학교 대학원은 일반.경영행복지대학원과 저널리즘대학원등 2곳으로 교육대학원은 없습니다ㅣ.,2024.10.20.
476865271,476865271_1,우리나라 1호점은86년도 8월 9일에 서울 명동에 1호점으로 오픈을 했습니다~,2024.10.20.
476864615,476864615_1,질문이 이젠 흑백이냐 컬라가 아닌SD냐 HD냐 FHD냐 4K(UHD)냐  화질로 물어보셔야 할거 같아요화질이 좋아지면서 그곳에 간듯한 느낌도 주게되었죠,2024.10.20.
476858573,476858573_1,박달재충청북도 제천시 봉양읍 원박리제천시에 위치한 박달재고개는 문경세재 처럼 함하지 않으나 구비구비 돌아가는 길로 험하여현재는 터널을 통하여 이동하면 박달재는 공원으로 조성하였습니다.,2024.10.20.
476783957,476783957_1,제천 벨뷰티 검색해보세요.원장님이 꼼꼼하게 잘해주십니다.!!제천 벨뷰티 : 네이버 검색'제천 벨뷰티'의 네이버 검색 결과입니다.search.naver.com,2024.10.18.
476783709,476783709_1,안녕하세요.지금 많이 없어진걸로 아는데..장락동에 한군데 있는것같아요.롯데캐슬쪽 무인아이크스림 가게랑 같이 하는곳이요.홈쿡,2024.10.18.
476757674,476757674_1,국제열쇠서울특별시 성북구 북악산로 860고명아파트부근 국제열쇠에서 도장도 취급합니다.,2024.10.17.
476757674,476757674_2,wj 근처에 도장집은 없는걸로 기억하는데 아니면 가끔 고명외식고 앞에 있는 병원문쪽에서 할아버지가 도장 파시긴 하는데 거기서 즉석으로 파서 하시긴 하더라구용.. 그거라도,2024.10.19.
476752307,476752307_1,제천 세명고 기숙사는 2층은 남학생 3층은 여학생 전용으로각 2 3인실로 되어 있습니다.,2024.10.17.
476574568,476574568_1,단양에서 제천7만원 입니다,2024.10.14.
476574568,476574568_2,안녕하세요 ~~!운송료6만원입니다 (한국로지스) 전국연합 { 주)틈새 }(운송면허 주선면허 이사면허 포장이사보험 완비)프로필 클릭~ 문자 & 톡으로 가격 문의 편하게 상담가능합니다언제든지 연락주시면~ 최선을 다해서 도움드리겠습니다고맙습니다,2024.10.13.
476574568,476574568_3,1톤트럭용달1대 단순이삿짐운송기본7만원입니다.1톤트럭용달1대 1인기사도움기본17만원입니다.ㅡㅡㅡㅡ언제든지 문의주십시요.ㅡㅡㅡㅡㅡ좋은하루되세요 ❤️,2024.10.13.
476574568,476574568_4,제일 정확하고 어떤점을 원하시는지 정확하게말씀하시다음에 견적을 받아보시는게제일 정확합니다가격비교를 한번 해달라고 하시면 좋을실것 같습니다이사위치랑 거리 등 틀리수도 있고반포장이랑 포장이사 비교를 해보시는것도 도움이 됩니다업체마다 가격이 다를수 있어서정확하게 확인한 다음에 선택을 하시는게 좋은 방법입니다한업체에 원하시는 금액을 말씀하시면최우수업체에 선정한곳에서 하시는곳도 좋을실것 같아요여러군데 전화하시는거보다 한업체에 가능합니다그곳에서 3군데 정도 최우수업체 선정 한곳에서가격 비교 해보 보시면 도움이 되실것 같습니다이사업체를 좀 편하게 하실려면먼저 저는 이사중요한거 부터 요점을 정리를 한다음에가격등 정하신다음에합리적인 가격으로 할수있는곳 업체와계약을 잘할수있는 알려주는 곳도 있어요빅데이터를 기반으로 근거리 우수업체 방문견적이 되는지도 확인하시는것도 좋습니다시간이 없어서 여러분데 알아보기 힘들때그런곳에서 전화를 해서 제가 최우수업체 3군데 정도 알려주면거기서 선택하는게 제일 좋았습니다한번에 전화로 최대 업체 무료 방문견적 서비스가 있더라구요이사하기 좋은 날  업체 선정방법  계약 잘하는 법 제공이 됩니다이사잘하시기를 바랍니다자세한 내용은 프로필 참고하셔도 됩니다,2024.10.13.
476574568,476574568_5,운송료 7만원입니다,2024.10.13.
476397239,476397239_1,제천시 역전을 출발 기준으로 가시면 남제천 톨게이트 방향으로 가시다톨게이트 진입로의 3거리 지나면 금성면이란 조그만 동네 지나고바로 나오는  청풍호반 도로로 한 30분 정도 가면...이길 가는 중간에 금수산 송어징횟집이라고 송어 전문 식당 있는데제천민들이나 관광객들 많이 갑니다.바다회와는 다른 송어 비빔민물회도 한번 즐겨보시고...여길 지나서 다 가다보면 떡갈비 유명한 식당 나오는데가는 길가에 있어서 놓칠래야 놓칠수가 없음.관광객들은 많이 가는데 제천민들은 거의 안갑니다.어느 지역이든 있지만 본토박이들은 잘 안가는 그런 식당 ^^맛은.. 평범한 수준이긴 한데 맛나다는 분들도 계시구요.여기도 미리 검색해서 평을 보세요.그리고 왼쪽 오른쪽으로 국민연금 호텔도 나오고 산위로 이에스리조트들도보이고  우측으로는 청풍호반이 눈에 들어옵니다.청풍면 소재지 나오기 전에 청풍대교 건너자마자 바로 보이는 언덕에수몰될 고택들  모아놓은 문화재단지 있으니 관람하셔도 되구요.청풍호 만들면서 수몰될 고가들 모아놓은 곳인데사실 어느 지역에나 있는 옛날 집들이고 보수 많이 해놔서 그저 그렇지만여기서 보이는 청풍호 뷰가 근사합니다. 사진 찍기 좋죠.봄에는 여기서 사생대회 같은거 많이 하고  소풍 많이 옵니다.여기 지나서 바로 청풍면 소재지 가는 길가에 유명한 단양마늘빵이라는가게들이 몇군데 있는데  커피도 빵도 비싸고 .단양의 마늘빵집들에 비해 맛은 평범하니까 참고만 하시구요.이 문화재 단지 밑에 유람선 선착장 있는데 여기서 타도 되고요.예전에는 이게 충주댐 선착장까지 돌고 오곤 했는데 한시간 정도였나.꽤 시간 걸리는데다 다시 돌아와야 하니까 이것도 미리 검색해서승선 시간대와 비용 미리 알아보실수 있겠죠. 꽤 비쌌던 기억이.요즘은 어디까지 가는지 모르겠습니다. 타본지가 오래되어서 ^^;;검색해보면 나오니까..청풍면 소재지 지나서 길 하나밖에 없는데 이정표 따라 가면케이블카 타는 곳 나오는데 여기도 미리 인터넷으로 예약해야 할거구요.그리고 소재지 지나서 30분 정도 더 가면 단양쪽으로 빠지는 길에 출렁다리(크게 볼건 없습니다).이정표 있습니다.여기를 지나서 다시 단양쪽으로 조금 더 가시면 물에 비친 모습이거북 같다고 붙여진 근사한 뷰의 구담봉이 나오는데여기에 있는 장회나루 휴게소에서 일대를 도는 유람선  탈수 있습니다.위에 말한  청풍호 유람선도 이 코스 지나는데  여기서 타는건요기 구담봉 근방만 돕니다. 출렁다리 밑으로도 지나가죠.여기서 단양쪽으로 더 가면 단성면이란 동네 지나면 구단양으로 가는데여기 산위에 스카이워크라고 있습니다.한번쯤은 올라가볼만하죠.제천민이지만 아직 한번도 안올라가봤음...ㅠㅠ그리고 나면 다시 강 반대편으로 가면 신단양 소재지가 나오는데좀전에 말한 단성면  지나 구단양에는 소백산 막걸리 양조장도 있고 이것도 마실만 하니 가게들 참고하시고.단양 들어가면 시장 안 에 중국집 ... 이름이 기억 안나네요.검색해보면 나오는데 여기 맛있다고 소문이 나서 제천민들도 많이들 갑니다만호불호가 있어요. 사실 중국집 맛나봐야 거기서 거기죠 . ^^찹쌀탕수육이 유명하긴 합니다.야유회 인원이 몇분이나 되는지 모르지만 가게가 크지는 않아서2~30명 정도면 다 못들어갈테고...다 들어갈지는 전화해보심이...가게 이름이 뭐였드라 하...ㅠㅠ그리고 시내 강변쪽으로 가로질러 나오는 이정표 따라 다리 건너면그 유명한 고수동굴 나오죠. 석회동굴인데 한번 보실만 하고30분 정도 소요됩니다.그리고 나면 제천 쪽으로 돌아나오는 길에 유명한 강물에 봉우리 세개 있는도담삼봉도 보시면 좋으실테고. 여기도 식당들 여러개 있으니 까 그리고 야유회니까 파전에 번데기에  소백산 막걸리 한잔 하셔도 될테고. ^^단양팔경 중 세군데인데 옥순봉이나 기타 용하구곡가지 돌기에는하루로는 모자르고 대충 이 정도가 제천에서 오전 10시쯤 출발해서청풍 지나 단양으로 도는 드라이브 코스입니다.아마도 대형버스 대절하실 것으로 보이는데어디서 출발이신지 모르지만 제천역 기준 출발해서 청풍까지약 40분.청풍문화재단지 한시간 정도. 케이블카 두시간 정도(실제 소요시간이 아니라대기 시간까지 포함해서) 점심식사 시간까지 넣으면유람선 타는 시간도 평균 40분~2시간 정도니까.두 코스중 구담봉 도는 코스가 나을테고..단양 스카이워크나 고수동굴 다 돌기는 오후시간이 촉박하실테니이 또한 미리 검색해서 입장 시간과 소요시간 미리 계산해보세요.제천민들 드라이브 삼아 이 코스대로 돌면 대충 쉬지 않고 돌면 왔다 갔다약 3시간 정도 되는 코스니까요. 시간 배분을 잘하셔야 할듯요.몇자 적었는데 참고하시고 잼난 여행 짜보세요. ^^,2024.10.11.
476259423,476259423_1,시내가 넓지는 않지만 시내에 그런 분식점들이 한두군데가 아닌데지역이라도 특정해서 올려보시죠?롯데리아 옆 만두박사는 아직도 하고 있고...그 옆 큰 길가에 2층에 있던 돈가스와 오징어덮밥으로 유명했 분식점은없어진지가 20년이 넘었으니 그건 아닐테고...,2024.10.08.
476205979,476205979_1,제천역 앞 같아요,2024.10.04.
476197754,476197754_1,아뇨. 없습니다.미성년자들은 타투 해주지 않아요.,2024.10.04.
476193396,476193396_1,광명-오송 ktx오송-제천 무궁화좌석은요 21300원 입석은요 18200원,2024.10.04.
476193396,476193396_2,광명에서 제천가기.광명에서 오송까지 KTX를 이용하세요.35분 소요 요금은 13 800원 오송에서 제천행은 충북선 무궁화열차로 1시간40분 소요 요금은 7 500원 2시간15분 소요 요금은 21 300원입니다.,2024.10.04.
476145315,476145315_1,제천 건물의 옥상은 안전사고 예방을 위해 모두 잠금 장치를 하엿습니다.,2024.10.03.
476139719,476139719_1,아무래도 여유 시간이  너무 없어서요.선행 열차가 제천역에 몇 분이라도 연착을 헌다면 말이죠.,2024.10.03.
476082586,476082586_1,내토전통시장충청북도 제천시 용두천로11길 5제천에는 수산시장이 별도로 없고 내토전통시장에서 대하 조개등을 구입하세요.,2024.10.02.
476059360,476059360_1,비봉산충청북도 제천시 청풍면 광의리 산7-4비봉산은 제[천시 청풍면에 위치하며 이곳에서 만천하스카이워크까지는 약 29km로자차로 45분 소요.,2024.10.01.
475902550,475902550_1,제천에서 여수가기.제천에서 무궁화로 오송으로 이동하여 오송에서 여수엑스포행 KTX로 환승하세요.3시간50분 소요 요금은 36 400원 여수엑스포역에서 수호텔까지는 약 2.4km 로택시로 7분 소요 요금은 5 500원 + -.여수역에서 2번이 수호텔로 운행합니다.,2024.09.27.
475864198,475864198_1,길가에 대도 되고  이마트에 대도 되고  뒤에 주차장에 대도 되고거긴 널널하니가 아무데나 대도 문제 없던데요.,2024.09.26.
475863738,475863738_1,자비성에 그냥 짬뽕도 맛있지만 차돌박이 짬뽕 맛나죠. 비싸서 그렇지.검색해서 가보세요.,2024.09.26.
475834956,475834956_1,안산터미널에서 제철 터미널 가는 시외버스 이용 하시면 됩니다버스 운행 시간표 참고하시기 바랍니다안산버스터미널에서제천버스터미널가는 시외버스는 하루2회 운행합니다.첫차12:30막차18:30출발지안산버스터미널종합버스터미널지도보기도착지제천버스터미널시외버스터미널지도보기시간표현재시간07:37최종수정2024-09-16출발도착등급요금(어른)소요시간12:3014:26일반12 700원01:5618:3020:26일반12 700원01:56,2024.09.26.
475598993,475598993_1,현재 세명고 재학중이고제가 들어올때 세고 230 제일고 250 여고 260 이상 이라고 선생님들이 말씀하셨는데요 사실상 내신컷트 다 필요없었습니다 여고는 미달나서 210인 애들도 현재 여고에 합격해서 다니도 있고요 세고도 210인 애들 있어요 제일고도 마찬가지.그래도 불안감 없이 들어가고 싶으시다면 230-250은 만들어두세요! 참고로 여고는 이번년도 부터 지들이 생각하는 점수 아니면 미달이어도 안받는다라는 소문 있는데 확실한건 모르겠습니다세고 장점은 사립이라 시설이 좋습니다학교도 크고 운동장도 2개 입니다만 언덕이라 체육관 왔다갔다 할 때 힘들어요 원래 매점이 있었는데 코로나로 없어졌다가 요번에 다시 건의 중인걸로 알 고 있습니다.급식은 적응ㄷ하면 맛있어요..ㅎ시설은 제일고>세고>여고 순인 것 같습니다학교안에 스터디카페  북카페 ( 진짜 카페 도 있고요 운영은 잘 안하지만..) 시설이 좋아요.. 시설이.. 솔직히 선생님들이 좋다고는 말 못하겠습니다..제일고도 시설이 좋고 넓어요 근데 선생님들이 구리다고 제일고 친구한테 들었어요 수행이 있어서 열심히 준비했는데 선생님이 까먹어서 없던 수행이 된 적도 많았다고.. 급식이 맛있고 무었보다 학교가 좋아요 딱 세고보다 위치도 좋고 제가 들어갈때는 제일고 쌤들이 생기부를 잘 못 써준다는 얘기도 많이 들었습니다여고는 분위기가 압도적이에요 안하던 애들도 하게 만드는 분위기라고 소문 들었고 셋중 시설은 별로라고 들었습니다 복도가 진짜 좁아요…그리고 무엇보다 힘들어요.. 공학은 깔아주는 애들이 좀 있는데 여고는 진짜 못하는 애들+ 잘하는 애들 이라 중간이 없어서 올라가기 힘들고 등급따기도 힘들어요  수행도 빡쎕니다..신중한 선택 하셔서 진학 잘 하셨스면 좋겠어요,2024.10.12.
475707328,475707328_1,3번이요,2024.09.23.
475588004,475588004_1,전문점은 거의 없어진것같아요.링크 참고 해주세요~!네이버 지도더팜홈쿡 제천장락점map.naver.com,2024.09.20.
475588004,475588004_2,안녕하세요 답변드릴게요편의점이나 약국을 이용하실 수 있습니다.도움됐다면 채택부탁드려요.,2024.09.20.
475587413,475587413_1,안녕하세요제가 다니는 왁싱샵인데요사장님 친절하시고 깨끗해요링크 참고해주세요.네이버 지도라엘왁싱&벨뷰티map.naver.com,2024.09.20.
475586372,475586372_1,안녕하세요.6살 아이랑 가볼 만한 곳을 찾으시네요제천 장락동에 위치한 슬라임카페에아이와 체험할 수 있는 슬라임 뿐 아니라다양한 만들기 활동도 준비되어있으니자세한 사항은 링크 참고해주세요!!네이버 지도슬라임카페누빌map.naver.com,2024.09.20.
475431664,475431664_1,지역 카테고리를 잘못 찾은듯. 부산 명지동에 올리셔야죠.질문 올린 여긴 부산 명지동 아닌 충북 제천 외곽 동네 명지동이에요.그리고 92년도 졸업생은 .... 어느 카테고리에 올려도 찾을수가 없을거 같네요. 누굴 찾는지도 모르는데 무려 32년전 졸업생을 ...,2024.09.21.
475536131,475536131_1,제 남자애 동현이는 어른스러운 친구인가요?제 남자애 동현이는 씩씩하고 용감하고 박력있고 도전적이면서 어른스러운 친구입니다.일단 제 남자애 동현이의 특징을 말하자면1. 뭐든지 나서려고 합니다. 친구들이 무엇을 하려고 하면 자기가 먼저 나서면서 이야기합니다.--> 도전적인 정신은 이해하지만 친구들 입장에서는 좀 그렇겠네요. 친구들도 도전할 수 있는 기회를 얻어야하는데 동현이가 뭐든 다 하려니.. 어른들 눈에는 좋아보이지만 친구들 입장에서는 좀 그렇겠네요.2. 잘난 척을 합니다. 잘 못했는데도 잘하는 모습을 보이고 싶어서 유치하다는 걸 받아들이지 않고 자기 자신을 올립니다.--> 자신이 잘못한걸 인정하지 않는다니.. ㅠㅠ3. 아무데서나 방귀를 뀝니다. 밖에서도 방귀가 나오려고 하면 방귀를 뀝니다. 그런데 큰소리나도록 방귀를 뀌지는 않습니다.--> 방귀를 뀐다고 예의가 아주 없다고 볼 수는 없지만 큰소리가 나지 않도록 뀌는건 그나마 부끄러운걸 아는거죠.. 예의가 그나마 있다고 볼 수 있네요.4. 집에서는 웃통 벗고 생활합니다. 집에서는 옷 입는 게 불편해서 웃통 벗고 더우면 팬티만 입고 생활합니다.--> 집에서 남들이 있을 때도 그런다면 좀 그렇겠죠.. 하지만 집이잖아요. 집은 편해야죠. 그래도 보기가 좀 그렇다면 한번 말해보시는게 좋겠죠.5. 너무 현재만 바라봅니다. 미래를 거의 생각하지 않고 현실에만 직시를 합니다--> 현재에 집중하는것도 나쁜건 아니죠. 그건 동현이의 생각이 나름 있겠죠6. 돈에 지나치게 욕심이 많습니다. 친구가 돈이 부족하다 해도 돈을 안 주고 생일 때도 선물을 안 줍니다.--> 돈에 욕심이 많은건 누구나 마음속으론  그렇겠죠. 또한 친구가 돈이 부족하다고 해서 동현이가 꼭 줘야한다는 생각은 좀 아니죠. 동현이가 돈이 많다고 해도 그건 마찬가지고요. 또한 생일 때도 선물을 주고 안주고는 어디까지나 주는사람 마음이죠. 그건 어쩔 수 없는거랍니다.7. 물리  지구과학을 잘합니다. 물리적 사고력이 뛰어나서 어떤 물체가 어느 쪽으로 움직이면 어떻게 변하는지 많이 알고 지구의 특성과우주에 대해서도 많이 알고 있습니다--> 과학을 잘하겠네요. 똑똑한가보네요.8. 수리적 사고력이 뛰어납니다. 계산  도형적 사고력도 좋습니다.--> 과학을 좋아하는 사람들이 대체적으로 수학도 좋아한다고 하죠.9. 큐브놀이를 잘합니다. 큐브를 시작하면 2분도 안 돼서 금방 완성하고요 4×4 큐브도 잘합니다.--> 큐브놀이를 좋아하기 쉽지 않는데 좋아한다고 똑똑하네요.10. 컴퓨터를 다룰 줄 압니다.--> 컴퓨터를 다룬다면 나중에는 진로가 컴퓨터쪽이어도 잘하겠네요.11. 인정욕구가 강해서 성실히 했는데도 자기 자신보다 잘하면 남을 깎아내리고 내 자신을 올립니다.--> 공부를 잘하는 아이들이 거의 그렇죠. 그래도 옳지 않는것이기 때문에 가르쳐야겠죠12. 응원하거나 무대 위에 서서 주장을 내세울 때 함성을 외칩니다.--> 응원할 때는 함성을 외치는건 그럴수도 있지만 무대위에서 서서 주장을 내세울 때 함성을 외친다는건 좀 그렇네요13. 실크  니트  나일론으로 된 옷을 입는 걸 싫어하고 탄성 섬유나 면으로 된 옷을 입는 걸 좋아합니다.--> 그럴수도 있죠 사람마다 개인취향이 있는거니까14. 주먹을 불끈 쥐는 포즈를 취합니다.--> 어떤 포즈 취하는걸 왜 신경쓰죠???15. 독립적입니다. 뭐든지 혼자서 살아가겠다고 다짐하고 혼자 살고 싶어합니다.--> 독립적인 사람이네요. 자신의 영역을 침범하는걸 꽤 싫어할 수도 있네요.16. 용감하고 힘이 셉니다. 징그러운 벌레도 잘 잡고 약한 친구를 도와주고 무거운 것도 잘 들고 발차기의 위력이 셉니다--> 운동을 잘하겠네요.17. 자전거  수영을 잘합니다. 자전거를 타는 걸 좋아하고 등교는 거의 자전거로 가고 헤엄을 칠 줄도 압니다.--> 운동을 잘하겠네요18. 눈치가 없습니다. 다른 사람이 돌려서 하는 말의 뜻을 이해 못하고 타인의 마음을 잘 파악하지 못합니다.--> 눈치가 없으면 세상살이를 어떻게 하죠?? 사회 생활하기 좀 힘들수도 있습니다.19. 길을 너무 잘 찾습니다. 한번 가본 길도 잘 찾고 지도를 통해서 뭐든지 잘 찾습니다.--> 지도를 잘보면 다행이죠20. 상대방이 자꾸 선넘은 말이나 행동을 하면 복수심으로 친구의 허리를 만지기도 합니다--> 잘못하면 성추행입니다. 조심하셔야겠네요. 이런건 잘못된 행동이라고 잘 알텐데요.. ㅠㅠ21. 자기 자신의 잘못을 숨기기 위해 거짓말을 자주 합니다 --> 어린아이가 자기 잘못을 숨기기 위해 거짓말하는건 자연스럽지만 그래도 옳지 않는 행동이죠..22. 인터넷으로 사기  소액물품을 도둑질할 궁리를 하고 소액물품을 도둑질하거나 사기를 치기도 합니다.--> 미친거죠.. ㅠㅠ 잘못된 행동인데도 계속 하나요 ??23. 입을 크게 벌리면서 양치를 합니다--> 원래 그럴수도있죠. 24. 수영  발차기  RC카  블록놀이  너프건  물건 조립하는 걸 좋아합니다--> 남자애들이 원래 그런걸 좋아하죠...25. 마트에 가면 주변 cctv를 확인하고 작은 물건을 주머니에 넣고 계산하지 않고 나갑니다.--> 잘못하면 도둑질입니다..제대로 가르쳐야겠습니다.26. 어떤 친구가 자기한테 삐지게 해도 잘 삐지지 않습니다.-->? 좋은거 아닌가요??27. 성격이 너무 단순합니다  어떠한 일에도 낙천적으로 생각하고 쿨하게 행동합니다--> 개인 성격차이겠죠.. 이해해주세요.28. 다른 사람의 몸을 훑어봅니다.--> 아까도 말했지만 성추행이네요. 진짜로 자주 그런다면 꼭 치료를 받으세요!!29. 면요리를 먹을 때 면치기를 하면서 후루룩 먹습니다 --> 면치기를 하는 사람이 있을 수도 있는거죠..30. 햄버거  국밥  고기요리  제육볶음  회를 좋아하고 환장합니다.--> 그런건 누구나 좋아하죠. 저도 그런거 초등학교 때부터 진짜 좋아했습니다31. 전투  수영  자동차 얘기를 하는 걸 좋아합니다.--> 좋아하는 사람이 있을 수도 있죠.주변 친구들이 제 남자애 동현이를 성숙하고 어른스러운 친구라고 말합니다. 제가 보기에도 남자애 동현이는 어른스러운 것 같고요. 정말 어른스러운 남자애 같지 않나요?--> 중간중간에 좀 어른스럽진 않고 위험한 행동들이 있네요. 그런 부분은 좀 주의해야겠습니다.,2024.09.19.
475529017,475529017_1,동현이는 굉장히 독특하고 다양한 성격적 특징을 가진 아이인 것 같습니다! 씩씩하고 용감하며 도전적인 면은 어른스러운 성격을 엿보이게 합니다. 친구들 사이에서도 리더 역할을 하고 싶어 하고  독립적이며 미래에 대해 깊이 생각하지 않는 점은 때로는 성숙해 보일 수 있지만  다른 한편으로는 아직도 어린 면모가 남아 있는 것처럼 보이기도 합니다.특히 물리  수리적 사고력  그리고 자전거 타기와 수영을 잘하는 등 능력 있는 부분도 눈에 띕니다. 다만 거짓말이나 도둑질을 고민하거나 실제로 시도하는 부분은 어른스러움보다는 아직 도덕적 판단력이 덜 성숙한 면이 보일 수 있는 부분이겠죠.전체적으로 동현이는 자신이 스스로 강해 보이고 싶어 하며 독립적인 면이 강하다는 점에서 성숙함을 추구하는 것처럼 보입니다. 하지만 다른 사람을 배려하거나 공감하는 부분에서는 조금 더 배울 기회가 필요해 보이네요.,2024.09.19.
475448161,475448161_1,질문 올린 이 카테고리는 부산 명지가 아니라 충북 제천의외곽동네 명지동이에요. 여기서 그 동네 정보 아는 사람 없을테니지역 카테고리 다시 잘 보고 올리시면 누군가 부동산 전문가가답변해드리지 않을까요?,2024.09.17.
475334806,475334806_1,범인이 맞다면 처벌은 가능하겠지만 만약 돈이나 신분증 전부 가져간 학생이 본래 주인에게 찾아줘서 괜히 의심살 수 있는 행동을 했을까라는 생각이 드네요.. (제 생각입니다!) ☺️,2024.09.18.
475367684,475367684_1,고정 카메라는 없지만 여기부터 남제천까지 100km 구간 단속 지역이라서남제천 지나기 전에 속도 줄였으면 큰 문제는 없죠.,2024.09.15.
475343247,475343247_1,질문글에 아무런 정보가 없고 현재 성적과 출결이 어느 정도인지 모르니...이런 질문글로는  갈 수 있을수도 있고 아닐수도 있고..이런 답변밖에는 없죠.,2024.09.14.
475343247,475343247_2,출결은 상산고 갈 때 중요하고성적은 230~40정도는 돼야 세고정도 갈수있어여,2024.09.15.
475298712,475298712_1,제천 오피스디포 영업합니다,2024.09.13.
475286595,475286595_1,조폐공사 chak 앱 쓰세요,2024.09.13.
475286595,475286595_2,제천 지역화폐 모아카드는 제천지역 농협 우체국 새마을금고 신협에서 발급합니다.,2024.09.13.
475252971,475252971_1,신안실크밸리에는... 106동 앞 야외에 놀이터가 있기는 한데미그럼틀 하나 있는 정도라서 이용하는 애들 별로 없고단지 앞 오피스 원룸상가에 편의점  세탁소 같은 편의시설은 있지만일방통행이고 주차 단속 카메라가 잇어서 편의성은 별로.헬스장이나편의점 등 아파트 자체에는 없어요.제천 최초의 고층아파트이고 지하주차장 시스템이라 주차도 힘들구요.하지만 그 앞에 CK식재료 마트와 주변으로 장락초 근처에 많은 상가들이많으니 그런건 별 문제는 없구요.,2024.09.13.
475168552,475168552_1,작년에 여고 미달이라 걍 다들어갔어여,2024.09.15.
475106932,475106932_1,제천역 근처 숙박업소 아주 많습니다.,2024.09.09.
