﻿doc_id,answer_index,answer,answer_date
477582300,477582300_1,먼저 피해자라고 해서 안좋게 보거나 떨어뜨리지는 않습니다!!크게 걱정하지 않으셔도 괜찮고춘천한샘고등학교 같은 경우에는 학생의 잠재성을 인정해주기 때문에학폭기록 관련으로 학생을 떨어뜨리거나 하지는 않으니 걱정하지 않으셔도 괜찮습니다!!,2024.11.06
477470914,477470914_1,춘천에는 아직 패션학원이 없는것 같습니다...,2024.11.04.
477470914,477470914_2,없을걸요?들어본적이 없어요!,2024.11.04.
477319922,477319922_1,12월초 춘천에 눈 내리지는 않을 것으로보입니다,2024.11.02.
477344446,477344446_1,춘천 역 근처에 살면지하철이나 기차로 이동이 가능해요.,2024.11.01.
477344446,477344446_2,춘천에서 동대문 바로가는 교통편은 없습니다.가장 빠른 방법이 itx타고 청량리로 가서 지하철 1호선 타면 됩니다.전철은 춘천역과 남춘천역이 있는 데 춘천역 주변은 상가나 아파트단지도 없습니다.남춘천역 안근에 아파트단지와 상가가 있습니다,2024.11.01.
477344446,477344446_3,한번에Xitx타고 청량리 가서 1호선으로 갈아타면 됩니다,2024.11.02.
477344271,477344271_1,택시나 자차,2024.11.01.
477344271,477344271_2,없습니다.가장 좋은 방법은 itx로 청량리 가서 전철 1호선으로 가는 방법입니다.,2024.11.01.
477344271,477344271_3,한번에가는거 없습니다.,2024.11.01.
477264098,477264098_1,안녕하세요! 춘천 근교에서 여유롭게 하루를 보낼 수 있는 가평 데이트 코스로 청평호 크루즈 여행을 추천드려요. 국내 최초 436톤 전기 크루즈로  청평 호수를 1시간 동안 유람할 수 있는 코스입니다. 이 크루즈는 조용한 운항과 흔들림이 적어 자연 속에서 편안하게 경치를 즐길 수 있는 게 장점이에요. 정박 없이 청평호를 한 바퀴 돌며 편안하게 힐링을 즐길 수 있어  친구나 연인과 함께하기 좋은 가벼운 60분 코스입니다.크루즈 후에는 근처 가평마리나카페에서 커피를 즐기며 여유를 만끽해 보세요. 이어서 인기 있는 해븐지버거에서 맛있는 식사도 하고  가평 베고니아 새정원에서 산책하며 아름다운 꽃과 자연을 감상할 수 있습니다. 청평호 크루즈와 함께 가평의 자연 속에서 드라이브와 힐링을 동시에 즐기며 소중한 사람과 특별한 하루를 보내세요!가평크루즈 인스타 정보 남겨드려요!가평크루즈(@gapyeongcruise_official) • Instagram 사진 및 동영상팔로워 4 233명  팔로잉 35명  게시물 139개 - 가평크루즈(@gapyeongcruise_official)님의 Instagram 사진 및 동영상 보기www.instagram.com,2024.10.31.
477264098,477264098_2,가평 자라섬 괜찮다고 들었어요~,2024.11.02.
477264098,477264098_3,드라이브 코스청평호반 드라이브: 청평호를 따라 이어지는 아름다운 드라이브 코스입니다. 특히 가을에는 단풍이 아름다워 드라이브하는 내내 멋진 경치를 감상할 수 있습니다.청평호경기도 가평군 설악면 회곡리가볼만한 명소남이섬: 남이섬은 자연과 문화를 동시에 즐길 수 있는 곳으로  자전거를 빌려 섬을 둘러보거나 예쁜 길을 걸어보세요. 특히나 사진 찍기 좋은 포토존이 많아 추억을 남기기에도 안성맞춤입니다.남이섬강원특별자치도 춘천시 남산면 남이섬길 1가평 아침고요수목원: 자연을 만끽할 수 있는 수목원으로  다양한 테마 정원이 있어 산책하며 힐링할 수 있는 공간입니다. 특히 봄과 가을에는 다양한 꽃과 나무를 즐길 수 있어 더욱 아름답습니다.아침고요수목원경기도 가평군 상면 수목원로 432카페 추천카페 라이키: 춘천에서 조금 떨어진 카페 라이키를 추천합니다! 라이키는 아늑한 분위기로 유명하며  빨간 벽돌과 초록 창틀이 매력적인 공간입니다. 다양한 식물로 꾸며진 내부에서 맛있는 커피와 수제 디저트를 즐기며 편안한 시간을 보낼 수 있습니다. 특히  친구나 연인과 함께 조용히 대화하며 힐링할 수 있는 최적의 장소입니다.라이키강원특별자치도 춘천시 삭주로 33 1층(라이키),2024.11.04.
477260348,477260348_1,"안녕하세요!거리와 짐양  그리고 운반하는 환경(엘베유무등)에 다를수 있습니다.""연락주시면 최선을 다하겠습니다!""",2024.10.30.
477230940,477230940_1,춘천시  7월부터 ‘현금 없는 시내버스’ 시범 도입한다! - 교통 마이너 갤러리https://n.news.naver.com/article/468/0001064311?sid=102  춘천시  7월부터 ‘현금 없는 시내버스’ 시범 도입한다!춘천 시내버스 현금 승차 비율 2024년 4gall.dcinside.com참고바랍니다...,2024.10.29.
477230940,477230940_2,네 받습니다.,2024.10.29.
477230940,477230940_3,춘천시는 7월 1일부터현금 없는 시내버스를 시범 운영한다.,2024.10.29.
477208590,477208590_1,봉의고 남산고 면학 분위기  좋고 내신 받기 좋은  학교입니다내신 관리 생기부 관리 잘 하여 주고대학 진학률 높은 학교입니다,2024.10.29.
477169875,477169875_1,3만원정도 넉넉하게 잡고 가시면 될거같습니다.보통 2만원정도 나옵니다.,2024.10.28.
477169875,477169875_2,기차 이용시 교통비춘천역에서  청량리 역 까지 왕복 교통비 17200원입니다청량리역에서 동대문역 까지 전철 왕복 교통비 2800원입니다왕복 교통비만 총 2만원입니다식대+간식비 기타 경비는 추가로 챙기셔야 합니다전철 이용시 교통비춘천역에서  동대문역까지 왕복 교통비 6400원입니다소요시간은 약 1시간40분 정도 걸립니다,2024.10.28.
477168696,477168696_1,국내 어느 도시를 가든 수돗물의 수질은 비슷합니다.혹시 서울경기 지역에 사시나요? 춘천은 시골이라  수돗물 그냥 마셔도 된다~ 라는 생각을 하는 분들이 간혹 계시는데  와보시면 아시겠지만 춘천이 뭐 막 그렇게 시골도 아닐 뿐더러  오히려 시골에서 아무 물이나 마시는 게 훨씬 위험합니다.춘천에서도 수돗물 그냥 마셔도 됩니다. 제가 그렇게 몇 번 마셔봤습니다.근데 상수도 물은 깨끗해도 상수도 관을 거쳐오면서 불순물이 섞일 수 있으니어지간하면 그냥 정수해서 드시거나 사드세요.춘천사람들 대부분 다 정수기물 먹거나 생수 먹어요. 서울경기랑 같습니다.,2024.10.28.
477168696,477168696_2,춘천 수돗물  끊여 드시는것이 좋습니다,2024.10.28.
477091127,477091127_1,동서울을 가서 군산가는 버스타는게 좋겠네요,2024.10.26.
477066307,477066307_1,네  춘천 휴게소 상행에 연돈 볼카츠 맛집이 있어요.답변이 도움되셨으면 좋겠어요-춘천 휴게소에 연돈 볼카츠가 있다고 해서 질문드려요. 춘천 여행 가는 길에 들려서 먹으려는데 춘천 방향에 위치한 것 맞나요? 어느 방향에 있나요? 위치가 상행인지 하행인지 알려주세요~,2024.10.25.
477059052,477059052_1,우리나라는 1월에 눈이 많이 옵니다.춘천은 눈이 와도 많이 오는 경우는 별로 없습니다 많은 눈을 보려면 태백산맥 줄기나 영동지방 가야 합니다.특히 접근성이 좋은 곳은 대관령 지역에 가면 많은 눈을 볼 수 있습니다.,2024.10.25.
477059052,477059052_2,1월초 많이 내립니다,2024.10.25.
477012018,477012018_1,애막골 근처 스카 비용은 거의 같습니다관리 잘되어 있는 초심스카 추천합니다위치 참고하시기 바랍니다,2024.10.24.
476985771,476985771_1,후평동은 없는것같은데.. 그냥 춘천을 대표하는곳이라면춘천시청이요.춘천을대표하는건 시청만한게없을것같아요 채택 부탁드려요.,2024.10.25.
476984288,476984288_1,서울역이면 기차가 편합니다.1. ITX용산에서 약 1시간 간격으로 출발하며 청량리에 정차 후 춘천까지 가면 1시간 15분 걸립니다.지정좌석제로 예약이 가능하나 좌석이 남아있는 경우 역에서 구매 가능합니다.2. 전철1호선으로 상봉가면 일반전철이 수시로 있고 춘천까지 1시간 20분 걸립니다.일반 전철이므로 예약이 불가하고 교통카드 사용이 가능합니다.,2024.10.23.
476984288,476984288_2,서울역에서 1호선 인천 천안 신창 서동탄행을 타고 용산역하차용산역에서 춘천행 itx-청춘있어요서울역에서 1호선 청량리 의정부 광운대 연천 동두천행을 타고 청량리역하차청량리역에서 경춘선 춘천행 타세요,2024.10.23.
476968729,476968729_1,1. 퇴계동에 있는 청담물갈비 추천합니다.강대정문 주변이고 메뉴도 가격도 그렇게 부담스러운게 아니고음식또한 맛도 있습니다. 보는 재미도 있구요!혹시 모르니 예약하고 가세요 .2. 효자동에 있는 죽향 추천합니다.강대랑 가까운곳에 있습니다.가격도 착하고 양이 매우 많고 음식또한 맛있습니다.여기도 예약필수!3. 매운갈비찜 오솔길 추천합니다.강대후문 주변이고 누군가에게 얻어먹는 다면꼭 가야할 맛집입니다. ㅋㅋ,2024.10.23.
476958257,476958257_1,네이버에서 춘천지역 컴퓨터자수집 검색하셔서 전화 문의후 방문하시면 될듯 합니다.즉석에서 바로 해주는 곳이 흔치 않으니꼭 문의후 방문하세요.,2024.10.23.
476921083,476921083_1,춘천역에서 ITX 청춘열차 탑승하시고 천마산역에 하차 하세요천마산역 1번 출구 버스 정류장에서 65번 168번 버스 탑승하시고6개 정류장 후 천마산휴계소 한누리요양병원 정류장에 하차하시면 됩니다택시 이용 하시면 소요시간 약 8분 요금은 약 6000원 정도 나옵니다,2024.10.22.
476826427,476826427_1,김유정역 앞에 유정이야기숲 안에 있습니다.,2024.10.23.
476757713,476757713_1,춘천에서 경주가는 방법은 2가지가 있습니다.바로가는 버스는 원주까지 국도로 가므로 지루하고동대구에서 갈아타는 것은 고속도로로 가므로 편하지만 동대구에서 갈아타야 합니다.1. 춘천에서 경주가는 버스가 하루 2번 있습니다5시간 걸리고 40 200원 입니다.원주까지는 국도로 가며 홍천  횡성을 들립니다.시외버스승차 :춘천시외버스터미널- 강원 춘천시 온의동 511하차 :경주시외버스터미널- 경북 경주시 노서동 160-2기본정보상세정보예매사이트노선안내 :포항행소요시간 :약 5시간 소요요금안내 :40 200원출발시간 :07:40|09:40|17:002. 동대구로 간 다음 경주버스로 갈아탑니다.동대구가는 고속버스가 있으며 3시간 40분 걸리며 31 600원 입니다.동대구에서 경주는 30분마다 있고 1시간 걸리며 8 000원 입니다.고속버스승차:춘천고속버스터미널▼하차:동대구복합버스터미널▼기본정보상세정보예매사이트시내버스에 한하여 실시간 도착 정보를 제공합니다.대구행약 3시간 40분 소요31 600원07:00|10:00|12:00|16:00|17:30,2024.10.18.
476689044,476689044_1,올해 10월 17일 기준으로약국으로 공급이 되며춘천 약국에서도 위고비를처방전 있을 시 구할 수 있습니다.동네 위고비 가격비교하는법을아래에서 보시고 주변 위고비판매 가격을 확인하시면 됩니다.자세한 위고비의 동네 근처 약국가격성분 효과 부작용 처방하는 방법 등까지보시면 훨씬 도움이 되실겁니다.<출처>위고비 가격 성분 효과 부작용 처방까지 한눈에 정리위고비에 대한 정보를 자세히 알아보겠습니다. 위고비는 최근 비만 치료제 중에서 많은 관심을 받고 있는 약물입니다. 일론 머스크 테슬라 최고경영자 및 유명 인사들이 먹으면서 인기가 폭발적으로 높아졌습니다. 이러한 워고비가 국내에 상륙한다는 소식에 국내의 관심도 높아지고 있는데 무작정 구매하지 마시고 최소한 위고비의 성분  효과  부작용  가격  처방 방법  그리고 사용 시 주의사항까지 꼼꼼하게 보신 후 결정하시기 바랍니다. 아래에서 동네 근처 위고비 가격에 대해 확인하실 수 있습니다. 동네 위고비 가격비교하기  위고비 가격 성분 효과...m.site.naver.com,2024.10.16.
476689044,476689044_2,Q 질문춘천에 위고비 처방하는 병원이 있나요?Q 답변처방전 없이는 구매가 불가능하기 때문에 우선 처방을 위한 진료가 우선 입니다.아직은 소비자가가 정해지지 않아서 처방가능한 지정병원이 확정이 되지는 않았지만 이전의 비만치료제 처방의 경우를 보면 아래의 대형병원이나 보건소 등에서 가능하지 않을까 예상해봅니다.춘천에서 위고비 처방이 가능한 병원은 다음과 같습니다:강원대학교병원 - 춘천시 효자동에 위치한 대형 종합병원으로  내과 및 비만 클리닉을 운영하고 있습니다.한림대학교 춘천성심병원 - 춘천시 교동에 위치한 종합병원으로  내과 진료를 통해 위고비 처방이 가능합니다.춘천시 보건소 - 춘천시 중앙로에 위치한 보건소로  내과 진료를 통해 위고비 처방이 가능합니다.또한  비대면 진료 앱인 닥터나우를 통해서도 위고비 처방을 받을 수 있습니다. 앱에서 ‘다이어트’ 증상 아이콘을 클릭하고 ‘주 1회 맞는 다이어트 주사 처방’ 항목을 선택하면 비급여 진료비순으로 의사 리스트를 확인할 수 있습니다.비대면으로 진료가 가능한 방법을 쉽게 알려주는 곳을 아래에 첨부하니 도움이 되셨으면 합니다.위고비 구매가격 및 부작용 총정리 비만치료제비만치료제 위고비에 대해 궁금하신 분들이 많으실 텐데요. 오늘은 위고비의 구매가격 및 구매처  위고비 효과와 처방대상 그리고 언론기사에 대해 자세히 알아보도록 하겠습니다.    구매가격 살펴보기 ️    구매가격 및 구매처    구매가격 위고비의 한 달 분량 주사기(1개당) 공급가는 약 37만 2025원입니다. 이 가격은 1 펜(4주분) 기준이며  사용자의 체중과 건강 상태에 따라 처방받는 양이 달라질 수 있습니다. 가격이 다소 비쌀 수 있지만  효과적인 체중 감소를 원하시는 분들에게는 충분한 가치가 있을 것입니다.    그러나...naver.me,2024.10.17.
476689044,476689044_3,우두동 우리메디의원에서  원내처방하고 있습니다. 네이버에서 예약 가능합니다.,2024.10.17.
476689044,476689044_4,위고비 전국 최저가 가능한 병원 리스트입니다춘천에서 조금 이동하시더라도 너무 비싼 금액에 처방받지 마시고  신중하게 병원 선택하시는 것을 추천해드립니다 ^^ 아래 글 한번 확인해보시면 확실히 도움이 되실거에요https://m.site.naver.com/1vvDz위고비 최저가 48만원 예약 전국 병원 리스트(최신)꿈의 비만 치료제 위고비  최저가로 찾고 계시나요?  노보노디스크의 비만 치료제 위고비에 대한 뜨거운 관심 속에 많은 분들이 사전예약이 가능한 병원을 궁금해하고 계십니다.  위고비는 일론머스크와 킴카다시안이 직접 사용하여 체중 감량에 성공했다고 알려진 치료제로  매주 1회정도로만 주기적으로 맞는다면 체중의 15%를 감량할 수 있다고 전해져 전세계적인 관심을 받고 있습니다.  국내에도 지난 15일부터 출시되었는데요  그 화제의 위고비를 어디에서 예약이 가능한지  그리고 가장 중요한 최저가는 어떻게 될지 알아보도록 하겠습니다.  위고비...m.site.naver.com,2024.10.17.
476689044,476689044_5,[질문]춘천에 위고비 처방하는 병원이 있나요?[답변]춘천 쪽 위고비 처방병원을 알아보고 계시는 군요.위고비는 가정의학과  내과  신경외과 의원에서도 처방이 가능합니다.처방병원을 알고 싶으시면 아래의 글을 참고해주세요.위고비 처방│병원 기준 가격정보 총정리 - 두더지아빠위고비(Wegovy)는 덴마크 제약사 노보 노디스크(Novo Nordisk)에서 개발한 주사형 비만 치료제로 한국에서도 처방이 가능해져 많은 환자들이 관심을 갖고 있는데요. 이번 포스팅에서는 위고비 처방 병원과 기준 가격에 대해 말씀드리겠습니다.m.site.naver.com,2024.10.21.
476654935,476654935_1,전화예약안내전화 예약번호 :053)250-8114(전화예약센터)예약 및 상담 가능 시간평일 08:30~18:00  토요일 08:30~12:30통화시간 외에는 무인 자동시스템으로 처리되어 근무시간에 연락드립니다.계명대학교 대구동산병원 (dsmc.or.kr)계명대학교 대구동산병원대구 중구 서문시장역 앞 위치  외래  입원  24시간 응급실 운영daegu.dsmc.or.kr,2024.10.15.
476605693,476605693_1,이것저것 찾아보니박희자 강원자치도 문화예술과장은 “앞으로도 강원대 한국어문화원과 협력해 ‘한글날 큰 잔치’ 행사가 지역의 대표 행사로 자리매김할 수 있도록 더욱 노력하겠다”고 말했다.[출처]2024년 춘천 한글날 행사|이렇게 얘기하는걸 보니 내년에도 하지 않을까요?,2024.10.15.
476602296,476602296_1,"춘천에서 군산까지 안마의자 용달을 제공하는 업체는 많습니다. ""용달이사"" 또는 ""화물 운송 서비스""로 검색하면 지역별로 업체를 찾을 수 있으며  비교 후 예약하시면 됩니다.",2024.10.14.
476602296,476602296_2,안녕하세요 ~~!30만원입니다 (한국로지스) 전국연합 { 주)틈새 }(운송면허 주선면허 이사면허 포장이사보험 완비)프로필 클릭~ 문자 & 톡으로 가격 문의 편하게 상담가능합니다언제든지 연락주시면~ 최선을 다해서 도움드리겠습니다고맙습니다,2024.10.14.
476602296,476602296_3,춘천에서 군산28만원 입니다,2024.10.14.
476599901,476599901_1,네,2024.10.14.
476591503,476591503_1,청량리역에서 23시30분 기차 탑승하시면 춘천역 까지 운행을 합니다특별한 사고 하니면 운행 중단 도는 중간역에 하차 하지 않습니다,2024.10.14.
476589046,476589046_1,해미연풍우가 추천합니다,2024.10.14.
476462962,476462962_1,- 강원도 춘천시 약사동 봉의초등학교 부근에 있는경서재입니다.- 네이버 블로그...:https://blog.naver.com/ljk7270/223347763400,2024.10.11.
476432981,476432981_1,춘천터미널에서 광주터미널 까지 고속버스 이용 하세요광주터미널에서 광양터미널 가는 시외 버스 이용 하시면 됩니다,2024.10.10.
476432981,476432981_2,춘천 버스 터미널에서 부산행 버스를 이용하여 부산으로 온다음 부산에서 다시 광양행 버스를 이용하는 것이 좋겠습니다 부산 노포동 터미널에서 광양까지 표를 구입하여 시간 맞춰 승차하면 됩니다 춘천에서 노포동까지 4시간 걸리니까 일찍 출발해야 오후 버스를 탈 수 있습니다,2024.10.10.
476418139,476418139_1,워치가 어단지 정확하게 알수 없다면 찾가는 힘들겁니다,2024.10.11.
476418008,476418008_1,아마 춘천 주민등록 소지자 아니면 가입 안될겁니다.이사 하신후 카페 가입신청 해보세요.,2024.10.17.
476413667,476413667_1,명동쪽엔 없을거같은데 야놀자 앱을 이용하시면무인텔 조회가 가능하니 참고하세요~!,2024.10.09.
476355753,476355753_1,검색만 해도 다이소 지점 잔뜩 나옵니다.,2024.10.08.
476355753,476355753_2,더 있어요,2024.10.08.
476355753,476355753_3,엄청많은데요..?,2024.10.08.
476262907,476262907_1,불편하시겠어요ㅠㅠ 근데 고속철도와 일반 열차의 서비스 차이와 운영 정책에 따른 것이니 어쩔 수 없는 것 같아요,2024.10.07.
476262343,476262343_1,그렇습니다,2024.10.06.
476161250,476161250_1,춘천에서 찾으시는 것보다.. 가까운 서울가서 하시는게 마음 편하실 겁니다,2024.10.13.
476117314,476117314_1,석사주공2단지아파트강원특별자치도 춘천시 후석로228번길 24여기입니다.,2024.10.02.
476065677,476065677_1,수리점마다 수리비용이 다르지만아이폰12프로 페이스아이디 10만원 정도면 수리 가능합니다.도움이 필요하시면 네임카드 클릭 후 정보 확인 해주세요좋은 사설수리점 선택하시는 방법은1. 점검비 없이 무료점검 해주는 수리점.2. 보증기간 3개월이상 주는 수리점.꼭 물어보시고 확실하게 대답하는 사설수리점으로 방문하시는걸 추천드립니다~.채택부탁드립니다~,2024.10.02.
475902212,475902212_1,홍성역에서는 1시간 10분 정도 걸립니다 홍성역에서 갈산리 까지 30분 정도 갈산에서 남당 갔는데 40분 정도 걸렸습니다,2024.09.27.
475843636,475843636_1,재활용품점이 아닐까요이곳에 가면 거의 무료거나 저렴한 가격으로 판매를 합니다...,2024.09.26.
475843636,475843636_2,아름다운가게 춘천석사점강원특별자치도 춘천시 퇴계로 187,2024.09.26.
475724354,475724354_1,새우를 얼마나 먹나에도 가격이 다르겠죠관광택시를 타는것도 돈에 맞추어 계산하먼서 타면 돌아올 경비까지 따로 놔두고 하면 그것에 맞추어. 다니면. 가능하겠죠,2024.09.25.
475774110,475774110_1,죄송합니다. 더 친절하게 노력할게요.답변이 도움되셨으면 좋겠네요 좋은하루보내세요-올려주신 질문내용 :넘불친절 하네요 에효,2024.09.24.
475752721,475752721_1,아직 도착지 대리점에 물건 도착하지 않은 상태입니다물건은 수요일 배송 예정입니다단 배송 물량이 많아 배송  지연 발생 되면 목요일 배송 됩니다운송장번호4572678040812024-09-2401:33동서울터미널에서도봉터미널로 이동중입니다.기본정보상품명보내는 분받는 분운임2Ae) 보령)산양유단백질프로틴밸런스-1개문홍**문*근서울 노원신용배송현황상품접수터미널입고상품이동중배송터미널도착배송출발배송완료날짜시간상품위치배송 진행상황2024-09-2317:40양주 터미널고객님 상품을 집하하여양주 터미널에 입고되었습니다.2024-09-2320:53양주 터미널양주터미널에서동서울터미널로 이동중입니다.2024-09-2401:33동서울 터미널동서울 터미널에도착하였습니다.2024-09-2401:33동서울 터미널동서울터미널에서도봉터미널로 이동중입니다.,2024.09.24.
475662303,475662303_1,택시 탑승하시면 약 55분 정도 걸립니다요금은 약 29000원 정도 나옵니다,2024.09.23.
475701589,475701589_1,동해안이라면 속초해변입니다.춘천에서 속초가는 버스가 있고 1시간 50분 걸라며 15 700원 입니다.상세정보에서 속초 무정차가 있고 양양경유하는 버스가 있습니다.시외버스승차 :춘천시외버스터미널- 강원 춘천시 온의동 511하차 :속초시외버스터미널기본정보상세정보예매사이트노선안내 :속초행소요시간 :약 1시간 50분 ~ 2시간 소요요금안내 :15 700원출발시간 :06:30|08:00|09:00|10:00|11:30|13:30|14:30|15:30|16:30|18:00|19:30강릉은 전부 무정차이며 고속도로로 갑니다.속초와 거리는 멀지만 고속도로로 가므로 시간은 비숫하게 걸립니다.시외버스승차 :춘천시외버스터미널- 강원 춘천시 온의동 511하차 :강릉시외버스터미널- 강원 강릉시 홍제동 992-1기본정보상세정보예매사이트노선안내 :강릉행|삼척행소요시간 :약 2시간 소요요금안내 :17 300원출발시간 :06:20|08:00|08:30|09:30|10:30|12:20|13:00|14:05|15:15|16:30|17:00|17:40|18:30,2024.09.23.
475590797,475590797_1,우연히 같은 시간대에 마주치는것 같습니다구내식당가는 시간대를 조정해보세요 좀 빨리 가던가 아니면 좀 늦게 가는방법도 있습니다오지 말라고 할수는 없구요 시간을 조정해서 피하는수밖에 없는것 같습니다...,2024.09.22.
475640941,475640941_1,춘천 지역은 비나 눈으로 인한 피해가 거의 없습니다.우선 지역적으로 북쪽 내륙에 있기 때문에-태풍은 남쪽에서 발생하여 올라오기 때문에 우리나라에 들어와서 내륙으로 올라 오면서 약해지면서바람이 약해지고 폭우가 적습니다.-눈 또한 북서쪽에서 찬바람이 불어와서 바다와 접한 지역이나 산맥에 부딪쳐 태백산맥 지역에 많은 눈이오고 춘천 지방은 폭설이 내리지 않습니다.-인공적인 요소로 소양강댐이 있으므로 홍수 및 가뭄 조절이 가능하기 때문에 침수피해가 없습니다.요약하면 북부내륙에 있으므로 태풍이 약해지고 폭설이 없고 소양강댐의 홍수 및 가뭄조절로  자연재해가적습니다.,2024.09.22.
475621386,475621386_1,우체국택배는 접수한 다음날 배달하고  제주(D+2)은접수 다음다음날 배달합니다. 다만  도서지역 등 특정지역의 배달 소요기간은 다를 수 있습니다.이를 바타으로 계산을 해보낟면은 내륙 배송이였다면은 19일 15시 이전 발송은 그 다음날 배송 가능성이 높습니다. 대략 베송될 예상 시기는 월요일이나 화요일정도 될 거 같습니다.,2024.09.21.
475618969,475618969_1,상당히 운치 있고 낭만적이지요.좀 사람들이 많은 것이 흠이지만서도요.,2024.09.21.
475618969,475618969_2,남이섬도 단풍 명소라서10월 중순~말쯤까지 단풍이 물들 때 사람들이 많이 찾아가는 곳입니다궁금증 해결에 참고와 도움이 되었길 바랍니다,2024.09.21.
475618969,475618969_3,남이섬 아주 좋은 스폿입니다!물론 사람이 몰릴 때 가면 주차부터 힘들기 때문에 단풍으로 핫 시즌이기 때문에 평일에 가보시는 것을 추천합니다.참고로  아이들과 함께 가서 인생 샷도 찍고 왔던 기억이 있습니다.혹시라도 다른 여행 지도 궁금하시면 아래 내용 확인해 보세요!단풍시기 절정기 및 명소안내 총정리가을이 찾아오면  사람들은 산과 들로 떠나 단풍을 즐기고 싶어집니다. 특별히 단풍 구경을 계획하는 사람들에게는 절정 시기와 명소를 미리 파악하는 것이 중요합니다. 오늘은 단풍 절정기와 한국에서 단풍을 가장 잘 즐길 수 있는 명소를 총정리 했습니다. 그리고 단풍 구경 시 알아두면 유용한 팁들도 준비해 보았습니다. 자세한 내용은 아래를 참고하세요!  단풍명소 안내 바로가기  단풍 절정기 안내한국의 단풍 시기는 지역마다 차이가 있지만  대체로 10월 초부터 11월 초까지 이어집니다. 먼저  설악산에서 시작된 단풍이 남쪽으로 내려가면서...m.site.naver.com,2024.10.02.
475618969,475618969_4,안녕하세요!국내 최대 민간 정원으로 등록된 남이섬은 사계절 언제 방문해도 좋지만알록달록 오색찬란한 빛깔의 단풍들로 섬이 뒤덮이는 가을은 꼭 방문하시길 추천드려요^^46만 평방미터의 둘레에 3만여 그루의 나무들로 둘러싸인 남이섬은메타세쿼이아길  중앙잣나무길  은행나무길 등 걷기에도 좋고강변길을 따라 강 위에 반짝이는 윤슬을 눈에 담으며 시원한 강바람과 함께자전거를 타셔도 잊지 못할 가을 추억을 만드실 수 있을 거예요:)특히중앙광장에서 별장에 이르는 100미터 남짓의 은행나무 길은가을이 되면 서울 송파구에서 보내온 은행잎으로 황금빛 카펫을 이루니꼭 한번 걸어보시고 멋진 사진도 남겨보시길 바랍니다.또한  이뿐만 아니라 섬 내에는 연중 다양한 공연이 열리고바이크센터  스토리투어버스  나미워터파크  나눔열차  짚와이어 등 다양한 액티비티와공예원  전시관  레스토랑  카페 등 다방면으로즐길 거리가 많아 지루하지 않고 알찬 하루 보내실 수 있습니다~가시기 전에 홈페이지 한번 참고하시고 가시면 더욱 도움 되실 거예요!즐거운 여행 하세요:)https://www.namisum.com/38나미나라공화국 [NAMINARA REPUBLIC]Discover Nami Island's  Pure Autumn Beauty Travel to NAMI 남이섬은 오늘이 좋습니다 봄이면 꽃이 섬을 뒤덮고   여름이면 짙게 드리워진 숲그늘 아래로 강바람이 불어오는 곳 가을이면 낙엽이 양탄자처럼 깔리고   겨울이면 고드름과 눈으로 가득한 세상이 되는 곳 14만평의 섬 위에 수놓아진 아름다운 정원과 숲  남이섬은 오늘이 좋습니다 남이섬 4계절 엿보기www.namisum.com,2024.09.21.
475618969,475618969_5,가을에 남이섬은 정말 매력적인 여행지입니다. 남이섬의 단풍은 전국적으로 유명하며  섬 전체가 붉은 단풍과 노란 은행나무로 물들어 마치 그림 같은 풍경을 자아냅니다. 섬을 둘러싼 북한강의 잔잔한 물결과 울긋불긋한 나무들이 어우러져 한 폭의 수채화를 연상시키죠. 특히 가을 햇살이 나무 사이로 비치는 모습을 감상하며 섬을 산책하는 건 그 자체로 힐링이 됩니다.남이섬 여행하시는데 도움되실만한글 하나 공유드립니다^^  즐거운 여행하세요^^가을 남이섬 여행  단풍 절정 시기 + 관람 코스추천 + 입장료 싸게사는법까지!남이섬은 가을 단풍의 진수를 만끽할 수 있는 명소로 많은 사람들의 발길이 이어지는 곳입니다. 특히 10월 말부터 11월 초 사이에 단풍이 절정에 이르러 섬 전체가 붉고 노란빛으로 화려하게 물드는 모습은 그야말로 장관입니다. 오늘 글에서는 남이섬의 단풍 절정 시기와 관람 팁  입장료 할인 방법  그리고 둘러보기 좋은 코스까지 꼼꼼히 안내해 드리겠습니다.        1. 남이섬 단풍의 절정 시기 매년 남이섬의 단풍은 10월 중순부터 조금씩 물들기 시작해 11월 초에 가장 화려한 모습을 보입니다. 2023년의 경우  10월 26일부터 ...m.site.naver.com,2024.10.11.
475560215,475560215_1,뭔소리예요??? 에버랜드는 경기도 용인에 있는데 무슨 대전에...???,2024.09.20.
475547724,475547724_1,춘천시외버스터미널에서 와수터미널로 갈 수 있습니다. 12:20  18:30에 출발합니다.,2024.09.19.
475547724,475547724_2,시외버스승차 :춘천시외버스터미널- 강원 춘천시 온의동 511하차 :와수리시외버스터미널기본정보상세정보노선안내 :동송행소요시간 :약 1시간 35분 소요요금안내 :11 800원출발시간 :12:20|18:30춘천에서 와수리가는 버스가 하루 2회 있습니다.사창리 경유하며 1시간 35분 걸리고 11 800원 입니다.,2024.09.20.
475547078,475547078_1,기차는 미리 예매하시는 것을 추천드립니다,2024.09.19.
475547078,475547078_2,네  예매 안하고 역에 가서 표를 구입하여도 됩니다.그러나 매진되면 구입이 불가하고 특히 아침  저녁이나 주말에는 매진이 되는 경우가 많습니다.,2024.09.19.
475546518,475546518_1,ㅎㅎ 토요일이 전국적일거에여~~ ㅎㅎㅎ,2024.09.19.
475531142,475531142_1,양구 방산면이요.,2024.09.19.
475455162,475455162_1,지하철 버스 기차순 입니다.https://m.blog.naver.com/dorothy_bet/223385415257ITX청춘으로 용산에서 춘천역 편하게 가는법 정리ITX청춘으로 용산에서 춘천역 편하게 가는법 정리 글/사진 ©비현 예전 강원도를 가게 된다면 이것저것 ...m.blog.naver.com버스 8 600원https://m.blog.naver.com/happyhappy415/223512002526뚜벅이가 서울에서 춘천가는법  동서울터미널에서 춘천가는 시외버스 타기드.디.어 여름휴가를 떠납니다 휴가지는 춘천과 홍천 저희는 첫번째 목적지인 춘천을 갈 때  동서울터...m.blog.naver.com,2024.09.17.
475455162,475455162_2,서울서 춘천까지 가는 요금은 일반전철 - 버스 - ITX순입니다.일반전철은 상봉까지 가며 시내로 가려면 갈아타야 하고 청량리까지 3 100원 입니다.버스는 동서을  잠실가는 버스가 있으며 동서울 무정차는 8 600원 입니다.ITX는 청량라 8 600원 용산 9 800원 입니다.,2024.09.18.
475350942,475350942_1,1. 라이키(LIKY) 카페춘천 향교 근처에 위치한 라이키는 독특한 분위기의 카페 겸 소품샵으로  아이도 흥미를 가질 만한 아기자기한 소품들이 가득해요. 빨간 벽돌 건물과 초록 창틀이 인상적인 이곳은 마치 동화 속 공간 같은 느낌을 줍니다. 라이키는 소품도 구경하고 다양한 식물들도 함께 볼 수 있어 어린 친구도 흥미를 느끼기 좋은 곳이에요!Previous imageNext image라이키강원특별자치도 춘천시 삭주로 33 1층(라이키)2. 애니메이션 박물관아이와 함께 다양한 캐릭터들을 만나고 체험할 수 있는 애니메이션 박물관도 추천드려요. 춘천의 대표적인 가족 나들이 장소로  한국 애니메이션 역사와 함께 다양한 전시와 체험 활동이 마련되어 있어 동생과 즐거운 시간을 보낼 수 있습니다.애니메이션박물관강원특별자치도 춘천시 서면 박사로 854 애니메이션박물관3. 김유정 문학촌조용히 산책도 즐기고 역사나 문학에 대한 이야기도 나눌 수 있는 김유정 문학촌은 아이와 함께 방문하기 좋습니다. 다양한 전시와 체험 프로그램이 마련되어 있어요. 근처 김유정역은 한국적인 분위기가 물씬 나기 때문에 사진 찍기에도 좋습니다.김유정문학촌강원특별자치도 춘천시 신동면 김유정로 1430-144. 남이섬남이섬은 춘천에서 가까운 대표 관광지 중 하나로  넓은 숲길과 산책로가 있어서 아이들과 함께 자연을 만끽하며 걷기 좋아요. 특히 자전거나 보트를 타며 다양한 액티비티도 즐길 수 있어 온 가족이 함께 방문하기에 좋습니다.남이섬강원특별자치도 춘천시 남산면 남이섬길 1춘천에서 초등학생 동생과 함께 즐거운 추억 많이 만드세요!,2024.11.05.
475350942,475350942_2,1.애니메이션 박물관&토이 박물관특징:다양한 로봇과 애니메이션을 체험할 수 있는곳운영 시간:10시~18시(9월 17 19일 날 휴무!!)가격:일반은 7000원 춘천 시민은 5000원2.해피 초원 목장특징:양 소 토끼 등 다양한 동물들한테 먹이를 주고 말을 타는 체험도 할 수 있는곳운영 시간:10시~19시가격:일반인(동물 먹이 포함):7000원3.레고랜드특징:다양한 레고 테마의 놀이기구와 전시가 있는 곳운영 시간:10시~18시(9월 24 25일 날 휴무!!)가격:성인 성인은 55000원~ 소인은 55000원~저는 개인적으로 애니메이션 박물관을 추천합니다.재가 가족이랑 가봤는데 사진찍기도 좋고 볼 것도 많았습니다.그래도 좀 아니다 싶으면 레고랜드도 나쁘지 않습니다^^즐거운 추석 보내세요~,2024.09.14.
475333317,475333317_1,https://www.chuncheon-pti.kr/index.php?mp=p2_4_3춘천시대중교통정보봄봄버스 시간표 > 시내버스 > 자료실 > 봄봄버스 시간표 남면 운행시간표 노선번호 기점↔종점 출발시간 남면1 중앙시장입구↔가정리종점 중앙시장입구 : 06:15(강촌역발) 08:00 10:30 17:20 20:40 가정리종점 : 06:50 09:10 11:40 18:30 남면1 중앙시장입구↔관천리종점 중앙시장입구 : 14:10 관천리종점 : 15:40 남면2 중앙시장입구↔한덕리마을회관 (발산리) 중앙시장입구 : 09:50 16:40 20:00 한덕리마을회관 : 11:00 18:00 21:10 남면2-1 중앙시장입구↔한덕리마을회관 (...www.chuncheon-pti.kr마을버스 시간표입니다.,2024.09.19.
475333233,475333233_1,https://www.chuncheon-pti.kr/index.php?mp=p2_4_3춘천시대중교통정보봄봄버스 시간표 > 시내버스 > 자료실 > 봄봄버스 시간표 남면 운행시간표 노선번호 기점↔종점 출발시간 남면1 중앙시장입구↔가정리종점 중앙시장입구 : 06:15(강촌역발) 08:00 10:30 17:20 20:40 가정리종점 : 06:50 09:10 11:40 18:30 남면1 중앙시장입구↔관천리종점 중앙시장입구 : 14:10 관천리종점 : 15:40 남면2 중앙시장입구↔한덕리마을회관 (발산리) 중앙시장입구 : 09:50 16:40 20:00 한덕리마을회관 : 11:00 18:00 21:10 남면2-1 중앙시장입구↔한덕리마을회관 (...www.chuncheon-pti.kr마을버스 시간표입니댜.중앙시장입구↔조양3리종점(봉명리↔조양3리)중앙시장입구 : 06:00 08:05 11:05 17:20 20:35조양3리종점 : 07:00 09:30(조양4리경유) 12:10 18:25 21:35(거두리부영A착),2024.09.19.
475297722,475297722_1,의암호 주변둘레길 케이블카 타는것  강의 배타는곳의 노을도 너무 사진담기에는 좋아요,2024.09.13.
475294405,475294405_1,약간 막힐 수도 있습니다,2024.09.13.
475294405,475294405_2,이른시간이리면 덜 막히지 않을까요,2024.09.13.
475294405,475294405_3,연휴 첫날은 많이 막힐 수 있습니다.이번에는 추석 연휴가 길어 차량이 많을 걸로 보입니다.특히 오전에는 많이 밀릴 것으로 보입니다.남양주면 그냥 국도로 가는 방법 고려해 보세요,2024.09.13.
475232793,475232793_1,춘천에는 앤티앤스  매장 없습니다,2024.09.12.
475156381,475156381_1,홍성군 농어촌버스 운수사인 홍주여객 전화번호입니다.고객센터(6시~18시):041-642-1371대표번호(평일9시~18시  점심시간 12시~13시):041-641-6100,2024.09.10.
475156381,475156381_2,홍성군 농어촌버스는 군청에서 관리하고 있습니다군청에 전화를 해서276번이나 277번 버스회사 전화번호를 물어보면 알려 줍니다...041-630-1114(홍성군청 대표전화),2024.09.10.
475138910,475138910_1,저도 춘천에서 애 셋 키우는 사람입니다.결론부터 말씀드리자면  딱히 권할만한 곳이 없습니다.아이가 좋아할만한 맛이라는게 워낙 맞추기 어렵고  놀이방이라도 잘 되어있는 곳이면 어른들이라도 잠시 편하게 놀먹할 수 있는데 그런 곳도 많지 않습니다.제 주관적으로 추천해보자면1. 노리숲 키즈카페: 여긴 식당이 아닙니다. 무인 키즈카페입니다.근데 애들은 키즈카페에서 놀게하고 어른들은 배달음식 시켜먹으면 아주 편하고 좋습니다.2. 샵샤브 인지 샾샤브인지...샤브샤브집인데  놀이방이 꽤 괜찮습니다.애들에게는 샤브샤브 먹이거나  짜장밥 먹이거나 그러면 무난합니다.3. 다이닝원수협 2층에 있는 초밥뷔페입니다. 개인적으로 쿠우쿠우보다 한 결 낫습니다.애들 좋아할만한 메뉴들도 좀 있고. 초코폭포에 머쉬멜로 묻혀먹는!애들 놀이방도 조그마하게 있습니다.그 외에는 그냥 평범한 식당들입니다.여기저기 다니면서 돈까스 먹여본 결과로는 우두동 유미카츠가 그래도 제일 입에 맞았습니다.위 업체 중 어디 한 곳이라도 저와 사적으로 연관된 곳은 없습니다.^^,2024.09.10.
475107962,475107962_1,홍성역에서남당항대하축제 행시장까지 택시비 약 45000원 정도 나옵니다광천역에서남당항대하축제 행시장까지 택시비 약 35000원 정도 나옵니다택시 기본요금 4000원입니다,2024.09.09.
475102791,475102791_1,생계비만 해당입니다,2024.09.09.
475082301,475082301_1,1) 대기 예상: 금요일 오후면 대기 있을 수 있음2) 네이버 예약: 현장가와 비교해봐요3) 퀵패스 추천: 대기 싫으면 퀵패스로 예매도움되는 답변이 되셨길 바래요-질문정보 :춘천 케이블카를 타러가려는데 어른3 아이1 입니다.궁금한건 추석전 금요일 13일에 갈건데1)대기 어느정도 예상 하시나요? 생각보다 별로 없나요?너무 많으면 퀵패스를 구입해야될거같고  그닥 안길면 저렴하게 탈건데.. 도무지 감이없네요 ..2)무조건 네이버 예약을 하고가는게 득인가요? 현장 발권고ㅓ 가격차이얼마 안나나요?3) 전반적으로 어떤걸 예매하는걸 추천 하시는지 (금요일 대기고려  인터넷과 현장 가격 차이고려) 추천 좀 부탁드립니다,2024.09.08.
474996189,474996189_1,아뇨 생계비만 해당입니다,2024.09.09.
