﻿doc_id,answer_index,answer,answer_date
477442525,477442525_1,없을리가 없죠강남 역삼역 에서 선릉역 방향 까지 모텔과 호텔이 있습니다.https://map.naver.com/p/search/%EA%B0%95%EB%82%A8%20%EB%AA%A8%ED%85%94?c=16.62 0 0 2 dh네이버 지도강남 모텔map.naver.com,2024.11.03.
477349796,477349796_1,롯데슈퍼에서는 사용이 되지 않습니다,2024.11.01.
477262054,477262054_1,네이버에 내장산 주변 반려동물 동반 가능한 숙박업소를 찾아보니 아래 사이트를 통해서 반려동물 동반 가능한 숙박업체 검색이 가능합니다. 참고하셔서 반려동물과 멋집 단풍 여행 되세요반려동물 동반 가능 8개 숙박 시설 저희에게 지불되는 금액이 정렬 순서에 영향을 미칩니다. 새 창에서 열림 정렬 기준 정렬 기준 군산 링스의 사진 갤러리 객실 군산 링스 정읍에서 46.14km 9.6 10점 만점 중 9.6점 최고예요 최고예요 이용 후기 4개 (이용 후기 4개) 저희 사이트에 이 가격으로 1개 남음! 현재 요금 ₩45 455 ₩45 455 총 요금: ₩50 000 세금 및 수수료 포함 군산 링스에 대한 상세 정보  새 탭에서 열림 나비잠 한옥 호텔의 사진 갤러리 숙박 시설 정면 - 저녁/밤 나비잠 한옥 호텔 정읍에서...www.expedia.co.kr,2024.10.30.
477123776,477123776_1,스페이스클라우드 어플에서 확인해보세요~ 파티룸 어플이에요,2024.10.28.
477037389,477037389_1,네,2024.10.24.
477037389,477037389_2,07:15분 07:45분등 직통버스가 있으니 다시 알아보세요.순창.담양 경유버스는 시간이 많이 소요되니 직통 버스를 타야합니다.,2024.10.25.
476935597,476935597_1,끈질긴 노력과 인내로 알찬 결실을 맺게 될 꿈입니다.이 꿈은 다소 시간이 걸리더라도 침착하게 행동하여일을 마무리 짓는 것을 의미합니다. 즉 오랫동안 묵혀둔일이나 이제껏 잊고 있던 일들을 다시 시도하게 되거나시작한 일이 있다면 일을 시원하게 해결하게 될 꿈이랍니다.그러니 자신감을 갖고 모든 일에 매진하시길 바랍니다.질문자분께서 늘 건강하시고 행복하시기를 기원하며글을 씁니다.답변이 도움 되셨다면'포인트 선물'버튼을 클릭하셔서 마음을 전해 주시면 감사하겠습니다!.,2024.10.22.
476892921,476892921_1,지번 주소 : 전북특별자치도 남원시 식정동 338-1도로명 주소 : 전북특별자치도 남원시 욱골길 6 (식정동)영문 주소 : 6 Ukgol-gil  Namwon-si  Jeonbuk-do 55725  Rep. of Korea,2024.10.21.
476878830,476878830_1,오늘 남원 날씨 쌀쌀합니다....,2024.10.21.
476855545,476855545_1,안녕하세요.<3개월의 기적!!>이지베스트 학원 수학 강사 이종림 선생입니다.우리 학원은 일대일로 개인 맞춤 수업을 하는 학원입니다.초등부터 고등까지 공부할 수 있는 학원입니다.학원이 쾌적하고 모든 선생님들이 친절하며 학생들을 잘 케어해 주는 학원입니다.안심하고 학생을 맡길 수 있는 학원입니다.모든 선생님들의 실력이 출중하며  학생들이 모르는 부분을 바로 바로 짚어 주어 공부를 잘 할 수 있게 만들어 주는 그런 학원입니다.밑에 블러그를 둘러 봐 주시면 감사하겠습니다.https://blog.naver.com/ezbestacademy/223591403785고퀄리티 수학 서술형특강이 무료! EZBEST로 드루와~!안녕하세요 여러분! 기말고사 여러분의 점수는 안녕하신가요? 내신점수에 욕심이 많은 여러분들을 위해 고...blog.naver.com,2024.10.20.
476846289,476846289_1,울산신정중학교 분위기는 선생님들도 다 좋으시고일진이나 노는애들도 거의 없고 전체적으로 다 좋아요...,2024.10.20.
476846289,476846289_2,네,2024.11.02.
476797043,476797043_1,하정점이요,2024.10.19.
476720804,476720804_1,8번출구까지 8개로 나오지만사실 현대백화점 앞에 전용출구 따로 있음 9개신촌역 2호선서울특별시 서대문구 신촌로 90,2024.10.16.
476720804,476720804_2,8번출구까지 8개로 나오지만사실 현대백화점 앞에 전용출구 따로 있음 9개,2024.10.17.
476658366,476658366_1,신촌은 서울에서 모텔이 가장 많고 시설도 좋은 곳신촌역  6번 출구 쪽 하나은행 뒤쪽 모텔은 대부분 신축4번 출구 파출소 골목 모텔 다양한 시설 모텔,2024.10.15.
476399803,476399803_1,지번 주소 : 전북특별자치도 남원시 용정동 723-3도로명 주소 : 전북특별자치도 남원시 구룡길 51-27 (용정동)영문 주소 : 51-27 Guryong-gil  Namwon-si  Jeonbuk-do 55728  Rep. of Korea,2024.10.09.
476131980,476131980_1,143첫차04:00|막차22:10|배차간격6분정릉=개포동정릉산장아파트08-161 | 03:59~22:10정릉4동주민센터.경국사08-163 | 04:01~22:12북한산보국문역2번출구08-408 | 04:03~22:13성북청수도서관.정릉4동성당08-165 | 04:03~22:13정릉시장입구08-167 | 04:04~22:14정릉우체국앞08-169 | 04:05~22:16숭덕초교08-119 | 04:08~22:18정릉길음시장08-121 | 04:09~22:20미아리고개.미아리예술극장08-005 | 04:10~22:21돈암사거리.성신여대입구08-007 | 04:11~22:22삼선교.한성대학교08-009 | 04:13~22:26혜화동로터리.여운형활동터01-005 | 04:15~22:28명륜3가.성대입구01-003 | 04:17~22:30창경궁.서울대학교병원01-002 | 04:18~22:31원남동01-198 | 04:19~22:33종로4가.종묘01-018 | 04:22~22:34종로3가.탑골공원01-016 | 04:22~22:36종로2가01-014 | 04:24~22:38롯데백화점02-140 | 04:27~22:42신세계백화점02-144 | 04:28~22:44남산3호터널02-147 | 04:29~22:46용산한신아파트03-150 | 04:31~22:49해방촌03-151 | 04:33~22:50용산구청03-154 | 04:34~22:51한강중학교앞03-156 | 04:35~22:52반포대교남단.한강시민공원입구22-381 | 04:38~22:55고속터미널22-020 | 04:39~22:58신반포자이아파트22-208 | 04:41~22:59잠원성당22-206 | 04:42~23:02잠원한신아파트22-174 | 04:44~23:03신동중학교22-182 | 04:45~23:04신반포13차아파트22-179 | 04:47~23:05롯데캐슬아파트22-177 | 04:47~23:06신사중학교23-101 | 04:49~23:09광림교회.현대고등학교23-103 | 04:51~23:10현대아파트23-149 | 04:52~23:14압구정파출소23-157 | 04:53~23:16한양아파트.압구정로데오역23-159 | 04:55~23:18청담초등학교앞23-182 | 04:56~23:21청담동주민센터23-167 | 04:57~23:24영동교입구23-169 | 04:59~23:26청담역.경기고교23-170 | 04:59~23:26봉은사.삼성1파출소앞23-189 | 05:01~23:28무역센터23-199 | 05:05~23:29삼성역3번출구23-438 | 05:06~23:34휘문중고등학교23-249 | 05:09~23:35대치동현대아파트23-262 | 05:11~23:38농협대치지점23-224 | 05:12~23:40대치SK.VIEW아파트.서울교회23-225 | 05:13~23:40대치역7번출구.선경아파트23-231 | 05:14~23:43개포동역7번출구.개포시장23-352 | 05:16~23:44경기여고23-351 | 05:16~23:45디에이치아너힐즈23-349 | 05:18~23:47래미안블레스티지아파트23-345 | 05:20~23:50개포도서관23-346 | 05:23~23:51수도전기공고후문23-347 | 05:24~23:55개포주공5단지경기여고23-353 | 05:26~23:57개포동역6번출구.개포시장23-354 | 05:27~23:58대치역6번출구.강남구민회관23-239 | 05:28~23:59은마아파트23-233 | 05:30~00:01은마파출소23-234 | 05:30~00:02대치현대아파트23-247 | 05:31~00:04휘문중고등학교23-248 | 05:33~00:05삼성역23-242 | 05:35~00:06삼성역7번출구23-197 | 05:36~00:08봉은사역3번출구.삼성1파출소23-192 | 05:37~00:09청담역.경기고교23-188 | 05:38~00:11우리은행청담지점.청담삼익아파트23-171 | 05:39~00:13청담동주민센터23-166 | 05:41~00:18청담초등학교23-165 | 05:42~00:20한양아파트.압구정로데오역23-158 | 05:44~00:22압구정파출소23-156 | 05:45~00:23현대아파트23-148 | 05:47~00:25광림교회.현대고등학교23-104 | 05:49~00:27신사중학교23-102 | 05:49~00:28롯데캐슬아파트22-178 | 05:52~00:32신반포13차아파트22-180 | 05:53~00:33신동중학교22-181 | 05:54~00:34잠원한신아파트22-204 | 05:58~00:37잠원성당.아크로리버뷰아파트22-205 | 05:59~00:39뉴코아아울렛22-207 | 06:02~00:41고속터미널22-019 | 06:03~00:42반포대교남단.한강시민공원입구22-382 | 06:04~00:44한강중학교03-155 | 06:07~00:47용산구청03-153 | 06:09~00:48국군재정관리단03-152 | 06:10~00:49이태원동남산대림아파트.용산동아파트03-149 | 06:11~00:50용암초등학교입구.이태원주공아파트03-148 | 06:12~00:51남산3호터널.서울애니메이션센터02-148 | 06:15~00:54롯데영프라자02-142 | 06:16~00:55우리은행종로지점02-139 | 06:17~00:57종로2가01-013 | 06:19~00:59종로3가.탑골공원01-015 | 06:21~01:01종로4가.종묘01-017 | 06:22~01:02종로5가.광장시장01-019 | 06:24~01:04종로5가.효제동.김상옥의거터01-204 | 06:25~01:07방송통신대.이화장01-219 | 06:28~01:08혜화역2번출구.마로니에공원01-220 | 06:28~01:09혜화역.동성중고(장면총리가옥)01-229 | 06:30~01:10삼선교.한성대학교.조소앙활동터08-010 | 06:34~01:12돈암사거리.성신여대입구08-008 | 06:38~01:15미아리고개.미아리예술극장08-006 | 06:39~01:16길음뉴타운08-004 | 06:40~01:18길음역08-124 | 06:43~01:20길음뉴타운10단지.라온유아파트08-400 | 06:44~01:23숭덕초교08-120 | 06:45~01:23정릉우체국앞08-170 | 06:47~01:24정릉시장입구08-168 | 06:48~01:25성북청수도서관.정릉4동성당08-166 | 06:49~01:26북한산보국문역1번출구08-409 | 06:50~01:27정릉4동주민센터.경국사08-164 | 06:50~01:29정릉대우아파트08-162 | 06:52~01:30,2024.10.03.
476131965,476131965_1,네갑니다110B국민대첫차04:05|막차22:45|배차간격8분정릉북한산국립공원...  용산꿈나무종합타운...정릉북한산국립공원입구08-160 | 04:05~22:45정릉산장아파트08-161 | 04:05~22:46정릉4동주민센터.경국사08-163 | 04:07~22:47북한산보국문역2번출구08-408 | 04:09~22:49성북청수도서관.정릉4동성당08-165 | 04:09~22:49정릉시장입구08-167 | 04:10~22:50정릉우체국앞08-169 | 04:11~22:51봉국사08-116 | 04:12~22:53고려대사범대학부속고등학교08-114 | 04:14~22:54청덕초교08-112 | 04:14~22:55국민대학교앞08-110 | 04:16~22:56롯데아파트01-159 | 04:18~22:59일성아파트01-158 | 04:19~23:00평창동주민센터01-157 | 04:20~23:01평창파출소01-156 | 04:22~23:02갑을씨티텔앞01-155 | 04:23~23:03세검정초등학교01-133 | 04:23~23:04세검정.상명대01-134 | 04:24~23:05홍지문13-173 | 04:26~23:08유원하나아파트13-171 | 04:28~23:09서울여자간호대학교.홍은초등학교13-169 | 04:29~23:10문화촌현대아파트13-167 | 04:31~23:12유진상가13-165 | 04:33~23:14홍은현대아파트13-163 | 04:35~23:15정원여중.스위스그랜드호텔13-161 | 04:37~23:16동신병원13-158 | 04:39~23:18서대문구청.서대문구의회13-157 | 04:40~23:20서대문자연사박물관입구13-155 | 04:41~23:22한성화교중고교.서대문소방서13-153 | 04:42~23:23연희3거리13-151 | 04:44~23:25연희교차로13-149 | 04:45~23:26연남동14-226 | 04:47~23:27동교동삼거리14-061 | 04:49~23:28신촌역14-228 | 04:50~23:30신촌로터리14-168 | 04:51~23:32서강대학교14-171 | 04:52~23:33광성중고등학교14-172 | 04:53~23:34대흥역14-174 | 04:53~23:36용강초등학교14-176 | 04:54~23:38동도중학교.서울디자인고등학교14-178 | 04:56~23:39공덕역1번출구14-180 | 04:57~23:41공덕오거리14-150 | 04:58~23:42용마루고개.브라운스톤공덕아파트14-336 | 04:58~23:44용마루고개.효창파크푸르지오아파트03-178 | 04:59~23:45효창공원앞역.이봉창역사울림관03-180 | 05:01~23:47용산꿈나무종합타운.보건분소03-182 | 05:01~23:47원효로제1동주민센터03-183 | 05:04~23:49전쟁기념관03-185 | 05:07~23:50녹사평역03-187 | 05:08~23:52용산구청.이태원시장03-189 | 05:09~23:53이태원역4번출구.해밀턴호텔03-191 | 05:11~23:55이태원119안전센터03-193 | 05:13~23:56한남동주민센터03-195 | 05:15~23:57한강진역.블루스퀘어03-197 | 05:16~23:59서울시중부기술교육원.블루스퀘어03-161 | 05:17~23:59순천향대학병원.한남오거리03-165 | 05:18~00:00한남동03-213 | 05:20~00:03한남시범아파트03-211 | 05:21~00:05옥정중학교입구04-169 | 05:23~00:06옥수삼성아파트.래미안옥수리버젠04-161 | 05:24~00:07미타사입구04-163 | 05:25~00:08금옥초등학교앞04-157 | 05:27~00:10금남시장앞.백범학원터04-153 | 05:27~00:10힐스테이트서울숲리버아파트04-159 | 05:29~00:13응봉동현대아파트04-141 | 05:30~00:14응봉동주민센터04-138 | 05:31~00:15응봉사거리04-140 | 05:33~00:17무학여고앞04-131 | 05:33~00:18성동구청04-574 | 05:35~00:19도선사거리04-121 | 05:38~00:22마장축산물시장04-119 | 05:39~00:23동대문구청.용두역3번출구06-164 | 05:41~00:25동대문구청.용신동주민센터06-165 | 05:42~00:25경동시장앞06-775 | 05:42~00:27홍파초등학교06-170 | 05:45~00:28제기동한신아파트앞06-172 | 05:46~00:28고려대역.고대앞삼거리06-173 | 05:46~00:29숭례초등학교08-155 | 05:48~00:31종암동주민센터08-153 | 05:49~00:32종암사거리입구08-151 | 05:50~00:34돈암1동주민센터08-126 | 05:54~00:37길음역08-124 | 05:56~00:38길음뉴타운10단지.라온유아파트08-400 | 05:58~00:40숭덕초교08-120 | 05:59~00:41정릉우체국앞08-170 | 06:01~00:43정릉시장입구08-168 | 06:02~00:44성북청수도서관.정릉4동성당08-166 | 06:03~00:45북한산보국문역1번출구08-409 | 06:03~00:46정릉4동주민센터.경국사08-164 | 06:03~00:47정릉대우아파트08-162 | 06:05~00:48정릉북한산국립공원입구08-347 | 06:06~00:49,2024.10.03.
475973010,475973010_1,신촌에 청춘술방이 70명 단체 예약 가능하다고 합니다.연락해보시길 바랍니다.청춘술방서울특별시 서대문구 연세로7안길 4 2층,2024.09.29.
475883956,475883956_1,무단횡단 사랑하는 가족과 생이별,2024.09.27.
475876732,475876732_1,해석은 각 조금씩 다르겠지만 제 해석으로는 하기 싫다고 했는데 공방을 하라고 강요하여 하게 되었더니 결국 이 사건에 휘말리게 되었네 어사가 죄를 물으면 나도 걸려들고 결국 벌을 받게 될 터인데 이 사건의 소용돌이(불) 속에 어찌 들어가야 하는가?등채로 후닥닥 어디로 도망가려다가 무엇에 쎄게 부딛쳐 혼자 비명을 지르는 소리 아이고 박터졌네=아이고 이마(머리)가 깨졌네,2024.09.27.
475780748,475780748_1,미자 출입이 가능하진 모르겠으나신촌 무인텔 리스트가 유용하실 것 같아 주소 전달드리고 갑니다.https://m.site.naver.com/1wP7f,2024.11.06
475780748,475780748_2,미자 출입 무인텔 유인텔 둘 다 없음,2024.09.24.
475466705,475466705_1,피해를 안주려고 눈치보시는거 아닌가요...?,2024.09.17.
475399356,475399356_1,네  오해받을짓하게 되면피해줄수도 있습니다...,2024.09.16.
475381637,475381637_1,동네 사람도 그렇고 여자들에게도 누적이 많습니다.,2024.09.15.
475339146,475339146_1,안녕하세요! 군대 휴가를 받아 친구들과 서울 여행을 계획 중이시군요.홍대나 신촌에서 술도 마시고 함께 시간을 보내신다니 정말 즐거운 시간이 될 것 같아요.이 근처에서 친구들과 함께 하루 머물기 좋은 숙소로 L7 홍대를 추천해 드리고 싶어요. L7 홍대는 세련되고 감각적인 인테리어가 돋보이는 호텔로  모던하면서도 아늑한 분위기의 객실에서 편안한 휴식을 취하실 수 있어요. 특히 루프탑 바는 힙한 분위기 속에서 서울의 야경을 감상하며 잊지 못할 추억을 만드시기에 최고의 장소랍니다. 친구들과 함께 특별한 시간을 보내고 싶다면 꼭 방문해보세요.또한  L7 홍대는 홍대입구역에서 도보 5분 거리에 위치해 있어 접근성이 매우 좋아요. 호텔 주변에는 다양한 음식점  바  상점들이 있어 늦은 시간까지도 즐겁게 보내실 수 있어요. 도보 10분 거리에 연남동과 상수동의 트렌디한 카페 거리도 있어서 낮 시간에는 카페 투어를 하시기에도 좋답니다.이번 휴가에 친구들과 함께 멋진 추억 많이 만드시고 즐거운 시간 보내세요! 추천해 드린 L7 홍대에 대한 더 자세한 정보는 블로그 글에서 확인하실 수 있어요.호텔에 대한 자세한 설명 링크 ▼홍대에서의 밤을 완성시켜줄 숙소 TOP 4젊음과 예술  그리고 음악의 에너지가 넘치는 서울 홍대! 홍대는 밤낮없이 활기찬 분위기를 만끽할 수 있는...blog.naver.comL7 홍대 예약 링크 ▼아고다 공식 사이트 | 예약 무료 취소 & 할인 특가 | 2백만 개 이상의 숙소예약 무료 취소 가능 | 깨끗한 호텔  Agoda Homes 숙소 및 항공편 할인 특가 | 아고다 보장제 | 2천만 건 이상의 투숙객 이용 후기 | 안전 & 안심www.agoda.com,2024.09.20.
475092435,475092435_1,"안녕하세요 이지베스트 학원 수학강사 박재영입니다우리 학원은 고양시 덕양구 화정에 위치하고 있으며 셔틀버스도 운영하고 있습니다학생의 실력과 맞게 소수정예 1:1 개별 맞춤수업이므로  개별 실력에 맞게 개념을 이해시키며 수준에 맞는 문제풀이를 하고 신속한 피드백으로 3개월의 기적을  만들어 내려고 노력하고 있습니다.그리고 우리 학원은 본 수업과 연계된 ""코칭"" 수업이 있어서 수업내용을 바로 복습할 수 있고 모르는 부분이 있으면 코칭실 조교 선생님께 질문하여 문제를 해결할 수 있습니다.또한 주1회 일일테스트가 있어서 자신이 얼마나 이해했는지 평가로 확인 할 수 있습니다.이지베스트 학원만의 수학비법서가 있어서 학생들이 기본 공식 암기를 수월하게 할 수 있도록 도와주고선생님이 매 시간 확인하여 암기하였는지 관리를 해줍니다.어느 학원보다 숙제 및 관리를 철저하게 해 준다고 자부합니다.부담 갖지마시고 편하게 상담하시면 학생별 개별지도 원리와 내신대비 방법 및 학습진도계획등을 상담드리도록 하겠습니다상담문의 : 031-978-5577 (토요일도 가능합니다)아래 블로그도 한번 방문해서 둘러보시면 선택하시는 데 도움이 되실겁니다.이지베스트 2관학원경기도 고양시 덕양구 중앙로 616 스토어허브 고양타워 502호http://blog.naver.com/ezbestacademy<초/중/고> 국어/영어/수학 입시명문 -이지베스트학원 : 네이버 블로그go 이지베스트! Design the Future ""3개월의 기적""으로 감동을 선사하는 초/중/고 국어/영어/수학 입시명문 이지베스트학원입니다.blog.naver.com",2024.09.08.
