﻿doc_id,title,question,region_id,views,question_date
477404479,질문신촌 벌툰에 나 혼자만 레벨업 있나요?,,12130312, 23,2024.11.04
477442525,질문질문입니나,홍대는 신촌역에 텔촌이있는데 강남은 혹시 홍대처럼 텔촌 같은게 있을까요?,12130312, 15,2024.11.03
477331568,질문전북 남원 운봉읍 수철리 버스시간 ㅠㅠ급해야,운봉중학교가려면 수철 버정에서 서하 버정으로 내려야하는데 가는 버스들 시간표좀 알려즈쎄요,12130324, 28,2024.11.02
477349796,질문남원 푸르미카드,남원 롯데슈퍼에서 음식을 푸르미카드로 구매 가능한가요?,121303, 22,2024.11.01
477262054,질문내장산 단풍 구경,반려견과 우리 부부가 내장산 단풍 구경을 가려고 하는데 내장산에는 한 번도 가보지 읺아서 실짝 두렵습니다 자세히 하나하나 알려주시면 감사하겠습니다 반려견 동반 가능 무인텔이나 펜션 정보도 궁금하네요 미리 감사드립니다,121303, 32,2024.10.30
477123776,질문신촌 파티룸,신촌 둘만의공간 사라졌나요!!!!!??? 아님 바뀌었나요? 네이버에 안뜹니다..,12130312, 31,2024.10.28
477123637,질문신촌 파티룸,둘만의공간 파티룸 사라졌나요!??? 네이버에 안 나와서요.. 아님 바뀌였나요?,12130312, 17,2024.10.26
477030208,질문도보권 갈치풀치 나오는곳좀 알려주세요??,경북 구미에서 회사 일 마치고 풀치 갈치 갈려고하는데요.. 도보권 발판 좀 괜찮은곳 추천좀 해주세요.. 마산울산거제 아무곳이나 손맛좀 볼수있는곳으로요~ 머문 자리는 깨끗히 청소하겠습니다^^,12130301, 28,2024.10.25
477037389,질문10월 26일 남원에서 광주오는 버스,아침 7시 이후에 타고 올 버스가 아예 없는건가요??,121303, 18,2024.10.24
476861064,질문신촌 목동 반포 관리형 독서실 역 근처에 있을까요,관리형 독서실 알아보고 있는데 역 근처에 있을까요,12130312, 31,2024.10.24
476935597,질문꿈 해몽해주세요,실제로 예전에 정상적인 집단이었다가 사이비는 아니지만 그런 ‘아무도 우릴 이해하지 못해’ ‘우리닊 이해하는 거야’라는 느낌의 집단이 있었어요 처음에는 괜찮았는데 갈수록 이상해서 4년정도 다니고 그만 두었습니다 거기는 나오면 배신 같은 느낌이라 거의 연을 끊다정도로 하고 나왔어요 진짜 종교적인 사이비는 아니고 종교적인건 아닌데 그런 느낌인 곳이었습니다 (그런데 꿈에 그 무리가 적어도 한달에 한번은 나왔어요 나올때마다 내가 왜 다시 돌아왔지 라는 생각과 탈출을 시도하다가 깨곤했어요 근데 오늘 꾼꿈에서는 다시 거기를 갔다 솔직히 여기를 나와ㅓ 좋지만 어떻게 지내는지 보고싶긴했다 라고 솔직하고 밝게 말하고 좀 있다가 다시 갈거라고 탈출계획을 안세우고 진심으로 말했다 거기 쌤도 너가 밝아진것같아서 나도 밝아지는것같다 하고 나는 내가 그때 끝낼때 차갑게 끝나서 속상했다고 말했다) 꿈 해몽해주세요ㅠㅠ,121303, 27,2024.10.22
476892921,질문남원시 식정동 338-1번지의 영문 표기,Daum지도에서 살펴보니 전라북도 남원시 식정동 338-1번지 는 욱골길에 접해있는 단독주택(두거리집)입니다. 남원시 식정동 338-1번지를 영문으로 표기하는 방법을 알려주시기 바랍니다.,12130310, 20,2024.10.21
476878830,질문내일 전북 남원시 날씨 춥나요.?,,121303, 20,2024.10.20
476855545,질문화정역 인근...,화정역 인근 중학교 학생 다니는 학원 추천부탁드려요,12130323, 29,2024.10.20
476846289,질문울산신정중학교 분위기,안녕하세요 이번에 울산 신정중학교 1학년으로 전학가게 될거 같은데 학교 분위기 어떤가요?? 선배님들은 다 착하싱가요????,12130311, 64,2024.10.20
476797043,질문남원 올리브영,도통점이 넓나요 하정점이 넓나요,121303, 17,2024.10.18
476796510,질문화정 터미널 이천까지 가나요,화정 터미널에서 버스 예매하면 이천까지 가는 버스 있나요?,12130323, 15,2024.10.18
476598561,질문꿈속에서  주운 지갑안에 천원짜리만 가득 들어있는꿈?,꿈에서 주운지갑 속에 천원짜리가 꽉 차 있어서 지갑안에 천원짜리 보다가 잠에서 깼는꿈 해몽 부탁드립니다 제가 요즘 돈 때문에 너무 걱정을 해서 그런 꿈을 꾼거가요 꿈에서 주운 지갑도 새것처럼 깔끔한 밤색 지갑이였어요,121303, 28,2024.10.17
476720804,질문신촌역은  줄구,출구가 몆개인가요,12130312, 21,2024.10.16
476658366,질문서울 신촌 숙소 어디가 좋은가요?,친구랑 신촌에 2박3일 놀러가기로 했는데 숙소를 결정하는데 너무 어렵네요 ㅠㅠ 혹시 신촌 쪽에 숙소 연박으로 추천할만한 곳 있을까요??,12130312, 51,2024.10.15
476495357,질문신정동 맛집이라는 윤우나기 장어 맛집으로 유명한가요?,장어 좋아하는 사람이라면 꼭 방문해야 하는 맛집이라고 해서 이번 울산 여행 가는 김에 가려고 합니다. 저는 워낙 좋아하지만 여자친구는 장어를 처음 먹어보는데 처음 간 사람에게도 맛집이라고 느껴질 정도로 맛있는 곳일지 알고 싶습니다.,12130311, 20,2024.10.11
476399803,질문남원시 용정동 723-3번지의 영문 표기,Daum지도에서 살펴보니 전라북도 남원시 용정동 723-3번지 는 구룡길에 접해있는 단독주택(두거리집)입니다. 남원시 용정동 723-3번지를 영문으로 표기하는 방법을 알려주시기 바랍니다.,12130316, 22,2024.10.09
476342566,질문인스타계정찾아주세요!!,인스타그램에 글 쓰는 분인데 프로필 사진은 지금은 바뀌었을 수도 있긴한데 마지막으로 봤을 때는 그냥 쨍한 파란 색이었어요 몇 달 전에 봤었는데 다시 찾으려니까 없어서 답답해요ㅠㅠ,12130312, 23,2024.10.08
476308447,질문미용실 2km경업금지 문의드려요,일단 3개월월급수습에대한싸인인데 거기2키로미터 는있지만 기한은 안적혀있고 그계약서는 가지고있어 근데 기한후 프리렌서계약서를 다시작성했는데 양이 두배이상많았어 뒤에 예약손님 기다리는 상황에 읽어보고 일단 싸인했는데 그쪽에서 도장안가져왔다고 찍어서준다고해서 가져가고 받기전에 퇴사해서 내가 그계약서를 안가져있고 제대로 검토 못했음. 전에 보험약관도 글씨조그맣게 써서 무효된 사례가있던걸로 기억하는데 암튼 그련걸로 다퉈볼까하고 증거는 와이프랑 나랑 나눈 카톡대화내용에 계약서 안받았다라는 내용이 그당시일자로 남아서 캡쳐해둠 그리고 사건발단은 일단 와이프 미용실이 어쩔수없이 폐업하는 과정에 원상복구를 해주려니 몇백씩 들어서 미용실을 오픈할수없는상황 미용실 오픈을 못하면 생계에 문제가 생김 철거업체 알아보던중 내가근무한 회사 대표가 인테리어하는사람이라 먀침 소개받은사람이 그대표라 폐업사실을 알게됨 새로 오픈할 위치도 알게됨 그러고나서 대표랑 오너랑 와이프랑 같이 밥먹으면서 대표도 우리사정을 봐서는 둘이같이 일하는게맞다라고하고 인테리어도 봐줌 견적서랑 입금내역 증거있음 오픈시점에 고객에문자를 한통보냈는데 거기서 오해가 생긴듯 내입장은 프리랜서이고 청담동에일할때도 스타일관리는 직접 했었고 매장을 초이스 하는게아니라 손님은 마음에드는 머리 디자이너를 초이스할 규ㅓㄴ리가있다고 생각했고 그분들에게 선택권을 주기위한 일환으로 한번이라도 한고객에게 위치나 오라는말안하고 작업실오픈한다 디자인이 필요하면 연락하시라는 내용의 문자딱한통 보냈고 그이후로 어떠한 호객행위자체를 안함 개인정보보호위반이라는 사실몰랐음 거기서 문자받았냐는 고객확인서받는다는 사실을 들은적은 있음 내용증명상 내가하지않는 고객에게 문자보낸사실 다수발견이라했는데 그런적없음 내가 한사람만 문자보냄 증명할수있는 메모지 있음 현재 아는 지인이 이런상황인데 어떻게 처리하면 좋을까요..,12130325, 17,2024.10.07
476131980,질문143번 타면,청담역 가나요???,12130312, 207,2024.10.03
476131965,질문110B번타면,국민대에서 타면 신촌역으로 바로 가나요???,12130312, 44,2024.10.03
476026803,질문지역 구분,신촌도 지역으로 따지나요? 도안면 같은 -면이나 읍도 지역인가요?,12130312, 26,2024.09.30
475973010,질문홍대신촌 대관 가능한 술집,홍대 신촌쪽에 70명 정도 수용 가능한 술집 어디어디있나요?? 행사목적으로 대관하는거라 스크린이랑 마이크도 있으면 좋아요!,12130312, 57,2024.09.29
475922044,질문연남홍대 망원 마포구 분위기 좋은 룸 술집 추천,저쪽 일대에 분위기 좋은 룸 술집 추천해주세요 전 20대고 교수님이랑 둘이 인생이야기 나눌수있는 엄숙하고 프라이빗하고 분위기 있는 술집이요 조건 1. 2인 프라이빗한 룸실(너무 시끄러운 놀자판 분위기x) 2.어둑한 은은한 조명( 화이트x) 3. 의자가 가능한 의자쇼파였으면 좋겠음(필수는 X) 좋은 곳 찾아주시고 이메일 남겨주시면 간단한 사례해드려요 ㅠㅠ,12130312, 17,2024.09.28
475883956,질문무단횡단 금지 표어,무단횡단 교통안전 표어 추천해주세요 좀 유머러스하고 참신한 아이디어로요!!,12130325, 16,2024.09.27
475876732,질문춘향전 대사 이해가 안 되어서 질문 드려요!,"이몽룡이 어사또가 되어서 암행어사 출두를 외치는 장면입니다. 이 장면에서 공방이 하는 대사가 이해가 잘 되지 않아서 어떤 뜻인지 궁금합니다! ""암행어사 출도야."" 외치는 소리에 강산이 무너지고 천지가 뒤집히는 듯 초목금수인들 아니 떨랴. .... 공방이 자리 들고 들어오며 ""안 하겠다던 공방을 하라더니 저 불속에 어찌 들랴."" 등채로 휘닥딱. ""애고 박 터졌네.""",121303, 97,2024.09.27
475732615,질문지역상권 활성화 렛츠런 상품권 사용방법...,지역상권 활성화 렛츠런 상품권 사용방법 전통시장에서 사용가능 한국마사회 지원으로 렛츠런재단에서 후원 이렇게 써진 상품권 사용기간 란은 아무것도 안써져있고 뒷면에 노준산 써있어요. 질문 : 렛츠런상품권 어디서 쓸수있나요? 전통시장 이렇게 알려주시지 말고.상암농수산조합 이런식으로 구체적으로 알려주세요.좀 오래 된 상품권입니다.,121303, 31,2024.09.26
475780748,질문신촌에 무인텔 있나요,여행 갔다가 여자 둘이 갈건데 이왕이면 미자 출입가능한 곳으로요! 이름이랑 위치좀 알려주세요!!,12130312, 41,2024.09.24
475466705,질문사람 눈치보고 다니면,피해주는 행동인가요???,12130312, 23,2024.09.17
475399356,질문오해받을짓하게 되면,피해줄수도 있죠???,12130312, 26,2024.09.16
475381637,질문드라마 서울의달에서,제비족 건달 김홍식은 동네사람들한테 누적된게 너무 많죠???,12130312, 28,2024.09.15
475339146,질문홍대나 신촌 근처 숙소 추천해주세요,요번에 군대휴가 나가서 친구들이랑 서울 놀러가려고 합니다. 홍대나 신촌에서 술 마시고 놀거같은데 근처 친구들이랑 하루 머물기 좋은 숙소 추천해주세요,12130312, 119,2024.09.14
475185973,질문남원 시내권 중학교 다니다가 용복중으로 전학이 가능?,남원 시내권에 중학교를 다니고 있는데 용복중으로 전학이 가능하나요?,121303, 20,2024.09.10
475092435,질문고양 화정역 인근에 사는 중학생 맘입니다...,고양 화정역 인근에 사는 중학생 맘입니다 이사온지 얼마안되는데 소수정예 학원 추천 부탁드립니다,12130323, 15,2024.09.08
475019642,질문신정여중 어떤가요?,안녕하세요 언니덕에 신정여중(화곡동)확정된 초 4 학생입니다 혹시 신정여중 재학중/졸업생 분들 답변 부탁드려요ㅠ 1. 선생님이 무서운 편이신가요? 2. 반 분위기가 대부분 조용한가요? 3. 시설은 어떤가요?(매점 급식실 체육관 등등..) 4. 선후배 사이가 나쁘지않나요? 5. 일찐들 많나요? 6. 최대 몇층까지 있나요?(지금 반이 6층이라 제발 낮은편이길ㅠㅜ) 7. 버스로 몇분 걸어서 몇분인가요?(화곡 8동 기준) 8. 걸어서 등교하는게 나을까요 버스타서 등교하는게 나을까요? 9. 책가방 말고 메신저백 가능한가여? 이 9개 제일 궁금합니다 도와주세요ㅠㅜ,12130311, 25,2024.09.08
