﻿doc_id,title,question,region_id,views,question_date
477554440,질문충남 당진 기지시,얼마전 충남 당진에 가보고 당진에 매력에 푹 빠진 사람인데요 한가지 단점이 대중교통 이용하는게 좀 불편하더라고요 . . 버스 배차간격이 길고 실시간 도착시간이 확인이 안되어서요 ㅜㅜ 그래도 당진 기지시가 넘좋아서 또 가려고 하는데요 기지시 버스터미널에서 삽교호 관광지 가려고하는데 . . 버스로 가는 방법 알려주세요,121509, 22,2024.11.06
477371802,질문내신 점수 어떻게 확인하나요..??,안녕하세요! 송악중학교 2학년 재학중인 학생인데요.. 내신점수 확인하는 법이랑 등수확인을 어떻게 하나요ㅠㅠ..? 서산여고에 입학하고싶은데 3학년 열심히 하면 갈수있을까요..?? 평균 83정도 나옵니다. 1학년엔 평균이 70대였어요. 봉사점수는 빵빵하구 가산점도 3점?정도있습니다.,12150908, 28,2024.11.01
477245017,질문제가 송남중으로 2025년에 가는데 질문있어요!,1.1학년은 몇반 까지 있나요? 2.수학여행 가나요? 3.학년별로 체험학습 다 가나요? 4.통학버스 있나용? 5.특별한거 따로 있나용??(좋은점,12150908, 23,2024.10.31
477222001,질문당진에서 춘천가는 버스,당진이랑 춘천이랑 이어져있는 고속버스 없나요? 옛날에도 없었나요??,121509, 27,2024.10.29
476983339,질문오늘 김포에서 당진으로 1톤 용달 가능한가요?,오늘 김포에서 당진삽교까지 1톤용달가능한가요? 페인트 및 가전입니다.,121509, 22,2024.10.23
476780723,질문충남논산에서 충남당진까지 가는 거리,충남논산에서 충남당진까지 자동차로 간다면 얼마나 걸릴까요?,121509, 31,2024.10.18
476771611,질문천안 당진,천안에서 당진으로 가는버스가 있나요?,121509, 275,2024.10.18
476582094,질문당진 하나로 농협마트 몇시에 닿나요ㅠㅠ? 급해요,지금 급해요ㅠㅠ,121509, 22,2024.10.13
476483919,질문버스 기사님 민원,제가 전화를 하면서 버스를 탔는데 마을버스 같이 작은 버스였고 제가 기사님 바로 뒷자리에 앉아서 전화를 하느라 제 목소리가 기사님한테 들렸을 순 있을 거 같아요 그런데 사람들 다 있는데 큰 소리로 ”용건만 간단히 하고 끊으세요 용건만 간단히 하고 끊으라고“ 라고 말씀 하시더라고요 순간 황당해서 전화 끊었는데 너무 기분 나빠서 민원 넣고 싶은데 어디에 넣어야 하나요? 그리고 저 정말 목소리 크지도 않았거든요ㅠㅠ? 옛날 버스라 버스 소리 때문에 제 목소리도 잘 안 들렸을 거 같은데… ( 라디오 소리가 훨 컸음 ) 혹시 버스에서 전화 하면 안 되나요? 전화를 재지 할 수 있는 법안이라던지 그런 게 있나요? 사람들 다 있는데 이러셔서 + 말투가 넘 기분 나빠요 ㅜㅜ 말이 넘 길어졌네요 민원은 어디서 어떻게 넣는 게 가장 효과적인 건가요? 제가 모르는 버스에서 전화하면 안 되는 그런 게 있나요?,121509, 26,2024.10.11
476378978,질문당진 합덕에도 고전완구 판매하는 곳 있나요?,당진이랑 합덕 고전완구 판매하는 곳 아시는 분 있나요? 당진 합덕은 시간내서 가보려는데 고전완구 가게에 가보려구요 시간지날수록 옛날생각이 나서 한번가보고 물건 몇개 사러갈거에요!,121509, 32,2024.10.10
476137583,질문중학생알바,당진에 중2 알바 뽑는데 있을까요.??,121509, 42,2024.10.04
476182943,질문당진에서 안산으로 포장이사 10월14일 월요일,업체 추천부탁드려요. 현재 수청동 24평 22층 이사하는 곳 안산 선부동 18평 17층입니다.,121509," 2,265",2024.10.04
476178028,질문당진 북문로1길37-13,당진 시북문로1길37-13,121509, 23,2024.10.04
476172456,질문시외버스 고속버스 분실물 분실,10월 3일 목요일에 서울 센트럴시티->당진 가는 9시 10분 버스 타고 왔는데 아끼던 좀 비싼 캐릭터 인형이 분실 됐어요.... 충남고속에 뭐라고 문의해야하나요 그리고 만약 찾으면 어떻게 수거하나요 미성년자라 직접 버스회사 찾아가서 가져가는건 좀 무리가있을것같은데 ㅠ,121509, 21,2024.10.04
476018790,질문합덕제철고 vs 천안공고(높은과),이중에 어디가 커트라인 높아요?,12150902, 35,2024.10.03
476079456,질문여기 어디인가요?,당진 어디 인것 같은데 어디인지 어디가게? 카페인지 모르겠어요 알려주세요 무슨 당보리밥? 이라고 써있는거슈같은데..,121509, 33,2024.10.01
476056701,질문당진 스타벅스 헬로키티,당진에 스타벅스 헬로키티 제고가 있나여?,121509, 24,2024.10.01
475985459,질문천안 당진 시외버스 예매,어플로 하려고하는데 안나오는데 무조건 천안터미널 가서 해야되나요? 아니면 나오는 어플 이름이 따로 있을까요?,121509, 28,2024.09.29
475910833,질문착한구두 당진점...,착한구두 당진점 사라졌나요???,121509, 18,2024.09.27
475861170,질문당진 은방울꽃,내일이 친구 생일이라 꽃 사줄려는데 어디서 팔까요? 사는 지역 당진이고 조화도 좋아요,121509, 25,2024.09.26
475839248,질문충남 당진시 하우스창고 시공 잘해주시는곳?????,충남 당진시에 비닐하우스 창고 1개동을 지을 예정인데 처음 지으려는 하우스 창고이기도하고 여러걱정이 있는데요.... 꼼꼼하게 잘 해주시는 사장님 계시면 소개 부탁드립니다!!!!!!!!!!!!!!!!!,121509, 23,2024.09.26
475681104,질문충남 당진시에 하우스 창고용도 견적 문의,장소는 충남 당진시 면소재지 농촌이구요 창고용 하우스 견적 문의 드립니다... 가로 20M 세로10M 정도 되구요 높이는 대략 5M 정도 되는 창고용 으로 사용할 것이구요 파이프는 50MM 정도로 짓는다면 대략적인 견적금액이 어느정도 되는지 알고 싶습니다... 출입문 2개 창문 6개 정도 환풍구 한두개.... 대략적인 견적이 궁금합니다.... 충남 당진시 작업 가능하신곳에서 답변 주시면 좋겟습니다....꾸벅~,121509, 61,2024.09.24
475574994,질문버스터미널,당진버스터미널에서 안산으로 가려는데 가서 티켓을 구매할거거든여? 근데 제가 처음이라 잘모르겠는데 같이가줄 사람도없는데 어떻게 티켓을 구하나요? 그리고 키오스크는 어디에 있나요 당진토박이들알려주세여,121509, 37,2024.09.20
475483035,질문당진시 원룸 아시는분~~,문에 붙어잇는 광고가 당진시 시청1로35. 네일하는곳인데 여기 원룸 어딘지 아시분잇나요??,121509, 24,2024.09.18
475392536,질문당진 이차돌 없어졌나요?,,121509, 16,2024.09.15
475377975,질문당진에서 국도로 갈 수 있는 지역!,당진에서 국도로 갈 수 있는 지역이 있나요? 알고 계시는 분들 알려주시면 감사하겠습니다~,121509, 25,2024.09.15
475348852,질문당진에서 이케아,당진에서 버스만 타고 이케아 갈수있나요?? 만약 갈 수 있다면 동선 알랴주새용...,121509, 45,2024.09.14
475191337,질문마을 이장 만나려면? 합덕읍,충남 당진시 합덕읍에서 2년째 살고 있는 주민입니다. 이번에 건의 할 일이 있어서 이장님을 뵙고 싶은데 어떻게 하면 만날 수 있을까요? 그리고 제가 수도권에서 살다가 와서 마을 이장에 관련된 시스템을 잘 모르는데 어떻해 알아야할까요? 마을회관이라는 곳에서 이장님을 찾는 건가요? 항상 계시지는 않겠지만 합덕읍 마을회관을 검색했는데 엄청 많이 있어서요. 제가 감자마을1길. 2길이라는 곳에 이장님을 찾으려는데 어디서 찾아야할지 근처에 있는 마을회관중 가까운곳을 찾아야할지? 해서요. 어머니가 합덕읍으로 주소가 되어있고 저는 자식이지만 주소지는 평택으로 되어있어서 그냥 사는 사람인데 만날 수 있나요?,12150902, 27,2024.09.11
475128073,질문충남당진에서 가까운 유명한 쌍커플 수술 병원 알려주세요,알려주세여,121509, 19,2024.09.09
475070401,질문당진 청소년 문화의집 일요일에도 여나요?,너무 급해서 그런데 제발 아무나 한멸만 알러주새오 ㅠㅠㅠㅠㅠㅠㅠㅠㅠ,121509, 28,2024.09.08
