﻿doc_id,title,question,region_id,views,question_date
477554370,질문안녕하세요...,안녕하세요 ㆍ혹 오산 궐리사쪽에 31번 버스가 다니나요? 혹 다니면 31번 버스가 첫차이자 배차시간이 아시는지 ᆢ빠른답변 부탁드릴께요,12050451, 20,2024.11.06
477543052,질문광산구 신창동이나 수완동 근처 쥐젖제거 피부과 추천,10개 정도 되는 쥐젖이 목 부위에 나서 제거하고 싶은데 가격이 천차만별이라서요. 광주 광산구 신창동이나 수완동 그 근처 피부과 추천 좀 해주세요. 월급쟁이라 비싼 곳은 꺼려지네요..ㅠㅠ,120504, 20,2024.11.06
477456488,질문전남여상 광주여상 내신?,안녕하세요 우산중학교를 다니고있는 학생인데요 전 광주여상을 원하지만 가족들은 가까운 전남여상을 가길 원하세요 제가 우산중에서 내신 40인데 혹시 40이면 둘다 못가나요?...만약에 갈수있으면 어딜가야하나요?..,12050460, 25,2024.11.04
477207128,질문광주 광산구 수완 1인실 있는 스터디카페 어딨나요?,국민은행사거리였으면 좋겠고 예시는 수완 공부인이요,120504, 25,2024.11.01
477340590,질문신가한 꿈을 꾸었습니다.,꿈에서 친구들을 만나고 집으로 가랴고 주차해놓은 차로 가는길에 누군가 지나가길래 그냥 힐끗 보고 가는데 갑자기 그 누군가가 내가보여 ? 라며 계속 따라왔습니다. 주차된 차에 타려고 하는 순간까지도 지기가 보이냐며 물어보기에 보이니까 쳐다 본 거 아니겠냐고 했더니 놀라워 하며 무슨 대화를 했는데 자신의 제자가 될 생각이 없냐고 계속 물어봤습니다. 그러면서 자신의 능력들을 보여줬는데 능력은 자세히 기억 안납니다. 근데 많은 고민을 하던 중 꿈에서 깼습니다. 도대체 꿈에서 본 그건 정체가 무엇이며 이게 무슨 꿈 일까요?,12050441, 18,2024.11.01
477326531,질문광주 우산동 쪽 폭죽소리??,광주 우산동쪽에서 사는데 폭죽 소리 같은게 계속 들리네요 뭐 때문에 폭죽소리가 들리는 걸까요?,12050460, 9,2024.10.31
477309260,질문용도구역 중복지정 질문,용도구역은 중복지정이 안 되는데 도시자연공원구역과 개발제한구역은 어떻게 중복지정이 가능한가요?,12050472, 21,2024.10.31
477101948,질문하남 검단산 역에서 홍대까지 가는법 알려주세요,홍대역 1번출구에서 내려야하고요 14살 혼자 가려구요,12050476, 22,2024.10.26
476975445,질문광주광역시 월계동 지형지대에 대하여,안녕하세요. 광주광역시 광산구 월계동은 지형지대가 높은 편에 속하나요? 그리고 과거에 침수된 사례가 있나요?,120504, 16,2024.10.23
476856054,질문월계쪽 공용수면싷 있는 찜질방 알려주세여,서울 노원이나창동쪽으로 알려주세여,12050463, 38,2024.10.23
476833405,질문광산구 놀만한곳,중학생인데 돈 거의 안쓰고 놀만한곳 잇나요? 공원같은거도 좋고 그냥 돌아다니거나 구경할만한곳 추천해주세요,120504, 20,2024.10.19
476586160,질문광주 수완고등학교 장단점 알려주세요,내년에 고1인데 수완고 쓸까 고민중인데 어떤가요 선지망에 쓰면 붙을 확률은 얼마나 될까용,12050440, 29,2024.10.17
476685967,질문병원 마스크,광주 신가병원 진료볼때 마스크 써야 하나요?,12050441, 48,2024.10.16
476456130,질문정비구역지정 고시,안녕하세요 정비구역지정이 고시 되었는데 그후로 절차는 어떻게 진행되나요?총 몇년이 걸리나요?,12050472, 23,2024.10.14
476522124,질문광주 수완지구 소수정예 수학학원 추천,제목 그대로 추천좀요 고1이고 광주에 있는 고등학교 아니고 광주 근교 학교 다니는데요 소수정예로 개인한테 집중해 줄 수 있는 수완 수학학원 찾아요 기숙사생이라 토요일 일요일만 나올 수 있는데 괜찮으면 바로 채택해드려요 토욜일욜 오후 2시 전까지 했으면 좋겠습니다 제발 추천좀요,12050440, 16,2024.10.12
476494828,질문용봉동맛집따봉시래기용봉점광주맛집옹심이 어떤가요?,용봉동에 위치한 맛집 따봉시래기에 방문하고 싶은데 예약 방법과 주차 가능 여부가 궁금합니다. 따봉시래기는 차돌박이가 유명하던데 다른메뉴도 맛있을지 궁금하고 또 캐치테이블로 예약이 가능한지도 알고 싶습니다.,12050459, 20,2024.10.11
476382805,질문광주 광산구나 시내에서 갈만한 데이트 장소,광주 광산구나 시내에서 학생이 갈만한 데이트 장소있나요?,120504, 90,2024.10.10
476310211,질문광주용봉동맛집따봉시래기용봉점광주맛집 메뉴 종류는?,이번에 광주에 잠시 방문하려고 합니다. 광주 용봉동에 있는 따봉 시래기 용봉점에서 점심을 먹으려고 하는데 어떤 메뉴가 맛있는지 추천해 주세요. 자세한 정보 공유해 주시면 감사하겠습니다.,12050459, 20,2024.10.07
476072960,질문광주 광산구 종량제봉투 편의점에서,마트랑 똑같이 파나요? 파는 편의점을 찾긴햇는데 맨날 마트에서만 삿거든요,120504, 381,2024.10.01
476019661,질문경기 광주 송정동 원룸 월세 시세 알 수 있을까요?,경기도 광주 송정동에 직장을 다니게 되어 원룸을 구하려고 하는 직장인입니다. 송정동 원룸 월세 시세가 어떻게 되는지 알고 싶습니다. 풀옵션 여부와 관리비도 알려주시면 감사하겠습니다.,12050436, 15,2024.09.30
476001552,질문옥상을 금연구역으로 지정할수 있나요?,최근 저의 가족 소유인 건물옥상에 올라와 담배를 피고가는 학생들이있는데 그것 때문에 금연구역으로 지정할수 있나 해서요.,12050472, 26,2024.09.29
475950831,질문한양대학교 맛집 있나요,신촌 홍대보다 맛집없는 것 같은데 괜찮은 식당 있나요,12050445, 19,2024.09.28
475810023,질문수완종합동물병원 가보신분 계신가요?,제가 키우는 도마뱀이 상태가 안좋아서 동물병원에 가보려고 하는데 광주에 특수진료가 가능한 곳이 두곳이더라구요 고려동물병원은 너무 멀어서 좀 가까운곳에 가보고싶어서 수완종합동물병원에 가보려고 하는데 후기들이 너무 안좋더라구요 혹시 그 병원에 도마뱀 진료하러 가보신분 후기 궁금해요,12050440, 25,2024.09.25
475765036,질문광주광산구 송정동 가정에서 사용 가능한 병원침대 렌탈,일반 주택에서 사용 가능한 병원침대 렌탈 관련한 지식인 문의입니다. 지식인분들 많은 도움 부탁드리며 네이버와 구글에 병원침대 관련해서 여러가지 찾아는 봤지만 모델이 너무 다양하고 구매를 추천하는곳이 많아서 우선 여기에 질문드립니다. 보통은 서울지역에 많은 업체들이 있던데 전라도쪽 설치 전문 회사는없는지 궁금합니다,12050436, 38,2024.09.24
475657590,질문버스에 우산놓고내렸어요,수원200번버슨데.. 어제산우산인데 실수로 놓고내렸어요 어떻게하면좋을까요… 연락해야되는거면 어디로연락해야되는지 전화번호좀 알려주세요 ㅠㅜ급해요,12050460, 49,2024.09.22
475594715,질문월곡역 놀거리,10월 말에 일본인 친구가 한국에 온다고 해서 친구 숙소 근처인 월곡역에서 만나기로 했는데 주변에 놀거리가 있나요? 없다면 주변에 버스로 갈 수 있는 가까운 놀만한 장소 추천해주세요,12050464, 27,2024.09.21
475493913,질문강에 가방이 빠져 흘러 내려가는 꿈,꿈을 꿧는데 강에 제 가방들이 강에 빠져서 흘러가는 꿈이였어서 그 가방을 잡겠다고 막 나무도 타고 그랬는데 결국 못잡았습니다 이것도 꿈 해몽이 가능할까요,12050460, 19,2024.09.18
475453816,질문운수 오진날 금혁수랑 세나 남친(옥상에서 떨어져 죽은),사람이 같은 사람인가요?,12050462, 10,2024.09.17
475411880,질문운남동 목련마을 2단지경비실전번,경비실 전번 아시는분계시나요? 201동 2층사는데 3층개씨발새끼가 1시간동안 쿵쿵거리네요 교육을 못받은새낀가,12050461, 41,2024.09.16
475334290,질문실종??아니면 무엇?,전철에서 우산 놓고 내리신 어머니가 찾는다고 다시 타다가 문이 닫혔어요 두고 갈 것이지 한 정거장 차이니 돌아 올 줄 알았는데 안 오신게 무려 두 시간이 넘었네요 사이버 수사대에 연락해서 왔지만 기껏 실종은 아직 처리가 안될것같고 지하철 cctv는 경찰 허락하에 가능하답니다 이러면 진짜 잘못된 경우에 어찌하나요 치매도 아니고 모르면 전화해서 연락하는 정상적인 경우인데 아직도 무감감이네요 이상합니다 이럴떈 어찌하나요 가족들이 할게 없네요 이런 경우있나요 성묘가는날이라 같이 가는 가족두고 혼자갔을리도 만무하고 돌아오지않은것부터 어디서 내린지도 알수없으니 걱정입니다두고볼 일이지만 끔찍하네요 혼자간것도 아니고 역으로 돌아오지않고 혼자갔을리도 없고 이상합니다 요즘 실종노인들도 좀 있어서 사고일까봐요 조언좀,12050460, 12,2024.09.14
475333568,질문수완지구 아트박스...,수완지구 아트박스에 아이돌 앨범 파나요??,12050440, 14,2024.09.14
475154572,질문스포츠바우처 신청,하려고 하는데 제가 광주광산구 살거든요? 근데 신청지역에 광주 광산구 조회하면 없다고떠요.. 남구서구동구북구는 다 가능한데 이런경우에는 어떻게하나요??,120504, 46,2024.09.10
475145125,질문우산쓰고 높은곳에서 뛰어내리면 낙하산인가요??,네 제목은 어그로였고요 하고싶은말은 얼마전에 모고를 보니까 너무너무 졸려서 문제를 못풀겠더라고요 예 그래서 어떻게해야할지 선배님들 팁좀 주실수있으실까해서 올려봤는데 제목저래놨다고 존심상해서 답안주시는 일은 없길바래요..죄송합니다..모고성적 보고 내신성적보니까 마음이 싱숭생숭해서 그래요..,12050460, 22,2024.09.10
474740058,질문광주서부경찰서 담당형사 지정..,8월 7일에 광주 서부 경찰서에 가서 입구쪽에 있는 민원실? 같은 곳에 가서 진정서를 접수하고 2주 이내로 담당형사에게 연락을 받을 수 있다는 안내를 받았는데 3주가 지난 시점에서도 연락이 없고 이에 광주서부 경찰서의 번호로 알려져있는 182에 전화를 걸었으나 현재 이용자수가 많아 전화연결이 어렵다는 음성만 나옵니다 학교를 가야하는지라 계속 전화를 하거나 민원실을 방문할 수도 없는 상황이고 참 어지럽네요...,12050472, 24,2024.09.07
