﻿doc_id,title,question,region_id,views,question_date
477433154,질문함안고 주변 사용가능한 운동장,함안고 주변에 주말에 사용가능한 운동장 알려주세요 다른학교 운동장이라도,121018, 20,2024.11.03
477383000,질문함안스포츠타운 사용료,경남 함안 스포츠타운 사용료 있나요?,121018, 31,2024.11.03
477401303,질문함안고 주변 운동장,주말에 함안고 주변에 사용가능한 학교 운동장 있나요?,121018, 21,2024.11.02
477399878,질문함안 아라초 운동장 사용,함안에 있는 아라초등학교 운동장 주말에 외부인 사용 가능한가요?,121018, 17,2024.11.02
477364367,질문함안 가야초 운동장 사용,함안에 있는 가야초등학교 운동장 주말에 외부인 사용 가능한가요?,121018, 20,2024.11.01
477347574,질문광주에서 경남함안 가는 버스 있나요?,버스값 얼마인가요?,121018, 20,2024.11.01
477343276,질문경남 함안군  버스 교통카드,고향인 함안에 갈 참인데 궁금한 게 있어서요 함안군내 농촌버스.공영버스 카카오 모바일 교통카드로 이용이 가능 한가요? 빨리 알고 싶어요....!,121018, 29,2024.11.01
476828365,질문함안 공설 운동장 가격,함안 공설 운동장 축구장 사용하려면 이용료가 있나요? 이있다면 얼마인가요,121018, 27,2024.10.24
476136433,질문대산면 옥렬리 1247번지의 영문 표기,Daum지도에서 살펴보니 경상남도 함안군 대산면 옥렬리 1247번지 는 옥렬2길에 접해있는 단독주택입니다. 함안군 대산면 옥렬리 1247번지를 영문으로 표기하는 방법을 알려주시기 바랍니다.,12101803, 13,2024.10.03
475971468,질문함안역-가야읍 시간표 부탁드립니다,함안역에서 함안가야읍(가야지구대 트라이얼마트쪽가는거)버스시간 부탁드립니다,12101810, 24,2024.09.29
