﻿doc_id,answer_index,answer,answer_date
477452824,477452824_1,덕이고 색조 화장은 안됩니다  기초 화장만 가능 합니다사복 등하교 안됩니다.  (겨울철에는 교복위에 방한복 착용 가능 합니다)교복은 예쁩니다...매점은 없습니다,2024.11.04.
477369097,477369097_1,건양대학교 사회복지학과는 충청남도 논산시에 위치했습니다.교수님들이 학생들에게 관심이 많습니다. 정기적으로 상담을 하고 있으며  학생들의 고민과 진로의 방향성을 잡아주십니다. 학기 중에 견학을 통해 사회복지 현장이 어떻게 돌아가는지를 알 수 있는 좋은 기회를 제공하고 있으며  후배들과 선배들이 친해지기 좋기도 합니다. 사회복지학과는 선배들과 친해지는 것이 좋습니다.궁금한 점이 있으시면 더 물어봐주세요.,2024.11.01.
477273329,477273329_1,소방시설에서 물이 나온다는게...누수가 된다는건지...어떤 소방 용수 시설인지..소방용수시설도 건물측에 연결 된경우 있고시수에 연결 되어 소방서나 지차체에서 관리 하는 시설이 있습니다.일단 어디껀지 모르면 관할 소방서에 전화 하셔도 됩니다,2024.10.30.
477273329,477273329_2,신고해야합니다,2024.10.30.
477119234,477119234_1,니코틴 검사  적발 되면 기숙사 퇴사 맞습니다수시로 니코틴 검사 합니다,2024.10.28.
476463304,476463304_1,꿈은 현재의 불안과 불안감을 반영할 수 있어요. 안심하고 편안한 마음으로 마주하고 힐링하며 꿈을 해석해보세요.도움되는 답변이 되셨길 바래요-질문정보 :몇일동안 꿔서 좀 많이 무서운데 전 애인이 상복 입고 검정배경에 가만히 서서 저를 바라보고 있었어요 마지막엔 항상 떨어지는 느낌 들면서 깨고.. 너무 무서운데 해몽 점 부탁 드려요..,2024.10.10.
476305999,476305999_1,단독주택 신축 시 평당 600만 원에서 1 000만 원 정도 예상됩니다. 99㎡라면 약 1억 8천에서 3억 원 정도 공사비가 들 수 있어요.,2024.10.07.
476305999,476305999_2,안녕하세요주택 건축은 주로 조립식주택이라고 하는 경량철골조 주택과 철근콘크리트로 건축합니다. 각각 평당 5백에서 8백만원대의 건축비가 들어갑니다.경량철골이라고 해서 시골집처럼 판넬로만 만드는 것이 아니라 건축법에 따라 단열규정과 구조철골을 사용해서 건축합니다. 거기에 안밖으로 단열을 추가할 수 있고 외장재나 내장재를 더 좋은 것으로 하면 철근콘크리트보다 더 훌륭한 집이 될 수 있습니다.다락을 만들어 평수는 작지만 2층이나 복층으로 공사하는 방법도 있습니다.주택건축은 싸게만 견적해서도 안되고 무조건 업자만 믿고 맡겨서도 안됩니다. 건축주와 건축가가 잘 협력해서 만들어야 좋은 집이 됩니다. 상담이 가능하니 연락주세요.그리고 헌집을 허물고 새로 집을 지을려면 철거비도 들어가고 설계비와 인허가비  취득세 등이 별도로 들어갑니다. 그것도 주택의 규모에 따라 2천만원 대는 될 것입니다.,2024.10.07.
476305999,476305999_3,안녕하세요대구업체이며 신축 리모델링 전문업체 아름다운집만들기 입니다 올리신글 잘보았습니다요즘 건축 단가가 많이 올라 신축을 짓는데 많이주져들 하십니다건축비는단층1. 경량철골 판넬(외벽치장은 단열하고 스타코마감)평당  530~5602.  철근 콘크리트(외장포함)평당   680~740이렇게 형성이 됩니다신축이 부담이 가시면기존 주택을 올리모델링 하는 방향도 잡아보시는게 좋을듯 합니다신축 대비 60~65% 밖에 안들어 갑니다네이버 블로그에서 아름다운집만들기 치시고 들어가시면 우리업체가 공사한 공사 전 후 자료가 많으니 참고하시고전화주시면 의뢰인님의 의견 들어보고 자세히 설명 드리겠습니다수고하세요,2024.10.07.
476305999,476305999_4,안녕하세요처음으로 집을 지어서 이사계획을 하고 계시는군요첫집인 만큼 신경이 많이 쓰일텐데요저희 라인디자인에서는 처음부터 끝까지 건축설계와 인테리어설계까지 고객님과 함께 진행하여 더욱더이쁘고 고객님이 생각하시는 집을 짓고 있습니다평당 가격은 윗분들이 설명을 드렸으며마감재 차이에 따라 변동상황이 생깁니다궁금하신점이나 문의사항이 있으시면 언제든 연락주시면 성심 성의껏 답변해드리겠습니다,2024.10.08.
476305999,476305999_5,안녕하세요  문의하신 내용 도움드리고자 합니다.기존주택 철거 신축의 경우 대략 평당 600만원대 ~ 보시면 됩니다.좀더 저렴하게 한다면 서로 협의해서 공사내용을 줄이시거나 자재등급을 낮추셔야 합니다.리모델링의 경우 평당 250만원대 ~옥상 방수  샤시 교체  기존벽체 마감작업  조명입선  도배  바닥재  싱크  욕실  외벽 마감주택의 경우 현장의 상태를 반드시 확인해야 하므로 현장미팅 후 견적 산출가능합니다.,2024.10.28.
476290502,476290502_1,합니다. 저 35아잽니다 결론말씀드리자면 합니다 왜 때문인진 모르겠는데 저한테도 합니다,2024.10.06.
476227138,476227138_1,대구동구고물상을 검색해 보세요.동대구역 주변은 복잡한 지역이라 바깥으로 좀 나가야 합니다.고철과 비철은 어느 고물상에서나 취급합니다. 플라스틱은 전문적으로 받는 곳을 찾아야 합니다.,2024.10.05.
476221114,476221114_1,진양역에서 동대구역까지 기차 타고동대구역에서 지하철 타고 율하역에서 하차하면 됩니다.소요시간 1시간 30분정도 됩니다.,2024.10.05.
476221114,476221114_2,김해터미널에서 대구행 타고 대구서부정류장하차서부정류장역에서 1호선 안심행 타고 율하역하차 도보,2024.10.05.
476115858,476115858_1,둔산동영어학원둔산마이스터디학원을추천합니다!!^^둔산마이스터디학원 - 네이버 지도 (naver.com)네이버 지도둔산마이스터디학원map.naver.com최고의 강사진이소수정예로 내신대비와모의고사까지 철저히 대비하여공부하며곧 예비고1 종합반 개강이니참고하세요~~수업 관련 자세한 안내는둔산마이스터디 상담실로 전화 주세요!!^^교육상담문의 ☎tel:042-472-0777(click)#둔산동영어학원둔산동영어학원 둔산마이스터디학원#둔산동영어학원둔산동영어학원둔산마이스터디학원#둔산동영어학원둔산동영어학원둔산마이스터디학원#둔산동영어학원#둔산동영어학원둔산동영어학원둔산마이스터디학원#둔산동영어학원둔산동영어학원둔산마이스터디학원수업 관련 자세한 안내는둔산마이스터디 상담실로 전화 주세요!!^^교육상담문의 ☎tel:042-472-0777(click)둔산마이스터디학원 - 네이버 지도 (naver.com)네이버 지도둔산마이스터디학원map.naver.com,2024.10.02.
475974804,475974804_1,행복이 깃든 평온한 삶을 살아가게 될 꿈입니다.이 꿈은 건강이 완치 되어 장수하게 되고 집안이화목하며 풍요로운 삶을 누리게 될 것을 의미합니다.즉 하는 일마다 행운이 뒤따르게 되며 입신출세 하여부귀로운 생활을 영위하게 될 꿈이랍니다.무엇을 하든 이로움이 가득하겠으니 적극적으로일을 추진해 나간다면 기대 이상의 성과를 얻게 될 겁니다.질문자분께서 늘 건강하시고 행복하시기를 기원하며글을 씁니다.답변이 도움 되셨다면'포인트 선물'버튼을 클릭하셔서 마음을 전해 주시면 감사하겠습니다!.,2024.09.30.
476013154,476013154_1,웩슬러 지능검사는 아이의 인지상태나 학습처리능력이 잘 발달하고 있는지  예전에 부족했다고 생각했던 부분들이 제대로 발달하고 있는지  부모가 모르는 심리적 곤란함이 있는지 등을 파악할 수 있습니다. 지능은 선천적+후천적 영향의 결과로 나타나기 때문에 검사결과를 통해 아이를 파악해서 이후 아이에게 필요한 부분에 대해 더 자극을 주며 도움을 줄 수 있을 것입니다.가락동 근처라면 송파에 kage라는 영재학술원이 있네요. 교육기관이니 검사를 통해 도움되는 정보를 더 잘 얻으실 수 있으리라 생각되서 추천드립니다.,2024.09.30.
475908852,475908852_1,반야월역 앞에 있는 진병원 가보세요! 저희 가족은 거기만 가는데 의사  간호사 분들도 엄청 친절하시고 어깨 쪽으로 유명한 큰병원이라 추천드릴게요^^,2024.09.27.
475908852,475908852_2,저도 진병원 추천드릴게여 정형외과로는 대구에서 유명하더라고요진병원대구광역시 동구 경안로 719 진병원,2024.09.27.
475660647,475660647_1,일요일에 대구 신천역 근처 고물상은 휴무일이 많아요. 사전에 전화로 확인해보세요.답변이 도움되셨으면 좋겠습니다-말씀하신 질문 :대구 신천역 근처 고물상 일요일에 여는곳 있나요?,2024.09.22.
475660647,475660647_2,일요일에 대구 신천역 근처 고물상은 영업하지 않을 수 있습니다.답변이 도움되셨으면 좋겠네요 좋은하루보내세요-올려주신 질문내용 :대구 신천역 근처 고물상 일요일에 여는곳 있나요?,2024.09.22.
475660647,475660647_3,일요일에 대구 신천역 근처 고물상은 휴무일이 많아요. 사전에 전화 확인이 필요합니다.제가 드린 답변이 도움되셨길 바래요-말씀하신 질문 :대구 신천역 근처 고물상 일요일에 여는곳 있나요?,2024.09.22.
475404987,475404987_1,산부인과 전문의가 아니라고 거부한것 같습니다...,2024.09.16.
475404987,475404987_2,양수 터졌는데 병원 75곳서 거부…6시간 만에 치료받은 임신부충북 청주에서 25주 차 된 임신부가 '양수가 새고 있다'며 119에 도움을 요청했지만  병원을 찾지 못한 채 6시간을 구급차 등에서 대기하다 가까스로 치료받은 사실이 알려졌다. 치료할 수 있는 병원을 수소문하기 위n.news.naver.com양수가 터졌을 때  일반적으로 임신부는 응급 상황으로 간주됩니다. 양수가 터지면 산모와 태아의 건강에 위험이 발생할 수 있으므로 즉각적인 치료가 필요합니다. 그러나 모든 산부인과 의원에서 이 상황을 관리할 수 있는 것은 아닙니다.동네 산부인과 의원에서는 주로 산전 검진  출산 전 관리  간단한 처치 등을 하지만  출산이나 응급 처치가 필요한 상황에서는 병원이나 종합병원급 시설이 필요한 경우가 많습니다. 특히  양수가 터지면 태아의 상태를 모니터링하고 필요할 경우 즉각적인 분만(제왕절개 등)을 시행해야 할 수 있습니다. 이러한 긴급한 처치는 산부인과 의원이 아닌24시간 응급 산부인과 진료가 가능한 병원에서 이루어져야 하는 경우가 많습니다.따라서  양수가 터졌을 때는 산모가 가장 가까운 종합병원이나 분만 시설이 있는 병원으로 이동하는 것이 권장됩니다.,2024.09.16.
475280337,475280337_1,안녕하세요폐신문지는 별도로 파는 곳은 없고 고물상에 가시면 구할 수 있습니다.그리고 당근마켓을 사용하시는지 몰겠지만 거기도 신문지 올리시는 분들 꽤 있습니다. 30부 정도를 3천원 정도에 올리시고 그러네요.,2024.09.13.
475183026,475183026_1,안심도서관 찾으시는거 같네요,2024.09.11.
475171098,475171098_1,확실한 건 모르겠지만 동구쪽 보다는 예전에 중앙로에서 만경관 방향으로 조그마한 사거리 아시는지요?만경관 맞은편 쪽으로 건너서 가면 금고 제작 수리 하는 집 꽤 있었어요..,2024.09.11.
475123490,475123490_1,안녕하세요정확한 정보는 아닌데 이미 사용했고 수선도 했기때문에 지금상태의 원단을 검사하는것은 의미없어보입니다. 검사결과로 원래그런건지 사용해서그런건지는 나오지 않을거같네요.그리고 원단검사에서 항목이 이불용으로 마찰에대한 항목이 있는지도 확인해봐야하고요.최초원단에대해서 검사해야 되는데 그게 없으니 결과가 나와도 판매처에서 어떻게 나올지는 의문이네요 여러가지로 확인하시고 친행하세요.아마 제품 판매전에 검사했을텐데 거기에도 질문자님이 원하는 항목이 없을수도 있어요,2024.09.09.
475109449,475109449_1,웩슬러 지능 검사는 꼭 영재여야 받을 수 있는 건 아닙니다.평범한 아동도 검사를 통해 현재의 인지 발달 상태를 파악하는 것은 미래의 교육방향 설정에 많은 도움이 되리라 생각됩니다.송파에 KAGE 있으니 검사 받아보시길 추천합니다.,2024.09.09.
475109449,475109449_2,3학년이면 웩슬러 아동용 지능검사를 받는 것으로 알고 있습니다.전문성과 신뢰성을 갖춘 믿을 만한 기관으로 가서 검사를 받아 보세요^^ 지능검사를 통해 아이의 강점과 약점을 파악하고  검사 결과를 바탕으로 아이의 개별적인 특성을 고려하여 교육 계획을 세울 수 있습니다.,2024.09.09.
475109449,475109449_3,초등학교 3학년이라면 지능검사 받아보기 좋은 시기일 것 같아요.초등4학년이되면 교과도 좀 더 어려워지는 만큼  초등4학년이 되기 전에 교육방향도 설정하면 좋을 것 같구요.어렸을때(7세이전) 하는 지능검사(주로 유아용)가 아이의 발달정도를 파악하는 데 초점이었다면  초등 고학년이 되면 아이의 성향도 좀 더 두드러지는 만큼 지능검사 결과를 바탕으로 아이의 교육방향을 설정하는 데도 좀 더 도움이 되지 않을가 싶어요.물론 지능검사 결과로 이런 공부를 하면 된다하고 1대 1로 떨어지진 않겠지만  아이의 성향을 고려하고 지금까지의 학습태도를 감안하면 여러 가지 방향을 세울 수 있지 않을까 싶습니다^^,2024.09.11.
475030234,475030234_1,예전부터 웩슬러 검사 기관으로 KAGE 유명하다고 알고 있어요.오랜 기간 많은 영재 아동을 검사한 기관이고 상술로 점수 잘 주고 하는 그런 곳이 아니라고 하네요.영재판별 검사 후 수업까지 생각하고 계시면 KAGE에서 검사 받는 게 좋을 거 같아요.,2024.09.07.
475030234,475030234_2,부럽네요~^^저희 아이도 내년에 초등학교 입학이라 여러 교육정보 찾아보고 있답니다. 전 지능이 꼭 뛰어난건 아니지만 아이에 대해 객관적으로 좀 알고 싶어서 검사할 곳 알아보고 있어요. 연령에 따라 검사종류도 좀 다르다고 하더라구요..전 강남쪽에 K*GE라는 곳에 전화해봤는데 전화받는 분이 넘 친절하셔서 그곳에서 검사했답니다. 교육기관이라서 그런지 전반적인 분위기가 넘 친절하고 편안해서 좋았어요.,2024.09.09.
