﻿doc_id,answer_index,answer,answer_date
477103498,477103498_1,혁신도시 터미널 앞에 보청기 센터 친절하시고 검사도 너무 잘해주셔서 좋았어요 병원에서 근무하셨다고 하는데 정말 말씀대로 잘하시더라구요! 저도 청각에 관심이 있어서 공부를 했었는데 청각사는 민간 자격증이고 청능사는 청각학과 공부 이후 국가자격증을 취득 할 수 있는걸로 알아요!! 저희 엄마가 몸이 불편하셔서 출장와서 해주셨어요~ 검사도 보청기 상담도 너무 친절하게 해주셔서 좋더라구요~~ 꼭 한번 방문해보세요!!!,2024.10.26.
477103498,477103498_2,음성과 진천에 보청기 센터가 있습니다.청각사는 진단 및 평가 청능사는 재활과 치료를 담당해요.,2024.10.26.
477103498,477103498_3,보청기는 사용하실 분의 난청 정도와 유형  귀 질환의 유무  외이도의 크기와 모양  어음분별력 정도  나이 주로 사용하게 될 생활 환경  보청기 조작 능력 정도  사회성 등 여러가지를 고려해서 가장 적절한 제품을선택하게 됩니다.때문에 전문 청각사나 청능사로부터 정확한 청력검사와 상담이 필요합니다.안타깝지만 아직 보청기에 대한 제도가 잘 정비되어 있지 않아서  아직까지는 시설만 갖추어 놓으면 누구나 전문센터라는 간판을 걸고 보청기를 판매할 수 있게 되어 있습니다.따라서 소비자가 주의깊이 살펴보시는 것이 필요한데  청각사나 청능사와 같은 전문 자격증이 있는지  전문 시설은 잘 갖추어져 있는지  사후 관리는 잘 이루어지는지 등을 살펴보시면 도움이 되실 수 있습니다.요즘은 온라인에서도 보청기를 신청하면 전문청각사 및 청능사가 방문하여 체계적으로 편리하게보청기를 맞추고 사후관리도 받으실 수 있는 곳들이 있으니 충분히 알아보신다면 도움이 되실 수 있습니다.https://smartstore.naver.com/ikgdigital,2024.10.28.
477103498,477103498_4,안녕하세요 고객님  히어닷컴입니다. 히어닷컴은 전국 300여 개의 청력 전문센터와 협력하고 있어 문의 주신 지역인 음성에서 고객님이 계신 곳과 가장 가까운 우수 청력 전문 센터로 무료체험 예약을 도와드릴 수 있습니다!전화 주시면 전담 청력 전문 컨설턴트가 1:1 맞춤 상담을 통해 고객님에게 가장 알맞은 보청기를 무료로 체험할 수 있도록 안내 드립니다. 히어닷컴은 고품질의 상담을 위해 100% 예약제로 운영하며 한 분 한 분께 집중한 프리미엄 케어를 제공하고 있습니다.가까운 센터에서 우수 보청기 무료체험  청력 전문가와의 전문 상담  밀착 A/S관리 서비스를 모두 누리시길 바랍니다. 아래 연락처로 상담 예약 또는 전화 주시면 빠르고 친절하게 상담해드리겠습니다.히어닷컴은 청력 저하를 느끼지만 보청기가 생소한 분들도 쉽게 관리를 시작하실 수 있도록 돕고 있습니다. 아래 링크에서 “히어닷컴 보청기 30일 무료체험”을 확인해보세요.1분 만에 알아보는 히어닷컴 보청기 무료체험 신청▶https://hearcom.io/Q&A-free전화 문의▶02-6083-9900 (월-금: 9-18시  토: 9-15시 / 일요일 및 공휴일 휴무)✔거품없는 본사 직영가: 체험 중 구매를 원하시면 히어닷컴 특별 할인 혜택을 드립니다.✔전국 우수 보청기 센터: 300여개 이상의 청각 센터와 협약하여 계신 곳과 가까운 우수 센터로 안내 드립니다.✔맞춤형 보청기: 청각 전문가와 1:1 맞춤 상담을 통해 고객님께 꼭 맞는 보청기를 30일간 무료로 시험착용하실 수 있습니다.✔안심 무료체험: 히어닷컴 보청기 30일 무료체험은 청각 검사비  상담비  체험비를 일체 받지 않으며 구매 후 청력 케어까지 지원합니다.안심하고 청력 건강을 지키세요! 감사합니다.,2024.10.30.
476041669,476041669_1,스마트교복 음성점은 10월1일도 정상영업을 합니다.,2024.10.01.
475937208,475937208_1,큰손낚시카페충청북도 음성군 맹동면 원중로 1434 에스타워2층충북 혁신도시의 맹동면 동성리에큰손낚시까페가 위치하며입장료는 남자 10 000원 여자 9 000원 .,2024.09.28.
475839008,475839008_1,영구임대주택은 아닙니다,2024.09.26.
475839008,475839008_2,LH음성삼성휴먼시아아파트충청북도 음성군 덕정로 29-7음성 삼성휴먼시아파트는 4개동에서 419세대의 임대아파트입니다.,2024.09.26.
475802067,475802067_1,네. 충주터미널까지 갑니다.,2024.09.25.
475729810,475729810_1,진천 음성체육관은 취사가 금지되었으며도시락은 가능합니다.,2024.09.23.
475345001,475345001_1,감곡터미널에서 안양 부천행은 07/35 15/20 등 2회이며수원에서 전철로 환승하여도 됩니다.,2024.09.15.
