﻿doc_id,answer_index,answer,answer_date
477186427,477186427_1,안녕하세요. 현직 타로마스터 입니다.현재 작성자 분은 인생의 중요한 시점에 놓여있습니다. 앞서 언급한두 갈래 길이 질문자님에게 놓여진 선택지 입니다. 그 어느 때보다 신중한 선택이 중요한 것입니다.꿈에서 집으로 돌아가는 것과 같이 질문자님은 힘들고 고생이 따르는 일이 있겠지만 충분히 이겨내시고좋은 성취를 이룰 수 있는 꿈입니다. 중간에 부처님의 형상이 보인다는 것이 그 징조이겠지요.뜻밖의 기회를 얻는 것을 '횡재수'라고 합니다. 하지만 작성자님의 경우 복권 당첨과 같은 횡재수에 해당하기보다는 노력 끝에 그 결실을 맺는 성취에 해당하는 운이라 볼 수 있습니다.현실이 힘들고 일이 더딜지라도 포기하지 않고 나아가시길 바랍니다.오늘도 행복한 하루보내세요 : ) 도움이 되셨다면 채택 부탁드립니다.,2024.10.28.
477186427,477186427_2,운이 따라 순조로이 성공하게 될 꿈입니다.이 꿈은 운수 대통하여 하고자 하는 모든일들이 무난히 성사되는 것을 의미합니다.즉 뜻밖의 장애가 발생하더라도 귀인의 도움으로 위기를 극복하고 목표를 달성하거나 계획한일이 의도대로 이루어져 물질적  정신적인 여유를 누리게될 꿈입니다. 그러니 자신의 일에 자부심을 가지고 최선을다하여 만족할만한 성과를 거두시길 바랍니다.질문자분께서 늘 건강하시고 행복하시기를 기원하며글을 씁니다.답변이 도움 되셨다면'포인트 선물'버튼을 클릭하셔서 마음을 전해 주시면 감사하겠습니다!.,2024.10.28.
476844403,476844403_1,한국 땅끝마을 이 있는 곳 해남완전 시골,2024.10.20.
476844403,476844403_2,상상하시는게 어느정도 인지는 모르지만완전 깡 시골은 아닙니다.피씨방이랑 노래방 같은 놀이시설? 도 나름 있고 프랜차이즈 음식점 카페도 많이 있습니다.,2024.10.29.
476841478,476841478_1,해남김씨는 신라 경순왕 자손으로 왕족입니다,2024.10.19.
475776061,475776061_1,의정부와 경남 마산(현재 마산합포구와 마산회원구로 나뉘어 있는 지역)의 도시적 특성을 비교할 때  몇 가지 측면에서 판단할 수 있습니다인구 밀도:의정부: 수도권에 위치하고 있어 인구 밀도가 높고  많은 주거 단지가 있습니다.마산: 상대적으로 인구 밀도가 낮으며  바다와 인접해 있는 만큼 넓은 지역을 차지하고 있습니다.교통:의정부: 서울과 가까워 다양한 대중교통 수단이 발달해 있고  지하철 1호선이 연결되어 있어 교통 편의성이 높습니다.마산: KTX와 일반 기차  버스 등이 있으며  교통 편의성은 있지만 수도권과의 접근성에서는 의정부보다 떨어질 수 있습니다.상업 시설:의정부: 대형 쇼핑몰  마트  음식점 등이 많이 있어 상업적 활동이 활발합니다.마산: 전통 시장과 상업 시설도 있지만  대규모 쇼핑몰의 수는 의정부보다 적습니다.산업:의정부: 인근 수도권의 산업 영향으로 다양한 직장과 기업들이 존재합니다.마산: 과거에는 조선업 등 특정 산업이 발달했으나  현재는 지역 경제가 다소 둔화되고 있습니다.문화 및 여가 시설:의정부: 다양한 문화 시설과 공연장이 있으며  여가 활동을 위한 공간이 많습니다.마산: 바다와 가까워 해양 스포츠와 관련된 여가 활동이 활발하지만  문화시설의 다양성은 의정부보다 적습니다.종합적으로 볼 때 의정부가 더 도시적이다고 판단할 수 있습니다. 수도권의 영향을 받고 있어 인구 밀도  교통 편의성  상업 시설의 발달 등에서 더욱 도시적인 특성을 보이고 있습니다. 반면  마산은 보다 자연 친화적이고 전통적인 분위기를 가지고 있습니다.채택 부탁드려요~,2024.09.24.
475776061,475776061_2,아무래도 수도권에 가까운 지역이발전 가능성이 있는 도시라고 볼 수 있겠지요,2024.09.26.
475542667,475542667_1,주소지 이전 하여야 전학이 가능 합니다,2024.09.19.
475103028,475103028_1,해남까지는 기차로 가지 못합니다서울 고속터미널에서 해남 가는 고속 버스 이용 하는방법이 제일 편합니다버스 운행 시간표 참고하세요센트럴시티터미널에서해남종합버스터미널가는 고속버스는 하루5회 운행합니다.첫차07:00막차19:30출발지센트럴시티터미널고속버스터미널지도보기도착지해남종합버스터미널종합버스터미널지도보기시간표현재시간08:35최종수정2024-09-05출발도착등급요금(어른)소요시간07:0011:50프리미엄55 000원04:5010:0014:50우등42 300원04:5015:0019:50프리미엄55 000원04:5017:0021:50우등42 300원04:5019:3024:20우등42 300원04:50돌아오는 시간표( 총 5회 운행첫차08:00막차17:00)바로가기,2024.09.09.
475103028,475103028_2,1시간40분,2024.09.09.
