﻿doc_id,title,question,region_id,views,question_date
477571064,질문포항중앙교회 사이비인가요?,어머니께서 집에서 돌아다니면서 포항중앙교회 유튜브 실시간 라이브에서 뭔 흰색 옷을 다 입고 여러명이서 노래를 부르고있는걸 보고 계십니다 저는 무교라 종교를 잘 몰라서 질문드립니다 포항중앙교회 사이비인가요?? 참고로 저희집은 포항이 아닙니다,121110, 18,2024.11.06
477562481,질문고등학교 진학,1.제가 중3데 이제 고등학교를 가야합니다 제가 부산에있는 고등학교에 가야하는데 지금 다른 지역의 시골에 살아서 선생님들 말로는 못간다 하더라고요 그래서 말인데 혹시 갈수있나요? 2.제 성적이 바닥인데 갈수있는곳이 있을까요? 3.반여동 통틀어 근처에 갈수있을까요?,121110, 18,2024.11.06
477547055,질문포항 대리비 문의,포항 문덕 부영 아파트 1차 근처에서 출발 할꺼에요.. 도착지는 경주역 입니다.,121110, 22,2024.11.06
477543647,질문이번주토요일 밤에 포항을 놀러가려고합니다,11월9일토요일에 저녁쯤에포항 가려고하는대 야경 이쁜대랑 먹거리괜찬은대 어디있을까요,121110, 27,2024.11.06
477495822,질문포항옆쪽에있는  우리나라 대표적인 섬이름은,무엇인가요,121110, 15,2024.11.04
477391930,질문포항 김승한 성형외과,안녕하세요..!! 김승환 성형외과에서 쌍수하는데 수면마취하고 부분마취하나요?? 부분마취 주사가 아프다고 해서요 ㅠㅠ,121110, 28,2024.11.04
477388057,질문포항제철고등학교가 가고싶습니다,안녕하세요 포항제철고등학교에 가고 싶어하는 예비 고1 타지역 학생입니다. 부모님이 포스코 출신은 아니시고 백분율도 2.25? 정도 약 전교 6등 정도 했던 것 같아요 근데 가장 걱정되는 건 제가 2학년 2학기 때 수학이 한번 B가 나온적 있어요(나머지 과목들은 전부 올A에요) 결석도 없고.. 이런 경우에는 이 리스크가 많이 크게 다가오나요? 그리고 2차 면접도 많이 빡세다고 들었는데 본격적으로 어느 정도로 빡센건지도 궁금해요 과연 합격할 수 있을까요..,121110, 34,2024.11.03
477431651,질문이게 뭔가요?,포항 동해대로 지나가는데 너무 신기했어요. 뭘까요?,121110, 29,2024.11.03
477423673,질문브솔시냇가...,브솔시냇가(포항)정신재활시설 .여기가 교회소속 사립?개인이 하는건가요?들어갈려면 어떤 절차가 필요하나요?,121110, 23,2024.11.03
477406256,질문포항에서 두시간정도거리 가볼만한곳추천이요,큰맘 먹고 남편과 시간내서 일박해서 여행가보려고합니다 시간 내기가 서로 쉽지않아 먼거리는 안될듯요 두시간거리에 온천도 가능하고 자연도 볼수있는곳 없을까요 포항주변은.늘 아는거라 그렇구요,121110, 24,2024.11.02
477368353,질문포항유성여고 질문,안녕하세요 25년 유성여고 입학을 희망하는 예비 고1인데 궁금증이 있어서 글 남겨요 1.내신따기 많이 어렵나요? 2.특반제도는 어떻게 운영되나요? (입학생의 경우 배치고사같은걸 치고 선발하나요?) 3.학교분위기 어떤가유..? 4.매점있나요,121110, 16,2024.11.01
477347347,질문포항에 구룡포가있나요??,구룡포라는곳이 포항에있나요?,1211100118, 18,2024.11.01
477328830,질문포항 내신 받기 쉬운 곳,고등학교 원서써야하는데 포항에서내신 받기 편한 곳 추천해주세요 남학생입니다,121110, 19,2024.10.31
477323781,질문포항 영일대 노래방 ㅜㅜ,곧 포항으로 놀러가서 포항 영일대쪽 시간제 노래방 찾고 있는데 여기 미성년자 출입 가능한가요? 짱노래연습장 경북 포항시 북구 삼호로 217 롯데아파트상가내 https://naver.me/x8BevNrl,121110, 12,2024.10.31
477322303,질문포항 청소년 문화의 집 대관,이번주 토요일에 포항 청소년문화의집에서 댄스연습실 대관하려고 하는데 청소년 5명이서 빌리려면 예약을 해야하나요?! 처음 가봐서 어떻게 해야하는지도 잘 모르겠고.. 일반 유료대여는 전화로 예약 할 수 있는 것 같던데 청소년은 그런게 안 나와 있어서 그냥 당일날 찾아가서 빌리면 되는 건가욥..?,121110, 19,2024.10.31
477309569,질문포항 오천에서 포항여자전자고등학교 등교,질문드립니다. 포항 오천에서 포항여자전자고등학교 갈려고합니다. 버스 타고갈려고 하면 몇먼타고 몇번 환승해야하는지 그리고 시간은 얼마정도 소요되는 알수있을까요?,121110, 25,2024.10.31
477298324,질문포항 오천 원동온천헬스,사우나랑 헬스 이용권 가지고 있는데 사우나 열쇠 열고 닫는거 제한 횟수가 있나요? 처음에 들어갈 때 한번 사우나에 있는 신발장에 신발 넣느라 한번 닫고 다시 그거 꺼내 신느라 한번 열고 그리고 다시 헬스하고 와서 사우나 하러 와서 신발 넣고 닫아놓으니깐 다음에 열려고 할 때 안열리더라고요.,121110, 22,2024.10.31
477296819,질문포항 장성두호고,장성고 두호고 둘 중 어디가 더 공부를 열심히 할까요? 분위기 선생님 등등 알려주세요 재학생이면 제일 좋습니당,1211100207, 23,2024.10.31
477191151,질문포항제철고등학교,안녕하세요 내년에 고등학생인 중3입니다 저가 포항제철고등학교에 가고싶은데요 2학년 1학기 (해당과목만) 올A 2학기 국어 B나머지 A 3학년 1학기 올 A인데 3학년 2학기를 만약 B 하나 더 맞으면 포항제철고 1차가 떨어지나요? 포항제철고 내신 커트라인에 대해서 알려주세요 그리고 저가 사회통합전형(A) 로 넣을 건데요 사회통합전형으로 넣었을시 거기 정원 모집인원이 미달되면 면접은 정말 생략인건가요? 1. 내신커트라인 2. 사회통합전형으로 저가 넣었을때 1차붙을 확률 3. 사회통합전형 모집인원 미달시 면접 생략 에 대해 답변 부탁합니다.,121110, 32,2024.10.31
477292425,질문저의 내신이 158인데 집에서 20분걸리는 특성화고,갈까요 아니면 집이랑 50분걸리는 인문계 일반고 갈까요?? 제가 실기80인 대학을 가기는 할겁니다 근데 특성화고에서 과는 전혀 제 진로와 상관이 없습니다,1211100119, 21,2024.10.30
477271201,질문포항제철공업고 기숙사 폰 걷나요?,,121110, 18,2024.10.30
477124283,질문스틸야드 관련 문의,포항스틸야드에서 포항 선수들 출퇴근길은 어디서 보나요?,121110, 25,2024.10.30
477256091,질문11월이후에 있는 포항축제 뭐가 있나요?,빠르면 11월중순 늦으면 12월초에 포항을 갈려고 계획중입니다. 막상 가는거 그냥 구경하고 맛집가는것도 좋지만 축제가 있으면 더 기억에도 남고 즐길게 많을거 같아 축제를 알아보려는데 11월중순부터 포항에서 하는 축제 무엇이 있나요?,121110, 33,2024.10.30
477255261,질문포항 여행 갈건데 어디쪽에 숙소을 잡는게 좋은가요?,이번 겨울 더 늦기전에 포항여행을 간단하게 갔다올려고 합니다. 먹는거는 유튜브로 일일이 다 보고 있는데 숙소를 어느곳에 잡아야 잘 잡는건지 모르겠습니다. 숙소 앞이 바다였음 좋겠고 배달잘되는곳이면 좋겠습니다. 너무 번화가는 시끄러워서 좀 떨어진곳도 좋아요,121110, 30,2024.10.30
477211775,질문포항 문덕 투썸 언제 문 여나요,포항시 남구.. 문덕 원동에 있는 투썸 리모델링 한다고 다 갈아엎던데 언제 문여는지 아시는 분 케이크 먹고싶어서 기절할 거 같아요,121110, 22,2024.10.29
477207134,질문포항 세명고 스쿨버스...,포항 세명고 스쿨버스 있나요?,121110, 22,2024.10.28
477122560,질문포항 버스킹 예약,포항 영일대에서 버스킹을 하고싶은데 어디서 예약을 하면 되나요? 포항시청이랑 문화재단 홈페이지 다 뒤져봤는데 없네요,121110, 30,2024.10.28
477129285,질문포항동성고등학교 질문!,안녕하세요 지금 중3경주에서 학업생활하고 있는 여학생입니다 지금 포함 동성고등학교 진학을 고민하고 있는데 제가 아는게 없어서 질문정리해서 질문에 대한 답변 부탁드립니다! 1.포항동성고등학교는 남녀 공학이던데 여중인 제가 가서 적응을 잘 할 수 있을까요? 2.제가 경주에 살기때문에 기숙사 생활을 해야할 것 같은데 혹시 내신 성적이 많이 좋아야하는지 기숙사의 단점과 장점 그리고 규칙택배 생활용품 등은 어떡해 해야하는지 궁금해요! 3.포함동성고등학교 친구들이 공부를 많이 잘하는가요..? 제가 과연 내신을 잘 받을 수있는지 분위기가 너무 궁금하네요!,121110, 35,2024.10.28
477192993,질문포항 당일치기,포항 혼자가기 딱 좋은데 알려주세요 당일치기로,121110, 18,2024.10.28
477169111,질문포항 떡집 좀 찾아주세요,사진에 나온 떡 파는 떡집 좀 찾아주세요 포항이라는데 가게이름을 몰겠어요 제발 사람한명살린다 치고ㅠㅠㅠㅠㅠㅠㅠㅠㅠㅠㅠ,121110, 34,2024.10.28
477150927,질문포항-경주 반포장이사 질문,안녕하세요 포항에서 경주 (원룸 - 아파트 ) 이사를 하려고 합니다. 아파트가 엘레베이터가 없는 4층이고 원룸은 2층입니다. 가구는 2인용 식탁 행거 작은 선반 두개정도 외엔 가구는 없습니다. 혹시 견적이 얼마나 될까요? * 가구를 구매할 예정이라 사다리차 같은경우는 비용이 어떻게 되는지도 알려주시면 감사하겠습니다.,121110, 50,2024.10.27
477137886,질문포항 고양이 스케일링 싼 곳 있나요..?,포항 북구에 고양이 스케일링 저렴한 곳 있나요..?,121110, 24,2024.10.27
477119538,질문포항동성고 입학 질문,안녕하세요!! 제가 이제 곧 포항동성고에 원서를 넣을예정인데 질문 몇개만 하겠습니다 1. 하루 몇시간 정도 공부해야 중위권은 하나요? 2. 남녀공학이라는데 학교에서 연애하는 사람 있나여? 3. 싸움 많이 나나요?,121110, 19,2024.10.26
476961409,질문포항 칠포 폐모텔,포항 칠포에 있는 폐모텔 위치 주소 아시는분 위치좀 알려주세요 알려주시는분께 내공 드리겠습니다,121110, 32,2024.10.25
477070970,질문포항에 재종학원 있나요?,독재말고 재종이요,121110, 23,2024.10.25
477062564,질문포항터미널에서 동대구터미널까지 얼마걸리나요?,소요시간1시간 19분이라 되어있는데 실제로는 이거보다 더 빨랐던걸로기억해서요,121110, 21,2024.10.25
476956643,질문수분크림 이거 발라도 되는거 맞나요?..급해요..,친구한테 수분 크림이라 되있는데 밑에 보니까 2024년 9월30일 까지라 되있는데 이거 사용해도 되는거 맞나요? 급해요..,121110, 34,2024.10.24
477001534,질문알려주세요,105번 버스 어디 방향으로 가나요,121110, 26,2024.10.23
476898348,질문포항훈련소근처식당,아들 수료식때 식당예약을 하는게 좋다고 해서 혹시 맛집 식당있을까요 찾아볼려니 힘드네요 알려주세요,121110, 27,2024.10.22
476901748,질문포항 연돈 볼카츠 언제 오픈했나요?,안녕하세요. 포항 인덕 이마트에 연돈 볼카츠가 생겼다고 들었는데 언제 오픈했나요? 그리고 볼카츠 종류와 가격도 알려주시면 감사하겠습니다. 또 언제가야 사람 많은 시간대를 피할 수 있는 지 알고싶어요.,121110, 23,2024.10.21
476900138,질문포항 맛집,알려주세요,121110, 42,2024.10.21
476874568,질문동지여고 포항여고 중앙여고 유성여고,안녕하세요 내년에 고등학교 입학하는 09년생입니당 꼭 이학교 잘 아시는 분이나 관리자나 재학생 졸업생 분들이 답볍해줬음 합니당 질문이 꽤 많을 거예요.. 1. 네 학교 다 폰이나 패드 거두나요? 2. 포항여고는 스쿨버스 운행하는 걸로 아는데 다른 학교는 어떤가요? 3. 전반적인 분위기는 어떤가요 가오충이나 일진이 많을까요?? ㅜㅜ 4. 학교 주변 시설에 체인점이 많나요?? 5. 야자 분위기 어떤가요?? 6. 선생님들 연세! 전 상관없긴한데 궁금해서용 7. 주변에 버스정류장이 많나요? 8. 보통 몇시에 끝나나요?? 9. 못생겨도 다같이 친한 그런 분위기인가요? 10. 학폭같은 사건 적나요?? 11. 동아리 주제가 많나요?? 12. 젤 중요한거!!!!!! 매점 있나여…? 13. 완전!!!!! 중요한거!!!!!! 사복 가능한가요..?,121110, 23,2024.10.20
476846160,질문포항 쌍사 신분증 검사 안하는 곳,포항 쌍사에 신분증 검사 안하는 가게 있나요 친구들은 가서 검사 안받고 그냥 술 마시던데 조금 불안해서요 제대로 알려주시면 감사하겠습니다,121110, 21,2024.10.20
476748577,질문급햐요ㅠ 두호고등학교 포항,두호고 갈려하는데.. 1. 두호고 요즘 날라리 많ㄴ나요? 2.두호고 가기어렵다는데 맞나요? 3 학교폭력 많고 막 그러는건ㅍ아니죠.? 두호고 날라리많아서 무서워서여.. 내공 100,1211100207, 29,2024.10.19
476801039,질문포항 남구 행사,지금 어디선가 행사를 하고 있는거 같아서요 계속 폭죽소리랑 막 번쩍번쩍 거려요 오늘 하는 행사있나여,121110, 15,2024.10.18
476745232,질문포항 여행갈건데 여기는 꼭 가봐야한다 추천해주세요,저는 부산사람인데 유튜브로 포항을 보다 여행을 가보자 생각하게 되었습니다.근데 집안사정으로 제가 일을 못하다보니 금전적으로 여유가 많지 않습니다. 그래서 크게는 못다니고 꼭 가봐야할곳 몇군데만 정해서 가려는데 추천좀 부탁드립니다. 자차타고 갈거라 교통편은 좀 수월합니다. 그리고 혹시나 숙소를 잡게 되면 어느쪽에 잡는게 좋은지도 아시면 이것도 알려주세요,121110, 31,2024.10.18
476747168,질문포항 동성고에 관한 질문,안녕하세요!! 유강중 학생입니다~ 제가 동성고를 가려는데 많이 어려울까요?? 성적은 나름 상위권이고 초6 때부터 4시간씩 스스로 공부하고 있습니다... (지금은 6시간~7시간 정도 해요) 20등 안에 들어야 동성고 간다던데 진짠가요... 동성고 가면 기숙사까지 들어가려는데 ㅜㅜ (집이 너무 멀어서) 보통 전교 몇 등 들어야 동성고 갈 수 있는지도 알려주시고 공부 몇 시간 하는 게 나을까요? 기숙사도 성적 순이라고 하던데... 기숙사 가려면 성적은 어느 정도 나와야 해요? 이 두 개만 알려 주세요~,121110, 24,2024.10.17
476744312,질문포항성모병원에 연하장애검사 VFSS 검사기,포항성모병원에 연하장애검사 기기가 있나요,121110, 16,2024.10.17
476729987,질문포항에도 어죽응 파나요?,포항으로 여행 가는데 어죽을 먹고 싶어서 찾아보니 아무데도 없던데 어죽을 파는 곳이 있나요??,121110, 22,2024.10.17
476649462,질문포항 수산고등학교 졸업 앨범,지금은 학교 이름이 바꼈지만 포항 수산고등학교 48회 졸업 앨범을 구할 방법이 있을까요,121110, 33,2024.10.16
476679873,질문포항 아이폰 수리점 추천 !,포항에서 믿고 맡길 수 있는 아이폰 수리점 찾습니당 ㅠㅠ 배터리 성능이 너무 낮아서 교체 할려고 하는데ㅜ아이폰 정품 배터리 교체 해주는 곳 있을까요 ..? 혹시 가격도 같이 알려주시면 감사합니당 ㅠㅠ(폰 기종은 아이폰 14pro 입니다 !),121110, 41,2024.10.16
476652763,질문서울-포항 심야버스,1월 1일에 친구들이랑 호미곶 일출보러 가기로 해서 서울에서 심야버스 타려고 하는데 많이 막히나요?,1211100121, 35,2024.10.15
476648906,질문부산 동래 근처 자전거 코스있나요?,포항에서 다음주 2박3일 회사에서 부산동래쪽으로 교육을가는데 교육끝나고 자전거를 타려고합니다. 동래에서 멀지않고 저녁 라이딩 할 수 있는곳이 있나요?,121110, 19,2024.10.15
476642916,질문포항에 있는 고등학교들중에  남녀공학 뭐뭐있나요?,포항에 있는 고등학교들중에 남녀공학 (뺑뺑이로) 가는 학교 뭐뭐있나요,121110, 31,2024.10.15
476641485,질문포항 수산고등학교 궁금한게 있습니다,지금은 학교명이 변경 되었지만 2000년도는 포항 수산고등학교 (수고)라고 있었는데 2000년 2월에 졸업생이면 몇회 졸업생인가요?,121110, 23,2024.10.15
476631327,질문포항동성고 태블릿으로ㅇ공부가능하죠?,제곧내ㅐㅐ,121110, 25,2024.10.14
476618780,질문포항 마라탕...,포항 마라탕가게 중에 투명한 뉴진면 파는 곳 없나요??,121110, 38,2024.10.14
476593578,질문오월드 불꽃축제 27일에도 하나요?,대전 오월드 불꽃축제를 10.27일에도 하나요?? 그럼 10.26일 토요일엔 안 하나요??,121110, 38,2024.10.14
476592563,질문포항 영일고 내신 많이 어렵나요?...,포항 영일고 내신 많이 어렵나요? 어렵다면 어느 정도 어렵나요? 현재 영일고 다니시는 분만 답변 부탁드려요 ㅠㅠㅠㅠ,121110, 21,2024.10.14
476496841,질문포항 군인 렌트,만 20살 (21살) 입니다 1박 2일정도 외박을 나가는데 혹시 믿을만하고 군인이 빌릴 수 있는 전연령 렌트카 빌릴만한 곳 있을까요 차종은 레이 생각중입니다!,121110, 30,2024.10.13
476573007,질문포항동성고 기숙사,포항 동성고 진학 희망하는데요!! 제가 경주에 거주중이라 기숙사에 꼭 들어가야하거든요ㅠㅠ 기숙사 뽑는 기준이 뭔가요? 누구는 성적순이라던데...,121110, 33,2024.10.13
476393173,질문포항 책 분권,책 분권을 하려고하는데 혹시 포항 북구쪽에 있나요?,121110, 22,2024.10.13
476559011,질문포항 놀거리,다른지역 말고 오직 포항에만 있는 놀거리가 뭐있을까요? 스페이스워크 사절ㅋㅋ,121110, 18,2024.10.13
476554384,질문경주나 포항에 면도날(질레드) 파는 가게 어디입니까?,,121110, 20,2024.10.13
476553305,질문포항에 위니비니같은 캔디샵 있을까요?ㅜㅠ,포항에 위니비니 같은 캔디샵 있나요? 규모가 작아도 괜찮아여ㅠㅜ,121110, 20,2024.10.13
476549118,질문포항 영일대 모텔,혹시 여러분 여기가 어딘지 아시는분 영일대에 있는 모텔이라는데 급해요,121110, 26,2024.10.12
476525656,질문포항 양덕 피시방 질문이요!,경북 포항시 양덕동에 발로란트 벵가드가 깔려있는 피시방이 있을까요? 아신다면 답변 부탁 드립니다ㅠ,1211100211, 15,2024.10.12
476523736,질문포항전자여고,안녕하세요 올해 중3인데요 제가 내년에 고등학교를 가야 하는데 포항전자여고를 갈거여서요. 몇가지 질문을 좀 할게용 자세하게 알려주세용 거짓말 하시면 안돼용!! 1. 제가 2학년 때 공부를 안해서 성적이 개판이거든요 (3학년 성적을 본다지만 올해도 잘칠거 같지는 않아서..) 성적이 안좋은데 갈 수 있을까요? 2. 제일 인기가 좋고 제일 인기가 없는 과는 무엇인가요? 3. 취업이 잘되는 과는 무엇인가요? 4. 제가 취업을 할건데.. 보통 어디에 취업을 하나요? 5. 사무직으로 많이 가나요 현장직으로 많이 가나요? 제대로 좀 알려 주세요ㅠㅠ 제가 진짜 고등학교를 갈 수 있을지 너무 걱정되네요ㅠㅠㅠㅠ,121110, 82,2024.10.12
476496512,질문영일대 맛집 김봉래 막창 육회도 판매하나요?,친구들이랑 함께 영일대 맛집 김봉래 막창으로 막창을 먹으러 가기로 했는데 저 혼자만 막창을 못 먹어서 육회나 밥 종류의 사이드 메뉴를 먹으려고 합니다. 보통 막창 집 가면 육회도 팔던데 여기도 육회 판매하나요?,121110, 18,2024.10.11
476475703,질문사는곳포항남구인데부업으로할거없나요,조립도가능하고 뭐할수있는거 건당 백원이라도 감사히하겠습니다,12111001, 27,2024.10.11
476467051,질문포항 곰방 일자리,포항에서 10월 14일부터 25일동안 현장 곰방일 하고싶은데 어디서 알아보는게 빠를까요?,121110, 21,2024.10.10
476446442,질문포항공항에서 제주공항까지 전자담뱌,포항공항에서 제주공항까지 전자담배 들고가도 되나요..? 기내로 들고갈껀데 옷 주머니에 넣을껀데 검사할땨 걸리나요?,121110, 29,2024.10.10
476433868,질문대우 선풍기 a/s,회사가 인수되서 A/S를 어디로 받아야할지 모르겠어요. 포항지역에서 대우선풍기 a/s받으려면 어디로 가져가야하나요..? 모델명 SIF-14BKRH,121110, 21,2024.10.10
476426513,질문포항 쌍용사거리,포항 쌍사에 축구 틀어주는 술집 어디 있나요?,121110, 18,2024.10.10
476409110,질문고등학생이 갈만한 포항 영일대 맛집,이번에 친구들 끼리 영일대에 가서 놀려고 하는데 영일대에 고등학생들이 갈 만한 맛집들이 있을까요? 인터넷으로 검색해보니 거의 다 술집만 떠서요!ㅠㅠ,121110, 41,2024.10.09
476400877,질문시외 버스 터미널 질문,제가 10월 11일에 포항 터미널에서 승차해 구미 종합 버스 터미널에 하차할 생각이에요 3개중에 어느 버스를 타야 하나요?,121110, 19,2024.10.09
476375149,질문포항...,님들 포항 말입니다 포항이 뭡니까? 아시면 알려주세요,121110, 22,2024.10.08
476375026,질문포항 철길숲 걷기 2024 어디서 접수하나요?...,포항 철길숲 걷기 2024 어디서 접수하나요?,121110, 20,2024.10.08
476356962,질문광안리대방어구명애포항물회회맛집 추천 메뉴는요?,광안리에 위치한 구명애 포항 물회 맛집에 방문하고 싶은데 추천 메뉴와 스테디 메뉴가 궁금합니다. 또 캐치테이블로 예약이 가능한지도 알고 싶습니다. 자세한 정보 공유해 주시면 감사하겠습니다!,121110, 19,2024.10.08
476356139,질문대도동 어린이집 추천 가능한가요?,안녕하세요. 내년에 회사를 복직하게 되어 곧 아이를 어린이집에 보내야 할 것 같아 질문드립니다. 대도동에 0세 어린이집으로 괜찮은 곳 있나요? 어린이집 추천 및 원 분위기 좀 공유해 주시면 감사하겠습니다.,1211100102, 18,2024.10.08
476337299,질문포항제철공업고등학교,제철공고 2학년 부터 성적보나요?,121110, 30,2024.10.07
476310972,질문회비안들고 집에서 부업할수 있는거없을까요?...,회비안들고 집에서 부업할수 있는거없을까요? 컴퓨터든 보석십자수 수작업이든 뭐든지요 어려운건 빼구요...ㅋㅋ,121110, 69,2024.10.07
476241962,질문포항 펌 잘하는 미용실,포항에 첨 잘하는 미용실 있나요?,121110, 18,2024.10.05
476198462,질문포항에 있는 뺑뺑이 고등학교 추천 장단점 알려주세여,남구에 살고 있는 중3인데요 고등학교 갈 때쯤이면 장양동쪽으로 이사를 갈거 같아서 북구에 있는 뺑뺑이를 쓸려고 하는데ㅠ두호고 장성고 중앙여고 세화고 포항여고 유성여고 등등 고등학교에 대해서 잘 몰라서 알려주세요ㅠ내신은 230쯤 됩니다 아직 남구에 사는데 공학을 지원하면 떨어질까요?..뺑뺑이도 거리상으로 따진다고 하던데 그냥 운빨인가여...?,121110, 34,2024.10.04
476119350,질문죽도시장 생물꽁치,요즘도 죽도시장가면 생물꽁치 파나요?(학꽁치X),121110, 19,2024.10.02
476090864,질문포항장성고 등하교시간,1. 몇시까지 등교해야하나요? 2. 야자하면 몇시에 마치나요? 3. 야자는 매일하나요? 4. 주말에도 부르나요? 간다면 얼마나 하나요?,121110, 31,2024.10.02
476084169,질문포항 영일만 야시장 10월에도 하나요??,포항 영일만 야시장 10월 26일 토요일에 가려고 하는데 영업하나요?,121110, 20,2024.10.01
475982641,질문포항 학생남자머리 잘자르는곳,포항에서 중학생남자 머리 잘자르는곳 알려주세요~ 급합니다.,121110, 35,2024.10.01
475961770,질문겨울에 포항갈건데 갈만한곳 추천해주세요.,곧 이제 날이 추워진다해서 여행겸 해서 포항으로 갈려고 합니다.한 1박2일로 짧게 갈거라 많이는 구경못할거 같고 몇군데 정해서 갔다올려고 합니다. 부산살고 있어서 바다는 조금 뒤로 해주시고 가볼만한곳 추천좀 부탁드립니다. 이동은 자차가 있어서 크게 어려울거 같지는 않고 일단은 구경갈곳.그리고 숙소잡을만한 곳 이렇게 나눠서 해주시면 좋을거 같습니다.,121110, 35,2024.09.30
476040979,질문포항 수련회,제가 학교에서 수련회를 가는데요. 거기가 포항 수련회라고 합니다. 저희 학교는 숙소에서 지내지않고 텐트에서 지낸다고 하는데요. 근데 제가 궁금한게 있어서요 1. 핸드폰을 걷어가나요? 2. 그럼 씻는 곳은 어떤가요? 단체 샤워실인가요? 막혀있는 칸막이도 없는 건가요? (중요) 제발 자세히 알려주세요ㅠㅠㅠ 정말 심각합니다 저에겐 ㅠㅠㅠㅠㅠ,121110, 22,2024.09.30
476040406,질문포항 변호사 추천좀 해주세요,받아야 할 돈을 1년 동안 못 받고있습니다 상담하러갈때 챙겨 갈 물건은 없을까요 상황은 좀 복잡해서 만나서 상담 받고 싶어요 포항에 변호사 추천 부탁드립니다,121110, 47,2024.09.30
476035374,질문포항 vs 진주,어디가 더 춥나요,121110, 21,2024.09.30
476015556,질문포항 물회집 여기 어딘지 아시는 분 계실까요ㅠ,여기 물회집 어딘지 아시는 포항 시민분들 계실까요..,121110, 32,2024.09.30
475748092,질문서울디지텍고등학교 편입 2학년 2학기,현재 신광고등학교 다니고 있고 여러 문제로 학교에 더이상 있을 의미가 없어 자퇴를 고민했으나 저도 제가 불안해서 전학이라도 가려고 찾아보다가 디지텍 고등학교를 발견했습니다. 집에서도 가깝고 알바랑도 멀지 않아 조사를 하게 됐습니다. 지금 디자인이나 웹툰 쪽을 노리지만 사실 그림이라면 다 해보고 싶고 하려하는 입장이라 열심히 도전 중인데요 디지텍 학과에도 디자인이 있고 동아리도 관심분야로 잘 되어있어서 관심이 생겼는데 제가 성적을 안챙겨서 말하기 부끄러울 정도로 많이 낮습니다..일반전형은 꿈에도 못꿀거 같아 특별전형을 알아보는데 정보가 턱없이 부족합니다..다른 지식인글 사이트들등을 찾아보긴 했지만 갑작스레 결정한 바이기도 하고 뭔갈 알아보기 늦은시기와 짧은 시간이란 걸림돌이 있어 많은 지식을 얻고자 합니다..! 도와주세요!!,1211100228, 21,2024.09.30
476002267,질문포항에서 소방점검업 믿을수 있는 업체는?,,121110, 17,2024.09.30
475971252,질문포항 두호고 이동고 장성고,안녕하세요 이제 예비고1이어서 원서를 써야 합니다…… 아마 전 1지망을 두호고로 넣고 23은 좀 고민하고있는데 학교선생님은 장성이 내신이 어렵고 이동이 쉽고 두호는 중간이라 하셨는데 정확히 어떤가요? 그리고 학교별로 야자는 자율인가요? 그리고 학교별로 등교시간이랑 학교시간이 언제 인가요? 휴대폰은 사용할 수 있나요? 태블릿이나 노트북은? 남녀 분반인가요? 주변 인프라가 좋은가요? 선생님들 무섭나요? 교복은 어디서 사는게 가장 예쁜가요? 근처 유명한 학원은 어딘가요? 내공 팍팍이니까 학교별로 자세히 알여주세요ㅠㅠㅠㅠ,121110, 28,2024.09.29
475923887,질문기타!!!,포항 중앙상가 빨간날에도 영업하나요?,121110, 13,2024.09.28
475860489,질문학생 천안 포항 장거리연애,저는 고1여학생인데요 저랑동갑인 3년 조금넘은 남친이잇는데 중학생땐 같은학교여서 자주만낫지만 최근에 남자친구 사정으로 천안 이랑 포항 장거리연애를하게되엇어요 제가 천안이고 남친이 포항인데 남친이 못올라와서 제가 내려가야해요 근데 전 남친이 너무좋아서 헤어지진못하겟고 보러갈순잇지만 포항가는데 왕복 비용이8만원이고 부모님이 보고싶으면 걔가 오라하지 왜 제가 가냐고 안된다고해요ㅜ 헤어져야하나요?ㅜㅜㅜㅜ 어떡할까요,121110, 56,2024.09.27
475842452,질문포항에서 괜찮은 술집 추천 해 주실 수 있나요 ?,핫한데 좋아요 !! ㅎㅎ,121110, 24,2024.09.26
475840714,질문포항에 언더아머 매장이 없나요?,예전에 있었던거 같은데,121110, 24,2024.09.26
