﻿doc_id,answer_index,answer,answer_date
477547297,477547297_1,5100번 버스 운행 중입니다.,2024.11.06
477547297,477547297_2,5100번 버스가 유일하게 있는데요운행시간은 카카오버스앱으로 확인하시면 됩니다...,2024.11.06
477547297,477547297_3,2024년도에도 세이브존에서김포공항 가는 버스는 없어요.대안은 택시나 대리운전입니다.,2024.11.06
477547297,477547297_4,있네요..만약 시간에매한경우는김포공항가는 택시 예약말고는없네요택시비 약 8만정도됩니다.,2024.11.06
477546933,477546933_1,삽교호놀이동산충청남도 당진시 신평면 삽교천3길 15 삽교호놀이동산인주역 서해선충청남도 아산시 인주면 해암리인주역에서 itx 열차가 운행 중입니다.인주역까지 가는  최적 경로입니다.,2024.11.06
477546933,477546933_2,삽교호 놀이동산에서 가까운 역으로 본다면 서해선 인주역이 가장 가깝습니다...,2024.11.06
477526036,477526036_1,빌라는아니고 상가식당주소인듯합니다[대전 도안동 해산물 맛집] 신선한 해산물 가.. : 네이버블로그[대전 도안동 해산물 맛집] 신선한 해산물 가득한 어부박씨 솔직 리뷰제가 데리고 있는 2명의 노비가 꼼장어가 먹고 싶다고 하여 총 넷이 신선한 해산물 가득한 어부박씨에 다녀...blog.naver.com,2024.11.05.
477405261,477405261_1,됩니당,2024.11.06
477331931,477331931_1,그러지마요 힘든일있는거에요? 그런 생각하지마요 질문자님이 누군진 몰라도 세상에서 제일 소중한 사람이에요. 모든 사람이 질문자님을 싫어하는건 질투하는거니까 마음에 담아두지말구요. 질문자님의 행복을 빌어요 :),2024.11.03.
477325083,477325083_1,대전 둔산동이라면 금촌 본관을 확인해 보세요.정식으로 유명한 고기집인데요.룸도 있고 중앙홀에 있는 자리마다 파티션으로 분리되어 있거든요.다른 사람 신경 쓰지 않고 드실 곳 찾는다면 좋은 선택이 될 거예요.,2024.10.31.
477230132,477230132_1,월평중학교 동아리 현황 참고하세요영상 편집 동아리는 없고 월평음악지기 동아리는 있습니다,2024.10.29.
477176938,477176938_1,안녕하세요!문의주신 내용에 대해 답변드리겠습니다.지역농협의 대출 변동금리는 일반적으로 시장금리  자산운용사의 시장전망  농협의 자체적인 자금조달 비용 등 다양한 요소에 영향을 받을 수 있습니다. 또한  농협이 경영하는 대출 포트폴리오에 따라 변동금리가 조절될 수도 있습니다. 그 외에도 정부 정책이나 경기 상황 등 외부 요인에 따라 변동금리가 결정될 수 있습니다. 따라서 변동금리가 갑자기 상승하면 중도상환하는 것이 이득이 되기 어려울 수 있습니다. 결국 농협의 변동금리 결정은 다양한 요소가 권고되고 감독되어 결정되는 것이므로 마음대로 결정하는 것은 아닐 것입니다.답변이 조금이나마 도움이 되셨길 바랍니다.더 궁금한 점이 있다면 언제든지 질문해주세요.채택은 저에게 큰 힘이 됩니다!,2024.10.28.
477176938,477176938_2,어떻게보면 본인들 마음이 맞습니다MOR금리라고 해서 자체적으로 봅니다,2024.10.28.
477165899,477165899_1,구석기 시대 유적이 있겠네요 그때 도구를 사용하기 시작하여 주먹도끼 찍개 긁개등 많은 문화유산들이 출토되었죠,2024.10.27.
477119207,477119207_1,60  72  84  90  96이 약수가 12개로 가장 많습니다,2024.10.26.
477036048,477036048_1,대전 관저동에서 세라젬 체험을 원하신다면  가까운 세라젬 공식 매장이나 체험 센터를 방문해 보세요.구체적인 위치와 운영 시간은 세라젬 공식 웹사이트나 고객센터를 통해 확인할 수 있습니다.,2024.10.24.
477031977,477031977_1,안녕하세요 :)당근 알.바 공고를 통해서화물기사 구인글도 있었던지라거주하시는 지역으로 알아보세요 ᴗ̈그 외에는 쿠.팡 배송도 괜찮을듯 하구요 :),2024.10.24.
477031977,477031977_2,요즘 가장 핫한 틱톡 라이트 친구초대30000원+200000원획득가능(출석체크는 필수!!!)보는 재미로  버는 재미로! 영상만 봐도  좋아요만 눌러도  검색만 해도  포인트가 차곡차곡 쌓이는 TikTok Lite!지금 가입하고 친구랑 함께 포인트 받으세요!보는 재미를 버는 재미로! TikTok Lite간단한 데일리 미션을 완료하고 포인트를 받으세요lite.tiktok.com,2024.10.29.
477031977,477031977_3,다른 부업을 찾아보세요. 생활이 안되면서도 안전하게 일할 수 있는 방법이 있을 거예요.답변이 도움되셨길 바래요-안녕하세요40대가장입니다 제가현재 본업으로 새벽4시부터 오전10시까지 일을하고있습니다 개인사업을하다 폐업을해서 1톤트럭소유하고있습니다 (자가용)영업용 아닙니다남는시간 오전11시부터 오후 6시까지 일할만한게 있을까요물론 회사에는 모르게요 4대보험적용중이라서요본업 만으로는 생활이 않되내요 지역은 경상북도 구미 입니다,2024.10.24.
477027418,477027418_1,소담은 대전탄방점대전광역시 서구 계룡로509번길 45 2층소담은 대전탄방점은 해신탕에 진짜 해산물 푸짐한게 나와서 먹을만합니다. 보양이 따로 없어요,2024.10.24.
476948179,476948179_1,회식장소로 단체석 있는 곳을 찾나 보네요.그렇다면 금촌 신관을 확인해 보세요.둔산동에서 점심 먹으러 종종 가는 곳인데  방끼리 연결도 가능하거든요.말씀하신 삼겹살도 팔고 있는 맛집이니 잘 알아보세요.,2024.10.22.
476934267,476934267_1,마숑이네요,2024.10.23.
476813640,476813640_1,안녕하세요（*＾-＾*）#질문가장 비용이 적은 방법과 언제부터 가능한지 그리고 걸리는 시간을 알고 싶습니다.#답변온라인 강의와 학점으로 인정받을 수 있는 자격증병행하시는게 줄일 수 있는 방법입니다시작은 지금도 가능합니다기간은 최종학력에 따라 달라지기 때문에최종학력에 맞게 자세하게 설명해드리겠습니다!저의 경우 과제  시험  행정절차 기간에 1:1로 담당해서 체크해드리고 있어요.때문에 직장  육아  학업 병행하면서 높은 성적으로 마무리하실 수 있습니다.과정 진행하기 앞서 꼭 알고 계셨으면 하는 점들과정확한 정보  선택 기준 등 솔직하게 말씀드리겠습니다!지금도 가능합니다 :),2024.10.19.
476813640,476813640_2,식품쪽은 온라인으로 힘든데 괜찮으신지랑단순 학위 취득 목적이실까여!,2024.10.19.
476813640,476813640_3,안녕하세요. 교육부 정식인가를 받은 교육원 소속 담당자 웅쌤입니다.질문에 대한 답변해드리겠습니다 :최종학력이 어떻게 되실까요? 식품쪽 전공은 오프라인과목으로 수강하셔야 해서온라인 오프라인 병행하셔야 합니다.,2024.10.19.
476813640,476813640_4,"안녕하세요. 교육에 꿈을 담다  꿈담스터디 입니다.답변- 학점은행제 과정으로 준비 하신다면 식품공학이 가장 근접한 전공이실 거 같습니다.시간제수업과 자격증을 병행 하신다면 보다 효율적으로 취득 하실 수 있으실 거 같은데요. 지금 최종학력이나 상황에 따라서 답변이 달라질 거 같습니다.""학습자님의 꿈을 향한 여정  끝까지 동행하겠습니다."" 더 궁금하신 부분은여기클릭 후 질문 남겨주세요. (. ❛ ᴗ ❛.)",2024.10.19.
476813640,476813640_5,안녕하세요. (. ❛ ᴗ ❛.)교육부정식인가 소속 다영쌤입니다.질문에 대한 답변 드릴게요!희망하시는 과정으로 자격증  독학사 활용하여 기간 단축 충분히가능하며 말씀 주신 비용적인 부분도 참고하여 과정 자세히안내드리겠습니다.제 답변에 도움이 되셨으면 좋겠습니다.지금도 상담 가능하며  더 궁금하신 부분은 추가 질문으로남겨주시면 최선을 다해서 답변 드리겠습니다!,2024.10.19.
476788967,476788967_1,비 오면 술집뿐만 아니라평소보다 유동인구가 70% 가까이 줄기 때문에 어디나사람이 별로 없음  사장들도 가게 일찍 접고 들어감,2024.10.18.
476774521,476774521_1,광천동터미널에서 인천공항행 고속버스를 타고가세요우등고속버스는 39 900원입니다,2024.10.18.
476774521,476774521_2,광주터미널에서 인천공항가는 리무진 버스 이용 하시면 됩니다버스 운행 시간표 참고하시기 바랍니다광주송정역에서 무궁화호 기차 탑승하시고 용산역에 하차하여지하철 이용 인천공항 가는 방법이 제일 저렴합니다광주종합버스터미널에서인천공항가는 시외버스는 하루38회 운행합니다.첫차00:01막차15:00출발지광주종합버스터미널종합버스터미널지도보기도착지인천공항정류소 정류장지도보기시간표현재시간11:03최종수정2024-10-10출발도착등급요금(어른)소요시간00:0104:21프리미엄54 900원04:2000:1004:30프리미엄54 900원04:2000:2004:40우등43 900원04:2000:3004:50우등43 900원04:2000:4005:00우등43 900원04:2000:5005:10우등43 900원04:2001:0005:20프리미엄54 900원04:2001:1505:35프리미엄54 900원04:2001:3005:50우등43 900원04:2002:0006:20우등47 900원04:2002:3006:50우등47 900원04:2003:0007:20우등47 900원04:2003:3007:50프리미엄59 900원04:2003:4508:05우등47 900원04:2003:5508:15프리미엄59 900원04:2004:3008:50우등39 900원04:2005:0009:20프리미엄49 900원04:2005:4010:00우등39 900원04:2006:2010:40프리미엄49 900원04:2007:0011:20우등39 900원04:2007:3011:50우등39 900원04:2008:0012:20프리미엄49 900원04:2008:3012:50우등39 900원04:2009:0013:20프리미엄49 900원04:2009:3013:50우등39 900원04:2010:0014:20우등39 900원04:2010:2014:40프리미엄49 900원04:2010:4015:00프리미엄49 900원04:2011:0015:20우등39 900원04:2011:2015:40우등39 900원04:2011:4016:00프리미엄49 900원04:2012:0016:20프리미엄49 900원04:2012:2016:40우등39 900원04:2012:4017:00우등39 900원04:2013:0017:20프리미엄49 900원04:2013:4018:00우등39 900원04:2014:2018:40우등39 900원04:2015:0019:20우등39 900원04:20,2024.10.18.
476732907,476732907_1,강원도 고성 화진포해수욕장 추천합니다,2024.10.17.
476702860,476702860_1,충남고 야자 필수입니다,2024.10.16.
476700221,476700221_1,대전 둔산동에 있는 금촌 어떤가요?전에 본관으로 회식하러 갔었는데 말씀하신 인원이 다 들어갈 수 있는 방이 있었거든요.단체로 가기 좋은 둔산동맛집 찾는다면 좋은 선택이 될 것 같네요.메뉴로는 생삼겹살과 항정살  대패삼겹살 등이 있으니고기집을 찾는다면 잘 확인해 보세요.,2024.10.16.
476660566,476660566_1,혹시 대전 둔산동 정부청사근처에서 찾는다면 금촌 신관을 확인해 보세요.단체룸이 있는 맛집으로생삼겹살과 대패삼겹살 등을 팔고 있거든요.단체로 갈 때는 미리 연락하는 것 잊지 말고요.,2024.10.15.
476615779,476615779_1,머지않아 많은 부를 획득하게 될 꿈이에요.이 꿈은 모든 일이 순조롭게 풀려 물질적으로풍족해지는 것을 의미합니다. 즉 진행하는 일에서만족할만한 성과를 거두어 많은 재물을 얻거나 횡재를하여 금전적으로 여유로운 생활을 하게 될 꿈입니다.그러니 자신의 위치에서 최선을 다하여 좋은 결과 얻으시길 바랍니다.질문자분께서 늘 건강하시고 행복하시기를 기원하며글을 씁니다.답변이 도움 되셨다면'포인트 선물'버튼을 클릭하셔서 마음을 전해 주시면 감사하겠습니다!.,2024.10.14.
476303683,476303683_1,랩스휘트니스 월평점 헬스 PT 등이 있으나 정확한 정보는 잘 모르겠습니다.,2024.10.28.
476464155,476464155_1,금촌 신관 가보셨나요?대전 둔산동 정부청사 근처 지하에 있는 맛집인데 제육백반 정식 시키면 반찬 종류도 많고고기가 들어간 된장찌개도 나오거든요. 한번 잘 알아보세요.,2024.10.10.
476454094,476454094_1,흑석동에는 지하철이 없어서 열악합니다,2024.10.10.
476339114,476339114_1,산업설비과 추천드립니다!,2024.10.09.
476299127,476299127_1,부모님이 허락 하시나요..?,2024.10.13.
476282752,476282752_1,대전만년고등학교/도우아트/러브썸제이 : 네이버 블로그 (naver.com)대전만년고등학교/도우아트/러브썸제이도우아트 단체수업이 연이어 잡혀있어요. 일주일에 한번씩 거래처에 들러서 다육이를 공수해옵니다!! 만년...blog.naver.com,2024.10.06.
476119890,476119890_1,금촌 어때요?둔산동 정부청사 근처에 있는 생삼겹살 파는 맛집인데요.원하는 것처럼 룸도 있어서 저희 회사에서도가까운 본관 쪽을 종종 회식장소로 삼고 있거든요.잘 확인해 보시길~.,2024.10.02.
476052739,476052739_1,무슨 이유 때문에 그런지 알 수 없지만찾아뵙고 대화를 통해서 풀어 나가는게 좋을 듯 싶네요.,2024.10.01.
476033497,476033497_1,사람마다 기준이 다르겠지만 저라면 마음가짐이 가장 중요할 거 같네요.첫 직장에서 동료들과 잘 어울리고 맡은 일에 책임을 다해서 열심히 하는 그런 마인드가좋을 듯 싶어요.,2024.10.01.
475933080,475933080_1,세종특별자치시경기도 수원시전북 남원시대전 유성구충남 아산시,2024.09.28.
475905687,475905687_1,대전 둔산동에 고기집이야 많은데  단체로 갈거면 룸이 있는 곳으로 알아보는 좋을 것 같네요. 개인적으로는 금촌 신관이 룸이 큼직해서 괜찮은 것 같아요.,2024.09.27.
475873048,475873048_1,참고하시기 바랍니다,2024.09.27.
475864338,475864338_1,금촌 어때요? 생삼겹살 파는 곳인데요. 저희 회사에서 둔산동에서 회식장소로 본관으로 가는 편인데  고기도 맛있고 아래 사건처럼 되어 있는 룸 안에 에어컨도 있어서 시원하거든요.,2024.09.26.
475845494,475845494_1,원래는 안되지만주차공간이 부족하니깐 그냥 대는거일 겁니다~ ㅋㅋㅋ,2024.10.04.
475757713,475757713_1,심도  주감 본점 등이 있으나 정확한 정보는 잘 모르겠습니다.,2024.10.07.
475682359,475682359_1,예  다양한 업체들이 있어요. 비교해보시면 좋을 거예요.도움되는 답변이 되셨길 바래요-질문정보 :제일 큰 회사라던데 더 싼데도 있나요?,2024.09.22.
475620139,475620139_1,금영노래방 찾기 엄청 어렵습니다. 저도 찾는데 못찾아서 그냥 아무노래방 가서 tj 노래방 이용 합니다. 금영이를 좀 찾으면은 공유 부탁드려요 와우 너무 찾기 힘드네요 ㅠㅠ,2024.09.21.
475609685,475609685_1,공원이나 갑천변에서 이야기 나누면 좋지 않을까 싶어요.,2024.09.21.
475546124,475546124_1,관저동은 가수원동에서 2003년 분동된 동네입니다.주변에 대학병원도 있고 학교도 많으며 고속도로 접근성도 좋습니다.살기에 괜찮은 동네입니다.,2024.09.20.
475450153,475450153_1,https://naver.me/GFBAZJor네이버 지도김동훈악기사naver.me여기 가보세요.,2024.09.17.
475337838,475337838_1,네  대전시에서 제3시립도서관 기획 디자인 공모도 하거든요 순차적으로 진행 될 것으로 예상됩니다.,2024.09.14.
475206083,475206083_1,으뜸정형외과에서 도수치료 받았는데 괜찮았습니다 ^^,2024.09.11.
475192770,475192770_1,둔산동  탄방동 보다는 학교 근처에서 자취 하는것이 편하고 좋습니다,2024.09.11.
475105480,475105480_1,이곳에서 찾아보세요https://band.us/@daportsfoodmovie대전/충청 daports 로컬 맛집 | 밴드대전/충청 다포츠 로컬맛집 이란? 회원들간 맛집 취미활동을 목적으로한 모임 입니다. 매주 금요일 동호회 정기모임과 비정기모임 을 진행합니다. 정회원(S&F멤버십)이 아니더라도 다포츠클럽에 가입되어 있으면 준회원 자격으로 모임 에 참여할 수 있습니다. 이외  준회원은 정회원(S&F)멤버십 혜택이 없으며  멤버십모임(리셉션.칵테일파티.세미나.워크샵 등) 초대 에 제외되며  참여 할 수 없습니다. S&F-멤버십 이란? pri·vate 하게 운영되는 유료 멤버십 입니다. https://band.us/@daportsfullmember ■주소...band.us,2024.09.10.
475101831,475101831_1,학생시당 키오스크로 주문하고 결제 하기 때문에 일반인도 이용 가능 합니다,2024.09.09.
475039184,475039184_1,둔산동에서 10분 거리인 갈마도서관이 있습니다,2024.09.07.
