﻿doc_id,answer_index,answer,answer_date
477506154,477506154_1,구미 문화예술회관에 오글 빌리는 곳이 없는것 같습니다054-480-4560(구미 문화예술회관) 혹시 모르니까 전화로 문의해보세요...,2024.11.05.
477459733,477459733_1,줄은 조금 기다려야 할 수도 있지만 빵이 품절되는 경우는 잘 없습니다. 성심당에서도 가게에 들르는 사람이 많다는 것을 인지하고 있기 때문에 계속해서 빵을 만듭니다.거의 빵공장입니다. 남아서 주변에 기부도 할 정도로 찍어내듯이 마구 만들기 때문에 품절 걱정은 하지 않으셔도 되겠습니다.역시나 저도 본점을 추천드리고 싶습니다. 본점은 본점인 이유가 있는 법입니다.성심당 본점은 1호선 중앙로역에서 내리셔서 지나가는 사람 하나 딱 붙잡으면 바로 성심당 어딘지 알려드릴겁니다.저는 그냥 쳐다만 봤는데도 성심당 위치를 알려주더군요.,2024.11.04.
477459733,477459733_2,성심당 본점대전광역시 중구 대종로480번길 15PRODUCT | 성심당1956년  대전역 앞 작은 찐빵집에서 시작된 성심당. 대전의 문화가 되다.www.sungsimdang.co.kr,2024.11.04.
477295364,477295364_1,용인 호암미술관 추천드려요!지금 팝업해서 카멜커피도 마실 수 있고미술관 앞에 정원이랑 호수도 있어서 물멍하고 힐링하기도 너무 좋아요~ 꼭 가보세요아 참 한남동에 있는 호암미술관과 같이 운영하는 곳이라 건물도 예쁩니다..,2024.10.31.
477252130,477252130_1,선주고 커트라인 내신 210-220정도 입니다,2024.10.30.
477239598,477239598_1,어차피 민증검사는 할테니까 문제없을 것 같아요,2024.10.29.
477188582,477188582_1,기차는요 직통없고 환승12:32분 김천행 타고 김천역에 13:10분도착김천역에서 13:30분 구미로 가는 열차 있어요 구미역에 13:44분도착아니면은요상주역에서 15:40분열차 타고 김천역에 16:19분도착김천역에서 16:37분 구미로 가는 열차 타고 구미역에 16:51분도착버스상주터미널에서 14:23 15:18 15:43단 15:18분만 일반버스 나머지는 전부 우등,2024.10.28.
477099388,477099388_1,무슨 자동차인지 모르지만구미에도 있는 자동차대리점인데 당연히 서울에도 있겠죠...,2024.10.27.
477099388,477099388_2,서울에 자동차 대리점이 더 많고자동차 대리점은 매장이 넓어야 하므로 가게 세가 비싼 서울 도심에도 물론 있지만 별로 없고서울 변두리에 많음,2024.10.27.
477095758,477095758_1,구미공단 에서 울진 가는 버스 없고 구미 종합터미널에서만 울진 가는 버스 있습니다구미 종합터미널 에서 울진 종합버스터미널 가는 버스시간표 요금 소요시간 입니다,2024.10.26.
477059351,477059351_1,553번 5000번 버스 구미역 정차 합니다정류장에서 553번 5000번 버스 탑승하시면 됩니다,2024.10.25.
476982055,476982055_1,김천구미역 바로앞에 버스정류장에서좌석버스 5000번  5100번  5200번이나 553번이나 554번 버스를 타고구미역에서 내리면 되구요 약 40분정도 걸립니다...,2024.10.23.
476926685,476926685_1,구미 라면축제는 라면을 사랑하는 사람들에게 특별한 경험을 제공하는 행사입니다. 다양한 라면 시식  요리 대회  라면 만들기 체험 등 다채로운 프로그램을 즐길 수 있어 가족  친구들과 함께 방문하기에 좋습니다. 또한  축제에서는 지역의 특산품과 문화를 함께 체험할 수 있으며  구미의 대표 명소들을 둘러보는 기회도 제공됩니다. 라면 애호가라면 한 번쯤 방문할 만한 가치가 있습니다.채택부탁드립니다 : )라면 덕후들 주목!! 구미에서 열리는 2024 구미라면축제 완벽 가이드2024 구미라면축제는 11월 1일부터 3일까지 구미역과 금오산 일원에서 열리는 미식 축제입니다. 라면을 주제로 한 다양한 체험과 맛을 즐길 수 있으며  구미 지역 생산공장에서 갓 튀겨낸 라면을 맛볼 수 있는 전국 유일의 행사입니다. 축제는 라면과 지역 산업  관광을 결합하여 구미를 K-Food 라면 문화도시로 만들고자 합니다. 방문객들은 라면을 맛보고 즐기며  문화와 관광을 함께 체험할 수 있습니다.무대일정표축제장 안내공식영상영상으로 만나는 구미라면축제 축제장 오시는길셔틀버스안내구미 라면축제는 다양한 프로그램과 라면 요리를 즐길 ...naver.me,2024.10.21.
476926685,476926685_2,https://notes1468.tistory.com/m/162라면 애호가 모여라! 2024 구미 라면 축제 정보 총 정리2024년 구미 라면 축제는 전국의 라면 애호가들과 미식가들이 한자리에 모여 다양한 라면의 세계를 경험할 수 있는 특별한 축제입니다. 이번 축제는 단순한 먹거리 제공을 넘어서  다채로운 문화 행사와 체험 프로그램이 함께 진행되는 대규모 행사로 꾸며집니다. 구미시는 이 축제를 통해 가을철 지역 관광 활성화를 도모하며  외부 관광객들에게 매력적인 여행지로 각인되길 기대하고 있습니다. 축제는 3일 동안 열리며  라면을 중심으로 가족  친구  연인 모두가 즐길 수 있는 다양한 프로그램이 준비되어 있습니다.주요 프로그램 이번 축제에서는 라면...notes1468.tistory.com안녕하세요. 1회 개최행사라 볼거리놀거리 가득한 구미라면 축제에 정인과 송하예 잠골버스가 초대가수로 개막식에 나옵니다^^,2024.10.24.
476926685,476926685_3,구미 라면 축제  개막식 가수 정인  잠골버스  송하예 출연합니다11월2일 토요일은 ZIOR PARK 우디  뮤르 출연합니다,2024.10.22.
476926685,476926685_4,2024년 구미 라면축제는 구미역 근처에서 진행됩니다.이번 축제에는 정인  송하예  잠골버스 / 지올팍  우디  뮤르가 공연을 하고조나단&파트리샤와 먹방 유튜버 유노  정상회담의 알파고 시나씨가 참여한다고 합니다.자세한 내요은 아래 확인해보세요.[핫플레이스] 구미 라면축제 : 매콤한 맛과 즐거움이 가득한 축제1. 구미 라면 축제구미 라면 축제는 구미시에서 매년 개최하는 라면을 주제로 한 축제입니다. 구미공장에서 생산된 갓 튀긴 라면을 현장판매하여 구입할 수 있다. 또한 다양한 이색라면 요리를 맛볼 수 있다. 그외 라면테마 전시  체험  포토존  무대프로그램  각종 이벤트 등을 즐길 수 있겠습니다. 이번 행사는 구미역 근처에서 진행되는 만큼 접근성도 좋아 기대가 많이 되는 행사입니다.구미 라면축제 인스타그램 보기구미 라면축제 홈페이지 보기 2. 구미 라면 축제의 주요 행사라면 축제에서는 다양한 프로그램이 진행되는데  라면 마니아라면 놓칠...all-review-er.tistory.com,2024.10.23.
476926685,476926685_5,구미 라면축제에는 송하예 정인 잠골버스 지올팍 우디 뮤르가 옵니다.라면축제에서 다양한 프로그램과 다양한 브랜드의 라면을 즐기실수있으니 자세한 정보를 확인해 보시기 바랍니다.가을 구미 라면 축제 X 캐피티니핑 금오산 콘서트 일정많은 사람들과 함께 맛있는 라면을 한자리에서 즐겨 볼일이 없지 않으신가요? 요번 구미에서 열리는 라면축제에서 다양한 라면을 맛볼 수 있는 최고의 라면 축제가 열린다 고합니다. 다양한 브랜드와 특별한 이벤트들도 체험할 수 있으니 가을 먹거리축제 방문해 보시기 바라며 일부 프로그램은 사전예약을 통해 진행하실수있습니다.  라면축제 상세일정> 구미 라면축제 일정축제 일정: 11월 1일 (금)~11월 3일(일)장소: 구미역 일원   주요 프로그램 라면레스토랑라면의 진심은 셰프가 모였습니다  치열할 경쟁을 뚫고 선발된  구미 대표 맛집 전국의...9405.tistory.com,2024.10.24.
476882089,476882089_1,구미 코인노래방 새벽에 운영하지 않습니다,2024.10.21.
476852320,476852320_1,기사님한데 사실대로말씀드리면 찾을수있겠죠..구미시 좌석버스 192번기점경상북도 구미시 원평동(구미역)종점경상북도 구미시 해평면 낙성리(해평공용버스터미널)종점행첫차08:35(평일)07:00(토  일  공휴일)기점행첫차06:25막차21:50막차22:53평일배차1일 8.5회주말배차1일 6.5회노선구미역 - 터미널네거리 - (→ 오성예식장 →/←구미종합터미널←) - 롯데마트 - 공단본부 - LIG넥스원 - 산호대교 -금오공대종점- 옥계대우아파트 - 옥계부영아파트 - 옥계대백타운종점 - 골드클래스 - 우미린풀하우스 - 인덕중흥S클래스 - 산동파출소 - 괴곡삼거리 - 문량리 - 해평공용버스터미널구미시 좌석버스 192번 시간표구미역 → 해평해평 → 구미역구미역 → 해평해평 → 구미역평일토  일  공휴일1-106:251-106:25208:35208:35207:00208:10310:10309:40310:10311:13410:50411:13412:20413:26512:25513:28514:50515:53614:35615:38616:00617:10718:25719:28721:50722:53819:05820:08921:50922:53,2024.10.20.
476840230,476840230_1,기숙사는 필수입니다 또한 200~210점 대면 솔직히 많이 힘들 것 같네요. 기숙사에선 폰을 걷지 않고 학교에서는 폰을 내셔야 합니다 적성 검사는 저도 반은 찍었어서 그냥 푸시면 되는 데 내신이 낮으셔서 많이 준비하셔야 할 것 같아요 근데 200~210점 대라면 1차가 붙을 지 의문이네요.,2024.10.21.
476763148,476763148_1,아래 내용 참고 하시기 바랍니다,2024.10.18.
476719014,476719014_1,구미전자공고 총 400점 만점입니다성적  200점출결    30점봉사    30점학교생활 10점적성검서 70점면접        60점전국모집 학교료 내신 160점이면 성적이 조금 낮습니다적성검사  면접 준비 잘하여 좋은 성적 받으면 입학 가능 합니다전자과 추천을 합니다,2024.10.17.
476654619,476654619_1,"다음은 ""원형""이 포함된 회사 구호 아이디어입니다.1. ""원형으로 뭉쳐  미래를 만나다!""2. ""원형의 힘으로 함께 성장하자!""3. ""원형을 중심으로 더 나은 세상을!""4. ""원형의 가치를 통해 함께 나아가자!""이 중에서 회사의 비전이나 목표에 잘 맞는 구호를 선택하거나 수정하여 사용하시면 좋을 것 같습니다!",2024.10.15.
476536116,476536116_1,치마 길이는 무릎 바로 위까지 입니다화장은 색조 화장은 안됩니다기숙사 생활하기 좋습니다선후배간 교우 관계가 좋습니다잘생긴 선배님들 많습니다,2024.10.15.
476574660,476574660_1,구미여고 재학중인데작년에는 커트라인이 없었을 거예요,2024.10.24.
476562529,476562529_1,대구에 코 잘하기로 유명한 병원 있어요. 원장님 이름 따서 000성형외과 였는데 이름이 헷갈리네요 대구 코성형 이라고만 쳐도 나올거예요.  부위에 따라 잘하는 병원이 다르니 네이버카페 같은 곳에 가서 자세히 물어보셔요,2024.10.20.
476500204,476500204_1,거리비례제 버스멀리 갈수록 버스 요금이 늘어남 그래서 목적지를 말해야 함,2024.10.11.
476380913,476380913_1,키즈카페 가세요.,2024.10.09.
476316160,476316160_1,안녕하세요 브라이언과 박정현은 재미 교보입니다. 오히려 마동석은 의외네요 ^^,2024.10.07.
476304012,476304012_1,장거리는 보통 자차로 2시간정도 걸리는 것을 의미합니다.구미-대구는 버스나 기차로 30분 정도 소요됨에 따라 장거리라 하지 않습니다.보통 같은 자치도내 거리는 장거리로 간주하는 경우가 잘 없습니다.,2024.10.07.
476260110,476260110_1,네. 음식이 넘어오는 과정에서 그 음식이 타국에 정착하려면 타국의 입맛과 문화에 따라 어느정도 달라질 수밖에 없어요. 그래서 햄버거 치킨같은 미국음식이 한국 햄버거 치킨과 맛이 다른걸거에요.원래 중국음식인 마라탕도 한국에서 인기를 얻으면서 한국인 입맛에 알맞도록 현지화 되었듯이햄버거 치킨도 그런 유형 중 하나라고 생각하면 될 것 같아요!,2024.10.06.
476260110,476260110_2,그렇죠 일단 국가별로 입맛이 다르고 나오는 식제가 다르니까요그리고 한국에서 핫도그라고 하는거는 미국에서 콘도그라고 불러요 한마디로 한국에서 핫도그라 파는거는 핫도그가 아니라 콘도그이고 핫도그는 잘안파는거죠,2024.10.06.
476073190,476073190_1,보건소 등 발급받을곳에 연락해서 확인이 필요합니다.아래 기사를 보시면은 코로나 직전에는 어느 지역의 보건소를 가더라도 발급이 가능했으나 코로나 이후에는 안되었다고 하는데요발급받을 보건소에 연락해서 타 지역에서 발급 가능여부를 확인을 하시는것을 권장드립니다.지역 거주자만 보건증 발급… ＂원래 그랬나?＂코로나 확산 이전엔 주소지 `무관`감염병 대응 이유 관련 업무 중단확진자 줄어도 일각서 제한 유지보건소 ``여전히 인력 충분치 않아`` 음식점 등에서 일하기 위해 필요한 건강진단..m.kyeongin.com,2024.10.01.
476035457,476035457_1,285정도 성적이면 형곡고에서도 탑 먹을수 있습니다 무조건 형곡고 가세요.,2024.10.06.
476035457,476035457_2,사곡고~,2024.09.30.
476030725,476030725_1,수요일 도착 될것 같습니다택배사CU 편의점택배배송처리 현황배송시간현재위치배송상태2024.09.30 11:59배송센터(칠곡)CU구미골드클래스점 (으)로 출고 되었습니다.2024.09.28 16:04배송센터(칠곡)배송센터(칠곡) (으)로 입고 되었습니다.2024.09.28 05:17CU뉴옥***점포에서 택배가 정상수거 되었습니다.2024.09.27 16:56CU뉴옥***점포접수 되었습니다.,2024.09.30.
475864421,475864421_1,구미여고 도개고 오상고 금오공고 •••,2024.10.03.
475864421,475864421_2,구미여고 기숙사있어요 구미여고 재학중인데 궁금한거 물어보세요 ㅜㅎㅎ,2024.10.04.
475830152,475830152_1,대구 대중금속공업고는 전국모집 고등학교입니다구미시 중학교 졸업생도 대중금속공업고 지원 가능 합니다,2024.09.26.
475783655,475783655_1,구포역 사상역 부산역이 가장 가깝습니다.구포역 부산역은 내려서 지하철로 부산서부시외버스터미널(사상역)까지 가야 합니다.(부산역은 부산신평정류소(신평역 건너편)로 가도 되고  하단역으로 가서 2000번 버스 타고 거제 가시는 것도 괜찮은 방법입니다.)사상역 근처에 있는 부산서부시외버스터미널에서 거제(고현)방면 시외버스 타고 가시면 됩니다.구포역 (고속철도)부산광역시 북구 구포만세길 82사상역 경부선부산광역시 사상구 광장로 108부산역 (고속철도)부산광역시 동구 중앙대로 206부산서부사상버스터미널부산광역시 사상구 사상로 201부산신평정류소부산광역시 사하구 하신번영로 127,2024.09.24.
475608794,475608794_1,내일까지 비가 많이 온다는 예보는 있지만 강수량도 많다고는 해도  예보와는 다를수도 있을수 있기도 합니다 그래도 조심은 하는게좋겠죠,2024.09.21.
475585968,475585968_1,축하드립니다.,2024.10.06.
475380638,475380638_1,참고하세요@기차(KTX)막차/ 부산역(21;29) -김천구미역(22:44)@기차(무궁화호)막차/ 부산역(21;17) -구미역(23:21),2024.09.15.
475351242,475351242_1,https://www.instagram.com/p/C_zY0QrTHKg/?igsh=YXhjNHhpc3FxYnpz박태준 만화회사 공식 쇼핑몰 아카이브 피 인스타그램에서 전국으로 운영된다 나와있습니다!,2024.09.15.
475099752,475099752_1,네 그렇죠 ..대표관광지고유일하게 무비자로 제주가외국에서도 들어올수있는곳이기도 하구요,2024.10.07.
475080908,475080908_1,취향일수도 있죠 송지효 스타일을 안좋아 하는것일 수 있습니다. 근데 송지효가 안이쁘다고 생각하시면 그래도 평균보단 눈이 높은 축에 속하십니다,2024.10.06.
475148595,475148595_1,그렇습니다,2024.09.10.
475148595,475148595_2,네  우리나라에 이름 없는 무인도도 많습니다...,2024.09.10.
475137163,475137163_1,"1980년 들어서면서 우리나라가 북한보다 잘 살기 시작했을겁니다.때문에 1997년에는 아무리 힘들어도 북한보다는 휠씬 살기 좋았죠.자살 사유는 여러가지 입니다. 단순히 돈의 문제만은 아닙니다.살면서 하지 말아야 할일이 자살입니다. 아무리 힘들더라도 하루하루 살아낸다면반드시 좋은 일이 생길겁니다.솔로몬의 좋은 명언이 있습니다. ""이 또한 지나가리라""아무튼  지금은 북한과 경제규모 차이가 30배이상 날겁니다.10위안에 드는 선진국과 150위가 넘는 극빈곤국으로 극명한 차이가 있습니다.감사합니다.--------------------------------------------------------------------------------------------------------------대한민국 1등 문화 배달 플랫폼 ""코리아 아트 가이드""http://koreaartguide.com",2024.09.10.
475110347,475110347_1,네이버에서 중동  이슬람  아랍어 관련 답변을 주로 달고 있는 swastika3입니다.참고로 전 중동 지역학/아랍어 전공자이며 전공을 살려 중동/아랍 20개국에서  24년 이상공관/대기업/개인 사업 경력을 지속하고 있습니다.그리고 모로코에서 1년 이상 근무한 바 있습니다.질문자님의 질문에 대한 답변을 드리겠습니다.@.모로코도 프랑스 식민지 중 하나?물론 기니도 그렇지만 모로코도 프랑스 식민지였어요? 가까이 스페인도 아니고 스페인 식민지배도 받고 프랑스 식민지배도 받은건가? 2022카타르 월드컵에 모로코 사람들은 식민지배를 했던 프랑스한테 졌다고 완전 화내던데-> 과거 모로코 왕국도 프랑스 제국주의의 보호령 식민지였었습니다.1912년 프랑스와 스페인이 중동 북아프리카 지역에서 땅따먹기하면서 '모로코 관련 조약'을 체결하였고여기서 일단 프랑스령 모로코와 스페인령 모로코로 분할되었습니다.이전까지만 했어도 모로코의 알라위 왕조는 18~19세기까지 프랑스나 영국에 굴복하지 않고 독립을 유지했었습니다.그러나 19세기 후반부터 프랑스가 접근했었습니다.1880년 마드리드 조약에서 모로코에 내정 간섭을 하기 시작하더니 1903년에는 프랑스령 알제리를 통해모로코를 침공하기도 했었습니다.당시 모로코 위기를 거치며 독일 제국이 모로코를 노리기도 했으나 좌절되었습니다.1912년 이후 프랑스는 모로코를 완전한 보호령 식민지로 만들었다. 이후 모로코 운동위원회 같은 민족주의 조직이 탄생해독립을 요구하기도 했고 전간기 시절엔 리프 전쟁이 발발했으나 프랑스  스페인의 협공으로 간신히 진압했었습니다.제2차 세계 대전 이후부터 독립운동은 다시 격렬해졌었습니다.(당시 민족 자결주의의 대둗도 있었고)술탄 무함마드 5세는 독립 운동을 주도했으나 프랑스에 의해 폐위되고 무함마드 벤 아라파라는 프랑스에 매국하는 성향의괴뢰 왕(일본제국주의가 만주국 푸이황제를 내세운 것 처럼)을 세웠으나 모로코인의 저항에 의해 프랑스는1956년 독립을 승인했고 무함마드 5세가 다시 술탄 직으로 복귀했었습니다.그렇기에 모로코는 프랑스와 스페인에게 분할되어 각각 전부에게 식민지배를 받은게 맞으며 프랑스인들은제국주의 때 악랄하게 반프랑스 모로코 세력들을 탄압했기에(물론 알제리가 가장 심하게 당했지만)우리나라가 일본 제국주의 후예들이 현재도 후안무치하게 일제 치하를 미화하는 것에 분개하는 것과마찬가지인 겁니다.답변에 도움이 되시길 바라며 채택 부탁드립니다.,2024.09.09.
475109974,475109974_1,목축과 낙농업이 발달했기 때문입니다.기후와 식생활 문화로부터 소를 많이 키우고 우유 생산을 하기 좋은 환경이기 때문에 우유로부터 만들어지는 치즈 생산도 많이 합니다.,2024.09.09.
475105608,475105608_1,부산역 진주역 창원역에서 행신역 가는 KTX 기차 있습니다거제도에는 기차역이 없습니다,2024.09.09.
475105542,475105542_1,그렇게. 하는게 마음도 편할것 같네요,2024.09.09.
475104130,475104130_1,안녕하세요.어떤 스타일의 중식당인지에 따라 다르긴 한데  짜장면과 짬뽕을 파는 유럽 중국 음식점은 많습니다.특히 관광지일수록 쉽게 찾을 수 있습니다.,2024.10.29.
475097483,475097483_1,구미전자공고 특별전형 지원가능 합니다구미전자공고 총400점 만점입니다성적도 중요하지만 출결 봉사 면접 점수도 아주 중요합니다아래 현황 참고하세요,2024.09.09.
475097483,475097483_2,합격하셧나용??,2024.11.02.
