﻿doc_id,answer_index,answer,answer_date
477420606,477420606_1,제가 그곳애 갔다가 온지 꽤 오래돼서 정확하지 않을 수 있는데 제 기억에는 콘센트랑 와이파이가 됐던거 같아요콘센트는 정확한데 와이파이는 확실하지는 않네요,2024.11.04.
477292120,477292120_1,울산 지역은 평준화 지역으로 성적과 관계 없이선지망 후 컴퓨터 추첨을 통하여 일반고 배정이 됩니다가고자 하는 학교 1지망으로 선택을 하면 배정 확률 약55-60% 정도 됩니다,2024.10.31.
476993493,476993493_1,안녕하세요~질문 답변 드릴께요~!답변이 이해가 가지 않는다면 댓글로 말씀해주시면 바로 답장드릴께용~네  울산 동구에 일반 가정집 청소 서비스를 제공하는 청소업체가 있습니다. 다음은 추천 업체 몇 개입니다.클린드림: 052-232-3333새싹청소: 052-247-5555울산청소마스터: 052-255-7777에이스청소: 052-266-8888코리아청소: 052-277-9999이러한 업체는 정기적인 청소  깊은 청소  봄철 청소 등 다양한 청소 서비스를 제공합니다. 특정 요구 사항이 있다면  업체에 문의하여 맞춤형 견적을 받으시기 바랍니다.답변에 만족 하셨다면 채택 부탁드립니다!!!https://naver.me/5jmeERql여권 재발급 이력조회 상태조회 기록증명서 스마트패스재발급 온라인 신청  여권 발급 이력 조회  여권 발급 상태 조회  여권 접수처 바로가기  스마트패스 등록 방법 여행을 떠나기 전 반드시 체크해야 하는 순서는 이와 같습니다. 링크의 버튼을 클릭하시면 이동 됩니다. 여권 상태 조회 여권 이력 조회  여권 온라인 신청 여권접수처 스마트 패스ID 등록 여권은 재발급 하는 유형은 여권 상태가 좋은지 모르기 때문에 여권 상태조회를 먼저 체크하고 여권 재발급을 고민합니다. 여권 상태가 좋지 못하면 다른 나라에서 출국 중 구금 되는 사례가 있기 때문에 여권 조...naver.me,2024.10.26.
476993493,476993493_2,네  일반 가정집 청소도 가능한 업체들이 있습니다.답이 도움되셨으면 좋겠어용-이사  입주청소는 아니고 일반 가정집입니다. 청소업체에 의뢰를 하려고 하는데 입주청소밖에 안 보이더라구요. 일반 가정집 청소도 가능한 업체가 있을까요?,2024.10.26.
476993493,476993493_3,일반 가정집 청소도 가능한 업체를 찾아보세요.답이 도움되셨으면 좋겠어용-이사  입주청소는 아니고 일반 가정집입니다. 청소업체에 의뢰를 하려고 하는데 입주청소밖에 안 보이더라구요. 일반 가정집 청소도 가능한 업체가 있을까요?,2024.10.26.
476966479,476966479_1,꽃바위 정류장 승차500135분  5개 정류장 이동지하철노선도로드뷰화암중학교현대미포조선태화강역(2번 정류소)보람병원입구남구청앞 정류장 하차,2024.10.23.
476695454,476695454_1,안녕하세요 10선정도합니다,2024.10.16.
476380475,476380475_1,55~58km 사이고요 1시간정도요근데 이에로 사용해서 가시면 1시간 30정도 소요되네요,2024.10.08.
475963095,475963095_1,울산 동구 씨지브이는 자율입장이에요.제가 드린 답변이 도움되셨길 바래요-말씀하신 질문 :울산 동구 씨지브이 자율입장이에요?,2024.09.30.
475992619,475992619_1,일요일 가능합니다울산동구 화정동에서 방어동1톤용달 기사도움12만원 입니다,2024.09.30.
475992619,475992619_2,안녕하세요 ~~!도움이사11만원입니다 (한국로지스) { 주)틈새 }(운송면허 주선면허 이사면허 포장이사보험 완비)프로필 클릭~ 문자 & 톡으로 가격 문의 편하게 상담가능합니다언제든지 연락주시면~ 최선을 다해서 도움드리겠습니다고맙습니다,2024.09.30.
475992619,475992619_3,1톤트럭용달1대 1인기사도움기본15만원입니다.ㅡㅡㅡㅡ언제든지 문의주십시요.ㅡㅡㅡㅡㅡ좋은하루되세요 ❤️,2024.09.29.
475992619,475992619_4,기사님도움 15만원입니다,2024.09.30.
475992619,475992619_5,1톤 + 고객과기사도움 일반이사 15만원입니다.감사합니다.,2024.09.30.
475875407,475875407_1,안녕하세요. 로시컴-네이버 지식iN 상담변호사 유성권 입니다.가족간 금전문제와 관련하여 법률상담이 가능합니다.전화로도 법률상담이 가능합니다.법률사무소가연대전변호사 법률사무소가연 유성권 변호사 사시52회(42기)입니다 01089568105 직통전화pf.kakao.com법률사무소가연대표변호사유성권 : 네이버 블로그상호: 법률사무소 가연 전화:042-719-8111 주소:대전광역시 서구 둔산동 1395번지 민석타워 11층 한양대학교 법과대학졸업 대전 형사전문변호사 52회 사법시험 합격 42기 사법연수원 수료 전 서울중앙지방법원 조정위원 전 창원지방검찰청 통영지청 검사직무대리 법률사무소 가연 대표 변호사 직접상담 phone 010-8956-8105 법률상담원하시는분은 편하게 부담갖지마시고 연락주세요 내용에 대해 법적책임없습니다blog.naver.com,2024.09.28.
475533940,475533940_1,화진중학교에서 해운대백병원까지 거리는 약 58km입니다자차로 약 1시간 10분 정도 걸립니다,2024.09.19.
475324111,475324111_1,45분,2024.09.14.
475284349,475284349_1,현대중학교에서 해운대백병원까지 거리는 약 56km입니다자차로 약 1시간10분 정도 걸립니다,2024.09.13.
475265276,475265276_1,울산 동구에 있는 온누리상품권 가맹 시장 및 상점가 내의 맛집을 찾고 계시다면  특히 지역 주민들 사이에서 인기가 높은 식당을 추천드릴 수 있습니다. 첨부사진이 제공되지 않지만  울산 동구에서 유명한 전통시장인동구 전통시장이나방어진항 주변을 중심으로 맛집을 소개드릴게요.방어진항 회타운- 신선한 회를 맛볼 수 있는 여러 회식당들이 모여 있습니다. 다양한 해산물과 회를 저렴하게 즐길 수 있어 인기가 많습니다.대왕암 공원 근처 식당들- 울산 동구의 명소인 대왕암 공원 주변에는 해물칼국수나 회국수 등 해산물을 활용한 맛집들이 있습니다.동구 전통시장- 전통시장에서 찾을 수 있는 국밥집이나 떡볶이 등 길거리 음식들도 유명하며  오랜 전통을 자랑하는 시장 내 식당들이 많이 있습니다.이 지역에서는 해산물과 관련된 음식점들이 많으니  온누리상품권을 사용할 수 있는 해산물 전문 식당이나 전통시장 내 국밥집 등을 방문해보시면 좋을 것 같습니다.추석 온누리상품권 15% 할인 / 온누리상품권 사용처   구매처   사용방법 등 온누리상품권 관련  아래글을 참고하시면 좋을거 같습니다.https://chemilog100.com/313추석 온누리상품권 15% 할인 구매하러 가기 (사용처)추석 온누리상품권 15% 할인 구매하러 가기 (사용처)    다가오는 추석을 맞아  생활비 부담을 덜어드릴 수 있는 온누리상품권(15% 할인)에 대해소개해 드리겠습니다. 매월 온누리 상품권은  지류형 (5%)  카드형 및 모바일 상품권 (10%)을 할인해 주고 있지만 이번 추석을 맞이하여  1달간 (2024. 9. 2 ~ 9. 30)  지류형은 한도액이 150만 원에서 200만 원으로늘어났고  카드형 및 모바일 상품권은 15% 할인율이 적용된다고 합니다. 카드형 및 모바일 상품권 200만 원을 사용할 경우  30만 원을 절약할 수 ...chemilog100.com,2024.09.12.
475239946,475239946_1,울산일산중학교에서 해운대백병원까지 거리는 약 54km입니다자차로 약 1시간10분 정도 걸립니다,2024.09.12.
475191812,475191812_1,방어진중학교에서 해운대백병원까지 거리는 약 54km입니다자차로 약 1시간 정도 걸립니다,2024.09.11.
475145744,475145744_1,부산광역시 금정구 금성동에 있는 금정산성 북문에서 남녀공학 학장중학교까지 차로 몇분거리이에요?더불어서  부산광역시 금정구 금성동에 있는 금정산성 북문에서 남녀공학 학장중학교까지 몇킬로미터이에요? 좀 궁금하네요 꼭 가르쳐주세요 ^__________________________________^;;;;;;;;;;;;;;;;;;;,2024.09.10.
475145744,475145744_2,남목중학교에서 해운대백병원까지 거리는 약 57km입니다자차로 약 1시간 10분 정도 걸립니다,2024.09.10.
