﻿doc_id,title,question,region_id,views,question_date
477490079,질문울산동구큰나무정형외과원장선생님,울산동구큰나무 정형외과원장선생님바뀌셨나요제가알기론안장엽원장선생님인걸로아는데원장선생님바뀌셨나해서요,120702, 11,2024.11.04
477420606,질문울산 동구 홈플러스 찜질방,와이파이랑 콘센트 가능한가요? 재오픈한지 얼마 안 됐을때 간 날은 콘센트 안 되던거만 기억나서..,120702, 24,2024.11.03
477292120,질문울산 동구 입문계 고등학교 갈 수 있을까요?,이제 고등학교 진학을 앞두고 있는 중학생입니다 다름이 아니라 제가 입문계 커트라인?이 81퍼센트정도인데 쌍둥이가 있어서 무슨 특혜가 있다고 하더라고요 이 쌍둥이 특혜가 시도마다 다른지 다르면 울산에서의 쌍둥이 특혜는 뭔지 입문계는 갈 수 있는지 궁금합니다 ㅠㅠ 제발 정교하게 대답해주세요 ㅠㅠ,120702, 27,2024.10.30
477169847,질문촉각 방어 치료할 수 있을까요?,안녕하세요 26살 여성입니다 어렸을 때는 조금 불편했을 뿐인데 지금은 심각하게 심해져서 글을 씁니다 최근에 하던 일을 그만두고 잠시 2주 동안 쉬게 됐는데 그러면서 갑자기 심해졌습니다 원래도 목에 뭐가 닿는게 너무 불편하고 스트레스 받아 목걸이 일절 안하고요 목폴라 절대 못입고 옷을 사면 금방 목부분이 늘어납니다 습관적으로 손으로 잡아댕겨서 근데 최근에는 옷만 입고 있어도 너무 힘들어요 목에 크게 닿지 않아도 목 주변에 뭐가 있으면 가만히 있질 못하겠습니다 요새는 머리카락도 다 뜯어버리고 싶어요 옷을 입고 있고 머리를 안 묶고 있으면 죽겠어요 그래도 일할때 집중하거나 무언가에 집중하면 괜찮은데 버스를 타고 있거나 가만히 있어야 하거나 등 집중되는게 없으면 너무 힘들어요... 혹시 촉각 방어에 잘 아시는 분이 계시다면 도와주세요 감사합니다...,12070203, 28,2024.10.28
477164679,질문부리시 방어 낚시,11월 말에서 12월달 쯤에 부시리 방어 선상 낚시 갈려고 하는데 괜찮은곳 있을까요 전라도권이 괜찬다고 하는데 추천좀 해주세요~ 선상이랑 해서 괜찮은곳 추천 부탁 드립니다!,12070203, 17,2024.10.27
476993493,질문울산 동구에 괜찮은 청소업체 있을까요?,이사 입주청소는 아니고 일반 가정집입니다. 청소업체에 의뢰를 하려고 하는데 입주청소밖에 안 보이더라구요. 일반 가정집 청소도 가능한 업체가 있을까요?,120702, 53,2024.10.26
477096983,질문현재중공업 작업복 울산 동구에 팔수잇는곳 알려주세요,현대중공업 작업복 팔수잇는 가계 주소알려주시면 감사하겠습니다,12070206, 20,2024.10.26
476919904,질문울산동구 부동산,안녕하세요 .. 지금 살고있는집에서 1월말에 나와야하는데 끼어논 보증금이없어서 보증금 완전 저렴한 월세 집을 찾아요 ... 거전살이 가있다보니 풀옵션 집보다는 텅텅비어있는 집 없을까요... 아기가 어린이집이 방어진에잇어서 남목쪽추천은 피해주세용 ㅠㅠ,120702, 31,2024.10.25
476966479,질문울산 동구 꽃바위에서 남구청 앞으로가는 버스없나요?,제가 울산 동구 남구청 건너편에 달성빌딩을 가야하는대 버스를 무엇을 타야할지 몰라서 여쭤봅니드 울산 남구 돋질로 238달성빌딩 저는 참고로 울산 동구 꽃바위 살아요 주변에 새마을 금고역 있어요,120702, 21,2024.10.22
476626189,질문울산 동구 조기축구조기풋살,울산동구에 고등학생 2학년도 같이 공 찰 수 있는 조기축구나 조기 풋살이 있을까요?,120702, 18,2024.10.16
476695454,질문울산 이사짐,울산 동구 화정동에서 이사짐박스 몇개받아서 서부동으로 옮기는데 비용이 얼마나 할까요?,12070208, 19,2024.10.16
476607246,질문광안리에서 이거 봤는데,이거 뭘까요?,120702, 23,2024.10.14
476514398,질문울산 동구 화정동 인근 스캐너 사용 가능한곳,급히 스캐너 사용할 일이 생겼는데 인근 피씨방도 동구청 내에도 없더라구요 혹시 사용 가능한곳 알 수 있을까요 제출용으로 필요한거라 어플로는 안되겠더라구요,12070208, 19,2024.10.12
476380475,질문화암중학교에서 해운대백병원까지 차로 몇분거리인가요?,울산광역시 동구 방어동에 있는 화암중학교에서 해운대백병원까지 차로 몇분거리인가요? 더불어서 울산광 역시 동구 방어동에 있는 화암중학교에서 해운대백병원까지 몇킬로미터인가요? 좀 궁금하네요 꼭 가르쳐주 세요 ^__________________________^;;;;;;;;;;;;;;;;;;;;;;;;;;;;;;,12070203, 17,2024.10.08
475963095,질문씨지브이 자율입장인가요?,울산 동구 씨지브이 자율입장이에요?,120702, 32,2024.09.30
475992619,질문울산동구 화정동에서 방어동으로 이사하려고해요,화정동(1층) 대송중근처 방어동 3층 엘베없음 상진초 근처 컴퓨터 2대 책상 1개 서랍장 2개 전신거울 1개 그리고 책이랑 잡다용품 들은 상자가 5~10개 예상 이렇게 정도 되어요. 큰가구는 서랍장이랑 전신거울 책상 정도일것같아요 1톤트럭정도면 충분할 것 같은데 견적 부탁드립니다. 그리고 출근안하는 날이 일요일이라 일요일에 가능한지도 부탁드려요.,12070208, 73,2024.09.29
475875407,질문울산 동구 돈 관련 변호사 상담 가능한데 있나요,가족끼리 돈 관련 일인데 상담하고 싶습니다 나중에 고소까지 할수도 있어요 상담 할 곳 좀 알려주세요,120702, 30,2024.09.26
475533940,질문화진중학교에서 해운대백병원까지 차로 몇시간거리에요?,울산광역시 동구 화정동에 있는 화진중학교에서 해운대백병원까지 차로 몇시간거리에요? 더불어서 울 산광역시 동구 화정동에 있는 화진중학교에서 해운대백병원까지 몇킬로미터에요? 좀 궁금하네요 꼭 가 르쳐주세요 ^__________________________^:;;;;;;;;;;;;,12070208, 19,2024.09.19
475324111,질문현대청운중 근처에서 해운대백병원까지 차로 몇시간거리에요,울산광역시 동구 서부동에 있는 현대청운중학교 근처에서 해운대백병원까지 차로 몇시간거리인지요? 울 산광역시 동구 서부동에 있는 현대청운중학교 근처에서 해운대백병원까지 몇킬로미터인지요? 좀 궁금하 네요 꼭 가르쳐주세요 ^___________________^;;;;;;;;;;;;;;;;;;;;;;;;,12070204, 21,2024.09.14
475284349,질문현대중학교에서 해운대백병원까지 차로 몇시간거리인가요?,울산광역시 동구 서부동에 있는 현대중학교에서 해운대백병원까지 차로 몇시간거리인가요? 더불어서 울산광역시 동구 서부동에 있는 현대중학교에서 해운대백병원까지 몇킬로미터인가요? 좀 궁금하네요 꼭 가르쳐주세요 ^___________________________^:;;;;;;;;;;;;;;;;;;;;;;;;;;;;;;,12070204, 22,2024.09.13
475265276,질문울산 동구 온누리상품권,첨부사진에 적혀 있는 시장 및 상점가들에 있는 식당들 중 맛있는 곳 추천해주세요!,120702, 34,2024.09.12
475239946,질문울산일신중에서 해운대백병원까지 차로 몇시간거리인가요?,울산광역시 동구 일산동에 있는 울산일산중학교에서 해운대백병원까지 차로 몇시간거리인가요? 더불어 서 울산광역시 동구 일산동에 있는 울산일산중학교에서 해운대백병원까지 몇킬로미터인가요? 좀 궁금 하네요 꼭 가르쳐주세요 ^_____________________^;;;;;;;;;;;;;;;;;;;;;;;;;;;;;;;,120702, 29,2024.09.12
475191812,질문방어진중학교에서 해운대백병원까지 차로 몇시간거리이지요?,울산광역시 동구 화정동에 있는 방어진중학교에서 해운대백병원까지 차로 몇시간거리이지요? 더불어 서 울산광역시 동구 화정동에 있는 방어진중학교에서 해운대백병원까지 몇킬로미터이지요? 좀 궁금하 네요 꼭 가르쳐주세요 ^_____________________^:;;;;;;;;;;;;;;,12070208, 23,2024.09.11
475145744,질문남목중학교에서 해운대백병원까지 차로 몇시간거리인가요?,울산광역시 동구 서부동에 있는 남목중학교에서 해운대백병원까지 차로 몇시간거리인가요? 더불어서 울산광역시 동구 서부동에 있는 남목중학교에서 해운대백병원까지 몇킬로미터인가요? 좀 궁금하네요 꼭 가르쳐주세요 ^__________________________^:;;;;;;;;;;;;;;;;;;;;;;;;;;;;;;;;;;,12070204, 15,2024.09.10
