﻿doc_id,answer_index,answer,answer_date
477505703,477505703_1,수유역에서 공항버스 새벽 첫차  좌석 반 정도 비어 있습니다,2024.11.05.
477303020,477303020_1,강북구는 작아서  남고는 신일고  한곳인데서울 25개 구 마다 남자고등학교  3 ~ 4 개씩  있음,2024.10.31.
477245321,477245321_1,바뀌기 전에는 미아삼거리였으나지금은 미아사거리로 바뀌었습니다,2024.10.29.
477054454,477054454_1,미아에서 전철로 1시간이면 웬만한 번화가는 다 갑니다.야경좋은곳남산타워[유료/무료(전망대까지 안올라가도 밑에서도 볼 수 있음)]롯데타워(유료)낙산공원(무료)반포대교(무료)산책할만한 숲길&공원남산서울숲낙산공원선유도공원올림픽공원하늘공원서울관광지(거의근접거리에 있는건 묶겠습니다)A. 경복궁 & 청와대 & 서촌(통인시장) & 삼청동 & 북촌한옥마을 & 대한민국역사박물관 & 국립현대미술관B. 덕수궁(돌담길) & 서울시립미술관 & 서울시청 & 서울역사박물관 & 광화문광장 & 청계천C. 인사동 & 익선동 & 창덕궁 & 창경궁 & 종묘 & 광장시장D. 동대문 & 디디피 & 대학로 & 낙산공원 & 이화벽화마을E. 서울로7017 & 남대문시장 & 명동 & 남산타워F . 전쟁기념관 & 이태원 & 경리단길 & 해방촌 & 리움미술관 & 국립중앙박물관 & 국립한글박물관G. 홍대입구 & 신촌 & 이대H. 더현대서울 & 여의도한강공원 & 63빌딩I. 반포한강공원 & 고속터미널지하상가 & 신사동 가로수길 & 압구정 & 압구정로데오J. 강남역 & 삼성코엑스K. 서울숲 & 성수동카페거리 & 건대입구 & 어린이대공원 & 뚝섬한강공원L. 잠실롯데타워 & 롯데월드 & 올림픽공원위에서 하루에 짧은건 1~2개  긴거는 1개 코스로 돌 수 있을겁니다. 지도 어플같은거 다운받으셔서 위치 확인해보시면됩니다.맛집 같은경우는 인스타하시면 ex)익선동맛집 이렇게 검색하시면 많이 나올거고 인스타를 안하시면 밑에 남겨놓은 지도에서 인스타랑 똑같이 검색하시면 나옵니다.https://map.naver.com/네이버 지도공간을 검색합니다. 생활을 연결합니다. 장소  버스  지하철  도로 등 모든 공간의 정보를 하나의 검색으로 연결한 새로운 지도를 만나보세요.map.naver.comhttps://map.kakao.com/카카오맵당신을 좋은 곳으로 안내 할 지도map.kakao.com혹시나 실내로 가고 싶으시면역이랑 이어져있는 쇼핑몰리스트입니다.용산역 - 아이파크몰(음식 / 쇼핑 / 영화 / VR체험)신도림역 - 디큐브시티(음식 / 쇼핑 / 영화)영등포역 - 타임스퀘어(음식 / 쇼핑 / 영화)여의도역 - IFC몰(음식 / 쇼핑 / 영화)고속터미널역 - 센트럴시티/신세계백화점(음식 / 쇼핑 / 영화)삼성역/봉은사역 - 코엑스(음식 / 쇼핑 / 영화 / 아쿠아리움)잠실역 - 롯데월드타워몰(음식 / 쇼핑 / 영화 / 아쿠아리움 / 전망대)추가로 서울 가이드북 다운받을 수 있는 사이트입니다. 참고바랍니다.https://korean.visitseoul.net/map-guide-book#none서울 관광지도 & 가이드북서울관광재단 제작 서울관광지도. 완벽한 서울 여행을 위한 무료 가이드북 & 지도 받기! 우편 배송 및 대량 홍보물 접수 안내. 이동 서비스  식음서비스  숙박 서비스  순례길 등 다양한 정보를 담은 서울 관광 가이드북 PDF 다운로드. 서울관광재단 Visit Seoul 제공 관광 가이드북.korean.visitseoul.net,2024.10.25.
476690288,476690288_1,여자분이면 수유역 헬스장으로휘트니스피플이 좋을 것 같아요제 여동생이 다니는 헬스장인데여성 헬스장이라서 운동하기 좋을거에요그리고 깨끗하고 향기도 난다고 하네요이 근처 수유역 헬스장 중에 좀 인기가 많다네요기구들도 많다고 하니 원하시는 하체 기구들도 많을거 같아요예민한 편이라고 하시니 수유역 헬스장에한번 방문해서 눈으로 직접 보는것도 좋겠네요마음에 드는 수유역 헬스장 찾아서재밌는 헬스라이프 즐기시길!,2024.10.16.
476655709,476655709_1,수유역6번출구   대한병원(09205) 버스정류장 근처요,2024.10.28.
476319679,476319679_1,수유동 주변 추천지 입니다1.북한산  둘레길2.4.19 민주 묘지3.북서울 꿈의 숲 입니다,2024.10.07.
476265375,476265375_1,1.경남 진주시 진주교 입니다2.또한 페레 스튜디오가 있습니다,2024.10.06.
476265375,476265375_2,진주교경상남도 진주시 강남동사진의 다리는 진주교입니다.,2024.10.06.
476122084,476122084_1,주변 부동산 중개사무소에 방 내 놓으시고  LH 찾는분들에게도 임대하는 거 동의해 줄테니 집 찾는 분들 오면 중개해 달라고 하면 됩니다.LH는 중개사업소를 통하지 않도록 계약하지 않으니 주변 부동산에 집 내 놓으세요.LH 신혼신생아 전세임대 1형  2형 집 구하는 방법과 노하우신혼신생아전세임대 1형  2형 집 구하는 방법과 노하우 - 크몽광진구의부동산 전문가의 전자책 서비스를 만나보세요. <p>광진구의 공인중개사 대표 이승남 소장입니다.</p><p&g...kmong.com,2024.10.02.
476122084,476122084_2,분양 아파트로  소유 하고 있다면 부동산  중개사 상담후  주변 시세와 맞게 임대 광고 하면 됩니다,2024.10.02.
476102379,476102379_1,평균원룸 500/45투룸 1천/60반전세 5천/20셋중에 강북구가 가장비쌈,2024.10.02.
476007800,476007800_1,강북구민운동장서울특별시 강북구 오현로 187-25 강북구민운동장핫둘핫둘서울핫둘핫둘서울  우리동네 생활체육  시민참여 프로그램sports.seoul.go.kr강북구민운동장  새단장 마치고 이달부터 재개방서울 강북구(구청장 이순희)는 강북구민운동장의 노후시설 정비를 완료하고 이달부터 재개방한다고 10일 밝혔다. 강북구민운동장은 축구장 6400㎡  족구장(2면) 195㎡  농구장(반코트 2면) 275㎡  트랙(운동장  산책로) 등과 관람객 3000여명을 수용할 수 있는 스탠드와 본부석을 갖춘 강북구 대표 체육시설이다. 연간 총 이용자 수는 4만8000여명에v.daum.net유료대관입니다. 참고바랍니다.,2024.09.30.
475916679,475916679_1,당연히 마당있는 주택이 더 비쌉니다.,2024.09.27.
475909335,475909335_1,10억~20억 사이입니다.지나가다가 부동산들 시세보면 이 정도합니다.동네마다 다르고 연식  구조 등등 따라서 가격 상이하구요. 작성자님 연봉이랑 대출 계산해서 생각해보세요~,2024.09.27.
475888973,475888973_1,안됩니다 차는 주차장에서 해야합니다,2024.09.27.
475850949,475850949_1,해당 지역은 신속통합기획 후보지에서 탈락하고 주민제안으로 용역을 발주하여 진행중에 있습니다. 따라서  정비구역지정을 위한 용역발주에 따라 그 결과가 나와야 하므로 2025년 12월 용역이 끝나야 진행여부를 확실히 알 수 있습니다.https://www.khan.co.kr/economy/real_estate/article/202401021154001[서울25]강북구  번동 148 재개발 정비계획 수립 용역 착수서울 강북구는 번동 148번지 일대 재개발 정비계획 수립 및 정비구역 지정 용역을 지난달 29일 착수했다고 2일 밝혔다. 번동 148번지 일대는 면적 9만7536㎡으로  강북구가 2020년 주민들의 공공재개발사업 공모 신청에 따라 서울시에 후보지로 추천했다. 그러나 2021년 공공재개발사업 후보지 선정위원회 심사결과 보류됐다. 이에 주민들은 2022년...www.khan.co.kr답변에 만족히시면 채택(중복채택 가능)을 부탁드립니다.답변채택후 추가질문은 댓글이 아닌  추가질문(무료)을 이용해 주세요^^;[추가질문에 답변은 해당 당일 밤9시이후 또는 다음날 오전8시 답변이 가능]또는 아래 예약링크(마우스 클릭)로 예약하시면  연락드리겠습니다.도시정비교육연구센터 홈페이지https://urbanier.modoo.at,2024.11.06
475756248,475756248_1,현재 미아사거리 가 미아삼거리60넌대 삼거리로 시작  그림 우측방향 월계로가 없었음월계로가 생긴후 사거리라 말하기 어려울정도로 폭이 좁은곳이라 미아삼거리 사용월계로가 넓어지고 고가도로가 없어지면서 미아사거리로 바꿈,2024.09.24.
475756248,475756248_2,미아사거리역 주변으로 보시면 되지 싶습니다.,2024.09.24.
475663637,475663637_1,크몽이나 당근에 의뢰 올려보시는 게 더 빠를 것 같습니다!간단 작업이라도 페이 필요하기도 하고요!,2024.09.24.
475663637,475663637_2,당근 앱 커뮤니티로 알아보세요 아마 소정의 비용 주면은 해주실분들 많을 거 같습니다.,2024.09.24.
475728691,475728691_1,3화  12화 입니다,2024.09.23.
475713111,475713111_1,안녕하세요서울지역 강북구 및 도봉구 노원구에서 구청에서 분양하는 주말농장이 있습니다.매년봄 1월~3월 분양을 하며 년초에 공지를 하고 있습니다.서울지역 주말농장에 대한 위치와 연락처는주말농장닷컴또는네이버 주말농장카페에서 확인 가능합니다잘 알아보시고 좋은 곳에서 주말농장 하시기 바랍니다.http://cafe.naver.com/weekendfarm주말농장 : 네이버 카페주말농장 농사법 체험농장 귀농 전원주택 채소 모종 도시농업 귀촌 베란다 텃밭 산나물 약초 농지 은퇴cafe.naver.com,2024.09.23.
475654485,475654485_1,네!분당구면 강북구의 2배 이상일껍니다!,2024.09.22.
475654485,475654485_2,분당이 비쌈이매역수내역수유역,2024.09.22.
475558209,475558209_1,정의여고 같아요,2024.09.20.
475531792,475531792_1,빌라는 위치  연식  면적  방개수  엘리베이터유무 등다양한 조건에 따라 가격편차가 심한 부동산 중의 하나입니다.따라서 시세파악이 쉽지 않은 물건이죠.부동산 앱 등을 통해 개략 확인하시려면 아래 글 읽어보시구요부동산 앱을 활용해  서울 빌라 시세 조회하기 (프롭테크 AVM  빌라 시세 비교)안녕하세요 이평가사입니다. 오늘은 서울의 빌라 시세 조회와 관련된 이야기를 상담사례와 함께 풀어볼까 ...blog.naver.com보다 자세한 빌라 시세 조회 방법은 아래 전자책을 참고하시기 바랍니다~5분 만에 파악하는 빌라 시세 조회 방법 - 크몽이평가사 전문가의 전자책 서비스를 만나보세요. <p><br></p><p><br>&l...kmong.com추가 간단한 질문은 아래 카페에 오셔서 해주세요~이평가사의 감정평가★공시지가 상담실 : 네이버 카페이평가사가 직접 운영하는 감정평가 및 공시지가 상담실입니다.cafe.naver.com,2024.09.19.
475531792,475531792_2,수유동도 위치마다 시세가 다르지만 제가 살고 있는 인수동은 2-3억 합니다.,2024.10.12.
475478907,475478907_1,서울 강북구 4.19로30길 18신익희묘소 : 네이버방문자리뷰 1 · 블로그리뷰 5pcmap.place.naver.com서울 강북구 삼양로169길 76등산로우이파크빌 : 네이버pcmap.place.naver.com,2024.09.18.
475478907,475478907_2,강북구 비슷한  곳은1.북서울꿈의 숲2.북한산 둘레길 소나무 숲길3.오패산등등 예상 됩니다,2024.09.18.
475395637,475395637_1,미아사거리역   주변 추천지 입니다1.장소 입니다보드게임카페만화카페디저트카페볼링장포켓볼탁구장인생네컷인형뽑기방영화관PC방맛집가기서점가기2.명소 입니다북서울꿈의 숲현대백화점롯데백화점,2024.09.15.
475217062,475217062_1,주민센터 는 거의다 이용 가능이용방법https://dailyethe.com/267주민센터 프린트  팩스 무료 이용 방법 어렵지 않아요회사에서는 프린트나 팩스 이용할 수 있지만  일반 가정집에서는 사실상 자주 사용하지 않는 프린터를 구매하기가 부담됩니다. 1년에 1~2번 정도 프린트 할 일이 생기는데 이때마다 어디서 출력해야 하는지 고민하는 분들이 많습니다. 이번 시간에는 동네 주민센터 프린트 이용하는 방법 자세히 알아보도록 하겠습니다. 대부분 주민센터에서 프린트  팩스 이용은 무료입니다. 하지만 1인 1일 10매 정도로 제한되어 있어서 대량 프린트 출력은 사실상 어렵습니다. 주민센터 프린트 사용 방법 먼저 출력해야 할 파일을 USB나 메일(내게쓰기)에 저장해야 ...dailyethe.com,2024.09.11.
475165812,475165812_1,우이동 은 북한산 끼고 있어서 발전이 없는 동네  집값은 저렴한편미아동은 인구가 가장많이 사는곳으로 백화점도 있고 재래시장 등 인프라가 가장좋은데놀만한곳은 없음수유동이 강북구 중에 가장 놀만한곳수유역 절반이 번동 놀만한곳이 수유동쪽 이고번동쪽은 교보문고 가 있고 더들어가면 북서울꿈의숲주택 구입시 등기부등본 확인등기부등본 이름과 소유자 이름이 같은지 확인참고https://blog.naver.com/khsk7003/223500881668아파트 빌라 등 주택 부동산 등기부등본 보는 법하루가 멀다 하고 들려오는 나쁜 소식이 있습니다 바로 전세나 월세 등의 사기 소식입니다. 특히나 사회 초...blog.naver.com,2024.09.10.
475084721,475084721_1,안녕하세요 ~~!스쿠터  리프트 혼적   번동  대구남구250cc  바이크13만원입니다 (한국로지스) { 주)틈새 }(운송면허 주선면허 이사면허 포장이사보험 완비)프로필 클릭~ 문자 & 톡으로 가격 문의 편하게 상담가능합니다언제든지 연락주시면~ 최선을 다해서 도움드리겠습니다고맙습니다,2024.09.08.
475084721,475084721_2,번동에서 대구리프트 13만원 입니다,2024.09.09.
475084721,475084721_3,"안녕하세요!1톤 리프트 운송 14만원입니다.""연락주시면 최선을 다하겠습니다!""",2024.09.08.
475034556,475034556_1,분위기까지 생각하면 창문여고요 그리고 창문여고 수능 볼 때 가봤는데 시설 좋더라구요,2024.09.16.
474958643,474958643_1,콘스네이크가 겁을 먹어서 밥을 안 먹어요.답변이 도움되셨으면 좋겠네요 좋은하루보내세요-올려주신 질문내용 :5일?전쯤 콘스네이크를 데려왔는데 목요일(오늘)이 밥을 주는 날이라 냉동쥐 해동해서 파충류샵에서 주라는 데로 줬고 똥도 두번씩이나 쌌는데 밥을 안 먹어요 사실 준지 한시간도 안됐긴 한데 겁이 너무 많아서 냄새만 맡아요,2024.09.07.
