﻿doc_id,title,question,region_id,views,question_date
477527188,질문목동 현대백화점 별관 직원 출입구 위치가 어딘가요..?,목동 현대백화점 별관 직원 출입구 위치가 어딘가요..? 지하철 2번출구쪽이랑 이어져있는 통로는 직원출입구가 아닌 것 같구 지하에서 3층쪽에서 근무해야하는데 직원 출입구가 어딘가요? 주말에 첫출근인데..,12013301, 11,2024.11.05
477524912,질문서울 목동 맛있는 빵집 추천좀여...,서울 목동 맛있는 빵집 추천좀여!,120133, 19,2024.11.05
477487387,질문라멘ㅇㅇㅇ,양천향교 역에 양천제면소 라고있고 양천향교 7번출구쪽에서 역전우동 있는골목으로 쭉가면 이타제면소 라고있고 홍대에 홍대제면소 라고있던데 제면소가 체인점인가요?,120133, 15,2024.11.04
477403243,질문목동 파리공원 옆 광장 옛날에 있던 돈까스집 아시나요?,용우동 아니고 좀 옛날에 있던 건데... 가츠동이 맛있었던 집입니다 아시는 분 답변좀,12013301, 20,2024.11.02
477385844,질문양천항교역 근처,양천향교역 근처 번화가 어디있나요??,120133, 27,2024.11.02
477214362,질문서울 양천구에 있는 여고를 찾아요,서울 양천구에 있는 여자고등학교 중에 시험이 60점 만점인 학교가 있나요? 급해요..ㅠ,120133, 26,2024.10.29
477212073,질문성적 안보는 윈터스쿨,제가 수원에 사는데 말 그대로 성적 안보는 윈터스쿨 없을까요? 수원 아니여도 너무 먼거만 아니면 상관없어요.,12013301, 21,2024.10.29
477081387,질문전에 목동 국회대로 지하화 한다고 했던거 같은데,그 도로 지하로 두고 위에 공원만든다고 했던거 그거 공사 시작했나요? 아니면 미뤄졌나요?,12013301, 83,2024.10.28
477005775,질문목동역 참새과자빵집 옆에 가게 이름이 뭐에요?,목동로데오거리에 있는 참새과자빵집 바로 옆에 있는 일본풍 술집?? 같은곳 이름이 뭐에요?? 그리고 술집이 맞는지도 궁금해요. 이마트24옆에 있는 이자카야인가 그 노란간판에 번쩍이는 곳 말고요.,12013301, 32,2024.10.26
477065177,질문양천구 필라테스 에센셜 필라테스 앤피티 남자도 되나요?,요즘 목과 어깨가 뻐근하여 필라테스를 받아보려고 알아보고 있습니다. 필라테스가 남자에게도 좋은 운동이라고 하던데 양천구에 있는 에센셜 필라테스 앤피티 남자도 수강 가능한가요?,120133, 13,2024.10.25
476788077,질문금옥여고 이미지 어떤가요?,,12013301, 23,2024.10.18
476703045,질문목동 학군지 순위,목동은 유명 학군지 안에서 몇 등 정도 하나요 1티어가 대치 쪽인 것은 압니다,12013301, 66,2024.10.16
476530752,질문양천구 신월동 바자회 어디서 하는건가요?,신월동에서 바자회 한다고 하던데 아시는분 있을까요?,12013302, 30,2024.10.14
476523273,질문양천구 신월2동 요번에 바자회 하나요??,양천구 신월2동 바자회 어디서 하는지 아시는분 있을까요?? 행사축제도 있는거 같던데,12013302, 19,2024.10.12
476501600,질문gs목동13단지점 반택하나요??,정확하게 아시는분만ㅜㅜ 채택 바로해드려여ㅜㅜ,12013301, 20,2024.10.11
476484381,질문러셀목동이나 다른러셀 다니시는분 계신가요?,요즘 아이가 집중력이 많이 약해진것 같아서 걱정이네요 . 관련제품이나 팁좀 알려주세요.,12013301, 22,2024.10.11
476467145,질문신정자연텃밭농원에서 고기구워먹어도 되나요?,신정자연덧밭농원 바로옆 신정이펜하우스 주민입니다. 제가 캠핑 정말좋아하는데 혼자는싫고 멀리가기뭐한날 친구랑 느낌좀 내고싶을때가 있단말이죠. 차에 쪼그만한 고기화로 하나 불피워서 바베큐 해먹어도 되는지 궁금합니다. 보니까 삼겹살은 많이들 드시는것같더라구요.,12013303, 17,2024.10.10
476322206,질문신정역 신정네거리역 무인카페,혹시 신정역 신정네거리역 중 화장실이 있는 무인카페 아시는분 있나요ㅜㅜ 목동역까지도 괜찮습니다!,12013303, 46,2024.10.09
476406144,질문층간소음 관련 고민,현재 서울 목동의 한 아파트에 거주하고 있는 중학생 입니다. 작년 4월13일에 처음 이 아파트로 이사한 후 지금까지 층간소음과 관련해서 밑집 사람들과 갈등을 겪고 있습니다. 저희집에서 바닥에 서있던 물병이 넘어지거나 서랍을 닫거나 책상을 정리하면서 나는 소리 가방을 내려놓는 소리들을 밑집에서 듣고 천장을 치면서 심하면 복도에 나와서 소리를 지르고 소화전을 작동시키는 등의 이상행동 때문에 상당한 스트레스를 받고 있습니다. 특히 복도에서 소리를 지르거나 소화전을 건드는 행위는 두 집 간의 갈등을 떠나서 이 아파트에 거주하고 있는 모든 사람들이 피해를 보게 되는데 항상 본인들 생각한 한다는 것이 참 한심하네요.. 또한 그렇다고 밑집에서도 소음이 없는 것도 아닙니다. 오늘 오후에는 밑집에서 최고 50데시벨의 소음이 있었고 본인들이 내고 있는 소음들은 크게 관심이 없는 것 같습니다. 예전에는 집에 찾아왔던 적도 있었고 심지어 중학생인 저와 같이 엘레베이터에 탔을 때 이유 없이 아저씨 혼자 뛰고 저를 노려보았고 초등학생인 동생에게는 한숨을 쉬며 계속 눈치를 주기도 했었습니다. 물론 이 문제는 부모님께서 밑집 사람들에게 경고한 후 이러한 문제는 없어졌지만 그래도 불안불안 합니다. 밑집 본인들이 심심해서 저희 집을 건드는 것으로 의심이 들 정도로 심한 것 같습니다. 제 방에서 방문을 닫고 저희 집에서도 들리지 않는 소음을 밑집에서는 시끄럽다고 시비걸고 또 어느 때에는 평소 밑집이 시끄럽다고 하는 정도보다 더 심한 소음이 나도 별 반응이 없는 경우가 있습니다. 이쯤 되면 밑집이 정말 시끄러워서 그런지 의문이 들기도 합니다. 저희 집을 찾아오거나 바로 앞에서 직.간접적인 위협을 가했을 경우 바로 경찰에 신고 예정이기는 한데… 어떻게 대처하면 좋을까요?,12013301, 86,2024.10.09
476362563,질문목동역 엘리베이터가..?,안녕하세요 목동역 엘리베이터에 대해서 알아보고 있는데요 혹시 엘리베이터 속력이랑 면적?같은것좀 알려주실수 있나요? 제가 직접 재보고 할순 없기도 하고 인터넷 뒤져봐도 제대로된 정보는 안나와서요..ㅠㅠ 최대한 신뢰 가능한 정보로 부탁드려요 추가로 다른 엘리베이터정보도 알려주시면 무지무지 감사히 받겠습니다,12013301, 25,2024.10.08
476328071,질문양천구정신건강복지센터 심리상담 무료인가요?,심리상담 받아보고싶은데요 대학병원에서 약을 처방받아서 먹고있거든요 그래도 상담만 받을수있을까요 후속연계로 병원연계있어서요 병원이미다니면 못받는건가 싶어서요 상담 받아보고싶어요 대학병원은 제 삶의태도같은걸 봐주기엔 너무 바쁘니까요,120133, 49,2024.10.07
476158585,질문목동 주변 스터디카페 추천좀 해주세요.,목동 이마트 주변으로 있는 중학생도 입장 가능한 스터디카페 알려주세요. 친구 5명과 공부하러 가는데 다인실있는 곳으로 알려주시면 감사하겠습니다. 다인실이 넓으면 좋겠네요. 빠른 답변 감사하겠습니다 [조건 정리] -중학생 입장 가능 -다인실 (5인 이상) -목동 (이마트) 주변,12013301, 34,2024.10.05
475916404,질문목동에도 학업에 관심없는 학생들,많이 있나요?,120133, 35,2024.10.01
475916376,질문목동에도 학업에 관심없는 학생들 존재하나요?,존재하는지 궁금합니다.,12013301, 35,2024.10.01
476039350,질문여기 어딘지 아시는 분,여기 어디일까요 남쪽 해안인듯 한데요,12013302, 42,2024.09.30
475876923,질문신월동에서 인천공항,11월 4일 아침 9시 비행기를 타야하는데 7시까진 공항 도착하고 싶어요 신월 삼정그린뷰에서 인천공항 1터미널까지 어떻게 가면 좋을까요? 11월이라 아직 멀었지만 미리 정리해두려구요,12013302, 39,2024.09.27
475859971,질문양천구 괜찮은  맛집은?,서울 양천구 괜찮은 맛집 추천요?,120133, 28,2024.09.26
475829467,질문양천구 신정동에서 양천04타고 승차랑 하차를...,양천구 신정동에서 양천04타고 승차랑 하차를 다른 두개 카드로 찍었어요 첫번째 카드로는 처음탈때 승차를 찍었고 두번째 카드로는 내릴때 하차를 찍었는데 승차로 떴어요 돈이 더 드나요?,120133, 27,2024.09.25
475646000,질문6026716 막차시간,{목동시장.대일고교.배광교회} 정류장에 홍대입구역 방향으로 가는 6026716 막차버스 시간이 언제인가요?,12013301, 20,2024.09.21
475578532,질문목동점집 어디가 괜찮나요?,집에 일이 좀 생겼는데 저 혼자만의 힘으론 해결이 안될 것 같아서 점집 알아보고 있습니다. 목동점집 요즘 신빨 좋은 곳 어디 있나요?,12013301, 50,2024.09.20
475534948,질문목동역 (목동사거리주변)주변  눈썹문신하는곳,목동사거리주변 목동(오목교)역 주변 눈썹문신잘하는곳 알려주세요 목동사거리주변에 잇음더좋겟어요,12013301, 13,2024.09.19
475480719,질문이투스 에듀 주식 누적이 뭔가요,아빠폰으로 국민카드로 해서 이투스 패스랑 교재 하나 샀는데 이투스 에듀 주식 누적이 뜨고 옆에 잔액? 같은게 뜨더라구요 이건 뭔가요?..,12013301, 16,2024.09.18
475413359,질문양천도서관 의자,목동 양천도서관인데요 어떤 의자인지 혹시 아시는분 계실까요?,120133, 83,2024.09.16
475339700,질문목동 구축 아파트 제일 좋은 층은 몇층일까요??,정답이 물론 없고 사람 취향마다 다 다르겠지만 질문1) 같은 평수 가령 45평의 경우 엘베있는 15층짜리가 나을까요?? 엘베없는 5층 짜리가 나을까요?? 질문2) 15층짜리에선 몇층이 괜찮고 5층짜리에선 몇층이 괜찮을까요???,12013301, 30,2024.09.15
475322630,질문나를 좋아해주던 사람이 내 연락을 읽씹,나를 좋아해서 연락 많이 하고 질문 많이 하던 사람이 읽씹을 한다면 상대방이 신경 쓰일까요?,12013301, 73,2024.09.14
475299131,질문목동윈터스쿨 어디로 가보면 좋을까요?,겨울방학 동안 다닐 목동윈터스쿨 알아보고 있습니다. 의치대 목표로 하고 있어서 체계적으로 잘 배울 수 있는 곳이 좋을 거 같은데 괜찮은 목동윈터스쿨 있으면 추천 좀 부탁 드립니다.,12013301, 769,2024.09.13
475296432,질문목동 애플짐 토요일 영업시간,목동 애플짐 토욜 영업시간이 어떻게 될까요??,12013301, 17,2024.09.13
475253743,질문목동 라이크짐 ㄱㄴㄷㄹ,목동 라이크짐 ㄱㄴㄷㄹ 퀴즈인데 정다 좀 알려 주세요,12013301, 22,2024.09.12
475247680,질문금옥여중 2학기 영어시험 범위...,금옥여중 2학기 영어시험 범위가 어떻게 되나요??,12013303, 17,2024.09.12
475193546,질문졸업앨범 뾰루지,오늘 졸업앨범을 찍는데 코에 대빵 큰 뾰루지가 생겼는데 패치를 붙이고 찍을까요 아님 그냥 찍을까요? 하나뿐인 졸업사진인데 너무 속상하네요 힝ㅜㅜ,120133, 18,2024.09.11
474882706,질문서울신정초등학교 학생들 하교 시간이 궁금합니다.,화곡동에 있는 서울신정초등학교 학생들 하교 시간이 궁금 합니다.,12013303, 31,2024.09.07
