﻿doc_id,answer_index,answer,answer_date
477442708,477442708_1,수성구 들안길쪽에 하이카덴트 추천드립니다복원 깔끔하게 잘해주십니다.,2024.11.03.
477427770,477427770_1,살찌는 정신과 약 | 우울증약이 살찌는 이유 | 체중증가 부작용 줄이는 법 : 정신건강 피어 인사이트살찌는 정신과 약 | 우울증약이 살찌는 이유 | 체중증가 부작용 줄이는 법 : 정신건강 피어 인사이트오늘은 어떤 항우울제가 체중 증가를 유발하는지(또는 그렇지 않은지)  항우울제를 복용할 때 체중 증가가 발생하는 이유  항우울제 관련 체중 증가를 예방하는 방법에 대해 알아보겠습니다.  정신과 약 먹고 10kg  20kg 순식간에 살이 쪘다고 하시는 분들이 꽤 많습니다. 특히 20대 여성들  10대 청소년들도 항우울제부터 시작해 자낙스(알프람)와 같은 불안 장애 약까지 여러 알의 정신과 약을 드시는 분들이 점점 많아지는데 이들에게 '체중 증가 부작용'은 가장 두려운 부작용 중 하나입니다.  살이 찔까봐 우울하고 죽고 싶은 생각이 드...www.mentalhealthkorea.org요거 참고해보시면 좋을 것 같아요,2024.11.03.
477201893,477201893_1,미달나야지 합격 가능성이 생길 수라도 있는 성적인데  신입생 관심도가 높은게 느껴져 미달이 안날 것 같네요,2024.10.29.
477116641,477116641_1,저도 면쟁이라  맛집으로 소문난 국수집은 거의다 가봤거든요.포포밀 가보셨어요? 쌀국수 전문점인데 냄새도 안나고 깔끔한 맛이에요.술마신 다음날은 해장하러 무조건 포포밀가서 국수먹어요.국물이 진짜 깊어요. 조미료맛도 안나고 고기잡내도 없구요.볶음국수나 볶음밥류도 보통 느끼할수있는 메뉴인데도여기는 깔끔한 기름을 사용하는지 고소하고 담백하더라구요.쌀국수 좋아하신다면 맛있게 드실 수 있을테니 가보세요.,2024.10.31.
477116641,477116641_2,임신 축하드려요☺️☺️-국수나무-풍국면-종부집손칼국수-안토니오의 손파스타(진심 제 인생맛집 양식인데 집밥같은 느낌인에 맛있어요)-함흥밀면,2024.10.29.
477116641,477116641_3,라라코스트,2024.10.28.
477039928,477039928_1,안녕하세요 미래의 바리스타를 꿈꾸시나봐요!일단 대구에 많은 커피 바리스타학원이 있지만수강료나 강사진이 매우 중요하죠일단 1:1로 집중적인 수업을 진행하고 있는지?너무많은 수강생과 수업을 한다면 강사님의 지도를 못받는 경우가 있습니다그래서 정말 소수정예로 수업을 진행하고 있는지 확인이 필요합니다.강사님의 실력은?강사님의 실력이 곧 수강생님의 실력이 되겠죠커리큘럼이 매우 좋아도 강사님의 수업진행 스킬이나 방식도 매우 중요합니다얼마나 오랜기간동안 교육을 진행 하셨는지 꼼꼼하게 체크해보세요!경희커피바리스타학원대구광역시 수성구 달구벌대로 2491-2 3층수성구바리스타학원은 대학강의 중이신 원장님께서 직강을 하고 계십니다!,2024.10.24.
477031324,477031324_1,하고자 하는 일들이 매끄럽게 진행될 꿈입니다.이 꿈은 새로운 인간관계를 형성하거나 자신의 분야에서 만족할만한 성과가 나타나는 것을 의미합니다.즉 모임에 나가 새로운 사람들을 만남으로써 대인관계가원만해지거나 맡은 일을 훌륭히 완수하여 주변 사람에게 인정받게될 꿈입니다. 그러니 자신의 위치에서 최선을 다하여 좋은 결과 얻으시길 바랍니다.질문자분께서 늘 건강하시고 행복하시기를 기원하며글을 씁니다.답변이 도움 되셨다면'포인트 선물'버튼을 클릭하셔서 마음을 전해 주시면 감사하겠습니다!.,2024.10.24.
477027150,477027150_1,카카오택시앱을 이용해보세요내일 아침으로 예약을 하면 됩니다...카카오택시 예약방법카카오택시 예약방법카카오택시 예약은 번거로움 없이 손쉽게 택시를 예약할 수 있는 방법으로 많은 이들이 이용하고 있습니다. 이번 글에서는 카카오택시 예약방법에 대해 상세히 알아보겠습니다. 아래의 내용을 참고하여 카카오택시 예약을 쉽게 따라 하실 수 있습니다.카카오택시 예약 서비스 이용 가능 지역카카오 T 앱을 통해 택시 예약을 이용할 수 있는 지역은 대도시 및 인구가 밀집된 지역을 중심으로 서비스가 제공됩니다. 주로 서울  경기  부산  경남  대구  경북  광주  전남  제주 등의 주요 도시에 서비스를 제공합니다. 이 외의 지역에서...c.eke.kr,2024.10.24.
477024254,477024254_1,새로운 변화를 맞이하게 될 꿈입니다.이 꿈은 자신이 처해있는 상황이 좋은쪽으로 달라지는 것을 의미합니다.즉 구직자는 좋은 일자리를 얻고 수험생은 만족스러운 성적을 받는 등 바라는 일들이이루어져 기뻐하게 될 꿈입니다.그러니 자신감을 가지고 맡은 일에 열성적으로 매진하여 목표를 달성하시길 바랍니다.질문자분께서 늘 건강하시고 행복하시기를 기원하며글을 씁니다.답변이 도움 되셨다면'포인트 선물'버튼을 클릭하셔서 마음을 전해 주시면 감사하겠습니다!.,2024.10.24.
477024254,477024254_2,"안녕하세요! 꿈길 안내자입니다. 말씀하신 꿈에 대해 해몽을 진행해 보겠습니다.1. 요소 분석황금으로 바뀌다: 황금은 일반적으로 부  권위  가치  그리고 특별함을 상징합니다. 자신을 황금으로 느끼는 것은 자존감이나 자아의 가치를 높일 때 나타날 수 있습니다.주변 사람들이 절을 하다: 타인의 존경이나 인정을 받는 것은 관계에서의 영향력이나 권위를 상징합니다. 주변 사람들이 당신에게 절을 한다는 것은 자신이 사회에서 중요한 역할을 하고 있다는 믿음을 반영할 수 있습니다.황금 아기를 토하다: 아기는 새로운 시작이나 창조성을 나타내며  황금 아기는 특별한 가치를 지닌 창조물을 상징합니다. 토하는 행위는 어떤 것을 내어주거나 발산하는 것과 관련이 있습니다.사람들이 숭배하다: 누군가의 특별함이나 신성을 숭배하는 것은 그 사람이 사회적으로나 영적으로 중요한 존재로 여겨진다는 것을 의미합니다.2. 종합 분석이 꿈은 사람들로부터 존경과 인정을 받고 싶어하는 당신의 욕구를 반영할 수 있습니다. 황금으로 변화하는 것은 당신의 자신감과 자아 존중감을 나타내며  사람들이 절하고 숭배하는 것은 사회적 위상과 성취를 나타냅니다. 황금 아기를 토하는 과정은 무엇인가 새롭고 특별한 것을 세상에 내놓거나  자신의 고유한 재능이나 가치를 드러내고자 하는 마음이 반영된 것으로 보입니다.3. 조언 및 추가 사항이 꿈은 당신의 내면에서 필요로 하는 자아의 강력한 모습과 그에 따른 사회적 인정을 탐구하고 있다는 신호입니다. 자신이 가진 재능이나 자질을 더욱 개발하고  주변과의 관계에서 자신감을 가지는 것이 중요합니다. 또한  높은 가치와 목표를 추구하되  주변 사람들과의 소통을 통해 그 가치를 함께 나누는 것도 좋은 방법이 될 것입니다. 꿈을 통해 깨달은 자기성찰을 바탕으로 앞으로 더 자신감을 갖고 도전해 나가십시오.더 궁금한 점이 있으면 언제든지 말씀해 주세요!최대한 자세하게 풀어서 설명해 드렸습니다.제 답변이 도움이 되셨다면 채택과 ""포인트 선물""을 통한 마음을 전해주셔도 좋습니다^^",2024.10.24.
477016025,477016025_1,안녕하세요. 꿈해몽도로시입니다.황금잉어는 재물과 행운을 상징하므로  꿈에서 황금잉어를 보는 것은 앞으로 좋은 일이 생길 것이라는 예감이나 기대를 나타낼 수 있습니다.꿈에서 누군가가 황금잉어를 보여주며 건강해질 것이라고 말한 것은  당신의 건강에 대한 긍정적인 변화나 회복을 암시할 수 있습니다.황금잉어는 새로운 기회나 가능성을 상징하기도 합니다. 집과 부인 등과 같은 중요한 것들을 얻을 수 있다는 메시지는 새로운 시작이나 기회를 의미할 수 있습니다.황금잉어가 찬란한 빛깔을 띠고 움직이는 모습은 당신의 삶에서 긍정적인 변화가 일어나고 있음을 나타낼 수 있습니다. 이는 자신감이나 희망을 상징하기도 합니다.이 꿈은 당신에게 긍정적인 메시지를 전달하고 있으며  앞으로의 삶에서 좋은 일이 생길 것이라는 희망을 주는 꿈으로 해석할 수 있습니다.,2024.10.24.
477014902,477014902_1,4-5 등급이면 교대인 입학 하기 힘듭니다.전문대 또는 경북 타 시도에 위치한 대학교 진학은 가능 합니다,2024.10.24.
476968099,476968099_1,대구지방법원 1973년 11월 19일 수성구 현재  위치로 이전 하였답니다2029년  대구광역시 수성구 연호동 203-2 새로운 건물로 이전합니다,2024.10.23.
476575721,476575721_1,시그니엘가면 유지 불가능수입이 많으면 가능,2024.10.13.
476575721,476575721_2,범어동고소득자많은수성구부자일부지역제외수성구,2024.10.31.
476511082,476511082_1,어차피 조금 있으면 고등학교를 진학 하실테니적당히 거리를 두면서 지내시고요너무 확 돌아서버리면 혹시나 더 그럴수 있으니평소대로 하시되본인 마음을 먼저 정리를 서서히 하시고그래 어차피 이제 얼마 남지도 않았는데 생각하시고고등학교 가면 좋은 친구 만들면 됩니다~머리까지 빠질 정도면 보통 스트레스가 아닌데그 친구들한테 미련을 가질 필요없어요어차피 조금 지나면 다른 친구가 또 생기고 자연스럽게 흘러 갑니다너무 스트레스 받지 마시고 에이구 아직 어리신데 머리가 빠진다니마음을 서서히 비우세요~앞으로 만날 친구들이 더 많아요^^,2024.10.12.
476465920,476465920_1,수성고 강력추천합니다! 일단 교복 이쁘고 중학교때 평균정도 하는 친구도 그냥 열심히 수업듣고 내신대비하면 상위권 찍더라고요글고 혜화여고 오지마세요 가끔 90점이 4등급 60점도 4등급이 되는 요상한 학교입니다ㅠ 하지만 급식 맛나요.. ㅎㅎ,2024.10.16.
476247217,476247217_1,성동초등학교건너서 수성3번타세요 율하근린공원하차 율하역있어요,2024.10.05.
475840329,475840329_1,클 린업피부과,2024.10.17.
475722468,475722468_1,영천 경주 노선은 좌석제 이라서 후불교통카드 결제안되고 창구 나 키오스크 에서도 후불교통카도 승차권구매 안되니 현금 이나 신용 체크카드만 구매 가능합니다,2024.09.25.
475621397,475621397_1,달맞이요.,2024.09.22.
475614308,475614308_1,안녕하세요. 꿈해몽도로시입니다.구덩이는 어떤 문제나 감정적인 어려움을 상징할 수 있습니다. 이를 메우려는 시도는 당신이 현재의 문제를 해결하고자 하는 의지를 나타냅니다.고라니는 일반적으로 자연과의 연결  순수함  혹은 무해한 존재를 상징합니다. 갈색 고라니가 나타나 도망치게 만든 것은 당신이 어떤 상황에서 불안감을 느끼고 있음을 나타낼 수 있습니다. 그러나 갈색 고라니가 착한 친구로 돌아갔다는 것은  당신이 불안한 상황에서도 긍정적인 관계나 지원을 받을 수 있다는 것을 의미할 수 있습니다.회색은 중립적이거나 불확실한 상태를 상징할 수 있습니다. 회색 고라니를 지나쳤다는 것은 당신이 현재의 상황에서 중립적인 입장을 취하고 있거나  어떤 선택을 회피하고 있다는 것을 나타낼 수 있습니다.멧돼지는  강한 에너지  공격성  혹은 본능적인 욕구를 상징합니다. 황금색은 가치나 성공을 나타내기도 합니다. 황금 멧돼지가 당신을 향해 돌진한 것은 당신이 어떤 강한 압박감이나 위협을 느끼고 있음을 나타낼 수 있습니다. 또한  다른 사람을 쫓아가다가 당신에게 돌진한 것은 당신이 다른 사람들과의 경쟁이나 비교에서 오는 불안감을 느끼고 있다는 것을 의미할 수 있습니다.이 꿈은 현재의 삶에서 느끼는 불안감  갈등  그리고 문제 해결에 대한 의지를 반영하고 있습니다.,2024.10.22.
475496156,475496156_1,안견안과,2024.09.23.
475417892,475417892_1,와  이 꿈 진짜 충격적이었을 것 같아요 ㅠㅠ 버스는 삶의 여정을 상징하는데  창밖에서 일어나는 일들은 외부 상황이나 감정을 의미할 수 있어요. 옥상에서 떨어지는 사람이나 한복을 입은 여자가 고문기구를 사용하는 장면은 당신이 직면하고 있는 불안감이나 두려움을 상징할 수 있어요.도로 위로 떨어진 시체는 현실에서 마주하기 힘든 충격적인 사건이나 감정의 상징일 수 있어요. 이걸 쿠션으로 가린 것은 그 불안감을 직접 마주하지 않으려는 심리를 나타낼 수 있겠네요.집에 도착했을 때 경찰과 과학수사대가 있었다는 건  당신이 어떤 사건이나 감정의 원인을 찾고 있거나 문제를 해결하려는 의지를 상징할 수 있어요. 무당이 등장해 눈을 찌르려 하는 장면은 당신이 말하지 말아야 할 것에 대한 경고나 내면의 불안을 상징하는 걸 수도 있어요.꿈 해몽은 오늘의 운세  띠별 운세  별자리 운세와 함께 보면 더 깊은 의미가 드러날 수 있으니  같이 보면 좋아요!꿈과 운세의 모든것About Site 꿈과 운세 연결짓기 내 꿈과 운세(오늘의 운세  띠별운세  별자리운세)를 연결지어 더욱 더 강한 믿음 가져보세요 오늘의 운세 보러가기 내일의 운세 보러가기 띠별 운세 보러가기 별자리 운세 보러가기dream.ecnomini.com,2024.09.29.
475387383,475387383_1,(재학생임닷)최상위권이시고 전교권 따시겠다 하시면 대구여고 오세요.. 그거 아니라 어중간하게 잘하면 빠지시고..무슨   남산고가 더 어렵다는   ㅎㅎ저는 남산고 못 붙은 걸 한으로 생각해요..정말 가고 싶었는데 튕겨서..남산고가 더 어렵다는 말은 왜 생기는지 이해가 안 되네요.. 다른 세계관인가제발.. 대구여고는 목표는 높은데 최상위권 아니어서 내신  수행  비교과 활동 때매 너무너무 힘들고 하루하루 지치고 어서 이 악몽같은 입시가 끝나길 바라는 마음으로 겨우 버티며 사는 사람도 있어욤..근데 차라리 중하위권이시면 대구여고 오세요힘들지만 학교 이름 있어서 학교 특색 활동 많이 하시면 대학 가는데 유리할 수 있어요,2024.10.02.
475387383,475387383_2,아무리 그래도 대구여고가 더 빡시지않을까요.남산고 내신따기쉽다는 이야기듣고 상위권 다 몰려가서몇년전부터 시험출제 어렵게한다고 소문으로 들어봤습니다...대구여고는 수성구 탑 여고이기때문에 항상 어려울거같고 정화는 인원수가 적어서 내신따기 더 빡셀겁니다저는 분위기 볼거면 아예 빡센 대구여고를 추천드리고요.(애매한 수성구학교비추)수시로 갈거면 그냥 내신따기 쉬운 타지역으로 가시면 좋겠어요ㅠㅠ수시가 정말 답이고  한번 따놓은 내신이 좋은걸로 압살합니다. 그러니까 교과가 최고죠. 재수를하던 몇수를 하던요.타지역 학교는 학종 답없어서 안가려고하는데 아닙니다... 타지역 학교가서 교과만 노리세요수성구 있어도 학종컨설팅 받는거 아니면 진짜 개노답입니다...분위기 잘 휩쓸리고 노는애들 주변에 있음 스트레스 받는다면 대구여고 가시고 아님 타지역 추천드려요몇년뒤 기조가 바뀔지는 모르겠지만  현역에겐 높은교과로 최저맞추는게 답입니다!!또 가기싫은 학교는 절대 쓰지마세요제친구 대구여고 근처 살았는데 혜화왔답니다..,2024.10.01.
475398721,475398721_1,최상위권이시면 그니까 고1 2 모고 올백 가까이 받고 전교 1 2등 정도 할 자신 있으시면 오세용..그런 친구들은 시험 난이도가 어떻게 나오든 항상 잘 받고 대학도 잘 가더라구욤..!근데 애매하게 상위권이고 완전 내신 잘 받고 싶다 하시면 오지 마세요.. 아무리  아무리 열심히 해도 주변 친구들 다 그 정도 혹은 그 이상 하고 그 와중에도 비교과 챙기느라 각종 활동  프로젝트 한다고 아이디어 쥐어 짜야 하고 프리젠테이션  모둠 활동 때문에 시간 낭비되고 무튼 정말 힘들어요..체력적으로도  정신적으로도 너무너무 힘듭니다.전 다시 고1로 돌아가면 다시 그 과정을 견딜 바에는 차라리 자퇴를 할 겁니다. 대신 그 힘든 모든 과정을 거쳤을 때 본인이 한층 성장하고 대학 가서 웬만한 힘듦은 이겨낼 수 있을 것이란 자신감은 가지게 될 거에요. 그치만 수시 즉 내신은.. 노력만큼 나오지 않을 겁니다.전 지금도 하루하루 힘들지만 곧 끝난다는 희망 하나로 버티고 견디고 있어요.근데 남산은 이거보단 쉽다는 생각을 합니다.어느 학교던지 상위권 싸움은 치열하다 하지만 전 대구여고 보다는 심적 부담감이나 준비 기간 측면에서 훨씬 나을 거라 생각합니다. 주변 학원 선생님들이나 학부모님들도 그렇게 말씀하십니다.경험해보지 못해서 그 학교에 대해 무조건 단정지을 수도 없고 거기 학생분들도 치열하게 하시겠죠.하지만 저희 학교 학생들이 너무나도 힘들어 하는 모습을 봤고 저 또한 굉장히 힘들었기에.. 후회스러운 마음에 이렇게 남깁니다.. (어느 길을 선택하든 항상 후회할 수 있어요 다른 길은 가보지 않았기 때문에요.  저는 제 경험을 바탕으로 의견을 말하는 것 뿐이니까 본인의 성적  멘탈  체력 등등 고려해서 최선의 선택을 하시길 바랄게요!),2024.10.05.
475303074,475303074_1,광주 광역시는 평준화 지역입니다(일명 뺑뺑이)성적이 낮아도 선 지망 후 컴퓨터 추첨을 통하여 고등학교 배정이 됩니다.너무 걱정 하지 않으셔도 됩니다,2024.09.13.
