﻿doc_id,title,question,region_id,views,question_date
477442708,질문대구 수성구 차량 수리,가족끼리 차 사고가 났어요;; 보험처리 하지 않고 수리하려하는데 대구 수성구쪽 외부수리 및 복원 잘하는 곳 좀 알려주세요,120311, 13,2024.11.03
477317902,질문대구 수성  황금동 한국관 기본얼마에요,하하하 기본얼마에요,12031123, 28,2024.11.03
477427770,질문우울증 약 살 찌나요,우울증 약 먹고 있는데 살이 많이 쪄서요... 만약 그렇다면 자세히 설명 부탁드립니다ㅠㅠ,120311, 22,2024.11.03
477288186,질문대구수성구 밥집 이름,대구 수성구 밥집 이름중에 짬지라고 있지않았나요? 분명 릴스에서 본 거 같은데 진짜 분명 봤는데 검색하니까 없어요 ㅠㅠ 아시는 분 있나요?,120311, 25,2024.11.01
477338289,질문수성구랑 남양주 내신 어디가 더 빡센가요?,대구여고 정화여고 대구혜화여고 등등 수성구 내 고등학교들이랑 남양주다산고등학교 중에 어디가 더 빡센가요? 대구는 퍼센트로 알려주고 다산고는 점수로 표시해서 가늠이 안가요… 찾아보다보니까 다산고가 더 빡센 것 같기도 하고 잘 모르겠어서 질문 남깁니다,120311, 27,2024.11.01
477201893,질문대구계성고 갈수있을까요?,대구 수성구 상위권 중학교에 다니고있고 현재 09년생입니다. 지금 70퍼후반에서 80퍼 초반인데 계성고 진학 가능한가요 ?? 정확한 답 부탁드려요 ㅠㅜ 그리고 학교분위기는 어떤가요 ? ㅜㅜ,120311, 23,2024.10.28
477170739,질문인조잔디 중고 또는 폐기물 구합니다.,운동장처럼 넓은 흙바닥에 깔으려고 합니다상태가 좋치않아도 되며 흙 바닥만 덥을수 있으면 합니다. 전북 무주이며 지방이어도 가지러 갑니다. 전번 010 3688 8858,120311, 20,2024.10.28
477119370,질문문구점 영업시간을 모르겠어요 도와주세오 ㅠㅠ,달구벌대로627길 26에 잏는 피터팬 문구 인데요 전화번호도 없다고 하고 ㅠ 영업시간도 안보이네요 ㅠ 전화드려서 여쭙고 싶은게 있는데... 옆에 운영중인 식당 사장님 말로는 아직 영업중인거 같드라구요 ㅠ 혹시 사장님 전화번호나 연락할수있는 수단 없을까요...?,120311, 19,2024.10.26
477116641,질문대구 수성구맛집 잘아시는분 답변좀 해주세요!,와이프가 임신 11주차인데 입덧이 너무 심해서 거의 밥을 못먹네요.. 입맛도 없고 밥류는 싫은가봐요.. 국수류는 그래도 가끔씩 먹는거같아서 면류 잘하는 대구 수성구맛집 찾아서 가보려는데 추천할만한 곳 있을까요?,120311, 37,2024.10.26
477078747,질문하관 어느정도 길이에요...,하관 어느정도 길이에요,120311, 24,2024.10.25
477039928,질문수성구바리스타학원 어디같좋을지 추천좀,대구수성구바리스타학원을 알아보고있는데요 나중에 창업돛생각중인데 너무 학원도 많구 배워하는것도 많은데 어디가 좋을까요,120311, 16,2024.10.24
477031324,질문차사고 꿈 해몽,제가 차사고가 나는 꿈을 꿨는데 상황은 지금 저희 할머니가 모시는 차가 아닌 전에 모셨던 차가 나왔고 차가 주차돼있는 상태에서 도로에서 달리던 어떤 차가 갑자기 냅다 박았어요 근데 그 차주는 처음 보는 사람이였고 그때 저는 집에서 자고 있었었는데 그 집도 제가 살거나 살았었던 집이 아닌 난생 처음 보는 건물의 집과 구조였어요 암튼 그 꿈 속에서 자던 제가 꿈을 꿨는데 꿈 내용이 그 도로를 달리던 차가 저희 할머니 차를 세게 박아서 차 앞쪽이 완전 박살 나는 장면인 거에요 그래서 제가 바로 잠에서 깨고 화들짝 놀라서 설마 하는 심정으로 바로 뛰쳐 내려가 확인을 해봤는데 그 사고가 난 직후였어요 제가 꿈에서 본 장면 사고가 그대로 눈 앞에서 벌어져 있었던 거죠 근데 이상한 건 제가 일어나서 황급히 집에서 내려가기 전에 화가 엄청나게 난 상태로 망치를 들고 내려간 거예요.. 이유는 모르겠는데 제가 그 잠에서 깨자마자 '아 이건 백퍼 내려가면 똑같이 돼있겠구나'란 생각이 들며 화가 머리 끝까지 치밀어 올랐었어요 그러고 꿈에서 본 장면과 일치한지 확인을 한 뒤 화를 주체를 못 하고 그 곳에 있었던 사람들에게 망치를 휘둘렀어요 근데 다행히 누가 맞거나 그러진 않았는데 그 가해 차량?의 상태는 특별히 어디가 부숴지거나 이런 건 없었고 오른쪽 앞바퀴가 빠져 사라진 상태였어요 그러고 시간이 좀 지난 후에 제 친구들이 와서 상황을 다 파악한 뒤 저에게 그 사고를 확인한 후 부터 지금 친구들이 온 당시까지 있었던 일을 물었는데 그 부분은 필름이 끊긴 것 처럼 제 기억에서 삭제가 됐었고 제 기억은 오직 제가 처음 그 사고 현장을 목겼했었던 딱 거기까지 였어요 그러고 친구들이 와서 아까 그 질문을 했을 때 부터 다시 테이프가 재생 된 것 처럼 정신이 차려졌어요 그 중에 유일하게 제 기억에 남아있던 장면은 제가 망치를 사람들에게 휘두르며 화를 내던 그 잠깐의 장면과 가해 차량의 상태를 알게됐던 거 딱 그 두 장면만 누가 텅 빈 파일에 삽입한 것 처럼 제 기억 속에 남아있었죠 그러고 제가 정신을 차렸던 장면인 (친구들이 와서 제게 질문을 한) 그때 제 휴대폰을 보니 앞면은 멀쩡하고 뒷면이 안 깨진 데가 없이 다 박살이 나있었어요 그걸 본 친구들이 놀라서 제게 폰은 왜 이렇게 됐냐 물었고 전 '몰라.. 기억이 안 나 기억이 삭제 됐어..'라고 답했어요 제 생각에 이 꿈의 포인트는 당시 저희 할머니의 차가 지금 모시는 차가 아닌 예전에 모시던 차였고 그 차는 다행히 그냥 주차 돼있던 상태라 차 안엔 아무도 없었단 점 그리고 자고 일어나서 이 내용을 되짚으며 생각해 보니 암만 생각해도 제가 왜 그렇게까지 화가 많이 났었는지 대체 왜 망치를 들고 내려갈 만큼 화가 났던 건지 이해가 되질 않는다는 것이에요 대체 이 알 수 없는 꿈은 그냥 개꿈인 건가요? 할머니께 앞 부분만 대충 얘기 해드리니 낮에 꾼 꿈은 그냥 개꿈이라 하시고 더군다나 사고를 낸 사람도 모르는 사람이면 저희와는 그냥 아무 상관 없는 거라 하시던데 그냥 그러려니 하고 넘기면 되나요? 요즘 들어 주에 한 번씩은 이런 무서운 꿈을 꾸는데 심지어 저저번 주에 꿨던 꿈에선 깼는데 또 꿈이고 깼는데 또 꿈이고 이걸 세 번 반복하고 그 꿈 안에선 깨기 직전엔 무조건 가위를 눌리고 귀신이 나왔어요.. 원랜 이런적이 없었는데 요즘 갑자기 이런 이상한 꿈들을 자주 꾸니 영 불안해서 글 남겨 봅니다.. 아무나 제 꿈이 그냥 넘겨도 되는 개꿈인지 아님 해석이 있는 꿈인지 판단 부탁 드립니다,12031102, 29,2024.10.24
477027150,질문대구중동에서 대구공항까지 가는 택시,내일 아침 대구중동에서 대구공항까지가는 택시 쉽게 콜 받을수. 있는지 궁금합니다,12031120, 26,2024.10.24
477024254,질문황금 불상이 되는 꿈 해몽,꿈 해몽 부탁드립니다 제가 황금으로 바뀌더니 주변 사람들이 절을 하기 시작했습니다 잠시뒤 입에서 황금 아기를 토했는데 사람들이 숭배했습니다,12031123, 34,2024.10.24
477016025,질문황금잉어꿈 해몽좀요,꿈에서 황금잉어를 보앗읍니다 어떤분이 황금잉어를 손에잡고 나를 보여주엇는데 황금잉어가. 찬란한 빗깔을띠며 움직엿읍니다 한 아저씨가 황금잉어를 손에쥐고 나에게 황금잉어를보면 건강해지고 집과 부인등을 얻을것이라 말햇읍니다,12031123, 48,2024.10.24
477014902,질문5등급 교대,수성구 ㅈ여고 4-5등급 학생입니다. 정시는 안될 느낌이고 수시로하면 대구교대나 주변 교대를 가고 싶은데 무리겠죠..... 따끔하게 한마디 해주십쇼. 되지도 않는 허망한 꿈을 가지고 있어 나날이 퇴화하고 있습니다.(?) 도와주십쇼.,120311, 34,2024.10.24
476968099,질문대구 수성구에 있는 법원,언제적 건물 인가요? 60년대 지었는지 완전 오래 됐고 대구에서 떨어진 곳에 법원을 만들지 않았을까 하는 생각도 들어서요,120311, 31,2024.10.22
476696303,질문대구 수성구 토지담보대출 상담사 찾습니다,대구 수성구 위치 토지담보대출 상담사분 찾고있습니다 답변주시면 연락드리겠습니다,120311, 10,2024.10.16
476479290,질문대구 남산고 어때요?,수성구 사는 중2 여학생입니다. 동도중이라고 수성구 범어동에서도 좀 빡센 편에 속하는 중학교 다니고 있고 잘하진  못하는 것 같습니다 중위권 정도. 슬슬 고등학교 진학에 대한 고민이 듭니다. 주변에 쓸만한 고등학교는 정화여고 대구여고 남산고밖에 없구요. 애초에 여고가 별로예요 너무 빡세다는 소리를 들어서. 저는 수시로 대학 가고 싶은 마음이 크거든요. 부모님과 충분한 상의 후에 남산고를 1지망으로 쓰기로 마음을 정했습니다. 그래서 남산고에 대한 질문을 몇 해보려고 해요. 1. 남산고가 수성구 여고보다 수시 따기가 좋은지? 2. 남산고 면학 분위기가 정말 별로인 것인지? 3. 남산고에서 어려운 과목은 무엇이며 쉬운 과목은 무엇인지? 4. 메디컬 계열 특히 의대 입결 성적이 항상 별로던데 대학을 잘 못 보내는 곳인지 아니면 메디컬에 특화되어 있지 않은 곳인지? 5 교복은 어떠한지? 6. 듣기론 북구 같이 다른 지역 애들도 온다는데 그럼 수성구 중위권은 남산고 안에서 어느 정도의 역량을 발휘할 수 있는지? (개인의 생각을 적어주세요) 이왕이면 관련된 정보가 최신이신 분들이 적어주시면 좋겠습니다. 입시판 워낙 휙휙 바뀌잖아요.,120311, 27,2024.10.16
476575721,질문대구범어동에서,대구 범어동에서 80억 소유자면 시그니엘에서 부족함없이 살수있어요?,12031109, 24,2024.10.13
476511082,질문중3여학생 입니다,누굴 뒤에서 까기엔 우울증이 잇고 또 하지도 않앗는데 친구와 이간질시키고 제 말을 아무도 안믿어줘요 다 그 친구편만 듣고 또 해명하다가 어차피 내 말 안듣고 자기들 생각데로만 할건데 또 냅두면 째려보고 너무 학교가기가 너무 무서워요 아침이 안오면 좋겟어요 힘들어요 스트레스 받아서 살도 계속 빠지고 밥 조금망 먹어도 토하고 머리도 엄청 빠져서 머리숱이 없어졋어요 말할곳이 없어서 지식인에 털어놓아요 그냥 위로 좀 해주세요,12031121, 27,2024.10.12
476465920,질문중 3 수성구에서 재학중인 여자인데요,근처 고등학교 고민중인데 수성고등학교혜화여고신명고 궁금한데 재학중이시거나 졸업생이시거나 관련자신분들 알려주세요 급박합니다 내신도 정시도 같이 챙길수있는 학교가 있다면 추천도 해주세요 여고면 더더욱 좋아요,120311, 22,2024.10.10
476446793,질문서면 사월별채 스파 부산 커플 마사지 가격과 예약방법?,서면 사월별채 스파에서 부산 커플 마사지를 받아보려고 하는데 가격이 얼마인지 궁금합니다. 예약 방법과 함께 알려주시면 감사하겠습니다.,12031110, 24,2024.10.10
476247217,질문황금캐슬골드2단지에서 대구율하가는법,제가내일 대구율하에 정해인배우님을 보러가는데 대구율하를 가본적이없어서 네이버지도를 아무리 검색해봐도모르겠어요ㅠㅠㅠㅠ가는길좀제발부탁드립니다제발요ㅠㅠㅠ,12031123, 29,2024.10.05
476213276,질문현재 수성구 중학교 다니는데 경덕 여고 어떤가요?,지금 수성구에 있는 중학교 다니는 여학생입니다. 제가 수성구에 잘하는 친구들이 너무 많아 서구에 있는 경덕 여고도 생각 중인데 궁금한게 많아 질문 순서대로 적겠습니다. 1. 경덕 여고 분위기는 어떤가요? 노는 애들이나 일진 있나요? 2. 시험은 쉬운 것 같은데 사람이 다른 학교에 비해 적을 것 같아 내신따기 어려울까도 걱정됩니다. 내신따기 어렵나요? 한두문제 차이로 등급이 좀 많리 크게 갈리 스타일 인가요? 3. 수행평가가 많이 빡센가요?,120311, 22,2024.10.04
476195652,질문수성구 치과 시지 바름플란트 치과의원 주차 가능한가요?,대구 수성구 시지 바름플란트 치과의원에 방문하려고 하는데 주차 가능 여부가 궁금합니다. 주차장이 따로 마련되어 있는지 주차 요금이 있는지 등 자세한 정보를 알려주세요.,120311, 19,2024.10.04
475840329,질문대구 수성구 티눈제거병원,대구에 티눈 제거 하는 병원 알려주세요,120311, 43,2024.09.26
475722468,질문영천시외버스터미널...,영천시외버스터미널 - 경주시외버스터미널 타고가야하거든요 혹시 제가 카카오뱅크 후불교통카드인데 시외버스에서도 사용가능한가요??,12031121, 40,2024.09.23
475621397,질문수성구 황금동 왕돈,10년전쯤 왕돈옆에 있던 두글자 다른 갈비집 이름 뭔가요? 지금은 없어졌어요 ㅠ,12031123, 15,2024.09.21
475614308,질문황금 멧돼지 꿈 해몽 좀 해주세요,꿈에서 처음엔 큰 구덩이를 메우려다 갈색 고라니가 나타나는 바람에 도망쳤는데 조금 달리니깐 저 말곤 제옆에 다른사람을 쫒아가고. 저는 도망치던중에 회색 고라니를 지나쳤습니다. 갈색 고라니는 그냥 사람이 반가웠던 착한 친구였는지 금방 돌아갔고요. 근데 갑자기 저 멀리서 황금 멧돼지가 달려오더니 저말고 다른 사람을 쫒아가는줄 알았는데 다른사람을 쫒아가다 저한테 돌진했습니다. 이러고 꿈에서 깼습니다. 꿈 해몽 부탁드립니다. 솔직히 그냥 개꿈 같기도 한데 동물이 많이 나오는게 신기해서 질문해봅니다.,12031123, 46,2024.09.21
475496156,질문대구 범어동안과,대구 범어동 아니면 수성구나 동구 쪽 안과 중에 망막 잘 보는 안과 추천 바랍니다,12031109, 15,2024.09.18
475417892,질문자다가 꿈을 꿨는데 꿈풀이좀 해주세요,버스 타고 집을 가다가 창밖을 보는데 첫번째로 어떤 남자가 아파트 옥상에서 떨어지는걸 보고 버스는 계속 달리니까 그냥 지나갔거든요 근데 어떤 하얀 한복 입은 여자가 옛날에 길다란 나무에 목만 끼우는 고문기구인가?.. (옛날드라마에서 많이 봤는데 자세하게 설명을 못하겠어요ㅠㅠ) 그걸 하고 옥상에서 아래를 보고 있었는데 또 그냥 지나갔거든요 마지막으로는 어떤 남자가 옥상에서 떨어졌는데 그게 도로 위로 떨어져서 피 튀기고 그런 시체가 버스 안 승객한테 다 보이는 상황이였어요 시체가 버스쪽을 바라보며 눈 뜨고 죽어있었고 저는 못 보겠어서 들고있던 쿠션으로 눈을 가렸었어요 그리고 집에 도착했는데 저희집은 실제로도 아파트 꼭대기층인데 엘레베이터에서 내리니까 경찰들이랑 과학수사대 분들이 엄청 많았고 그 노란색 출입금지 테이프로 옥상을 둘러싸고 바닥에는 시체 모양 그대로 하얀색 테이프 붙이는것도 두세개 정도 있었던걸로 기억해요!! 저는 엘베에서 내려서 가만히 있다가 엄마가 들어오래서 집에 들어가니까 밥 주시길래 그거 먹으면서 오다가 버스에서 봤던거 말 하는데 마지막에 도로 위로 떨어진 남자 빼고는 다 귀신 인 것 같다고 말하고 있었는데 갑자기 무당분이 오시더니 갑자기 제 눈 찌르려는 시늉을 하셔서 눈 감고 있었는데 그걸 왜 말하냐고 엄청 혼내셨어요 그리고 눈 슬쩍 뜨니까 엄마한테 귓속말을 하셨고 엄마는 살려주셔서 감사하다고 그랬었어요 그리고 잠에서 깼는데 그냥 개꿈인가요?ㅠㅠ 보통 꿈에서 깨면 꿈은 기억이 잘 안 나는데 아직도 도로 위에 떨어진 남자 얼굴이 기억나요,12031108, 30,2024.09.18
475387383,질문남산고 vs 대구여고,안녕하세요 현재 동도중 재학중인 중2여 입니다 아무래도 중학교 생활의 절반을 넘기니 슬슬 고등학교 대학교 등 미래와 관련된 고민을 많이 하게 됩니다 주변이 남고가 많아서 갈 수 있는 고등학교가 그리 많지 않은데요 정화여고는 빡세서 혜화여고는 멀고 안 끌려서 리스트에서 제외했고 대구여고와 남산고 둘 중 하나로 선택할려고 다짐했습니다. 1. 남산고 내신따기가 대구여고 내신따기보다 빡세다는데 진실인가요? 남산고는 공학에다가 그리 순위 높은 고등학교도 아니라고 아는데.. 대구여고가 전교생 수가 더 많아서 그런가요? 2. 아무래도 정화여고 난이도>대구여고 난이도가 공공연히 알려진 사실이다 보니 동도중에 날고 기는 제 친구들이 대구여고를 생각하고 있더라고요 이렇게 된다면 제가 입학할 2년 뒤엔 또 물이 바뀌어서 대구여고가 더 힘들어지진 않을까요? 3. 둘 중 하나를 택하시고 그에 따른 합당한 이유를 적어주세요,120311, 77,2024.09.17
475450992,질문신매광장 바닥분수 언제까지ㅜ하나요??,신매광장에 바닥분수 아직 운영하나요?,12031116, 9,2024.09.17
475398721,질문대구여고 관련 질문에 댓글 달아주신 거ㅜ,왜 남산고 안 간 걸 후회중인가요..? 지식인에 관련 질문 다섯개정도 올렷는데 다들 대구가라고 하더라고요.. 뭐지 대구여고 전교생수가 많아서 ㄱㅊ지 않나욤..? 그녕 수험생활이 힘들어서 그러시는 건가용 아니면 진짜 수시 따기가 남산고가 쉬운 게 확실해서 그런건가요? 제가 목표하는 대학이 수시가 엄청 높아여 돼서 무조건 수시 잘 받아야돼요ㅜ,120311, 16,2024.09.15
475303074,질문광주광역시 인문계 커트라인 ㅜㅜㅠ,12학년 때 방황해서 공부도 안하고 미인정도 엄청 많아서 출결 때문에 99%인데 인문계 꼭 가야하거든요.. 성적으론 못 갈 성적은 아니라고 하시는데 출결에서 20 만점에 5래요.. 지금 중간 기말 남았는데 특성화고 갈 생각은 전혀 없고 꼭 인문계를 가야만 해야겠는데 못 갈까봐 너무 걱정되요 어떡하죠? 90%까지 올릴려면 기말 중간 어느정도로 봐야하나요.. 참고로 전라도 광주에요,120311, 21,2024.09.13
475246829,질문수성구 커플석 있는 PC방 추천해주세요,수성구에 커플석 있고 주차하기 편한 PC방 추천 부탁드립니다,120311, 20,2024.09.12
