﻿doc_id,title,question,region_id,views,question_date
477524976,질문대구서구맛집 추천 좀 해주세요....,대구서구맛집 추천 좀 해주세요. 여친이랑 처음으로 대구 놀러가기로 했는데 검색해보니 너무 많아서 어딜가봐야할지 모르겠어요.. 대구 사시는 분들 이 글 보시면 그냥 지나치지 마시고 대구 맛집 추천 부탁드릴게요!!,120310, 18,2024.11.05
476962160,질문대구서구버려진스티로폼박스내용물찾기가능한가요?,하 ㅠㅜ 진짜 정말 간절하게 묻습니다... 혹시 대구 서구에 버려진 스티로폼 박스 내용물 다시 찾기 가능한가요...? 근무지에서 꽤 고가의 물건을 스티로폼 박스에 넣어 버려버렸는데 ㅠ 이미 수거를 해 가신 것 같더라구요... 이거 되찾기 가능한가요...? 정말 중요한 물건이라 꼭 찾을 수 있으면 좋겠는데... 어제 버렸구요...,120310, 17,2024.10.22
476949491,질문유리 비산방지필름 위에 암막필름붙여도 괜찮나요?,유리 비산방지필름 위에 암막필름붙여도 괜찮나요? 현재 비산방지필름이 붙여져 있는 상태인데 이 상태에서 암막필름을 붙여도 괜찮을까요? 비산방지필름을 떼고 암막필름을 붙여야 할까요?,12031002, 10,2024.10.22
476445282,질문대구 서구 속눈썹 연장 잘하는 곳 있을까요?,대구 서구에 속눈썹 연장 잘하는 곳 추천해 주세요. 속눈썹이 자꾸 눈을 찌르고 시야 방해되는 것 같아 속눈썹 연장을 하려고 합니다. 자연스럽고 오래가는 곳이면 좋겠어요. 주차 가능한 곳이면 더욱 좋고요. 가격도 알려주시면 감사하겠습니다.,120310, 19,2024.10.10
476442305,질문창원시 비산동,창원시에 비산동이 있나요,12031002, 16,2024.10.10
476029340,질문지쿠터켜주기,지쿠터 타지에서 켜줄수있나요? 얘를들면 대구에서 대전으로요,12031002, 23,2024.09.30
475594620,질문광장타운1차아파트,대구서구에위치한 광장타운1차아파트 21년도에 안전진단통과한걸로알고있는데 언제쯤 재개발될까요? 시청도 내년부터 공사시작한다는데 앞으로 전망이 어떻게될까요?,120310, 18,2024.09.20
