﻿doc_id,answer_index,answer,answer_date
477571635,477571635_1,아침에 9시에 오픈합니다,2024.11.06
477571635,477571635_2,오전 9시에 문 연다고 나와있지만 보통 10시에 문 여는 것으로 알고 있어요.,2024.11.06
477571635,477571635_3,영업시간은 오전 10시  ~ 저녁 10시 까지  확인 됩니다,2024.11.06
477571635,477571635_4,영업시간은 오전 10시 ~ 저녁 10시 까지 확인 됩니다,2024.11.06
477464664,477464664_1,네  순천에서도 여권 발급 신청이 가능합니다. 여권 발급은 주소지와 상관없이 전국의 여권사무 대행기관에서 신청할 수 있습니다. 따라서 순천시청이나 해당 구청의 여권 민원실을 방문하시면 됩니다.,2024.11.04.
477464664,477464664_2,여권은 현 주소지와 상관없이 전국 어디에서나 발급이 가능합니다...,2024.11.04.
477464664,477464664_3,순천시청전라남도 순천시 장명로 30 순천시청가능합니다. 순천시청가서 여권 발급 신청하고 여권나오면은 순천시청가서 받으면 됩니다.,2024.11.04.
477455035,477455035_1,어디서 출발하는지 모르지만 일단 대중교통(버스  공항철도)으로인천공항까지 간 다음 인천공항 1터미널이나 2터미널에서 인스파이어 아레나까지무료로 운행하는 셔틀버스를 타고 가면 될것 같네요참고로 카카오 T셔틀에 부모님과 같이 탑승해도 민폐가 아니구요부모님이랑 같이 콘서트 가는 경우가 흔하지는 않지만 그래도 가끔 있어요잘 다녀오세요...,2024.11.04.
477455035,477455035_2,버스가 필요할 땐? 카카오 T 셔틀지금 카카오 T 셔틀로 원하는 노선의 버스를 만들어보세요! | 결혼식  워크샵에서 버스가 필요하나요? 산악회  콘서트  서핑 모임에서 단체 이동을 어떻게 준비할지 막막했다고요? 버스가 필요한 모든 순간  카카오 T에서 해결하세요! 카카오 T 셔틀로 누구나 쉽게 원하는 출발지에서 목적지로 이동하는 버스를 쉽게 만들 수있습니다. ◼︎ 버스만 필요할 때 [통째로 빌리기] 번거로운 견적 비교 없이 요금 확인부터 결제까지brunch.co.kr단독으로 빌리거나 사람을 모집해서 빌리는 경우가 있습니다.단독으로 빌리면 비용 부담이 있지만 반면  사람을 모집해서 빌리는 경우에는 비용 부담이 줄어들지만  모집 주선자에게 미리 양해를 구하는 것이 좋습니다.인스파이어 아레나 주변은 인프라가 부족하여 밤이 되면 인스파이어 아레나만 밝고 나머지는 어두울 수 있습니다. 따라서 올 때도 카카오셔틀을 타고 이동하는 상황이라면 부모님을 설득하여 혼자 다녀오겠다고 말씀드리거나 셔틀버스 주선자에게 부모님을 포함하여 예약하고 싶다고 다시 말씀드려 변경하는 것이 좋습니다.변경이 어렵다면  부모님과 함께 다른 교통수단을 이용하는 것도 고려해볼 수 있습니다.,2024.11.04.
477316115,477316115_1,무엇을 구경하겠다는건지 구체적으로 질문을 하면 답변에 도움이 됩니다...,2024.10.31.
477316115,477316115_2,인천 남동구  추천지 입니다. 돈별루 안드는곳 입니다인천 대공원인천 수목원소래산소래 습지 생태 공원소래 해넘이 전망대새우 타워구월동  로데오거리,2024.10.31.
477316115,477316115_3,청소년문화공간 다누리인천광역시 남동구 석촌로14번길 7,2024.10.31.
477178318,477178318_1,피지낭종 치료를 받을수 있는곳이 외과입니다간석오거리에는 외과가 없구요 간석사거리에 가면 삼성외과의원이 있습니다여기에 가면 피지낭종을 수술하거나 치료를 합니다...삼성외과의원인천광역시 남동구 호구포로 878 3층 삼성외과인천 삼성외과병원소개 대장항문클리닉 변비/변실금클리닉 하지정맥클리닉 탈장클리닉 기타/외과질환및수술 건강검진클리닉 상담예약 커뮤니티 인천 남동구 호구포로 878 100m 확대 축소 초기화 길찾기 인천광역시 남동구 호구포로 878 병원명 : 삼성외과의원 원장 : 홍성일 사업자등록번호 : 117-96-11958 Tel : 032.221.1004 ｜ Fax 032.215.0114 병원소개 인사말 의료진소개 병원둘러보기 진료안내/오시는길 대장항문클리닉 치질(치핵) 치열 치루 및 항문주위 농양 직장탈 기타항문질환 변비/변실금클리닉 변비 변실금 바이오피드백...www.scsurgery.co.kr,2024.10.28.
477122696,477122696_1,팟을 바꿔야 될것 같구요그래도 안빨리면 고장같습니다구입한곳에서 문의해보세요...,2024.10.27.
477122696,477122696_2,안녕하세요!~팟을 교체해보셔야 할것 같습니다~팟 불량이 있는 경우도 있기 때문에교체 후 베이핑 해보시길 바랍니다!,2024.10.28.
477110880,477110880_1,https://cargo.koreanair.com/en/Aircraft-TypeAircraft Type - Korean Air CargoSkip to main content Secondary menu My Cargo Booking Schedule Tracking e-AWB Operations Accounting Freighter Passenger Temperature and Ventilation system of aircraft B747-8F B747-400F/ERF B777F Contact For further details  please contact Korean Air office at origin or destination airport. scroll to ...cargo.koreanair.com,2024.10.26.
477094496,477094496_1,인천 미추홀구 내과 잘하는곳 추천 전문병원 의원 후기 야간진료 24시 주말 공휴일 토요일 일요일인천 미추홀구의 내과 잘하는 곳 을 찾고 계신가요? 건강 문제는 일상 생활에 큰 영향을 미칠 수 있습니다. 특히 내과 관련 질환은 조기 진단과 치료가 중요합니다. 이런 내과 질환을 치료하기 위해서는 전문적인 진료와 관리가 필요 합니다. 하지만 어디서부터 시작해야 할지 고민이 되시나요? 그런 분들을 위한 정보를 준비했습니다. 이번 글에서는 인천 미추홀구 내 내과 잘하는 병원에 대해 소개해드리겠습니다. 추천 정보 다양한 병원  업체 관련 정보와 꿀팁을 제공하기 위해 항상 노력하고 있습니다 포스팅과 관련해 궁금한 점이 있으시면 언제든지 ...dkan33.tistory.com참고바랍니다...,2024.10.26.
476880533,476880533_1,위치에 따라 차이 있을 수 있습니다,2024.10.21.
476880533,476880533_2,빠른 걸음으로는 약 1시간정도 걸리구요천천히 걸어 간다해도 약 1시간 30분정도면 충분합니다...,2024.10.21.
476880533,476880533_3,논현신일해피트리아파트 정류장 승차순환5222분  14개 정류장 이동지하철노선도로드뷰논현5단지달맞이마을논현2동행정복지센터논현3단지하늘마을305동논현파크포레논현주공아파트(인천금융고)남동시범공단앞오공본드고려양행선학아파트대림아파트경남아파트연수초등학교인천여자고등학교함박마을입구 정류장 하차,2024.10.21.
476880101,476880101_1,이사하는 동 행정복지센터가서 스티커 받아서 그거 부착해서 사용해야합니다 그냥 사용하게되면 무단 투깁니다.,2024.10.21.
476880101,476880101_2,경험으로 말씀드리는데요이사 시 기존 종량제종투 그대로 사용해도 수거하는분들이 그냥 가져 갑니다...,2024.10.21.
476872151,476872151_1,3100번 버스는 광역시외버스라서 거리에 따라 요금이 나옵니다가다가 중간에 카드를 못 찍고 내리면 종점까지의 요금이 부과됩니다...,2024.10.21.
476872151,476872151_2,추가요금보다는 기본요금으로 빠지게되었습니다.,2024.10.20.
476872151,476872151_3,잃어버린 카드를 찾아서 그 카드를 사용하게 되면 패널티 부과 됩니다. 3100번은 거리비례노선이라서 하차시 태그가 필수 입니다다른 카드 사용시 이는 해당이 안됩니다.,2024.10.21.
476854420,476854420_1,양주에서 '뷰'가 가장 좋은 한옥카페 '단궁'양주에서 '뷰'가 가장 좋은 한옥카페 '단궁' 안녕하세요 쉬운살림연구소입니다.오늘은 양주에서 '뷰'가 예쁘기로 소문난 한옥카페를 소개해드릴게요주말에 나들이 겸 다녀오기 좋아요 자연을 품고 있어 풍경이 너무 좋아 주말에 드라이브 겸 다녀오기 좋은 카페입니다단궁경기도 양주시 백석읍 권율로 875 (기산리 182-2)    TEL : 031-871-3700경기도 양주 백석에 위치한 '단궁'이라는 카페입니다드라이브 길을 따라가다 보면 위채해 있는데 한옥 느낌의 카페로부모님과 방문해도 좋고 아이들과 방문하면 자연에서 마음껏 뛰어놀 수 있는 ...seasidetown.tistory.com참고하세요...,2024.10.20.
476854420,476854420_2,양주에 있는 --단궁--입니다위치는단궁경기도 양주시 백석읍 권율로 875 단궁여기 입니다궁금증 해결에 도움이 되었길 바랍니다,2024.10.20.
476854420,476854420_3,양주카페 단궁바람을 쐬러 나갔다가 양주에 한옥카페인 “단궁”에 잠시 들렀습니다.     눈에 확~~들...blog.naver.com참고바랍니다.,2024.10.20.
476854420,476854420_4,영상 참고해서 이미지서치로 쉽게 찾을 수 있습니다.단궁경기도 양주시 백석읍 권율로 875 단궁,2024.10.20.
476783220,476783220_1,신세계백화점 명동청계광장 청계천 빛초롱축제를 말하나요올해는 아직까지 일정이 안나왔네요 작년기준으로 말하면12월 15일부터 1월 21일까지밤 6시부터 밤 10시까지 광화문광장  서울광장  세종로공원  청계광장에서 하네요...,2024.10.18.
476783220,476783220_2,서울 빛초롱 축제 | 지역축제 | 대한민국 구석구석 축제서울빛초롱축제는 2009년부터 시작하여 15회차를 맞이하는 서울 대표 야간 빛 축제로  빛 조형물 전시와 다양한 체험 프로그램 등 화려한 볼거리를 제공한다. 특히  이번 2023 서울빛초롱축제는 광화문광장~청계광장~서울광장까지 확대하여 개최되며  작년부터 시범운영으로korean.visitkorea.or.kr빚초롱축제 이야기하는 거 같아요서울관광재단으로 자세한 일정 문의를 권장합니다,2024.10.18.
476712435,476712435_1,대중교통으로 한번에 바로 가는건 없구요 한번 갈아타야 해요남동구청역 버스정류장에서 9100번 광역버스를 타고 서초역 1번출구 정류장에 내려서6008번 직행버스로 갈아타고 동탄상록.테크노밸리.GS자이정류장에 내려서 조금만 걸어가면 됩니다...,2024.10.17.
476712435,476712435_2,남동구청역 정류장 승차910021분  2개 정류장 이동지하철노선도로드뷰꿈에그린아파트하늘휴게소 정류장 환승810625분  2개 정류장 이동지하철노선도로드뷰의왕청계영업소판교역.낙생육교.현대백화점 정류장 하차지하철노선도로드뷰판교역.낙생육교.현대백화점 정류장까지 도보로 이동6분  108m 이동판교역.낙생육교.현대백화점 정류장 승차601121분  1개 정류장 이동지하철노선도로드뷰현대트랜시스 정류장 하차,2024.10.16.
476712435,476712435_3,참고하세요,2024.10.17.
476706618,476706618_1,캠퍼스타운역에서 만수역까지 가는 방법은 간단해요캠퍼스타운역에서 계양방면으로 인천지하철을 타고 인천시청역에 내려서다시 인천지하철 2호선 운연방면으로 갈아 타고 가다가만수역에서 내리면 됩니다 약 25분정도 걸리고 교통카드로 1500원입니다...,2024.10.17.
476706618,476706618_2,간단한 방법 입니다1.캠퍼스타운역 > 동막역 방면승차2.9개역 이동3.인천 시청역 하차 2호선 환승 >석천사거리역 방면승차4.3개역 이동5.만수역 하차 입니다,2024.10.16.
476706618,476706618_3,1.캠퍼스타운역 > 동막역 방면승차2.9개역 이동3.인천 시청역 하차 2호선 환승 >석천사거리역 방면승차4.3개역 이동5.만수역 하차 입니다,2024.10.16.
476706618,476706618_4,최적은 지하철버스로도 갈 수 있어요,2024.10.16.
476575577,476575577_1,"인천 남동구에서 넷째 아이 출산에 대한 지원은 여러 가지 혜택을 포함합니다. 대표적으로는 다음과 같은 지원이 있습니다.부모급여: 2024년부터 만 0세 아동에게는 매월 100만 원  만 1세는 매월 50만 원의 부모급여가 지급됩니다.✅ 부모급여  월 최대 100만 원 지급! 지원 조건  신청 방법  중복 혜택 챙기기✔https://naver.me/xExPfobz부모급여  월 최대 100만 원 지급! 지원 조건  신청 방법  중복 혜택 챙기기2024년 부모급여는 만 0~1세 자녀를 둔 부모에게 최대 월 100만 원을 지원하는 제도입니다. 맞벌이 가정도 신청 가능하며  신청 방법과 혜택을 확인하세요. ""양육 부담을 줄이는 부모급여 혜택  지금 바로 알아보세요!""naver.me첫만남이용권: 출생 후 200만 원이 지급되며  육아용품 및 의료비 등 다양한 용도로 사용할 수 있습니다.✅ 첫만남이용권 대상  신청방법  사용처  최대 300만원 혜택 받는법!✔https://naver.me/GlJ4FSJA첫만남이용권 대상  신청방법  사용처  최대 300만원 혜택 받는법!출산 후 초기 육아비용 부담을 덜어주는 첫 만남 이용권! 최대 300만 원 지원  간편한 신청 방법까지 확인하고 지금 바로 신청하세요.naver.me출산장려금: 넷째 아이 출산 시 남동구에서 제공하는 출산장려금 혜택이 있습니다. 100만 원 이상이 지원될 수 있으며  이는 지역마다 상이할 수 있으니 주민센터에 확인해보세요.✅ 출산 장려금 신청 방법과 혜택  첫 만남 이용권 200만원 지급! (최신 ver)✔https://naver.me/xOxAEUG1출산 장려금 신청 방법과 혜택  첫 만남 이용권 200만원 지급! (최신 ver)2024년 출산 장려금 지원 제도는 예비 부모들에게 중요한 재정적 지원을 제공합니다. 저출산 문제 해결을 위해 국가와 지자체가 출산 축하금  첫 만남 이용권  아동수당 등 다양한 혜택을 마련했습니다. 출산 장려금 신청 방법  지원 대상 등의 정보를 정확히 알면 많은 혜택을 놓치지 않을 수 있습니다. 출산을 계획하고 있거나 준비 중인 가정이라면  최신 정책을 잘 이해하는 것이 매우 중요합니다. ""우리 아이의 첫 시작을 더 든든하게"" 지원금을 통해 경제적 부담을 줄여보세요!출산 장려금  지금 바로 신청하세요!  출산장려금 온라인 신청하...naver.me아동수당: 만 8세 미만의 아동에게 매달 10만 원씩 지급되는 아동수당도 신청 가능합니다.기타 혜택: 인천시에서는 임산부 교통비  출산가구 전기료 감면  다자녀 가정 혜택 등 다양한 추가 지원이 제공됩니다.",2024.10.22.
476575577,476575577_2,출산·입양장려금 지원 [남동구]지원근거남동구 출산장려 지원에 관한 조례지원대상2024년도 셋째아 이상 출산(입양) 가정 보호자(*2021.12.31.이전 출생아의 경우 종전규정 적용)지원기준(*세가지 조건 모두 충족)셋째아 이상 자녀를 남동구에 출생(입양)신고 하는 자부 또는 모가 출산(입양)일 기준 1년 이전부터 남동구에 주민등록을 두고 실제 거주하는 자출산(입양)일 기준 거주기간이 1년 미만인 경우 1년이 경과한 날부터 지원대상(계속하여 거주)신청일 현재 사실상 자녀를 출산(입양)하여 양육하는 보호자지원내용구분금액지급방법셋째아100만원일시지급넷째아300만원다섯째아 이상800만원분할지급(500만원*1월 + 100만원*3월)신청기한출생신고 또는 입양신고일로부터 6개월 이내출산(입양)일 기준 거주기간이 1년 미만인 경우 1년이 경과한 날부터 6개월 이내 신청지급제외지원하는 시점에 타시군구 전출 등 지원자격 상실의 경우신청방법주소지 동 행정복지센터 방문 또는 온라인(정부24 행복출산 원스톱서비스) 신청문 의각 동 행정복지센터 및 남동구 보육정책과 출산장려팀 (☎453-8364)첫만남이용권 지원지원대상2022.1.1. 이후 출생아지원내용2024. 1. 1. 이후 출생아의 경우 첫째아 200만원  둘째아 이상 300만원 국민행복카드로 바우처 지급사용범위유흥업종 사행업종  마사지 등 위생업종(이미용실 제외)  레저업종  성인용품 등기타업종 등  면세점 등을 제외한 전 업종(온라인 구매 포함)에서 사용 가능사용방법매장방문 구매 : 첫만남 이용권이 발급된 국민행복카드로 결제 및 포인트 차감(바우처 지원금액을 초과하여 구매하는 경우에  초과분은 이용자에게 직접 청구됨)온라인 구매 : 육아용품 등을 온라인 상에서 상품구매 후 결제 및 포인트 차감.(단  전자상거래상품권 구매는 불가능)사용기한2024. 1. 1. 이후 출생아의 경우 아동 출생일로부터 2년간 사용 가능 ( 2023. 12. 31. 이전 출생아의 경우 아동 출생일로부터 1년간 사용 가능)신청기한신청기한은 별도로 없으나  시용기간을 고려하여 사용종료일 이전에 신청해야함이용권 지급 신청일로부터 30일 이내에 지급결정이 이루어지고  신규로 국민행복카드발급을 받기 위한 시간이 필요하므로 사용종료일 이전에 여유있게 신청하여야 함신청방법주소지 동 행정복지센터 방문 또는 온라인(정부24 행복출산 원스톱서비스 복지로) 신청문의각 동 행정복지센터 및 남동구 보육정책과 출산장려팀 (☎453-8364) 참고바랍니다...,2024.10.14.
476575577,476575577_3,출산전후후원  보건교육  사회복지지원 등 다양한 프로그램이 있습니다. 관련기관에 문의해보세요.도움되는 답변이 되셨길 바래요-질문정보 :인천 남동구 이번에 넷째아이 임신 입니다.어떠한 지원이 있을까요?,2024.10.13.
476575577,476575577_4,구분금액지급방법셋째아100만원일시지급넷째아300만원다섯째아 이상800만원분할지급(500만원*1월 + 100만원*3월)출처  남동구청 홈페이지출산장려금  첫만남이용권 지원 | 남동구청 복지포털>이용자별>출산장려사업여기를 눌러 링크를 확인하세요.www.namdong.go.kr,2024.10.13.
476510119,476510119_1,걸어서 2시간 30분정도지하철로 30분내외2시간정도 걸어야 하기 때문에 힘들지만걷는거 좋아하는 사람이면 2시간정도 걸으만 합니다.2시간정도 걸으면은 만보기 10000보 정도 채울 수 있는 거리입니다.,2024.10.12.
476510119,476510119_2,남동구 논현동에서 시흥시 정왕2동까지 걸어 가려면일단 소래포구쪽으로 가서 소래해넘이전망대까지 아암대로로 가면배곧신도시로 연결되는 다리가 있어요 이 다리를 건너서왼쪽편으로 서해안로로 오이도가는쪽으로 걸어가면 한라비발디 1차아파트가 있구요아파트를 돌아서 쭉~ 걸어가면 됩니다 약 2시간 10분정도 걸리네요...,2024.10.12.
476510119,476510119_3,도보로 힘듭니다. 걸어 가면 2시간 소요버스를 타세요대우푸르지오복합상가 정류장 승차2719분  12개 정류장 이동지하철노선도로드뷰논현9단지냇마을신영지웰A논현초등학교논현단풍마을트리플에듀인천논현중학교논현12단지산뒤마을논현13단지푸르네마을풍림아파트(소래마을)한라아파트소래포구입구(논현푸르지오A)풍림2단지풍림1단지정문월곶동주민센터.월곶포구 정류장 환승122분  9개 정류장 이동지하철노선도로드뷰풍림3단지정문동원아파트함현고등학교오이도역부성아파트건영2단지주공3단지.월드사거리.월드아파트영화아파트.삼성한신아파트시흥초교 정류장 하차,2024.10.12.
476494315,476494315_1,인천에 전세사기사건때문인지 요즘 빌라가격이 많이 떨어지고 있습니다거래를 하더라도 공인중개사 부동산을 통해서 하세요 수수료를 좀 아끼려고 직거래를 하다가사기를 당하는 경우도 있습니다 위치에 따라서 1억이면 적당한 가격일수도 있습니다...,2024.10.12.
476494315,476494315_2,안녕하세요. 신축빌라 분양업체에서 근무하고 있는jw정원주택 이주창팀장(공인중개사  부동산자산관리사)입니다.예 사기 맞습니다.허위매물 과장광고입니다.현재 구월동에는 4군데의 현장이 분양중입니다.그중 가장 저렴한 투룸이 2억1천5백만원 입니다.3룸의 경우 2억9천8백만원에 나온 매물이 가장 저렴합니다.2억미만의 신축빌라는 없습니다.간석동에는 5군데의 현장이 분양중이며2억1천4백만원에 분양중인 3룸매물이 있습니다정확히 말씀드리면 이 매물은 주거용오피스텔로간석동에 나온 매물중 가장 저렴한 매물입니다.따라서 2억미만으로 간석동 구월동에 나온 3룸 매물은 현재 없습니다!신축빌라의 경우 신축빌라분양업체 부동산들이 쓰는 어플을 통해 매물이 공유되어 있습니다.따라서 저희가 모르는 매물이 있을수 없는 구조입니다.네이버 부동산 직방 다방 분양 사이트에서 보신 매물들 대부분이 허위매물 과장광고입니다.실제로 나가 보시면 그런 매물 없습니다. 그중실거래가와 시세보다 저렴하게 나온 매물이라고 생각되는 것들은 그냥 다 허위라고 생각하시면 됩니다.만나기 전 허위매물 여부에 대한 확답을 받으시고 만나시기 바랍니다.만약 허위매물이면 신고하고  다른 매물은 볼생각이 없다라고 단호하게 이야기한다면허위매물을 올린 분양업체와 부동산에서도 솔직하게 이야기할 가능성이 높습니다.도움이 되셨다면 채택 부탁드리고요. 허위매물 과장광고에 속지 마시기 바랍니다.추가로 궁금한 사항이 있으시면 채택 후 문의하시면 답변드리겠습니다.JW정원주택건설 : 네이버 블로그안녕하세요! JW(정원)주택건설 이주창 팀장입니다. 어떻게 하면 좋은집을 싸게 살수 있을까? 고민 많이 하시죠? 20회 공인중개사자격증  제1회 매경 부동산 자산관리사 취득 이주창 팀장이 과학적인 시세분석과 건축주와의 직접 협상을 통해 여러분의 내집 마련의 멘토가 될것을 약속드립니다. 010-3911-7275 leejuchang@empal.comblog.naver.com,2024.10.14.
476443714,476443714_1,스팸인지 확인을 해봤는데요의심되는 번호는 아니라고 나오네요님께는 꼭 필요한건지도 모르니까 일반 한번 받아보세요받아보고 광고로 의심되면 바로 끊어버리세요...,2024.10.11.
476442079,476442079_1,서창2지구는 신도시라고 해도 과언이 아닙니다서창2지구 옆 고속도로 건너편쪽에 서창1지구는 조성된지 오래된 구도심지입니다...,2024.10.11.
476442079,476442079_2,인천 서창2지구는 신도시 아닙니다,2024.10.10.
476442079,476442079_3,오래된 곳인데..평균으로 치자면 뭐 최근에 진 곳이라고 볼 수도 있죠신도시는 아님니다,2024.10.10.
476442079,476442079_4,아닙니다.,2024.10.11.
476442079,476442079_5,2000년대 본격적으로 개발이 시작된 동이다. 본래 아무것도 없는 허허벌판이었지만 1990년대 후반 서창(구획정리) 지구로 선정되어 95년 태평 아파트 1단지가  97년 태평 아파트 2단지와 몇몇 빌라들이 1차로 지어졌다. 태평 아파트만 덩그러니 있던 시절에는 건설 현장이라 벌판만 가득했고  학교도 없어서 2004년 서창동의 첫 초등학교인 서창 초등학교가 건립될 때까지 만수 6동의 남동 초등학교로 통학하는 신세였다.이후 2000년대 본격적으로 현대모닝사이드  임광 그대가  서해그랑블  서창 자이 등의 아파트들이 차례대로 들어서면서 주거 지구가 형성됐고  그전과 다른 깔끔한 환경이 형성됐다.이후 서창동 남쪽에 서창 2 보금자리 주택 지구 개발이 시작되었다.2018년 서창동 남쪽에 서창 2 보금자리 주택 지구(서창 2 공공 주택 지구)가 서창 2동으로 분동 되었다.서창 LH 1  6  7  8  11  12  14  15단지와 청광 플러스원  서창 센트럴 푸르지오  e-편한 세상 서창  호반베르디움  더 포레스트  LH 청아안  서창 꿈에 그린  2지구 내 단독택지가 서창 2동으로 편입되었다. 후에 6  7  8  11단지는 각각 에코에비뉴  서창 퍼스트 뷰  서창 센트라스  서창 베라체로 명칭이 변경되었다.서창2지구는 최근 개발되어서 현재 3만명이상 살고있는 신도시로 볼 수 있습니다.,2024.10.11.
476439241,476439241_1,이달 아트 색 변경 가능. 추가 요금 없음. 예약하셔도 좋습니다.,2024.10.10.
476372005,476372005_1,바닥이 눈에 띄게 기울어져 있고 미세한 진동을 느끼는 상황은 우려할 만한 사항일 수 있습니다. 특히 건물의 구조적 문제나 부실공사로 인해 발생하는 흔들림이나 바닥의 불균형은 시간이 지나면서 더 심각한 문제로 발전할 수 있습니다.이와 같은 증상들이 실제 위험한 상태를 나타내는지 확인하기 위해 다음과 같은 조치를 권장합니다전문가 진단: 구조 엔지니어나 건축 전문가를 초빙해 건물의 안전 상태를 점검해 보시는 것이 좋습니다. 특히 건물의 기초나 구조적인 문제가 있는지 확인하는 것이 중요합니다.입주자 민원: 같은 아파트 단지 내 다른 입주자들도 유사한 문제를 겪고 있는지 확인해 보고  만약 동일한 문제를 경험하고 있다면  입주자 대표회나 관리사무소에 민원을 제기해 공동 대응을 요청하는 것도 방법입니다.지자체 신고: 아파트의 안전에 대한 우려가 지속된다면  해당 지역의 지자체나 국토교통부에 신고하여 공공기관의 검사를 요청할 수 있습니다. 아파트의 시공 문제와 관련된 사항이라면 더욱 신속히 대응할 수 있습니다.현 상황이 위험성을 내포하고 있을 가능성도 있기 때문에  진단을 받고 필요하다면 조치를 취하는 것이 안전합니다.(유료gtp 답변글이니 참고바랍니다.),2024.10.09.
476372005,476372005_2,관할 관청에 민원을 넣어보세요전문가가 나와서 안전진단을 해줍니다...,2024.10.09.
476372005,476372005_3,건물 안전을 위해 전문가 상담이 필요합니다.,2024.10.08.
476363727,476363727_1,버스 내릴 때 카드 찍지 않으면?하차한 뒤 30분 안에 환승하지 않을 거면  ‘거리 비례 버스’가 아니면 버스에서 내릴 때 카드를 찍지(=태그하지) 않아도 된다. 즉  버스에서 내릴 때 카드를 찍지 않으면 환승할인제가 적용되지 않는다는 것이다.또  ‘거리 비례 버스’의 경우 추가요금이 부과될 수 있는데  내릴 때 카드를 찍지 않으면 승차한 곳에서 어디까지 갔는지 확인할 수 없기 때문에 최대거리를 기준으로 추가요금이 부과된다. 기본 10km를 지나 5km마다 100원씩 추가요금이 발생하는데  버스의 종착지까지 거리를 계산해 다음 대중교통 이용 시 부과한다.38번 버스 뿐 아니라 인천 간선버스 대다수가 단일노선으로 알 고 있습니다. 거리비례가 아니기 때문에 환승해야하는데 하차태그를 안했다면은 기본운임만 재부과될것입니다.,2024.10.08.
476363727,476363727_2,다음에 버스타서 찍을때 부과 됩니다.,2024.10.08.
476363727,476363727_3,38번 버스는 카드 안찍고 내려도 추가금이 안 나와요...,2024.10.08.
476361034,476361034_1,예약을 하면 20%할인이라고 합니다070-8672-9279(라이즈 헤어) 번으로 문의바랍니다...인천시청역 미용실 추천 새로생긴 구월동 홈플러스 주변 라이즈헤어 짱라이즈헤어 구월점 영업시간 11:00~ 21:00 lsat order 20:00 (매장상황에따라 변동 있을 수 있음) 0507...blog.naver.com,2024.10.08.
476354160,476354160_1,중개수수료가 좀 나가더라도 공인중개사 부동산에 가서 알아 보시는것이 안전합니다수수료를 아끼려고 직거래를 하다가 사기를 당하는 경우도 있습니다...,2024.10.08.
476354160,476354160_2,안녕하세요 구월동 토박이 주민입니다말씀하신 조건을 충족하는곳은간석오거리 리더스타워 나오네요그외에 찾아보니 비슷한곳은 2-3곳정도 나오는데 대형평수에 역세권은 리더스 하나밖에 없고 평수를 조금 줄이시거나 15-20평역세권을 벗어나면 선택지가 많습니다다만30평이상+ 역세권은간석오거리 리더스타워인데 좀 찾아보니5번출구 바로앞 1.8m거리 초역세권이고주차공간이 지상 6층 + 지하 3층   총 9층이 주차장 이라고합니다49평형 매매가격은 2-3억인데 (옛날가격 혹은 오피스텔 특성상 다운계약서 일수도있음 실제가격은 up 알아보셔야할듯)거래량을보니 작은건 매매가 활발한데 큰평수는 매물이 잘 안나오는것같네요 리더스타워 49평형이 다른평수에비해 적은듯?…다른 오피스텔은 주차공간에 대한 정보가 찾기가 쉽지않네요 네이버에 안나오시면 발품좀 파셔야할것으로 보입니다 인천 40년 토박이인데 간석오거리에 저런곳이 있는줄도 몰랐네요 채택부탁드립니다,2024.10.08.
476354160,476354160_3,네이버 부동산으로 찾아보는 거 외에는직접 발품 파는 거 말고는 정보 얻을 수 있는 방법 없을겁니다.30~40평  1억~2억 매매 및 전세 조건으로 검색해본 것인데요역세권은 간석오거리역  예술회관역  석바위시장역 등 있는데주차장이 제일 큰곳이 간석오거리역 오피앙 아파트입니다.간석오피앙I인천광역시 남동구 경인로 611네이버부동산에서 조건으로 대략 검색해서 찾아보면은간석 오피앙 정도 되는데요3룸인지 원하는곳이 맞는지 확인을 직접 해보시는것을 권장드리고좀 거리를 두고 찾아보실 필요도 있을 거 같습니다.,2024.10.08.
476305559,476305559_1,업체에서문의 해보세요.,2024.10.07.
476305559,476305559_2,의심이 되시면 카센터말고 기아서비스센터에 들어가서 점검을 받아 보세요...,2024.10.07.
476297469,476297469_1,저번달에는 1~2번정도 송도쪽을 지나가다가 잠깐씩 본적이 있는데요이번달에는 아직까지 본적이 없습니다 혹시라도 본적이 있으면 알려 드릴께요...,2024.10.07.
476272279,476272279_1,너 서창초 다니냐ㅋㅋㅋㅋㅋ내가 서창초 다니는데서창초 일진 없으니깐 걱정하지마 ㅋㅋㅋㅋ,2024.10.06.
476272279,476272279_2,없다.,2024.10.06.
476272279,476272279_3,인천 서창초등학교에 일진이나 노는애들 별로 없어요...,2024.10.06.
476237702,476237702_1,혹시 누전차단기가 내려가 있을수도 있으니까집안에 있는 누전차단기를 확인하여 보세요...,2024.10.05.
476229601,476229601_1,빠르면 오늘 중 배송이고 오늘 도착 안되면은 월요일이요,2024.10.05.
476184531,476184531_1,이해합니다. 어린이집 운영이 어려운 빨간 날을 위해 도움을 찾고 계시군요.,2024.10.04.
476184531,476184531_2,가정 양립 지원을 위한 휴일 보육 서비스 제공처를 찾아보세요.답변이 도움되셨으면 좋겠네요 좋은하루보내세요-올려주신 질문내용 :제가 남편과 맡벌이 인데 일반 평일에는 어린이집 운영을 해서 보낼수가 있지만 한글날  추석 이런 나라에서 정한 빨간날에는 어린이집이 운영을 안하다보니 강제로 쉴수밖에 없는 그런날들이 있어서요그런날에는 그날 출근하는 사람들이 저땜에 시간적으로 피해가 가서빨간날에 맡길수 있는 곳을 찾고 있는데 쉽지가 않네요 ㅠㅠ,2024.10.04.
476184531,476184531_3,혹시라도 모르니까 관할 동행정복지센터에 문의를 해보세요...,2024.10.04.
476098177,476098177_1,연락주세요 추천해드리겠습니다.,2024.10.06.
476098177,476098177_2,청소업체에 문제가 있는것이 아니고 그 청소를 하는 사람에게 문제가 있는것 같네요이럴 경우 그 청소하는 사람에게 잔소리를 하지말고 그 청소업체에 직접 연락을 하셔서청소를 제대로 좀 해달라고 잔소리를 하세요 안하면 다른업체로 바꾼다고 하면 됩니다...,2024.10.02.
476057352,476057352_1,문화예술회관 근처에는 롯데백화점 길건너편뉴코아아울렛 12층에 노블스포렉스라고 있습니다여기에서도 수영강습이 있구요 접수를 하시면 됩니다접수일자를032-430-5550번으로 문의해보세요...뉴코아아울렛 인천점인천광역시 남동구 인하로 485,2024.10.01.
476057352,476057352_2,국민체육센터 찾으시면은 내년까지 기다려보시다가 수영 배우셔도 될 거 같습니다.문학박태환수영장인천광역시 미추홀구 매소홀로 618올림픽기념국민생활관수영장인천광역시 남동구 구월로 251문학경기장 박태환수영장이나 올림픽기념국민생활관 수영장도 현재 리뉴얼중입니다.공공이 아닌 사설 수영장을 찾으신다면노블스포렉스 뉴코아아울렛 인천점인천광역시 남동구 인하로 485 12층 노블스포렉스 (뉴코아아울렛 인천점)인근으로는 노플스포렉스뿐이네요인향스포렉스도 있었는데...참고바랍니다.,2024.10.01.
475952390,475952390_1,예술회관역 걸어서 10분내 거리지역은 위 지도 참고하시고네이버페이 부동산을 보시고네이버페이 부동산으로 보증금 1000  월세 30-40으로 조건 맞춰서 검색하면매물은 엄청 많이 나옵니다.다만 조건에 반려동물은 직접 확인해 보셔야 할 거 같습니다.예술회관역 주변으로 시청정문 부근도 10분거리이고현재의 조건으로 고양이만 뺴면 다양한 매물 확인 가능하니깐직접 찾아보고 고양이 조건을 찾아보셔야 할 거 같습니다.,2024.09.29.
475946505,475946505_1,간석동에 길교회는 꽤 오래되고 잘 알려진 교회입니다관심이 있으시면 한번 가셔서 목사님과 상담을 받아 보세요...,2024.09.29.
475945172,475945172_1,세라젬 웰카페 인천부평직영점인천광역시 부평구 대정로 50 1층세라젬 웰카페 인천도화직영점인천광역시 미추홀구 숙골로87번길 5 엘리웨이 1층 세라젬세라젬 웰카페 인천논현직영점인천광역시 남동구 논고개로 73 1층 세라젬구월동 거주 시 남동구 보건소를 방문하려면 미리 연락하여 예약 후 방문해야 합니다. 보건소는 평일에만 이용 가능합니다.또한  세라젬 웰카페에서는 음료를 마시며 셀프로 인바디 측정과 뇌파 검사까지 할 수 있습니다. 결과는 세라젬 웰카페 앱에 가입하면 모바일로 확인이 가능합니다.처음 가입할 때 음료 반값 쿠폰 2매를 증정하니  저렴하게 카페를 이용하며 인바디와 뇌파 검사를 무료로 받을 수 있습니다.남동구에는 논현동에 세라젬 웰카페가 있으며  구월동 인근으로는 부평시장 근처와 도화동  논현동에 위치해 있습니다. 이동하기 편리한 곳으로 방문하여 음료를 즐기고 무료로 인바디 측정을 받아보세요.,2024.09.29.
475945172,475945172_2,보건소에 가면 무료로 할수가 있구요구월동이라면 남동구보건소로 가시면 됩니다위치는 남동구청 바로옆에 있구요032-464-4001(남동구보건소)번으로 전화로 언제쯤 가능한지를 문의하고 가세요...,2024.09.29.
475879829,475879829_1,14-1번 버스의 송내 방향 막차 시간은 다음과 같습니다송내역 방면으로 가는 14-1번 버스의 막차는 (서창공영차고지에서)23:10입니다.송내역 막차시간(평일)구로역 막차시간 (평일)구로역에서 석수역가는 막차시간은 23시38분입니다.이 시간을 기준으로 송내역은 구로행 23시 8분 열차를 타야 구로역에서 석수행 가는 23시 38분 열차를 탈 수 있습니다.14-1번 버스는 막차가 23시 10분입니다.이를 고려하면은 지하철 막차시간을 고려하기보단 14-1번 막차가 끓긴 시간을 고려해서 22시 30분에는 서창동에서 이동하시는편을 권장드립니다.답변을 참고하셔서 이동해보시길 바랍니다.,2024.09.27.
475853454,475853454_1,10명정도는 예약없이 바로 가셔서 자리 잡을수 있습니다아무리 작은술집이라도 10여명이 앉을 자리는 있습니다 로데오거리나예술회관 길건너편에 있는 문예길 음식거리(밴댕이골목)에가시면 예약을 안하더라도 그냥 가서 주인에게 말하면 자리를 만들어줍니다마음에 드는곳을 찾아보세요...구월동문예길음식거리인천광역시 남동구 구월동로데오거리인천광역시 남동구 성말로 21 구두수선대,2024.09.26.
475853454,475853454_2,하타네 구월점인천광역시 남동구 인하로507번길 14 101호  102호 하타네6인이상 예약가능한 술집입니다.,2024.09.27.
475779804,475779804_1,독감 비용은 병원마다 조금씩 차이는 있지만 17.000원~25.000원까지 다양합니다.좀더 자세한 안내가 되어 있는곳을 안내해 드리고 갑니다. 독감 예방 접종 잘 받으셔서올해 건강하게 잘 보내시길 바랍니다.2024 무료 독감 예방접종 누리집 민생회복지원금 바로가기 - 키워드의 모든 정보의 활용2024년 독감 예방 접종 바로가기  독감과 일반 감기는 증상에서 차이가 있지만  특히 예방 접종을 하지 않았을 경우 독감은 더 심각한 문제를 일으킬 수 있습니다. 일반 감기는 보통 코막힘  목 통증  기침 등 가벼운 증상으로 지나가지만  독감은 고열  근육통  피로감  심한 두통과 같은 더 강한 증상을 동반합니다. 예방 접종을 받지 않은 경우  합병증으로 병원 ... Read morem.site.naver.com,2024.10.04.
475779804,475779804_2,작년에 독감 가격 검색해서 알 수 있는 사이트가 있어서 거기서 보고 가격 저렴한 곳으로 가서 맞았던 기억이 나서 공유드립니다.독감 예방 접종 비용 가장 싼 곳은?(+접종 가격 비교 사이트)내 주변 독감 예방 접종 비용 가장 싼 곳은 어딘지 궁금하시죠?독감 예방 접종 비용은 지역과 의료기관에 따라 같은 백신이라도 가격 차이가 크게 발생할 수 있습니다. '22년 건강보험심사평가원이 제공한 지역별 독감 백신 접종비용 정보에 따르면  전국 평균 접종비는 3만7635원이며  지역에 따라 2만원이 넘게 가격 차이가 나기도 합니다.아래에서 독감 예방 가격 비교 사이트를 통해 내 주변에서 가장 싼 의료기관이 어디인지 확인해보시기 바랍니다. ▼ 내 주변 독감 예방 접종 가장 싼 곳 조회하기 ▼ 독감 예방 접종 가격 비교 사이트 바로...bit.ly,2024.10.03.
475779804,475779804_3,찾으시는 병원의 독감예방접종 가격을 알아볼수 있습니다.건강보험심평원 검색방법이 나와있더라구요.2024독감예방접종 필수 정보! 독감예방접종 무료접종대상  독감접종시기 저렴한 병원찾기  독감실비청구엊그제 비가 오고 나서 갑자기 찬바람이 불기 시작했어요.긴 더위가 물러나고 선선한 바람이 반가우면서도 급변한 날씨가 상당히 당황스럽더라구요.곧 환절기가 시작되고 감기가 본격적으로 유행하기 시작할 것 같네요.그렇다면 독감도 신경써야 하는 시기가 올 것 같아요.찾아보니 각 의료기관마다 독감예방접종이 시작되었다고 합니다.그럼 누가 독감무료접종 대상이고 또 접종시기가 어떻게 되는지 알아보겠습니다.독감 예방접종 대상은 누구?독감 예방접종 이제는 선택이 아니라 필수라고 할 수 있죠! 특히 고위험군인 65세 이상 어르신들  만성 질환자  임산부...smile-jh.tistory.com,2024.10.02.
475779804,475779804_4,안녕하세요. 성남시 수정구 수진역 인근에서 성인예방접종(독감  폐렴  대상포진  자궁경부암-가다실  간염예방접종)  항암면역주사를 중점적으로 하는 변재광 원장입니다.올해 많이 추워진다는 예보가 있어서 코로나  독감백신 동시접종으로 가족건강을 지키시기 바랍니다.★2024년 독감주사★ 시행합니다.국산백신 17000원  sk19000  수입백신 25000원이구요.(병원 카톡친구추가시 가격임)★코로나19 예방주사 모더나 스파이크박스 접종합니다★성남시민★무료 독감주사★ 접종성남시민(주민등록상 성남시민)14~64세(60년생~10년생) 독감접종무료메디원에서는 ★어린이독감주사는 접종하지 않습니다.어린이 생후6개월~13세(11년생부터 24년생)독감접종시 대상포진  폐렴구균 동시접종도 가능합니다.1. 대상포진(생백신)- 국산 95 000원- 수입115 000원2. 대상포진(사백신)예방율 90%이상- 싱그릭스 2회 398 000원3. 폐렴구균 90 000원폐렴15가 100 000원코로나 및 환절기 체력저하 면역저하에는 싸이모신알파1 면역력주사로 준비하고 이겨내세요.강력한 면역력증강에 좋은 싸이모신알파원 주사 가격은 1회 4만원(4만원×10개+셀레늄 or 비타민D 선택가능)   미슬토주사 1회 3만원(3만원×7개=20만원)  고용량비타민C  글루타치온(백옥주사) 마늘주사(프로설타민)  태반주사(라이넥) 각 1회 2만원  아르기닌주사 1회 5만원  메시마에프는 저렴한 가격으로 원내에서 상담 받아주세요독감주사가 접종2주후 면역력이 생기는데 기온이 많이 떨어져서 더 추워지기전에 지금 맞으시는 것을 추천드립니다.가족 단위 예방접종으로 본인과 가족의 건강을 지켜주세요.폐렴백신 프리베나13은 9만원  페렴15가는 10만원입니다.독감 예방 접종을 받으면 의사가 증상을 보고 코로나19 진단을 내리는 데 도움이 될 수 있고 유아 등 취약계층에 독감이 퍼지는 것도 예방할 수 있습니다. 독감 백신으로는 코로나19를 예방할 수 없지만  독감 예방 주사는 보통 면역력을 강화시키는 쪽으로 작용하기 때문에 일반적으로 건강에 도움이 됩니다. 심한 독감에 걸리면 코로나19를 포함한 다른 질병에 더 취약해질 가능성이 높습니다.일반적인 감기와는 차원이 다른 질환인 독감은 인플루엔자 바이러스에 의한 감염병으로 구분됩니다. 독감주사를 통해 38도 이상의 고열과 오한 심한 근육통과 가래  기침 등의 증상을 겪지 않고 넘어가도 됩니다. 매년 다른 바이러스가 유행하게 되며 유행 예정인 바이러스를 예측하여 매년 다른 독감주사가 나오기 때문에 작년에 접종하셨더라도 올해에 새로 접종받아야 합니다.폐렴은 독감의 대표적인 합병증으로 독감 백신을 접종할 때 폐렴 백신도 함께 접종하는 것이 좋구요. 또 폐렴구균 백신이 코로나 19 예방주사는 아니지만 2차로 올 수 있는 폐렴구균 폐렴이나 폐렴구균 감염 합병증을 예방하는 데 도움이 됩니다.올해 특히 접종 필요성이 높아진 독감 백신과 폐렴 백신을 함께 맞으면 더 효과적이라는 연구결과도 보도됐습니다.해외 한 연구에 따르면 만성폐질환 진단을 받은 1898명의 노인들을 대상으로 예방접종을 한 사람과 하지 않은 사람을 비교해 4년간 추적 관찰한 결과 독감과 폐렴구균 백신을 동시에 접종했을 때가 그렇지 않았을 때에 비해 폐렴구균 폐렴으로 인한 입원율과 사망률이 현저히 줄어든 것으로 나타났다고 합니다.춥고 건조한 계절에는 폐렴을 예방하기 위한 폐구균 예방접종도 필요합니다. 폐구균은 폐렴  패혈증  뇌막염의 원인이 되고  축농증과 중이염도 일으키는 균이라서  겨울을 잘 나기 위해서는 예방접종을 해 주는 것이 좋습니다. 65세 이상 연령대는 보건소에서 무료 접종이 가능하지만  보다 여러 가지 폐구균 예방 효과를 얻을 수 있는 프리베나13 등을 접종하고 싶다면 가까운 병의원을 방문하면 됩니다.폐렴구균 백신은 다당질백신23(프로디악스)가와 단백질결합백신13(프리베나)가 2가지로 나뉘게 됩니다. 단백결합백신이 다당질백신보다 항체를 더 많이 형성하고 항체역가가 오래 지속되는 장점이 있지만  가격이 비싸다는 단점이 있습니다. 2세 이하 소아는 단백질결합백신을 맞아야 하며 건강한 성인은 다당질백신이나 단백질결합백신 두가지 모두 접종해도 됩니다.다만 항체 형성 능력이 떨어지는 65세 이상 만성질환자에게는 단백질결합백신을 먼저 접종하고 일정 기간이 지난 후 다당질백신을 접종하도록 권고하고 있습니다. 그리고 폐쇄성폐질환  기관지 천식 등 폐질환이 있는 환자도 반드시 접종해야 합니다. 그리고 23가 백신을 먼저 투여받은 65세 이상의 성인인 경우에는 1년 후에 13가 백신 접종하도록 가이드되고 있습니다.폐렴구균 예방접종으로 항체가 형성되더라도 예방접종 후에 시간이 오래 경과하면 항체역가가 줄어들어 예방 효과가 떨어집니다. 보건소에서 연령에 따라 무료 접종할 수 있는 23가 폐렴구균 백신을 맞았다 할지라도 5년 후 재접종을 권장합니다.대상포진이나 감기 및 폐렴 같은 감염성 질환은 면역력이 저하될 때 생기는 질환인 만큼  외출 후에는 반드시 손을 깨끗이 씻고 예방접종을 해두는 것이 필요합니다. 평소 면역력 관리를 위해 건강한 식습관과 규칙적인 운동  금연과 절주 등 건강한 생활습관을 유지하는 것도 겨울을 건강하게 나는 방법입니다.,2024.09.27.
475779804,475779804_5,2024년-2025년 독감 무료 접종 일정을 안내드립니다!접종 대상 및 일정어린이 (2회 접종 대상자/16.1.1~24.8.31): 9/20부터어린이 (1회 접종 대상자/24.10.2~): 10/2부터임산부(산모수첩제시): 10/2부터어르신 (만 75세 이상/~49년생): 10/11부터어르신 (만 70~74세/50~54년생): 10/15부터어르신 (만 65~69세/55~59년생): 10/18부터지자체 및 장애인  국가유공자(장애인1~3급/ 의료급여1~2종/남동구통장/국가유공자본인): 10/18부터접종 종료일: 2025년 4월 30일까지주의: 24~25절기 동안 독감 접종은 총 1회만 가능합니다.자세한건 전화로 문의해보세요...,2024.09.25.
475769410,475769410_1,구월동 인천종합터미널에서 마산까지 가는 버스 예매가능하구요전화로도 예매가 가능합니다 너무 미리하면 검색에서 안뜨고 약 일주일전부터 하면 됩니다...1666-7114(인천종합버스터미널),2024.09.25.
475769410,475769410_2,둘 다 구월동 터미널에서 나가는 거 맞아요  인천엔 버스 터미널이 거기 한 곳 밖에 없거든요어플에 상관 없이 다 거기서 나가요,2024.09.25.
475769410,475769410_3,구월동 종합터미널에서 마산행 버스 이용 하시면 됩니다버스 운행 시간표 참고 하시기 바랍니다인천종합터미널에서마산시외버스터미널가는 시외버스는 하루5회 운행합니다.첫차09:10막차23:30출발지인천종합터미널종합버스터미널지도보기도착지마산시외버스터미널시외버스터미널지도보기시간표현재시간17:22최종수정2024-09-23출발도착등급요금(어른)소요시간09:1013:38우등37 400원04:2813:0017:28우등37 400원04:2816:0020:28우등37 400원04:2818:5023:18우등37 400원04:2823:3003:58우등41 100원04:28,2024.09.24.
475769410,475769410_4,구월동 종합터미널에서 마산행 버스 이용 하시면 됩니다버스 운행 시간표 참고 하시기 바랍니다인천종합터미널에서마산시외버스터미널가는 시외버스는 하루 5 회 운행합니다.첫차 09:10 막차 23:30출발지인천종합터미널종합버스터미널지도보기도착지마산시외버스터미널시외버스터미널지도보기시간표현재시간 17:22최종수정 2024-09-23출발도착등급요금(어른)소요시간09:1013:38우등37 400 원04:2813:0017:28우등37 400 원04:2816:0020:28우등37 400 원04:2818:5023:18우등37 400 원04:2823:3003:58우등41 100 원04:28,2024.09.24.
475769410,475769410_5,티머니고  버스타고 등 인천이라고 나오는 곳은인천종합버스터미널인천광역시 미추홀구 연남로 35여기 맞습니다.정확한 소재지는 구월동이 아닌 관교동입니다.언급한 구월동 터미널이 맞습니다.,2024.09.24.
475726961,475726961_1,반갑습니다 ^^*1톤차량 기사도움드리고    35만원입니다도움이 되셨다면 채택부탁드립니다※젊은 이사꾼이정직한 상담  친절한 이사를 약속드립니다※,2024.09.23.
475726961,475726961_2,10월10일인천남동구에서 전라도광주1톤용달 기사도움30만원 입니다매트포장운송동승톨비포함 입니다,2024.09.23.
475726961,475726961_3,업체에 전화를 하셔서 견적을 내달라고 하고 비교해서 결정하면 될것 같습니다...,2024.09.24.
475726961,475726961_4,"안녕하세요!1톤 기사도움 일반이사 35만원입니다.""연락주시면 최선을 다하겠습니다!""",2024.09.23.
475726961,475726961_5,안녕하세요 ~~!동승 톨비포함29만원입니다 (한국로지스) { 주)틈새 }(운송면허 주선면허 이사면허 포장이사보험 완비)프로필 클릭~ 문자 & 톡으로 가격 문의 편하게 상담가능합니다언제든지 연락주시면~ 최선을 다해서 도움드리겠습니다고맙습니다,2024.09.23.
475713065,475713065_1,참고하세요영업점 찾기 < 영업점안내 < 유틸메뉴 < 하나은행영업점안내 영업점 찾기www.kebhana.com,2024.09.23.
475713065,475713065_2,하나은행의 홈페이지에 들어가서 검색해 보면  ATM 위치와 운영 시간이 다 나와 있습니다...,2024.09.24.
475677239,475677239_1,일반고는 갈때 아예 내신을 안 봅니다 ( 무시험 추첨제  즉 뺑뺑이 )원래는 석정이 좀 공부 안하는 분위기고 신명이 좀 빡센 느낌이기는 했는데 내신 5등급제로 바뀌어도 어느정도 그게 유지될거라서 ~차라리 석정가셔서 내신 따시는거 더 낫지 않을까요 ?? 신명은 내신 따기 원래 좀 힘들더라고요 ~,2024.10.02.
475613014,475613014_1,인천논현고등학교 공부분위기는비교적 좋은편이구요 일진이나 양아치같은애들은 거의 없습니다...,2024.09.21.
475611554,475611554_1,네  문일여고는 학교전체가 다 분위기좋고 학업분위기도 좋은편이에요...,2024.09.21.
475611554,475611554_2,네 보통 다른반 아이들과도 다 친하게 지냅니다 가끔 사이 안좋은 반이 있긴하지만…,2024.09.21.
475599494,475599494_1,2024 월드 웹툰 페스티벌을 말하는것 같습니다...,2024.09.21.
475553141,475553141_1,인천 논현동에서 중학생이 갈수있는 스터디카페는 없는것 같네요왜 그러는지 모르지만 중학생은 안받을려고 합니다 가까운 스터디카페에 가서거기 주인이나 직원에게 물어보세요 왜 중학생은 이용을 못하는지요...,2024.09.20.
475536324,475536324_1,집에 LED등은 고장이 나거나 수명이 다 되면 통째로 교체를 해야 됩니다송우리 부근에는 전기조명을 취급하는곳이 여러군데 있습니다 동네 가까운 전기조명가게에 가서말씀드리면 교체를 해줍니다 마음에 드는  LED조명을 사다가 님이 직접 달아도 됩니다...구일조명경기도 포천시 소흘읍 화합로262번길 29-1광영전기조명경기도 포천시 소흘읍 호국로 493은성전기조명경기도 포천시 가산면 마정로 23송우전기조명경기도 포천시 소흘읍 호국로 668청보전기조명경기도 포천시 소흘읍 송우로132번길 24,2024.09.19.
475536324,475536324_2,안녕하세요질문에 답변 드리겠습니다!!LED 등이 고장 났을 때는 먼저 전기가 공급되고 있는지  전구가 확실히 켜져 있는지 확인해 보시고  그래도 소리가 나면 단선 또는 전선이 노출된 부분이 있는지 확인해 보셔야 합니다. 만약 노출된 전선을 발견하면 곧바로 전기를 차단하고 전문가에게 연락하여 확인해 보시는 것이 좋습니다. LED 등이 고장났을 때는 전기 안전에 주의하여 조치를 취해야 합니다.감사합니다 채택부탁드립니다!,2024.09.19.
475533051,475533051_1,남동구 내에서 대학 진학률과 학업 성취도가 높은 일반고등학교를 찾으신다면  인제고  만수고  도림고 외에도 몇 가지 학교를 고려해 보실 수 있습니다.남동고등학교: 학생들의 대학 진학률과 학업 관리 시스템이 잘 되어 있어  관심을 가져볼 만합니다.이 외에도 고등학교 선택 시 진학률 뿐만 아니라 본인의 학습 스타일과 학교의 분위기가 잘 맞는지  통학 거리 등을 함께 고려하시는 것이 중요합니다.,2024.09.19.
475533051,475533051_2,도림고등학교가 대학진학률  학업성취도 등 평판이 좋은 학교중 하나입니다...,2024.09.19.
475475975,475475975_1,며칠전에 송도 LNG가스공사 가는쪽에서 후다닥 길건너 가는것을 잠시 보았습니다약간 오소리처럼 생겼구요 꼬리쪽이 줄무늬더군요 저번에도 송도에서 봤는데요 송도쪽에서왔다 갔다 하는것 같습니다...,2024.09.18.
475475975,475475975_2,도시에서 너구리 출몰하는 그림을 그려봤어요저도 거의 너구리가 출몰한다고 조심하라는 글이나 기사는 보는데쉽게 너구리를 보진 못하네요,2024.09.18.
475448082,475448082_1,구월파티마오피스텔은 2003년에 준공된 오피스텔로 20년이 넘었습니다아무래도 오래된 오피스텔이다 보니 방음은 좀 안좋은편입니다 그래도 바로 옆방에소리가 들릴정도는 아니니까 걱정 안하셔도 될것 같습니다...파티마오피스텔인천광역시 남동구 구월남로 146,2024.09.17.
475407314,475407314_1,파란색으로 알고있어요!,2024.10.05.
475407314,475407314_2,신명여고에 2025년 내년기준 1학년 체육복은 아직 안나와 있어요내년 신학기 학교 홈페이지에 공지가 나올것 같네요...,2024.09.16.
475397683,475397683_1,보디가드를 꿈꾸고 있는 중2 여학생이라면 한번 도전해보세요꼭 학원에 가야 배울수 있는것도 아니고 독학으로 해도 충분할꺼라고 생각하고꿈이라면 꼭 도전해보세요 노력하면 안될것이 없다고 어른들께서도 말씀하셨습니다...*진정한 지식인은 엉뚱한소리를 하는 챗gpt로 답변을 하지 않습니다...,2024.09.16.
475397683,475397683_2,안녕하세요! 다시 만나서 반가워요. 보디가드의 꿈을 꾸고 계시다니 정말 멋지네요! 지금 여러 상황이 힘들게 느껴질 수 있지만  그 꿈을 꼭 접어야 한다고 생각하지 않아요. 지금 상황에서도 할 수 있는 방법들이 분명히 있습니다.보디가드가 싸움을 잘해야 한다는 건 어느 정도 사실일 수 있지만  중요한 건체력과 정신력  상황 판단 능력이에요. 그리고 싸움만 잘한다고 되는 직업이 아니라 보호 대상의 안전을 우선하는 직업이죠.독학도 충분히 가능합니다!여러 방법으로 실력을 키울 수 있어요. 몇 가지 아이디어를 제시해 볼게요:1. 온라인 강의 및 자료 활용돈을 들이지 않고도 유튜브나 온라인에서 무술  체력 단련  호신술 등을 배우는 영상들이 많아요. 시간을 잘 활용하면 꾸준히 학습할 수 있어요.2. 기본 체력 훈련보디가드에 필요한 체력을 기르는 게 중요해요. 학교 가기 전이나 저녁 9시 이후 시간을 활용해서기본적인 운동을 꾸준히 해보세요. 스쿼트  푸쉬업  플랭크 같은 운동들은 장비 없이도 할 수 있어요.3. 심리적 훈련싸움 기술뿐만 아니라 침착하게 대처하는 정신적 훈련도 중요해요. 명상이나 마인드 컨트롤  스트레스 관리 방법을 배우는 것도 도움이 될 거예요.4. 책과 자료 읽기보디가드 관련 서적이나 자료를 찾아서 읽는 것도 도움이 됩니다. 보호 대상의 안전을 위해서 필요한 지식과 전략을 쌓아보세요.5. 미래를 위한 준비당장은 어려울 수 있지만  나중에 조금 더 여유가 생기면 관련 학원이나 강좌를 들을 기회가 있을 거예요. 그러니 당장 학원을 다닐 수 없다고 해서 꿈을 포기할 필요는 없어요.어려운 상황이지만  꾸준히 노력하면 어느 순간 실력이 향상된 자신을 발견할 수 있을 거예요. 그리고 중요한 건자신을 믿고 포기하지 않는 마음이에요. 언제든지 질문이 있으면 저에게 물어봐 주세요! 응원할게요,2024.09.16.
475397446,475397446_1,열심히 준비해보세요할려고 마음먹으면 안될것이 없습니다보디가드 별거 아닙니다 어렵게 생각하지말고지금부터라도 꿈을 펼쳐 나가보세요...,2024.09.16.
475397446,475397446_2,보디가드가 되려면 싸움뿐만 아니라 체력과 정신력이 중요합니다. 학원에 다니지 못하더라도 독학으로 충분히 준비할 수 있어요. 유튜브 같은 온라인 강의를 통해 호신술을 배우고  기본 체력 훈련을 꾸준히 하며  심리적 훈련도 병행하세요. 꿈을 포기하지 말고  지금 할 수 있는 것부터 하나씩 해 나가면 됩니다.,2024.09.16.
475351903,475351903_1,다른 거 나올때까지 기다렸다가 이용하면 될것 같네요...,2024.09.15.
475351903,475351903_2,하루필름에서 또 나왔어요! 9월 13일-10월 24일까지 하고 있습니다! 전에 나왔던 프레임은 다시 안 나오고 다른 거 나올때까지 기다리셔야 해요ㅠ,2024.09.15.
475351903,475351903_3,지금 하루필름에서 케이콘이랑 콜라보 해서 프레임 나와고요 또 포토이즘도 나왔어요!!,2024.09.22.
475351903,475351903_4,[콜라보] KCON LA 2024 X 하루필름 : HARUFILM 하루필름harufilm.com이 이벤트에서는 여러 아티스트와 그룹이 참여하고 있는 것 같네요. 아래는 참여하는 그룹과 아티스트의 이름 목록입니다A.C.EBOYNEXTDOORCRAXYDRIPPINDXMONINIJO YURIME:!P1HARMONYPOWSTAYCZEROBASONE이 아티스트 프레임 이벤트는9월 13일 금요일부터 10월 24일 목요일까지진행되고 있는 것으로 보이네요. 좋아하는 아티스트와 함께 특별한 프레임으로 사진을 찍을 수 있는 좋은 기회네요!하루필름 부평점인천광역시 부평구 부평대로32번길 11 1층하루필름 영종도점인천광역시 중구 화랑목로 12하루필름 송도점인천광역시 연수구 송도과학로16번길 13-18 1층 112호하루필름 인천구월점인천광역시 남동구 예술로 126 링크126건물 107호 하루필름,2024.09.15.
475351616,475351616_1,포토이즘에는 아이돌 프레임과 제베원 프레임이 있고  인생네컷 같은 스타일의 사진을 찍을 수 있어요.도움되는 답변이 되셨길 바래요-질문정보 :포토이즘 가서 사진찍고 싶은데 아이돌 프레임도 있나요?그리고 제베원 프레임도 있나요?포토이즘은 인생네컷같은 거 인가요??,2024.09.14.
475351616,475351616_2,포토이즘에는 아이돌과 제주원 프레임이 있고  인생네컷과 비슷한 서비스도 제공합니다.도움되는 답변이 되셨길 바래요-질문정보 :포토이즘 가서 사진찍고 싶은데 아이돌 프레임도 있나요?그리고 제베원 프레임도 있나요?포토이즘은 인생네컷같은 거 인가요??,2024.09.14.
475351616,475351616_3,아이돌 프레임 있습니다! 제베원은 없고 하루필름 가시면 제베원 프레임 새로 나왔어요 인생네컷 종류 맞구지금 포토이즘에 있는 아이돌들은 라이즈 / 투어스 / 엔하이픈 / 더보이즈 현재 등등 되게 많이요!,2024.09.15.
475340394,475340394_1,회종류를 좋아 하신다면 소래포구 어시장에 들어가보세요각종 맛집들이 많이 모여 있습니다...,2024.09.15.
475340394,475340394_2,대게  킹크랩 좋아하시면 소래대게수산  정말 좋아요규모가 어마무시하게 커요,2024.10.22.
475340394,475340394_3,미락육회막국수 본점인천광역시 남동구 논고개로123번길 20 미락육회막국수육회들어간 막국수랑 돼지 수육 맛있어요,2024.09.14.
475339841,475339841_1,인천 논현역 주변에 있는 미락육회막국수를 추천합니다방송에도 나오고 이 주변에서는 유명한 맛집입니다...미락육회막국수 본점인천광역시 남동구 논고개로123번길 20 미락육회막국수인천논현동막국수  미락육회막국수 본점  육회가 올라간 찐 맛있는 막국수 맛집미락육회막국수 본점 ● 시간 : 월요일  수요일 ~ 일요일 AM 11:00 ~ PM 10:00 브레이크 타임 PM 3:0...blog.naver.com,2024.09.15.
475339841,475339841_2,고기집 알려드려요?,2024.09.14.
475339841,475339841_3,미락육회막국수 본점인천광역시 남동구 논고개로123번길 20 미락육회막국수육회들어간 막국수랑 돼지 수육 맛있어요,2024.09.14.
475308420,475308420_1,1. 호텔 카카오-위치: 소래포구역 2번 출구에서 도보로 6분 거리- 특징: 애견 동반이 가능하며  주변에 산책하기 좋은 장소가 많습니다.2. 더 스테이 호텔- 위치: 소래포구역에서 가까운 위치- 특징: 애견과 함께 숙박할 수 있는 객실이 있으며  반려동물 친화적인 서비스 제공3. 송도 센트럴파크 호텔- 위치: 소래포구역에서 차로 약 15분 거리- 특징: 애견 동반이 가능하며  근처에 공원이 있어 산책하기 좋습니다.도움이 되셨길 바래요^^,2024.09.13.
475308420,475308420_2,넘버25 소래포구점인천광역시 남동구 소래역로46번길 28 6~7층반려동물 동반가능한 호텔입니다.,2024.09.14.
475308420,475308420_3,소래포구에서 가까운 월곶에 더휴식이로호텔이 애견동반가능한 호텔이라고 합니다...더휴식 이로호텔 월곶점경기도 시흥시 월곶중앙로70번안길 12 이로호텔,2024.09.15.
475308420,475308420_4,안녕하세요.천만 반려인과 함께하는 애견 동반 여행 플랫폼 하트독 입니다.더스테이 송도 추천해 드립니다.답변이 도움이 되셨다면 채택도 부탁드립니다.,2024.11.05.
475304544,475304544_1,안녕하세요! 보디가드라는 꿈을 가지신 게 정말 멋지네요! 체격도 있고 운동도 하신다니  이미 좋은 준비를 하고 계신 것 같아요.시력이 나쁜 경우에도 보디가드가 될 수는 있습니다. 중요한 것은 시력을 보완할 수 있는 방법을 찾는 거예요. 시력이 나빠도 안경이나 콘택트렌즈를 착용하면 문제가 없을 수 있고  경우에 따라서는 라식이나 라섹 같은 시력 교정 수술을 고려할 수도 있습니다.보디가드는 체력  빠른 판단력  그리고 상황 대처 능력이 중요한 직업이니  시력 외에도 다양한 능력을 길러나가는 것이 좋을 것 같아요.계속 꿈을 향해 나아가시길 응원합니다!,2024.09.14.
475304544,475304544_2,보디가드가 꿈이라면 열심히 해보세요시력이 나쁘다고 결격사유가 아닙니다 운동만 잘해도 가능해요...,2024.09.15.
475302543,475302543_1,어제는 너구리를 못 보았습니다진정한지식인은 챗gpt로 답변을 하지 않습니다...,2024.09.14.
475302543,475302543_2,네 너구리 사진 공유 합니다 (챗gpt로 그린겁니다),2024.09.14.
475252449,475252449_1,황제중국전통마사지로 가보세요...황제중국전통마사지인천광역시 남동구 남동대로 927,2024.09.13.
475230345,475230345_1,오히려 가까운곳이 제일 좋습니다,2024.09.11.
475230345,475230345_2,사람 적은 헬스장은 아무래도 동네에 있는 규모가 작고시설도 오래된곳이 이용하는 사람들이 적습니다 동네주변으로 알아보세요...,2024.09.12.
475227272,475227272_1,처음에 구입한 구입처나 본사 고객센터에연락해서 증상을 말씀하시면 고장여부를 알려 줍니다...,2024.09.12.
475227272,475227272_2,안녕하세요!~인식이 되고있질 않은것으로 보입니다 ㅜㅜ!충격으로 인하여 고장이 났을수도 있으며누수로 인하여 고장이 났을수도 있습니다!as를 받아보셔야 할것 같습니다!,2024.09.13.
475227272,475227272_3,저도 그런형상발생중인데 뭔지모르겠네요ㅕ,2024.10.06.
475196490,475196490_1,서울정신건강의학과의원인천광역시 남동구 인하로489번길 28 로데오프라자21참정신건강의학과의원인천광역시 남동구 인하로 497-5 푸른세상안과건물 13층 참정신과미래정신과의원인천광역시 남동구 성말로13번길 15 메인프라자 309호셋중에 마음에 드는곳을 선택하여 가보시기바랍니다...,2024.09.11.
475167589,475167589_1,올리브백화점 옆에 있는 간석연세이비인후과를 추천합니다...간석연세이비인후과의원인천광역시 남동구 석산로 156 간석래미안자이아파트,2024.09.11.
475166492,475166492_1,송도에 있는 홈플러스 2층에 가면 에비슈라 라고씨푸드뷔페가 있습니다진짜 음식 종류 다양하고 맛있는 곳입니다 한번 가보세요 인천지하철 1호선 테크노파크역2번출구로 나가면 현대아울렛 바로옆에 홈플러스가 있어서 찾기도 쉽습니다...에비슈라인천광역시 연수구 송도국제대로 165 홈플러스 2층송도 에비슈라 평일런치로 씨푸드뷔페 먹은 후기안녕하세요 오늘은 지난번에도 소개해드린적 있는 맛집인 인천 송도 에비슈라 뷔페를 다녀왔어요 지난번엔 ...blog.naver.com,2024.09.11.
475166492,475166492_2,주안역 근처에 '쿠우쿠우'가 있고(인천광역시 미추홀구 주안로 116)   인천에서 쓸 만한 뷔페는 사실 찾기 어렵습니다.https://maps.app.goo.gl/eYMeZTqpqdJQxT2GAQooQoo Juan Station · 116 Juan-ro  Michuhol-gu  Incheon★★★★☆ · Buffet restaurantmaps.app.goo.gl'샤브올데이' (인천광역시 남동구 구월남로 153)  같은 가게는 더러 있는 것으로 보입니다.https://maps.app.goo.gl/L9QHwidmrDDR4dy39샤브올데이 · 153 Guwollam-ro  Namdong-gu  Incheon★★★★★ · Buffet restaurantmaps.app.goo.gl가족 모임이면 차라리 차이나 타운의 중국 요리집을 가세요. 어차피 뷔페에 가도 모든 메뉴를 다 먹지는 않고  1인당 가격도 저렴하지 않아서 전체 비용을 생각한다면 중국 요리를 다양하게 시켜 먹는 편이 더 나을 수도 있습니다.차이나타운에서는 여기를 추천합니다. '신승반점' (인천광역시 중구 차이나타운로44번길 31-3). 이 집이 진짜 원조라고 보면 됩니다. 인천역 바로 맞은편 문으로 들어가 바로 나오는 처음 우측 작은 골목입니다.https://maps.app.goo.gl/TZ2EUsoWujsEN7117Sinseung Banjeom · 31-3 Chinatown-ro 44beon-gil  Jung-gu  Incheon★★★★☆ · Chinese restaurantmaps.app.goo.gl,2024.09.10.
475166492,475166492_3,간석동에서 가까운 뷔페가 궐동에 위치한 애슐리정도 됩니다.애슐리퀸즈 뉴코아 인천점인천광역시 남동구 인하로 485 뉴코아아울렛 9층,2024.09.10.
475157177,475157177_1,왕돈까스를 추천합니다...,2024.09.10.
475157177,475157177_2,수정냉면인천광역시 남동구 용천로17번길 40수정냉면집 냉면 추천합니다.서치하는 거 별로 어렵지 않기 때문에 '구월동 기막힌 점심'이라고 검색하니깐 냉면이 나왔습니다.근데 제가 먹어본 가게인데진짜 냉면 끝내줍니다.참고바랍니다.,2024.09.10.
475157177,475157177_3,설농가의돌솥설렁탕 추천드립니다.,2024.09.10.
475157177,475157177_4,부추삼겹살 구월점여기 점심에 김찌도 추천하고 삼겹살도 맛있습니다,2024.09.10.
475149310,475149310_1,지번 주소 : 인천광역시 남동구 간석동 340-12도로명 주소 : 인천광역시 남동구 석산로 121-25 (간석동)영문 주소 : 121-25 Seoksan-ro  Namdong-gu  Incheon 21550  Rep. of Korea,2024.09.10.
475149310,475149310_2,네이버에서 검색하면 됩니다.참고하세요검색결과 영문주소는121-25  Seoksan-ro  Namdong-gu  Incheon  Republic of Korea,2024.09.10.
475149310,475149310_3,영문표기는Seoksan-ro  Namdong-gu  Incheon 21550  Rep. of Korea 이구요다음보다는 네이버에서 검색하면 바로 나옵니다 어렵지않아요...,2024.09.10.
475136507,475136507_1,카페밤비 2호점입니다현장입장이 가능한지는 직접 가보거나 트위터로 확인해야 알것 같네요...엔믹스 설윤 생일 카페 망원 카페밤비 2호점방문 일자: 2024년 1월 26일 엔믹스 설윤 생일 카페 망원 카페밤비 2호점 안녕하세요. 여행 블로거 춤추는...blog.naver.com,2024.09.10.
475136507,475136507_2,생카는 예약or현장입장으로 나뉩니다플레이브 예준 생카 예약은 윗치폼 사이트에 검색을 통해 하실 수 있으나 이미 거의 다 마감인걸로 알고 있습니다 그래서 홍대쪽 현입이 가능한 생카를 사진으로 몇 곳 알려드릴게요! 트위터에서 검색하셔서 현입 시간 찾아보시는걸 추천드립니다!,2024.09.10.
475136507,475136507_3,X의 Time to Begin Blueming남예준 생일 카페님(@2023_HBD_Yejun)Time to begin Blueming 2024.09.10 ~ 09.12 카페 밤비 2호점(망원)x.com카페밤비 2호점서울특별시 마포구 월드컵로21길 18 1층망원역 2번출구 도보 5분거리이고홍대입구역에서는홍대입구역에서는 도보 30분거리홍대입구역에서 271번 버스 타시면 되구요참고바랍니다.,2024.09.10.
475075006,475075006_1,이삿짐업체에 전화를 해서 직접 견적을 내달라고 하는것이 정확합니다...,2024.09.09.
475075006,475075006_2,안녕하세요!견적은 사다리차 사용 유무  손없는날에 따라 금액이 상이할 수 있습니다.지식인 정책상 견적에대한 자세한 안내   진행하실경우 받아보실 수 있는 혜택 등에 대한자세한 내용을 바로 답변 드리기 어렵기때문에 상담 필요하시다면아래 링크로 문의주시면 자세하게 답변 도와드리겠습니다 :)아정당 이사안전하게  똑똑하게 이사의 새로운 기준  아정당이사pf.kakao.com,2024.09.09.
475053280,475053280_1,가끔 송도에서 잠깐씩 본적이 있었는데요요즘은 통 보이질 않네요 다른동네로 간것이 아닌가 생각됩니다...,2024.09.08.
475032474,475032474_1,남동구 행정구역 변천사인천부 주안면(仁川府 朱雁面  1896)인천부 조동면(仁川府 鳥洞面  1896)인천부 남촌면(仁川府 南村面  1896)↓부천군 다주면 (富川郡 多朱面  1914)부천군 남동면(富川郡 南洞面  1914)↓인천부 (仁川府  1940)↓제물포시 (濟物浦市  1945)↓인천시 남구 (仁川市 南區  1949  1968)↓인천직할시 남구(仁川直轄市 南區  1981)↓인천직할시 남동구(仁川直轄市 南洞區  1988)↓인천광역시 남동구(仁川廣域市 南洞區  1995)남동구는 본래 인천부 주안면 일부와 남촌면 · 조동면의 지역으로  1914년에 부천군에 편입되었다가1940년에 다시 인천부에 편입되었다.1968년에 인천시에 4개구가 설치되면서 남구 관할의 남동출장소로 개편되었다. 그 후1988년에 남구에서 분리하여 신설되었다. 신설 당시 13개 행정동에서 현재는 19개 행정동으로 늘어났다.,2024.09.07.
