﻿doc_id,answer_index,answer,answer_date
477339051,477339051_1,1.우선 아파트  관리 사무소에 문의  소음 민원 신청 합니다2.또한  주변에 위.아래.옆 호수에 전수 조사 합니다그러면 비슷한 경우가 나옵니다3.소리는 애완동물 소리  또는 수도관 수격작용 가능성이 있습니다,2024.11.01.
477189210,477189210_1,안양시에서 만나는것이 좋습니다교통 편하고 먹거리 놀거리 볼거리 많은 지역입니다,2024.10.28.
477189210,477189210_2,1.1호선 안양역  안양 일번지 번화가  추천 합니다2.가장 먼거리 중간 기준 입니다,2024.10.28.
477189210,477189210_3,안양일번가,2024.10.28.
477069465,477069465_1,당진에서 목포까지 저렴하게 가려면 직행 버스를 이용하는 방법이 있어요. 시외버스를 타면 환승 없이 저렴하게 이동할 수 있습니다. 시간대에 따라 버스 요금도 달라지니 미리 확인해보세요!답변이 도움이 되셨다면 채택 한번 꼭 부탁드립니다 :),2024.10.25.
477069465,477069465_2,당진터미널에서 광추터미널 까지 시외버스 이용 하시고광주터미널에서 목포터미널까지 시외버스 이용 하시면 됩니다,2024.10.25.
477065988,477065988_1,그렇습니다.부산-울산-경주-동대구-김천구미-대전-오송-천안아산-광명-서울,2024.10.25.
476971679,476971679_1,출근전용 택시가 있다고 하더라도 광명역에서 화곡역까지 평균적인 편도요금은 2만원대입니다. 출퇴근할 때 왕복 매일 4만원이든다면은 한달 24일 출근한다고 가정하면은 960000원이 듭니다. 약 100만원정도가 택시비로 빠지기때문에 출퇴근으로 택시를 타는것보단 운전면허가 있다면은 자차를 구입하시는게 더 저렴할 거 같습니다.출근전용버스도 당연히 없습니다. 광명역에서 화곡역까지 출퇴근 수요가 많지는 않을 것입니다.길찾기방법대로 갈 수 밖에 없는데광명역5번출구에서 200번 버스를 타고 목동역까지 이동 후목동역에서 5호선으로 환승해서 화곡역까지 간다면은 편도 평균 1시간 정도 걸립니다. 이 방법이 출퇴근 최적입니다. 대중교통이용시 K패스 전용 후불교통카드나 선불교통카드 사용한다면은 사용금액의 20~30% 환급 해주니깐요자차로 이동하는게 아니면은 200번 버스 타고 목동역 환승해서 화곡역 가는 게 가장 최적입니다.,2024.10.24.
476962688,476962688_1,6시15분 이전에는 여유 있습니다...,2024.10.23.
476821635,476821635_1,사용 가능합니다.,2024.10.19.
476690285,476690285_1,안녕하세요 같은 주민이시네요저는 광명사거리 헬스장으로 휘트니스피플 다니고 있어요버정이나 역 근처인 광명사거리 헬스장 찾으신다고 하셨는데여기가 지하철역 바로 앞에 있거든요새벽운동 하고 가기 딱 좋을거에요그리고 여기 광명사거리 헬스장이여성전용 헬스장도 같이 있어서 엄청 넓고 좋습니다여성분이라면 더 괜찮으시겠네요마음에 드는 광명사거리 헬스장 잘 선택하셨으면 좋겠습니다.,2024.10.16.
476439270,476439270_1,예 제생각은  그런것 같습니다. .광명시에는  교통편하고 갈만한 병원이..그나마 최근 중대병원이 광명시에 들어와서 다행입니다.,2024.10.25.
476392192,476392192_1,912m입니다.,2024.10.09.
476357987,476357987_1,광명삭센다  광명당뇨 서울자연의원입니다.서울자연의원경기도 광명시 새빛공원로 67 광명자이타워 a동 330호,2024.10.08.
476356613,476356613_1,광명삭센다  광명당뇨 서울자연의원입니다.서울자연의원경기도 광명시 새빛공원로 67 광명자이타워 a동 330호,2024.10.08.
476355923,476355923_1,광명 삭센다  광명당뇨 서울자연의원입니다.서울자연의원경기도 광명시 새빛공원로 67 광명자이타워 a동 330호,2024.10.08.
476355610,476355610_1,광명 소화불량 병원 서울자연의원입니다.서울자연의원경기도 광명시 새빛공원로 67 광명자이타워 a동 330호,2024.10.08.
476236984,476236984_1,그 근처엔 없을거에요용산-신용산 역 근처에 오세요,2024.10.29.
475707230,475707230_1,09~18월~금그 이전 /이후 시간 방문은 사전에 해당과 직원과 협의 필요,2024.09.23.
475604165,475604165_1,옥길동 교통 개판인데 절대 안오르죠,2024.09.28.
475491772,475491772_1,철산역과 서울을 잇는 다리는 없습니다철산동과 서울시 개봉동을 이어주는 목감교가 아니었을까요 추측해봅니다,2024.09.28.
475279388,475279388_1,막힙니다,2024.09.13.
475279388,475279388_2,차 막힙니다,2024.09.13.
