﻿doc_id,title,question,region_id,views,question_date
477359414,질문광명고등학교 선택과목,경기도 광명시 광명고등학교의 선택과목이 궁금합니다 2학년 전체와 3학년 전체의 선택과목이 궁금해요 2학년과 3학년 둘 다 알려주시면 감사하겠습니다,12090702, 30,2024.11.03
477339051,질문아파트 천장에서 나는 긁는 소리 뭔지 제발 알려주세요,새벽2시 정도 무언가 긁는 소리가 나서커튼을 얼었는데 아무것도 없고 지속적으로 기분나쁜 소리가 나요. 쿵쿵 치거나 커튼을 왔다갔다해보면 소리가 잠시 사라졌다가 다시 나는 것을 보아 뭔가 생명체가 있는 것 같기도 하고 윗층에서 고양이가 바닥을 긁는 것 같기도하도 뭔지 모르겠어요 도와주세요,120907, 38,2024.11.01
477189210,질문서울 수원 광명의 중간은 어디쯤인가요?,약속 장소로 중간쯤에서 만나려고 하는데 어디쯤이 좋을까요?,12090702, 30,2024.10.28
477026076,질문광명시 철산동 타투샵있나요?,철산동쪽 타투샵이있나요~~,12090707, 30,2024.10.25
477069465,질문당진에서 목포까지 저렴하게 가는법,당진에서 광명까지 버스타고 광명에서 목포는 기차타고 가려고 하는데 더 저렴하게 가는 방법 알고 계시면 알려주세요,12090702, 31,2024.10.25
477065988,질문Ktx 부산에서 광명역 가는길 서울역 가기전인가요,Ktx 부산에서 광명역 가는길이면 서울역 바로 전 맞나요?,12090702, 20,2024.10.25
476971679,질문서울 화곡동-광명역 까지 출근,화곡동에서 광명역까지 가야되는데 네이버 지도에 나오는거말고 빨리가는법 있으면 알려주시고요 출근전요버스나 출근전용 택시등 알려주세요,12090702, 31,2024.10.24
476962688,질문석수 광명 오전6시~7시,3001 3002 1-3 버스가 석수역에서 광명역으로 간다고 알고있습니다. 출근시간인 오전6시~7시에 석수~광명 승차 여유있게 가능할까요?!,12090702, 16,2024.10.22
476821635,질문광명 스피돔 벨로드롬,일반인도 사용 가능할까요?? 한번 타보고 싶은데 방법이 있을까요?,12090702, 25,2024.10.19
476690285,질문광명사거리 헬스장 좋은곳 알려주세요!,얼마전 이사왔는데 좋은 광명사거리 헬스장 궁금하네요 운동하는거 워낙 좋아해서 좀 넓은 곳이면 좋겠어요 그리고 새벽 운동하고 출근하기 때문에 버정이나 역 근처인 광명사거리 헬스장으로 추천부탁드립니다 그리고 다녀보신 광명사거리 헬스장이 있다면 후기 남겨주셔도 좋을 것 같아요~,12090702, 57,2024.10.16
476634715,질문광명시 광명 도서관 핸드폰으로 어떻게 열람실 예약하나요,광명도서관 열람실 핸드폰으로도 예약 가능하다는데 방법 좀 알려주세요,120907, 18,2024.10.14
476440660,질문경기도 광명시 철산동212-5 주변 진료 잘 보시는,한의원 있을까요?갑자기 허리에 통증이 있어서요ㅠ,12090707, 20,2024.10.10
476439270,질문광명성애병원은,병을 잘고치는 곳인가요? 아니면 다른 경쟁 병원이 없어서 독점적 지위때문에 잘되는 곳인가요?,120907, 34,2024.10.10
476392192,질문인천 방향 광명터널의,터널 길이는 얼마나 되나요?,12090702, 22,2024.10.09
476369220,질문광명 철산동 학군지는,어디인가요?,12090707, 26,2024.10.08
476357987,질문광명삭센다 어디가 좋을까요?,광명삭센다 어디가 좋은가요?,12090702, 24,2024.10.08
476356613,질문광명삭센다 어디가 좋을까요??,,12090702, 25,2024.10.08
476355923,질문광명 삭센다 병원추천해주세요,,12090702, 23,2024.10.08
476355610,질문광명 소화불량 병원 추천해주세요,,12090702, 24,2024.10.08
476236984,질문안양 광명 주변 군장점,안양역 광명역 주변에 군장점 있나요 ?,12090702, 18,2024.10.05
476210436,질문시 알려주세요 제발요ㅜㅜㅜ,제목은 교향곡?? 뭐 이런 느낌이엿고 내용은 널 위해서는 뭐 피로 쓴 악보 어쩌구.. 내 목숨 어쩌구.. 말해봐 뭘 원해? 뭐 이런 내용 있었는데 너무 궁금해서 이틀간 미친사람처럼 시만 찾고잇어요ㅜㅜㅠ퓨 제발 알려주세요ㅜㅜ,120907, 21,2024.10.04
476024743,질문연람실 지도 광명에 도서관등,기간제인기여?무료 봉사직인가요?,12090702, 25,2024.10.02
476040919,질문겨울날씨에 강에서 물에서 가장 온도가 높은 곳,안녕하세요 여쭤볼 게 있어서 글을 남깁니다! 배스가 따뜻한 곳을 좋아한다고 해서 겨울에 어디서 낚시를 하면 좋을 것 같은지 얘기중에 나온 이야기입니다. 저수지 기준입니다! 저의 생각은 햇빛이 있을 때 얕은 물이 햇빛과 가장 직접적으로 수온의 변화를 줄 수 있을 것 같아 얕은 곳에 배스가 많을 것이라고 얘기했습니다. 저는 위에가 차갑다 아래가 차갑다를 얘기하지 않고 얕은 물에서 햇빛으로 인한 온도 변화가 있을 것 같다고만 이야기 했습니다 하지만 친구는 위에가 가장 차갑다고 얘기를 하고 있고 얼음이 겉에서 부터 어는 이유가 왜 있겠냐면서 말을 하고있는데 저수지 기준 위쪽 물이 따뜻할까요 아래쪽이 따뜻할까요? 혹시 제 의견이 틀린 걸까요??,120907, 21,2024.09.30
475711240,질문경기도 광명시 사시는 분 저 좀 도와주세요ㅠㅠ,제가 정말 사고싶은 인형이 있는데요. 어릴 때 가지고 놀던 거라 구할 수가 없는데 똑같이 생긴 인형이 당근마켓에 있더라구요! 근데 제가 강원고 사람이라 연락을 할 방법이 없어료ㅠㅠ 혹시나 경기도 광명 사시는 분이 계시다면 대신 당근마켓으로 연락해서 번개장터에 올려달라고 부탁해주실 수 있나요ㅠㅠ 제가 정말 찾고있어요ㅠㅠ,120907, 31,2024.09.28
475707230,질문광명시청 몇 시에 여나요?,,12090702, 15,2024.09.23
475604165,질문옥길집값전망,옥길집값 오를까요,12090705, 87,2024.09.20
475491772,질문철산역과 서울을 잇는 오래된 다리 이름,철산역과 서울을 잇는 오래된 다리. 조그마한 그 다리 이름이 뭔가요? 길이가 되게 짧은데 예전에 어르신들이 다리 위에서 장사했다는 그 다리요.,12090707, 24,2024.09.18
475279388,질문인천에서 광명역까지,3002번 버스 타고 가려고 하는데 혹시 내일 오후시간에 차 막히진 않겠죠..?...,12090702, 19,2024.09.12
