﻿doc_id,answer_index,answer,answer_date
477520909,477520909_1,횟 집에서 부탁하면 돈 받고 떠줄수도 있을겁니다.,2024.11.05.
477520909,477520909_2,동네 가까운 횟집으로 가셔서 말씀해보세요수고비를 안받고 그냥 서비스로 해줄수도 있습니다...,2024.11.06
477448580,477448580_1,능주고 분위기가 그렇게 좋은편이 아니라면 그냥 화순고를 선택하세요...,2024.11.04.
477297646,477297646_1,최근에 다녀온 리뷰가 없는걸보니까 폐업한것 같습니다...,2024.10.31.
477297646,477297646_2,전화기가 장기간(?) 꺼져있는거 같아요영업을 안하고 있을 가능성이 커보입니다.네이버는 별관만 나오네요별관이랑 본관이랑 연락처는 같아요,2024.10.31.
477269943,477269943_1,어반아지트를 추천해요...2022.09.23 후기9월 23일-24일 친구 생일 겸 파자마 파티를 하려고 공간을 찾아보던 참에 찾은 부평의 파티룸 어반아지트 ...blog.naver.com,2024.10.30.
477221998,477221998_1,지역주택조합에서 지은 아파트같습니다아파트 분양 관련 문제가 있는지는지역주택조합에 가서 알아 보거나근처 부동산에 가서 문의하면 알려 줄것 같습니다...,2024.10.29.
477221998,477221998_2,청약 당첨이 되었는데경쟁률도 엄청 낮고당첨을 축하드립니다.조합원 어쩌고 저쩌고 하는 얘기가 나오고앞에서 시위를 한다고 하는데삼산대보아파트구역주택재건축정비사업조합 입니다.아마도 조합원들의 일부 불만으로 보입니다.청약 당첨자(분양자)와는 관계 없습니다.혹시 이 아파트 분양 관련 문제가 있는지 알고 싶습니다분양은 정상적으로 청약홈을 통해 이루어진 것입니다.,2024.10.30.
477221998,477221998_3,두산위브센트럴부평 전화번호가 1666-9313입니다. 여기로 직접 문의를 권장 합니다.,2024.10.30.
477221998,477221998_4,시위하고있다는건 반대자들이 있다는건데..정확히는 모르겠지만 알아보시고 지주택이면 하지마세요. 원수한테 추천해주는게 지주택입니다.주민 동의률이 10프로만되도 아마 사업자내고 진행은 할수있는걸로 알고있는데 다 동의를 얻어야 이제 공사를 시작할수 있을걸요..?근데 여기가 몇퍼동의 인지부터 다확인해야하는데 부동산 업계에 계시지않으면 이런것들 잘 알기 어렵습니다.10년동안 안될수도 있는게 지주택입니다. 돈도 더요구하게되구요. 더 요구해도 완공되면 다행이죠..ㅎㅎ정보알아보시다보면 괜찮은곳 정말 많습니다. 차라리 그런 확실한곳으로 하세요.4334 5049 제 담당자분이신데 괜찮은곳 가끔가다 알려주시니까 문자로 물어보세용 ㅋㅋ,2024.10.29.
477180009,477180009_1,모충교에서 일신여고까지 걸어 가려면 아래지도를 참고하세요걸어서 약 25분정도 걸립니다...,2024.10.29.
477180009,477180009_2,모충교 정류장911 842-2 873번 버스 탑승하시고 3정거장 후인신여고 정류장에 하차하시면 됩니다소요시간은 10분 정도 걸립니다모충교 정류장 위치,2024.10.28.
477168999,477168999_1,참고바랍니다...,2024.10.28.
477168965,477168965_1,자동차보험에 가입한 긴급출동서비스를 받으세요전화로 신청하면 시동이 안걸릴때도 와서 시동을 걸어줍니다...,2024.10.28.
477151492,477151492_1,지역자체가 다르니 상권이 같을수는 없어보입니다.,2024.10.27.
477151492,477151492_2,부천과 부평은 가까운 거리라서 하나의 상권처럼 놀것 같네요...,2024.10.28.
477150772,477150772_1,성형외과로 가셔야 될것 같은데요부평에 성형외과는 부평역 주변에 많이 있습니다...비엘클리성형외과의원인천광역시 부평구 경원대로1418번길 6 2층  3층가얼손기학성형외과의원인천광역시 부평구 부평대로20번길 2 가얼손기학성형외과세인트성형외과의원인천광역시 부평구 부평문화로 55 와이디타워 7층부평메트로성형외과의원인천광역시 부평구 광장로 16 부평역사쇼핑몰 6층가나성형외과의원인천광역시 부평구 부평대로32번길 1 3층,2024.10.28.
477122813,477122813_1,"로니로티 부평점인천광역시 부평구 시장로 19 2층 로니로티생일인 친구와 부평에서 특별한 파스타를 찾다가 ""로니로티""라는 곳을 발견했어요. 친구가 파스타를 먹고 싶어 해서 방문했는데  내부 분위기도 좋고 음식도 만족스러웠답니다.""로니로티""는 2층에 위치해 있어서 계단을 이용했는데  생각보다 많아서 오르면서 살짝 운동하는 기분이었지만 내부는 넓고 좌석도 여유로워서 단체로 방문하기에도 편했습니다. 특히 하프 메뉴가 있어서 여러 메뉴를 조금씩 맛볼 수 있었는데  이 점이 정말 마음에 들었어요!저희는 목살 스테이크 샐러드(하프 메뉴)  게살 딥 쉬림프 스파게티(하프 메뉴)  시금치 피자를 주문했어요. 특히 목살 스테이크는 부드럽고 샐러드 소스와 잘 어우러져서 정말 맛있었고  게살 스파게티는 느끼함 없이 로제 파스타 같은 느낌으로 먹기 좋았어요. 시금치 피자는 조금 크고 질긴 감이 있었지만 맛있게 즐길 수 있었답니다.그리고 음식점 화장실도 깔끔하고 따뜻한 히터가 있어 배려를 느낄 수 있었어요. 참고로 브레이크 타임이 오후 3시 30분부터 4시 30분까지니 방문하실 때 유의하시면 좋을 것 같아요!",2024.10.27.
477122813,477122813_2,부평 맛집 현지인 추천 베스트 10 (2024)부평에서 현지인들이 즐겨 찾는 맛집  궁금하시죠? 2024년 최신 부평 맛집 베스트 10을 엄선했습니다. 부평의 숨은 보석 같은 식당들과 인기 있는 식당들을 모두 소개합니다. 현지 주민들의 입맛을 사로잡은 인기 맛집부터 관광객들에게도 유명한 핫플레이스까지  부평의 맛있는 미식 여행을 떠나보세요.   1. 로니로티 부평점     로니로티 부평점은 정통 이탈리아 음식을 맛볼 수 있는 곳으로  파스타와 피자의 다양한 메뉴를 자랑합니다. 깔끔한 인테리어와 아늑한 분위기가 어우러져 편안하게 식사를 즐길 수 있습니다. 신선한 재료를 사용해 요...dbldb.mannerguard.com참고하세요...,2024.10.27.
477090645,477090645_1,파는곳도 있고 안파는곳도 있습니다들어 가기전에 술을 파는지 주인께 물어보세요...,2024.10.26.
477090645,477090645_2,금나라인천광역시 부평구 시장로 36,2024.10.26.
477081022,477081022_1,부개동에 있는 무인카페에서 음료 한잔씩 시키고 1~2시간정도 카공이 나을 거 같아요카페일분 인천부개점인천광역시 부평구 충선로 191 1층 11호24시 J무인카페인천광역시 부평구 수변로107번길 41 1층 24시제이무인카페데이롱 카페 인천부평점인천광역시 부평구 동수로 73 1층,2024.10.26.
477081022,477081022_2,친구나 나의 집에서 하는것이 눈치도 안보이고 마음편하게 할수 있을것 같네요...,2024.10.26.
477074163,477074163_1,네이버 검색으로 찾아보면은 됩니다.,2024.10.25.
477057621,477057621_1,부평깡 시장은인천 부평 시장역 2번 출구쪽 부근  부평깡시장이라고 있고..부평 깡통시장은 부산에 있는겁니다.부산 자갈치 시장 근처가 부평동이고접해 있는 부평 깡통시장 입니다,2024.10.25.
477021188,477021188_1,네  인천 부평구와 경기도 부천시는 서로 가까운 지역이라 기후가 거의 비슷해요. 두 지역 모두 같은 대기권에 속하고  계절 변화나 날씨 패턴도 유사하게 나타납니다. 큰 차이는 없을 거예요!,2024.10.24.
477021188,477021188_2,두 지역이 지리적으로 가까워서 대체로 기후가 비슷하나 요즘 온난화로 인해 같은 동네에서도 어디는 비오고 어디는 안오고 하는 경우가 많아서같다고 보긴 어려울것같습니다.,2024.10.24.
477021188,477021188_3,부평구전역이나 부천시전역에는 기후가 똑같지는 않지만가까운 거리라서 비슷할것으로 보입니다...,2024.10.24.
477017925,477017925_1,기숙사 있는 중학교 현황 참고하세요부산금정구중학교브니엘예술중학교사립부산강서구각종학교(중학)송정중학교공립대구북구중학교대구체육중학교공립대구달서구중학교상원중학교공립대구달성군중학교한울안중학교사립인천강화군중학교삼산승영중학교사립광주북구중학교문흥중학교공립광주광산구중학교광산중학교공립광주남구각종학교(중학)호남삼육중학교사립대전서구각종학교(중학)새소리음악중학교사립울산울주군각종학교(중학)울산고운중학교공립울산울주군중학교서생중학교공립경기수원시중학교창용중학교공립경기부천시중학교소사중학교공립경기안산시중학교안산부곡중학교공립경기안산시중학교원곡중학교공립경기안산시중학교중앙중학교공립경기용인시중학교헌산중학교사립경기군포시중학교군포중학교공립경기평택시중학교안중중학교사립경기화성시중학교두레자연중학교사립경기화성시중학교서신중학교사립경기화성시중학교송산중학교사립경기김포시중학교통진중학교사립경기이천시각종학교(중학)경기새울학교공립경기구리시중학교구리중학교공립강원춘천시중학교가정중학교공립강원강릉시중학교하슬라중학교공립강원강릉시중학교경포중학교공립강원태백시중학교황지중학교공립강원홍천군중학교팔렬중학교사립충북보은군중학교속리산중학교공립충북영동군중학교새너울중학교공립충북진천군각종학교(중학)은여울중학교공립충북괴산군중학교괴산오성중학교공립충북단양군중학교단양소백산중학교공립충남천안시중학교천안봉서중학교공립충남천안시중학교천안계광중학교사립충남보령시중학교한내여자중학교공립충남아산시각종학교(중학)여해학교공립충남금산군중학교부리중학교공립충남논산시중학교강경여자중학교공립충남부여군중학교외산중학교사립충남서천군중학교동강중학교사립충남청양군중학교정산중학교공립충남홍성군중학교광천중학교공립충남예산군중학교대흥중학교사립충남태안군중학교원이중학교공립충남당진시중학교신평중학교사립전북전주시중학교전주근영중학교사립전북군산시중학교회현중학교공립전북정읍시중학교전북동화중학교공립전북남원시중학교용북중학교사립전북김제시중학교동국대학교사범대학부속금산중학교사립전북김제시중학교지평선중학교사립전북완주군중학교화산중학교사립전북완주군중학교전북체육중학교공립전북무주군중학교안성중학교공립전북고창군중학교고창북중학교사립전북고창군중학교영선중학교사립전북부안군중학교백산중학교사립전남여수시중학교화양중학교공립전남순천시중학교한국바둑중학교공립전남광양시각종학교(중학)이음학교공립전남보성군중학교보성복내중학교공립전남보성군중학교용정중학교사립전남강진군중학교청람중학교공립전남무안군중학교망운중학교사립전남무안군중학교전남체육중학교공립전남함평군중학교함평여자중학교공립전남함평군중학교나산실용예술중학교공립전남영광군중학교성지송학중학교사립전남장성군중학교장성백암중학교공립전남신안군중학교비금중학교공립전남신안군중학교신안흑산중학교공립경북포항시중학교대송중학교공립경북김천시중학교지품천중학교공립경북안동시중학교웅부중학교공립경북안동시중학교복주여자중학교공립경북안동시중학교안동중학교공립경북구미시중학교금오중학교공립경북영주시중학교풍기중학교공립경북영천시중학교별빛중학교공립경북영천시각종학교(중학)산자연중학교사립경북영천시각종학교(중학)나무와중학교사립경북상주시중학교상주중학교공립경북의성군중학교경북중부중학교공립경북청송군중학교진성중학교사립경북봉화군중학교청량중학교공립경북울진군중학교울진중학교공립경북울릉군중학교울릉중학교공립경남진주시각종학교(중학)경남꿈키움중학교공립경남진주시중학교선인국제중학교사립경남밀양시중학교미리벌중학교공립경남함안군중학교군북중학교사립경남함안군중학교함성중학교사립경남고성군중학교소가야중학교공립경남남해군중학교상주중학교사립경남남해군중학교해성중학교사립경남남해군중학교꽃내중학교공립경남하동군중학교한다사중학교공립경남산청군중학교산청중학교공립경남함양군중학교안의중학교사립경남거창군중학교거창덕유중학교공립경남합천군중학교대병중학교사립경남합천군중학교묘산중학교사립경남합천군중학교해인중학교사립,2024.10.24.
476902458,476902458_1,인천부평지하상가는 쉬는날이라고 해도인천부평지하상가 전체가 다 쉬는건아니고 구역별로 돌아 가면서 쉽니다그러니까 인천부평지하상가는 거의 쉬는날이 없다고 보면 되구요전체가 다 영업할때 가려면 매주 화요일만 피하면 됩니다...,2024.10.22.
476902458,476902458_2,화요일이 정기 휴무일이고2개의 지하상가뱔로 격주로 쉽니다.,2024.10.21.
476902458,476902458_3,화요일이 정기 휴무일이고2개의 지하상가뱔로 격주로 쉽니다.아래 링크에 지하상가 휴일정보가 있습니다이용시간 및 휴무일 안내 | 인천시설공단 지하도상가>이용 및 임대 안내이용시간 및 휴일안내 이용시간 및 휴일안내 : 구분  주소  이용시간  휴무일  이용문의  비고 구분 주소 이용시간 휴무일 이용문의 비고 동인천 역세권 새동인천 인천...www.insiseol.or.kr,2024.10.21.
476883669,476883669_1,부평구와 남동구 경계에 있는 만월산 만수산추천합니다. 아래 블로그 참고바랍니다만월산 만수산 연결다리가 있는 쉬운 인천 등산코스요번엔 12월에 간 만월산 만수산 코스! 원래 만월산만 가려고 했다가 초큼 아쉬운 + 만수산 연결 다리도 있...m.blog.naver.com,2024.10.21.
476883669,476883669_2,계양산 추천합니다다음이나 네이버에서 -계양산 산스장-이라고 검색해 보면이렇게후기글 블로그글도 많이 있는데그런글 하나 둘 읽다보면 질문자님이 원하는 조건들을 모두 수용할 수 있겠군요궁금증 해결에 참고와 도움이 되었길 바랍니다,2024.10.21.
476883669,476883669_3,부광고 뒷산에 최근에 누가 산스장 만들어놨습니다,2024.10.28.
476883669,476883669_4,인천대공원옆에 있는 거마산이나 소래산을 추천합니다...인천대공원인천광역시 남동구 장수동 산79거마산인천광역시 남동구 장수동 348-14소래산인천광역시 남동구 장수동  산 65-1,2024.10.21.
476834351,476834351_1,네  부흥고등학교  양운고등학교 둘다 합반이 맞아요...,2024.10.20.
476834351,476834351_2,양운고등학교 합반 아닙니다.,2024.10.26.
476834351,476834351_3,양운고 남녀분반 부흥고 합반입니다,2024.10.31.
476795032,476795032_1,부평역앞쪽에 문화의거리나 테마의거리로 가보세요...,2024.10.19.
476795032,476795032_2,부평구청소년수련관인천광역시 부평구 체육관로 76한국만화박물관경기도 부천시 원미구 길주로 1한국만화박물관이탈리아 만화展 대담 및 작가 사인회 ... 한국만화박물관 10/9(수) 한글날 운... 한국만화박물관 10/1(화) 국군의 날... 10월 19일(토) 일정보기 OPEN 10:00 ~ CLOSE 18:00 체험교육 참가비 : 교구별상이 접수기간 : 2022년 1월 1일 ~ 2024년 12월 31일 매직아치 상영기간 : 2024년 4월 12일 ~ 2025년 2월 2일 장르 : 3D 입체영화 요금 : 2 000원 더보기 +www.komacon.kr이 두곳을 활용해서 친구들이랑 즐겨보시는거 추천합니다.,2024.10.19.
476785356,476785356_1,부평역 지하상가에는 주차요금을 지원하는 주차장이 따로 없습니다부평역 역사내에 있는 롯데마트 주차장을 이용하거나 그앞 광장 지하에 있는 지하주차장을 이용하거나아니면 모다아울렛 부평점(예전 롯데백화점)쪽으로 가면 도로에 노상 공영주차장이 있습니다가능하면 지하철이나 대중교통을 이용하세요 특히 주말에는 주차하기가 힘듭니다...,2024.10.18.
476785356,476785356_2,Tmap주차 롯데마트 부평역점 주차장인천광역시 부평구 광장로 16지하상가 가까운곳은 롯데마트 부평역점 주차장 이용을 권장드립니다.롯데마트에 장 볼일 있다면은 롯데마트 부평역점 주차장 이용이 편리할거예요번영로주차장인천광역시 부평구 부평대로 46문화의거리  지하상가 위주로 가신다면은 번영로 주차장이요주말에 만차가능성 있어요,2024.10.19.
476614236,476614236_1,사업개요지원대상 :인천시 거주 19세 ~ 39세 이하 무주택 청년세대주*인천시에 주소를 두거나 인천시로 전입예정인자*세대주 : 세대주 본인  세대주인정자  예비세대주사업기간 :2024. 4. ~ 12. *모집마감완료 됨지원규모 :140명주관기관 :인천시 청년정책담당관운영기관 :인천시 청년정책담당관지원내용(지원내용) 대출한도 1억원 이내 대출금에 대한 이자 지원- (1자녀 이상 가구) 연 3.5% 지원  (그 외 가구) 연 3.0% 지원- 본 사업 전용 협약대출상품으로 대출해야 함(NH농협은행 인천관내 영업점)(대출용도) 전세·보증부월세 주택임차보증금- 대출금은 잔금지급일에 주택소유자(임대인) 계좌로 입금- 신규 전세·보증부월세 계약만 지원하며 지원대상자로 선정되면 추천통보일로부터 3개월 이내 전세·보증부월세 계약 및 대출실행(대출금리) 대출실행일(임대차계약서상 잔금지급일)기준으로 결정- 대출금리는 매일 변동되는 기준금리+가산금리로 결정되므로 대출실행일에 개인별로 최종 결정됨- 본인 부담 대출이자 있을 수 있음지원자격지원연령 :19세 ~ 39세지원조건(소득기준) (본인) 기준 연소득 6천만원 이하  (기혼) 부부합산 연소득 8천만원 이하* 연소득은 세전이며  대출신청일 기준임(자세한 사항은 공고문 참고)(주택기준) 임차보증금 2억5천만원 이하 주택 또는 주거용 오피스텔* 인천시 소재 건축물 대장상 주택으로 전용면적 85㎡이하 주택추가안내 :◎ 1자녀 이상 가구- 자녀는 가족관계증명서상 보증신청일 기준 19세 미만이어야 함- 모든 자녀는 무주택자이어야 함- 부모의 혼인여부  자녀의 인천거주여부  부모와 세대분리 여부와는 무관함◎ 지원금리- 지원금리는 모집 당시 공고문에 명시한 기준에 따르며 당해 대출자에 적용함- 지원금리는 연도별 변동될 수 있으며 변동에 따른 전년도 대출자에 대한 소급적용은 하지 않음◎ 임차보증금- 보증부월세의 경우 월세액을 보증금으로 환산 후 계약보증금과 합하여 2억5천만원 이하여야 함- 전월세전환율은 6.5%이하여야 함(자세한 사항은 공고문 참고)- 무보증 월세는 지원대상 아님※ 은행 및 주택금융공사 심사 결과에 따라 대출한도가 결정되며 대출추천자로 선정되었어도 대출이 되지 않을 수 있음지원제외주거급여수급자(부부합산)주택소유자(부부합산  모든 자녀포함)주택도시기금 대출상품 이용자(신청일 기준)부·모 또는 배우자의 부·모 소유주택을 임대차계약을 체결한 자(또는 하려는 자)기타 사업취지에 부합하지 않는다고 판단하는 경우신청안내신청기간 :2024. 4. 2.(화) 9시 ~ 모집인원 마감까지 *모집마감완료됨신청절차1단계<신청인>온라인 신청(매월 신청분 취합)2단계<인천시>○ 대출추천자 선정○ 대출추천서 발급(매월 10일이내 발표)3단계<신청인>○ 대출상담○ 전세·보증부월세 계약○ 대출신청4단계<은행>대출심사 및 대출실행5단계<인천시>이자 지원제출서류 :행정정보공동이용 사전동의서(배우자 포함)(필수)가족관계증명서(필수)급여명세서(1년미만 재직자인 경우)(선택)사실증명원(신고사실없음  연소득 없는 경우)(선택)선정방법접수번호 순으로 자격조건 확인 후 모집인원내 추천자 선정서류미비 등 보완요구 시 요구일로부터 3일 이내 보완 완료해야 함▸ 기한내 보완이 안될 경우 미선정 조치하며 다음 접수번호 신청자 선정기타안내기타사항(매월 말일까지) 월별 신청분 취합 및 자격검증 실시(매월 10일이내) 전월 추천자 선정 및 결과안내(추천서 발급  NH농협은행 인천관내 영업점 주소·연락처 함께 안내 예정)*예시) 4월 신청자 → 5월10일 이내 결과안내문 의 처 :인천시 청년정책담당관032-440-2889  032-120 참고바랍니다...,2024.10.15.
476614236,476614236_2,인천청년포털인천청년포털  인천유스톡톡youth.incheon.go.kr,2024.10.14.
476575796,476575796_1,네이버부동산에서 검색해서 나오는 금액과실제로 부동산에 가서 알아보는 금액차이가 있습니다관심이 있다면 지식인보다 근처 부동산에서 알아 보는것이 정확합니다...,2024.10.14.
476575796,476575796_2,출처 네이버부동산참고하세요,2024.10.13.
476529592,476529592_1,네이버지도로 확인해보면은 동암부근에 댄스연습실 있고 음악연습실도있네요부평  간석 사이라고 하면은 대략 동암 주의로 확인됩니다.어떤 연습실을 찾으시는지 모르겠지만네이버지도에서 연습실로 검색해서 찾아보시길 권장드립니다.,2024.10.12.
476529592,476529592_2,어떤 연습실인지 모르지만 인천시청역에 가면 무료연습장이 있어요...,2024.10.13.
476449489,476449489_1,네  조금만 더 노력하면 갈수 있을것 같네요...,2024.10.11.
476434174,476434174_1,네  부평구보건소에 가시면 바로옆 건물 별관에 부평정신건강센터가 있습니다물론 무료로 하고 있구요 업무시간은 오전 9시부터 오후 6시까지 입니다...(12시~13시까지 점심시간)부평정신건강복지센터인천광역시 부평구 부흥로 287부평정신건강복지센터 |정신건강재활  증진 사업  정신분열  우울증 등 정신건강 정보  자원봉사 및 후원 안내.www.bpmhc.or.kr,2024.10.10.
476358948,476358948_1,부평 지하상가는 매주 화요일이 휴무가 맞는데요화요일에 지하상가전체가 다 문닫고 쉬는건 아니구요구역별로 돌아 가면서 교대로 쉬기때문에 항상 어느때에 가더라도영업은 합니다 다 문열고 영업을 하는건 화요일만 피하면 됩니다...,2024.10.08.
476358948,476358948_2,격주로 나눠서 휴무이기때문에 전체 휴무는 아닙니다.구분주소이용시간휴무일이용문의비고부평 역세권부평역인천 부평구 부평대로 지하710:00~22:001 3주차 화요일032-523-9991관리법인신부평인천 부평구 부평대로 지하3010:00~22:001 3주차 화요일032-527-0460관리법인부평중앙인천 부평구 시장로 지하1010:00~22:002 4주차 화요일032-523-9992관리법인부평대아인천 부평구 광장로 지하3010:00~22:002 4주차 화요일032-513-4911공단 임시운영,2024.10.08.
476358948,476358948_3,부평지하상가 전체 휴무 아닙니다지하상가별로 휴무일이 다릅니다아래 휴무일 참고 하시기 바랍니다상가명점포수관리면적(㎡)준공일휴무일부평역지하도상가4219 580.6786.09.10매월 1 3주 화요일신부평지하도상가1863 408.2078.08.31매월 1 3주 화요일부평중앙지하도상가2476 164.0289.06.30매월 2 4주 화요일부평대아지하도상가2097 822.0898.11.16매월 2 4주 화요일운영시간은 10:00 ~ 22:00로 동일하다.,2024.10.08.
476356690,476356690_1,"안녕하세요.""친환경 세제 & 무료 하자체크까지!""쾌적한 우리집 입주  '아정당크린'에서 답변 드립니다.입주청소를 앞두고 인천 부평입주청소 업체 중 꼼꼼하고 친절한 곳을 찾고계시는데요~가격도 합리적이고 후기도 좋은 업체는 청소 전문 도구와 천연 세제를 사용하고 소독과 함께 사후 a/s를 제공해드립니다!업체마다 제공해드리는 서비스가 상이하니 여러군데 비교해보시고원하시는 조건에 맞는 업체 선택하시기 바랍니다.지식인운영 정책상 자세한내용을 전달드리기 어렵기 때문에네임카드(프로필)를 클릭하셔서 궁금한 사항 문의주시면친절하게 답변드리겠습니다.",2024.10.14.
476356690,476356690_2,무료견적 봐주는 회사 미소 추천드려요!!다른 곳과는 다르게 바로 무료 견적 요청하고 받을 수 있어서 되게 편했습니다ㅜㅜ기본적인 정보만 추가하자면[예상 견적]평당 10 000원~12 000원9평 이하 : 14만원 ~ 20만원10 ~ 18평 : 18만원 ~ 25만원19평 이상 : 20만원 ~ 32만원29평 이상 : 30만원 ~ 42만원[청소 소요시간]9평 : 2 ~ 3시간10 ~ 36평 : 3 ~ 4시간37 ~ 59평 : 4 ~ 5시간60평 이상 : 5시간 이상https://iryan.kr/t7rpu1nphi이외에 더 필요한 문의 있으시면 여기로 해보세요!!,2024.10.19.
476356690,476356690_3,아래 링크를 참고바랍니다...인천 부평구 입주청소 추천업체인천 부평구의 청소업체 정보가 궁금하신가요? 부평구 청소에 대한 대표업체들을 이글에서 소개해 드리겠습니다.인천 부평구에는 수 많은 청소업체가 있습니다. 그 중에서도 추천할만한 청소업체를 고르는 것에 어려움이 있을 겁니다. 그런 업체들 중에 괜찮은 업체 5개를 찾아보았습니다. 이글을 참고하여 여러분에게 도움이 되는 청소를 선택해 보세요.그럼 업체 소개해 드릴께요.인천 부평구 청소 입주청소 추천업체1. 입주청소입주청소(온다클린 인천 지점)는 인천 전역에 프리미엄 청소 서비스를 제공하는 전문 청소 업체입니다. 이 회사는 고품질 청소 솔루...story-me.tistory.com,2024.10.08.
476354809,476354809_1,유효기간 지난 약 받아주는 약국이 따로 있는건 아니구요그냥 가까운 약국에 가져가면 폐의약품 수거함이 있습니다...,2024.10.08.
476354809,476354809_2,표시한 약국에 폐의약품 수거함 있는 약국내에 있다고 합니다.,2024.10.08.
476347714,476347714_1,인천이 예전에 비하면 많이 안전해졌습니다경찰 순찰차가 수시로 순찰을 돌고 있고 주변에는 cctv도 많이 설치되어 있습니다부평뿐만 아니라 예전에는 여러군데가 위험했다고 하는데요이제는 예전의 인천이 아닙니다 일부 사람들은 인천하면 무조건 위험하다고 하는데요이제는 인천 어느곳이라도 안전합니다...,2024.10.08.
476347714,476347714_2,최대한 사람 많은곳으로 다니면은 괜찮을 거 같은데요그리고 너무 어두운곳보다는 가로등 있고 밝고 도로변으로 다니는것을 추천드립니다.지하상가로해서 부평역2번출구로 나가서 붉은 경로로 이동하시는게 넓은 도로로 사람 좀 다니는 길로 다닐 수 있는 길입니다.그런데... 부평지하상가 새벽시간대는 문 닫혀있어서요너무 늦게까지는 놀지 마시고늦게까지 놀았다면은 새벽시간대라면은 택시 이동이 나을 거 같습니다.멀지 않으니 만원이내 나올거예요,2024.10.08.
476326067,476326067_1,같은 인천이라 시간은 얼마 안 걸리실 것 같네요 ^^인천1호선 타구 공항철도로 갈아타셔서 2터미널까지 오신 다음에무료 셔틀버스 타면 1시간도 안 걸릴 거에요무료 셔틀버스 시간표는 아래 내용 참고하세요인스파이어 아레나 무료 셔틀 버스 시간표 (예약방법  타는곳) - InssaTool인스파이어 아레나 무료 셔틀 버스 시간표와 예약방법  타는곳을 소개합니다. 인스파이어 아레나는 인천 영종도에 위치하고 있어  인천국제공항과 서울 대림역  명동역  경기도 안산  정왕동을 오가는 무료 셔틀버스를 운영 중입니다. 무료 셔틀버스 타는곳과 버스 시간표  유료 셔틀버스 예약방법.inssatool.net,2024.10.16.
476326067,476326067_2,지하철을 이용해서 가려면 인천지하철 부평역에서 계양방면으로 타구요계양역에 내려서 인천공항가는 공항철도로 갈아 타고 인천공항역에 내려서인천공항에서  인스파이어 아레나 가는 무료셔틀버스를 타고 가면 됩니다인스파이어 아레나에서 운행하는 셔틀버스는 032-580-9000(고객센터)에 전화하여타는곳을 문의를 하거나 아래 홈페이지를 참고하세요...INSPIRE Entertainment Resort인스파이어 엔터테인먼트 리조트로 오시는 편리한 방법과 리조트 내 모든 시설물의 위치를 알려드립니다.www.inspirekorea.com,2024.10.08.
476326067,476326067_3,지예타워인천광역시 부평구 경원대로 1362지예타워 근처에서 111번 버스 타고 을왕리해수욕장까지 이동합니다.미소마트인천광역시 중구 용유서로 302을왕리해수욕장 미소마트 앞에서 하차하고 204번 버스로 갈아타면인스파이어아레나까지 이동가능합니다.,2024.10.07.
476326067,476326067_4,인천 부평에서 인스파이어 아레나 가는 법: 부평역 2번 출구로 나와서 도보 10분 거리.제가 드린 답변이 도움되셨길 바래요-말씀하신 질문 :인천 부평쪽에서 인스파이어 아레나 가는 길 자세하게 설명해주세요 ㅠㅠ 처음 가는거라 길 잃을 것 같아서요ㅠ 지하철 있나요??,2024.10.07.
476326067,476326067_5,부평역 정류장 승차1111시간 40분  49개 정류장 이동지하철노선도로드뷰부평시장부평시장역(부평대로우체국)백마장입구부평구청·부평세무서부평구청역삭은다리한국지엠하나아파트두산아파트갈산동아아파트삼산타운1단지삼산사거리브라운스톤.엠코타운아파트광명아파트한림병원계양CGV계양경찰서롯데마트계양점(고용복지센터)안산초등학교(구계산고교)계산역계산동우체국신동양아파트교통연수원부대앞공촌정수장인천서부교육지원청경남아파트공촌사거리우성아파트경서지구입구주물단지LG마그나서부공단입구인천공항T1(3층)인천공항T1(3층)인천공항T1(3층)하얏트호텔국립인천공항검역소무의도입구용유역덕교동한국도심공항터미널남성네고개마시란용유초등학교서릿목용유동행정복지센터신설동늘목비재고개 정류장 환승중구712분  9개 정류장 이동지하철노선도로드뷰선녀바위해수욕장을왕리해수욕장을왕리해수욕장.더위크앤리조트왕산해수욕장(왕산요트경기장)왕산골마을회관입구왕산차고지인스파이어리조트주차장인스파이어리조트 정류장 하차,2024.10.07.
476264696,476264696_1,뮤지엄엘인천광역시 중구 월미로 33 상상플랫폼 1-2F여기서 바라보는 바다도 서해바다 일부인 인천항 일대입니다.굴포천역에서 출발 (7호선) → 부평구청역에서 하차 후 1호선으로 환승부평역에서 1호선을 타고 인천역까지 이동총 예상 소요 시간: 46분입니다.이후 최종 목적지인 목적지 엠엘로 약 493미터 정도 도보로 이동해야 합니다.,2024.10.06.
476220996,476220996_1,부흥오거리 공영주차장의 월정기권은 급지에 따라 3만~10만원입니다...,2024.10.05.
476220996,476220996_2,월정기주차는 안되는 주차장입니다.일주차도 해당이 안되고 시간당  분당 요금이 적용됩니다.2급지로 시간당 1200원입니다. 30분 600원  15분 초과시마다 300원 초과되어서 60분에 1200원입니다.부평구 시설관리공단 홈페이지 내용입니다.,2024.10.05.
476145126,476145126_1,이단이 아니고 건전한 교회입니다.이단이냐고 물으시는 분도 이단이 아닌 걸 알고 있지 않습니까?알지도 못하는 소수의 목사들이 모인 교단(?)에서 공정한 신학적 조사도 하지 않은 채  한 개인의 의견(질문을 한 사람도 이 사람과 관계가 있는 듯)만 듣고 이단이라고 정죄하니 '이단판정'이 참 쉬게 이루어지고 있네요.절차적 문제에 의해 이단으로 몰고 갔다면 사법적 책임을 면하지 어려울 듯 합니다.,2024.10.05.
476145126,476145126_2,"아주 건전한 성령의 역사가 나타나는 정통교회입니다. 제 말이 믿기지 않으면  유튜브에 ""세계로 선민교회"" 치시면 설교 영상이 나옵니다. 독자가 직접 들어 보시면  오직 하나님 말씀만 전하는 신실한 교회라는 것을 금방 알 수 있을 것입니다. 그런데 신천지에서 돈 받은 목사가 자꾸 이상한 짓거리를 하네요.",2024.10.19.
476145126,476145126_3,이단입니다.,2024.10.25.
476145126,476145126_4,부평구 삼산동에 있는 세계로선민교회가 이단교회인지는 가봐야 알것 같네요...,2024.10.03.
476145126,476145126_5,세계로선민교회 음해하는 댓글 다는 사람이 인천제일교회 이흥선 목사 아들 이혜성이라고 하던데요?? 그 아버지에 그 아들이라고 예전에 신천지한테 돈받은 전력이 있습니다 정통교단과 한기총에서 이단 판정 받은적도 몇 번이 있구요 그리고 개혁총회라는 저 곳은 이흥선이 자기가 아는 두세명 목사와 창설한 소규모 단체라고 하네요 총회가 아니라... 안타깝습니다 정말 심판을 받을 것 같네요,2024.10.30.
476053606,476053606_1,LG전자베스트샵 부평점인천광역시 부평구 부흥로 335 LG전자 베스트샵LG전자 베스트샵 부평구청점인천광역시 부평구 길주로 520엘지에서 휴배폰 사업 접으면서 엘지전자베스트샵에서 아이폰 취급합니다. 일부 통신다 적용되는 거외에는 자급제도 판매하는것으로 알고있습니다.부평구에는 부평점과 부평구청점이 있습니다.자급제폰은 상황에 따라서 재고 차이가 있기 때문에 방문전에 베스트샵에 전화로 재고문의하고 가시길 바랍니다.일반 핸드폰매장은 많지만 대부분 자급제 판매하는 곳은 거의 없다고 보시면 됩니다.,2024.10.01.
476053606,476053606_2,부평역 주변이나 부평지하상가에 가면 핸드폰매장이 무지 많이 있습니다가까운 매장으로 가서 문의해 보시기바랍니다...,2024.10.01.
476046686,476046686_1,주변에서 구청에 신고만 안한다면 팔수도 있겠지요가끔 길거리에 보면 할머니들이 채소같은것들을 파는걸 볼때가 있는데요불쌍하다고 생각해서 그런지 신고는 안하더군요구청에서도 신고가 들어오면 단속하러 나가구요 안그러면 단속하러 다니지는 않습니다단속을 떠나서 쪽 팔린다고 생각해서 길거리에서 안팔것 같습니다꼭 길에서 안팔더라도 파는 방법이 여러가지 있습니다스마트폰에 당근마켓  번개장터 등을 이용하여 사진을 찍고 원하는 가격을 올리면 됩니다아니면 네이버 카페 중고나라에 회원가입하고 올려도 됩니다...,2024.10.01.
476046686,476046686_2,"단속반 뜨면 30초 도망…""만원도 못 벌지만"" 돗자리 펼치는 노점상들 - 머니투데이올해 63세인 황영자씨(가명)는 새벽 두시쯤이면 잠에서 깬다. 눈을 감아도 잠은 오지 않는다. 마음엔 걱정뿐이다. 아침이면 장사를 나가야 하지만 오늘도 들이닥칠 단속반 생각에 마음이 답답하다. 황씨는 서울 마포구의 재래시장인 망원시장에서 길 위에 돗자리를 펴고 잡동사니를 판다. 현행법상 이런 장사는 ""노상적치"" 불법이다. 황씨는 ""...news.mt.co.kr노점 자체가 불법입니다.근거 기준은 (출처 : 괴산군청 홈페이지 노상적치물에 대한 기준  타 지자체도 동일합니다.단 약간의 지자체마다 차이는 있을 수 있습니다. 노상적치물 노점 상행위는 불법은 동일합니다)단속 관련 법령도로법 제61조(도로의 점용) 및 제75조(도로에 관한 금지 행위)노점 및 노상적치물 지도단속 현황노점상 단속반 편성:  (2개조 편성)점검기간:  (월 1회 이상)점검지역: 주요 도로 및 시장 상가위반사항: 불법 노상적치물 33건조치사항: 불법 노점상 자진철거 및 지속적인 단속 강화중점 지도 단속 내용교통  보도폭  도시미관 등을 고려하여 단속형평성 유지를 통해 민원 발생 최소화지속적인 설득으로 자율정비 분위기 조성고질적인 위반자는 법에 따라 고발 및 과태료 처분※ 홍보 및 캠페인 전개불법노점상 및 노상적치물 자율정비 안내거리 질서 확립에 협조해주시는 지역 주민 및 상업인에게 감사드립니다. 시가지 불법 노점상 및 노상적치물로 인해 주민 통행과 차량 소통에 지장이 발생하고 있으므로 아래 사항에 협조해주시기 바랍니다.도로 및 상가 앞에 노상적치물을 적치하지 맙시다.도로 및 상가에 시설물  이중 차양  파라솔 등을 설치하지 맙시다.도로 및 인도에서 노점상 행위를 하지 맙시다.도로 및 인도에서 좌판 등을 이용한 영업 행위를 하지 맙시다.도로에서 차량을 이용한 노점상 행위를 하지 맙시다.※ 법적 조치도로법 제97조에 의거하여 2년 이하의 징역 또는 700만 원 이하의 벌금과태료 부과불법 행위자에 대해서는 지속적인 지도 및 행정처분이 이루어질 예정이니 거리질서 확립에 적극적인 협조를 부탁드립니다.",2024.10.01.
476023641,476023641_1,국군의 날 임시공휴일이지만 부평은 쉬지 않습니다...,2024.10.01.
476023641,476023641_2,네 국군의 날은 저번 국무회의때 임시 공휴일로 지정되었습니다. 이 지역뿐만 아니라 대한민국 전체 지역에 포함 됩니다.,2024.09.30.
476023641,476023641_3,국군의 날은 쉰다라고는 애매 합니다. 달력상으로는 빨간날이 아닌데....쉬는 곳도 있고 정상영업하는 곳이 있습니다.,2024.09.30.
475964658,475964658_1,안녕하세요 주안역지하상가에 위치한 에코폰 인천주안점 (구)폰사닷컴 입니다~저희매장은 e음카드로 구매가능하십니다^^또한 인천 주안에서 중고폰최고가 매입 및 다양한 중고폰 판매도 하고 선불폰도 개통해드립니다~이벤트로 유심비없이 4만원에 36300원 요금제 2개월(통화 문자 데이터 60일사용) 개통해드려요~그외 이벤트도 많이 합니다^^문의전화 032-862-1112위치및 기타문의는 밑에 링크로 네이버톡톡 문의 주시면됩니다^^https://map.naver.com/p/entry/place/36952451?placePath=%252Fhome%253Fentry%253Dplt&searchType=place&lng=126.6801030&lat=37.4639380&c=15.00 0 0 0 dh,2024.10.03.
475964658,475964658_2,부평역 중고폰 사고 판매 가능한 소녀폰 인천부평점 추천합니다,2024.09.30.
475986788,475986788_1,더샤인피부과의원이 맞습니다현재 상가건물청소를 끝냈구요 인테리어공사중입니다아마 다음주정도에 오픈할것으로 보입니다...,2024.09.29.
475952707,475952707_1,인천 부평구 부원중학교 반대쪽에 위치한 철도는부평군용철도의 일부인6종합창선입니다. 이 철도는 일제강점기 시기에 군사적 목적을 위해 건설된 군용철도로  군부대 물자 수송을 위해 사용되었습니다.6종합창선 개요경로: 이 노선은 부평역에서 백운역 방향으로 이어지며  미군부대였던캠프마켓을 지나산곡동 제3보급단까지 연결됩니다.역할: 군부대에 필요한 물자를 수송하는 데 사용되었으며  일반인들이 이용할 수 없었던 군용 철도입니다.현재 상태: 대부분 폐선 상태로 남아 있으나  한 달에 한 번 정도 군용열차가 운행된다는 기록이 있습니다. 철로는 여전히 남아 있으며  주변 지역 주민들이 산책로처럼 이용하기도 합니다.부원중학교 반대편 철도의 특징부원중학교 반대쪽으로 보이는 철도는6종합창선의 일부로 캠프마켓부근에서 철로가 이어져 있습니다. 이 구간은 현재 군용열차의 자주 운행이 없는 상태로  폐선과 다름없는 상태지만 철도의 흔적이 여전히 남아 있어 도심 속에서 철도의 이색적인 풍경을 볼 수 있는 곳입니다.이 철도는 인천의 역사적인 군사 철도의 흔적으로  잘 보존되어 있기를 바라는 목소리가 많습니다.,2024.09.29.
475952707,475952707_2,이 철도는 부평역에서 부터 산곡동에 군부대까지연결되어 있는부평군용철도입니다 군부대와 연결된 예민한부분이라서일반인들은 잘 모르는부분입니다 나중에 철거를 하던가아니면 보존을 하던가 할것으로 보입니다...,2024.09.29.
475899528,475899528_1,네  간단한 외출 가능합니다그 입원실에 담당간호사께 이야기를 하고 옷을 갈아 입고 나가면 됩니다...,2024.09.27.
475865088,475865088_1,어떤 카드던 기본적으로 3개월까지는 무이자가 됩니다카드사에 따라서 6개월 또는 9개월도 무이자가 되는데요가기전에 최대한 무이자가 되는 카드를 1577-7177(한길안과병원 대표전화)번으로 문의를 해보세요...,2024.09.27.
475865088,475865088_2,카드사마다 다릅니다. 한길안과병원 결제 가능한 카드마다 다르고 정확한 부분은 한길안과병원 1577-7177로 문의 바랍니다.,2024.09.27.
475843216,475843216_1,7호선  부평구청역에서 인천지하철을 타고 부평역까지 간 다음경인전철 1호선 부평역에서 다시 양주행을 타고 망월사역에 내리면 됩니다...,2024.09.26.
475843216,475843216_2,지하철 1호선 부평역에서  양주행 동두천행 연천행 소요산행 의정부행 전철 탑승하시고망월사역에 하차하시면 됩니다,2024.09.26.
475843216,475843216_3,지하철로 가는 방법은 부평구청역 - 부평역(환승) - 망월사역까지 이동.망월사가 도봉산에 있는 사찰입니다.부평구청역에서 망월사역까지 지하철로 1시간 이내망월사역에서 망월사까지 도보 1시간 36분정도 걸립니다.총 2시간 30분내외 입니다.,2024.09.27.
475843216,475843216_4,7호선 부평구청역에서 인천지하철을 타고 부평역까지 간 다음경인전철 1호선 부평역에서 다시 양주행을 타고 망월사역에 내리면 됩니다...,2024.09.27.
475826354,475826354_1,부평역 앞쪽에 있던 문화예식장은 현재 흔적도 없이 사라졌습니다만약에 아직도 있다면 다시 찾아가서 그때 찍은 비디오가 남아있을지 물어보면 알수가 있는데요문화예식장이 없어졌으니 찾을 길이 없을것 같습니다 지식인이 가지고 있을리도 없고찾기가 힘들것 같습니다 혹시라도 비디오를 찍은 업체를 아신다면 찾을지 모르겠습니다...,2024.09.26.
475826354,475826354_2,현재 예식장이 있지 않고 그 때 영상을 찍었던 촬영자를 찾기도 힘들것입니다. 찾았다고 하더라도 그 영상을 계속 보관하고 가지고 있을지 없을지도 모르는 상황입니다. 결론은 없어진예식장의 촬영물을 20년이상 지난 시점에서 해당 결혼식 영상물을 찾기는 힘들것으로 보입니다.,2024.09.27.
475789701,475789701_1,인천 부개고를 추천합니다...,2024.09.25.
475789701,475789701_2,부흥고 추천합니다부개고 보다는 내신 받기 쉽고 면학 분위기 아주 좋습니다내신 관리 생기부 관리 잘 하여 주고 대학 진학률 높은 학교입니다,2024.09.25.
475780867,475780867_1,운송장번호6864034015698번으로 검색을 해보니경주우체국에 도착하여 이미 배송완료되었다고 합니다...,2024.09.25.
475780867,475780867_2,일반적으로 국내 우체국 택배는 영업일 기준으로 1~3일 내에 도착하는 경우가 많습니다.,2024.09.25.
475710662,475710662_1,일반적인 소화전에 들어가는 호스는 40a 짜리 입니다65a 는 연결송수관 용 입니다,2024.09.23.
475675931,475675931_1,현재 위치인 인천 부평경찰서(부평대로 167번길 43)에서 다음 두 지역이 어떤 방향에 위치하는지 확인해드리겠습니다1. 부평 갈산타운 (갈산동 359):인천 부평경찰서에서 북  동쪽 방향에 위치해 있습니다.2. 부천 신중동 (길주로 270):인천 부평경찰서에서 동쪽 방향에 위치해 있습니다.이사 방향1983년 음력 8월 11일생여성분의 경우  오행의 균형과 각 해의 운세에 따라 적합한 이사 방향이 달라질 수 있습니다. 일반적으로 사주에서 필요한 오행의 기운을 보강하는 방향으로 이사하는 것이 좋습니다.이사할 두 지역(부평 갈산타운과 부천 신중동)은 각각북쪽과동쪽에 위치합니다.동쪽(부천 신중동) 방향은 새로움과 발전을 의미하며  특히 목(木)의 기운이 필요한 경우 적합할 수 있습니다.북쪽(부평 갈산타운) 방향은 차분함과 안정을 상징하는데  수(水)의 기운이 필요할 때 유리할 수 있습니다.이사 날짜이사 날짜는 음력 기준으로 길일을 선택하는 것이 일반적입니다. 생년월일에 따른 운세 분석을 통해 해당 연도에 좋은 기운이 있는 날을 선택하는 것이 좋습니다.2024년에는 음력 3월  6월  9월에 길일이 많이 분포하는데  특히 음력 9월이 안정적이고 기운이 좋은 시기로 알려져 있습니다. 이는 대체로 양력 10월경에 해당할 수 있습니다.자세한 이사 날짜는 사주와 운세의 흐름을 분석한 후 결정할 수 있으므로  전문가의 도움을 받으시면 더 정확한 정보를 얻으실 수 있습니다.(해당 정보는 챗gtp 유료버전으로 작성되었습니다.),2024.09.22.
475675931,475675931_2,사주와 운세는 그야말로 전문가가 해야할 답변인데그져 채택의 욕심만 나서 엉뚱한소리를 하는 챗gpt의 답변이나 하고 정말 무책임한일입니다방향을 알고 싶다면 지도로 검색해보면 바로 알수가 있는일인데요나머지 이사날짜랑.방향이 어디가 좋을지는 사주를 전문으로 하는 철학가를 찾아가서상담을 받는것이 좋습니다 요즘은 이런거 잘 안보고 이사가는 추세라서손없는날만 잘 선택해서 가면 아무 문제가 없을것 같습니다...,2024.09.23.
475534656,475534656_1,부평구는 도시재생뉴딜사업인 ‘지속가능 부평11번가’를 추진하고 있으며 혁신센터는 부평11번가의 핵심 사업 중 하나다. 부평동 65-17 일원에 면적 8천494㎡  지상 19층  지하 3층 규모로 조성하며 푸드플랫폼과 행복주택  공공지원센터  공영주차장 등이 들어선다.출처; 뉴스스텝...,2024.09.19.
475534656,475534656_2,부평혁신센터는 인천시 부평구 부평동에 조성 중인 도시재생 뉴딜사업의 핵심 프로젝트 중 하나입니다. 부평구와 한국토지주택공사(LH)가 공동으로 추진하는 이 센터는 지역 도시재생을 목적으로 하고 있으며  주로 ‘지속가능 부평 11번가’라는 프로젝트의 일환으로 진행됩니다.부평혁신센터는 약 8 494㎡의 부지에 지하 3층  지상 19층 규모로 건설될 예정입니다. 주요 시설로는 푸드 플랫폼  공공지원센터  공공임대주택  공공임대상가 등이 포함되며  이를 통해 원도심을 재생하고 활성화하는 데 목표를 두고 있습니다. 이 공간은 다양한 공공 및 상업적 기능을 집약하여 지역 주민들에게 다양한 혜택을 제공하는 도시재생의 상징적인 장소로 자리 잡을 계획입니다.그러나 최근 LH의 설명에 따르면  지장물 철거 및 건축 공법 관련 착오 등으로 인해 공사 기간이 2025년에서 2027년으로 22개월 연장되었습니다. 이 과정에서 부평 지역 주민들의 민원  특히 인근 초등학교의 소음 문제와 굴포천 생태하천 복원사업과의 연관성도 고려되어  공사 일정에 추가적인 조정이 필요하게 되었습니다.센터가 완성되면 부평 지역의 경제 및 사회적 활성화에 기여할 것으로 기대되고 있지만  공사 기간 연장으로 인한 간접비용 증가 우려도 제기되고 있는 상황입니다.,2024.09.19.
475524196,475524196_1,동인천역 길 건너편에 학생교육문화회관이 있는데요이곳 앞쪽에 동인천 전자상가가 있습니다 이곳에 가져가 보세요헤드셋  음향기기 등등 전자제품을 비교적 저렴한 가격으로수리해 줍니다...동인천전자상가인천광역시 중구 참외전로 110-6동인천역인천광역시 중구 참외전로 121 동인천역(사)학생교육문화회관인천광역시 중구 자유공원로 12 인천학생교육문화회관,2024.09.19.
475524196,475524196_2,구글링을 해서 찾은 업체인데 헤드셋 수리점이라고 나오는데요현재 선 끓어진 것을 수리 가능여부는 직접 확인해보시는것을 권장드립니다.프론티어인천광역시 부평구 신트리로56번길 32 1층,2024.09.19.
475451899,475451899_1,부평대로167번길43(삼익아파트)에서부천 7호선 신중동역방향은 지도로 볼때 동쪽으로 보입니다...삼익아파트인천광역시 부평구 부평대로167번길 43신중동역경기도 부천시 원미구 중동 1242,2024.09.17.
475451899,475451899_2,삼익아파트 (부평대로 167번길 43)에서 경기도 부천 신중동역으로 이동하는 경우  신중동역은 삼익아파트의 동쪽 방향에 위치해 있습니다.,2024.09.17.
475449372,475449372_1,그렇죠,2024.09.17.
475449372,475449372_2,동수역에 내가 갈때마다 엘리베이터 늦게 오고 뭔가 이상해서 난 알지만 이미 눈치챘지만...질문이 뭔지를 모르겠네요...???,2024.09.17.
475443486,475443486_1,부평 한길안과병원은 안과에서는 그래도 꿰 알려진 병원입니다렌즈삽입술은 비교적 간단하고 안전합니다 환자들이 많이 몰려서 예약은 필수입니다...한길안과병원인천광역시 부평구 부평대로 35,2024.09.17.
475375473,475375473_1,네  부평 지하상가는 추석당일 17일에만 쉬고 나머지 연휴기간동안은 영업을 합니다...,2024.09.15.
475375473,475375473_2,2024 부평지하상가 휴무일부평지하상가의 휴무일 안내입니다 부평민자역사  대아  중앙은 2 4주 화요일 신부평 부평역은 1 3주 화요...m.blog.naver.com2024년도 9월 부평역사 쇼핑몰의 정기 휴무일은 24일 (넷째 주 화요일)입니다.추석과 관련된 휴무 조정으로 10일(둘째 주 화요일)에서 17일 (셋째 주 화요일)로 휴무일이 조정되었습니다. 따라서 9월에는 17일과 24일  총 두 번의 휴무가 있습니다. 18일 수요일 추석 연휴 마지막날은 정상영업일입니다.,2024.09.15.
475375473,475375473_3,부평 지하상가는 추석당일 17일에만 쉬고 나머지 연휴기간동안은 영업을 합니다...,2024.09.16.
475367969,475367969_1,제가 알고있기로는 부평구립도서관간에는 갈산에서 빌려서 부평기적으로 반납이 가능할것인데요다만 갈산도서관에서 서창도서관이나 마전도서관으로는 반납이 불가한게 관리주체가 다르기때문에 안됩니다.그런데 저는 남동구민이다보니 남동구립도서관 이용 알아보다가 알게된 내용이고부평구립 홈페이지에 해당 내용이 나오질 않네요내일부터 3일동안 휴관하니 오늘 전화로라도 해당 내용 확인해보시길 권장드립니다,2024.09.15.
475367969,475367969_2,같은 지역에 있는 도서관끼리는 반납이 가능하구요부산도서관이나  제주도에 있는 다른지역 도서관은 안됩니다...,2024.09.15.
475367420,475367420_1,네  부평지하상가는 추석연휴라도 추석당일 17일에만 쉬고나머지 연휴기간동안에는 문열고 영업을 합니다...,2024.09.15.
475367420,475367420_2,네  부평지하상가는 내일(월요일) 추석 연휴에도 운영됩니다. 보통 영업시간은 오전 10시부터 오후 10시까지지만  상점에 따라 다소 차이가 있을 수 있으니  특정 매장을 방문할 계획이 있으시다면 미리 확인하시는 것이 좋습니다. 추석 연휴 당일만 12시 이후 방문을 권장합니다. 추석연휴에도 부평지하상가 운영하니 부평지하상가에서 즐거운 시간 보내시길 바랍니다.,2024.09.15.
475367420,475367420_3,1. 장사를 하는 사람은 명절이이 더 바쁜 대목입니다 쉬는 날이 없습니다.,2024.09.16.
475310654,475310654_1,연휴 기간에도 영업합니다. 성수기철이라 연휴 동안 영업을 계속하며  추석 당일에도 오전 시간을 제외하고 영업을 진행합니다.,2024.09.13.
475310654,475310654_2,부평 지하상가는 추석당일(17일)에만 쉬고나머지 연휴기간동안은 계속 문열고 영업을 합니다...,2024.09.14.
475310654,475310654_3,연휴 기간에도 영업합니다. 성수기철이라 연휴 동안 영업을 계속하며  추석 당일에도 오전 시간을 제외하고 영업을 진행합니다.,2024.09.13.
475292598,475292598_1,가능역 근처에는 코인노래방이 딱! 한군데 있네요...탑코인노래연습장경기도 의정부시 가능로 114,2024.09.13.
475292598,475292598_2,의정부 가능역 인근에 코인노래방 없습니다.네이버지도를 참고바랍니다.,2024.09.14.
475290587,475290587_1,아무래도 부평역 근처가 아닐까요...,2024.09.13.
475290587,475290587_2,인천 부평구에는 빌딩이 많은 지역이 있습니다. 부평구는 인천의 주요 상업 및 주거 지역 중 하나로  특히 부평역 주변과 부평시장 일대는 상업적으로 발달하여 빌딩들이 많이 밀집해 있습니다.부평구의 주요 상업 지역으로는부평역 주변: 상업 시설과 오피스 빌딩이 많으며  교통이 편리해 사람들이 많이 모입니다.부평시장 일대: 상가와 빌딩들이 밀집해 있으며  상업적 중심지로서 활기가 넘칩니다.부평시장도 한화 빌딩부터 부평구청까지 고층  저층 빌딩들이 많이 있습니다.부평대로: 부평대로를 따라 상업용 빌딩들이 많이 들어서 있으며  기업과 사무실이 많습니다.부평역 근처 부평대로 인근 네이버지도 항공뷰입니다보시면은 표시한 부분으로 고층 빌딩들도 많이 있습니다.이 외에도 부평구에는 다양한 빌딩과 상업 시설이 있는 지역이 많아 발전된 인프라를 갖추고 있습니다.,2024.09.14.
475262899,475262899_1,부평 아이즈빌에 디키즈매장이 있었는데요현재 없어진것으로 보입니다 다른 매장으로 바뀐것 같습니다...,2024.09.13.
475262899,475262899_2,아이즈빌아울렛About ISVILL 쇼핑가이드 CGV부평 편의시설 고객센터 1F 패션존 2F 푸드/생활 존 3F CGV부평 티켓박스 4 6F CGV부평 상영관 7F 아이즈빌/CGV부평 사업본부 Support Center 032)270-2000 Store AM 10:30~PM 09:30 Call AM 10:00~PM 06:00   >   쇼핑가이드   >  1F 패션존 1F 패션존 1F 2F 3F 4F/6F 7F 화장실 엘리베이터 에스컬레이터 아래 도면을 클릭하시면 확대이미지를 보실 수 있습니다. 브랜드 동/호수 전화번호 브랜드 동/호수 전화번호www.isvill.co.kr아이즈빌에는 디키즈매장이 없어요,2024.09.12.
475237625,475237625_1,7호선 부천 상동역 4번출구쪽에 있는 서울여성병원을 추천합니다이곳은 병원과 연계된 직영 산후조리원도 있고 시설과 프로그램이 잘되어 있습니다...서울여성병원 산후조리원경기도 부천시 원미구 길주로 84 서울여성병원서울여성병원서울여성병원 부천점  보건복지부 지정  산부인과전문병원  불임  산후조리  내과  건강검진  소아청소년과bucheon.smch.co.kr,2024.09.12.
475112947,475112947_1,부평역앞에 연세정형외과를 추천합니다...연세정형외과의원인천광역시 부평구 경원대로 1409,2024.09.09.
475112947,475112947_2,안녕하세요! 무릎 통증으로 고생이 많으시네요. 운동을 심하게 하다 보면 관절 통증 생길 수도 있습니다. 올바른 운동 자세와 충분한 휴식도 중요하며 가벼운 치료를 진행해도 지속적인 통증이 있다면 전문의 상담이 필요할 수 있습니다.저도 운동에 재미를 붙여서 중량을 높여서 운동을 하다 보니 통증이 생긴 적이 있는데요. 다양한 부평역정형외과를 다녀봤지만 마음에 드는 곳을 찾기가 힘들었어요. 그러다가 정착한 곳이 있는데 시설도 크고 최신식이라 깨끗해서 좋았어요. 의사쌤들도 잘 설명해주시고 직원분들도 매번 친절하시더라구요.부평역정형외과 중에서도 무릎 치료를 전문으로 하는 곳이니 가셔서 정밀 검사와 함께 상담을 받아보시는 것이 좋을 것 같습니다. 빠른 쾌유를 기원합니다!인천더드림병원인천광역시 계양구 계양대로 123 더드림병원,2024.09.09.
475112947,475112947_3,부평 연세백퍼센트병원 추천합니다위치 참고하시기 바랍니다,2024.09.09.
475112947,475112947_4,안녕하세요병원은 접근성 위주로가까운 곳을 선택하셔서꾸준하게 다니는게 중요합니다추가로 읽어보면 도움 될정보 공유드리니 참고 해보세요무릎 관리 진짜 제대로 하고 나서 나았어요+완치 방법 알려드림[BY 건강박사] ※※읽기 전에 말씀드립니다 (본 글은 지극히 개인적인 통증과 경험으로 작성한 글로 읽고 ...m.post.naver.com,2024.09.09.
475073922,475073922_1,현대 5차가 경남2차  3차보다는 역세권(산곡역  부평구청역)이 가깝고 대형마트(롯데마트)도 근처에 자리하고 있습니다.같은 가격에 현대5차가 방이 3개라면 현대5차가 더 나은거 같고자세한것은 직접 현장에 가서 보시는게 판단하기 좋을 거 같습니다.주변 사람들한테 물어보기 애매하시니 근처 부동산 들려서 물어보시고 하면은 판단하기 좋을겁니다.참고로 지식인에 올려도 제대로된 답변 얻으시길 힘들겁니다.직접 발품 팔아야 합니다.앞서 이야기했듯이 현대5차가 산곡역  부평구청역이 가깝고 대형마트인 롯데마트도 인근이기떄문에 경남 2차  3차보다 나은거 같다고 생각이듭니다.,2024.09.08.
475053727,475053727_1,혹시 모르니까032-501-9500(부평 abc마트)에전화하여 있는지를 확인하여 보세요...,2024.09.08.
475053727,475053727_2,아트닷컴 - ABC마트 온라인몰아트닷컴 - ABC마트 온라인몰abcmart.a-rt.com홈페이지에서 검색해보면은 해당 제품 나오지 않습니다.홈페이지에서판매되지 않는다면은 매장에서도 없을것으로 생각됩니다.,2024.09.08.
475030209,475030209_1,위에 계획표에서 보면 9월 17일 셋째주 화요일에만 쉰다고 합니다...,2024.09.08.
475030209,475030209_2,부평역세권 | 인천시설공단 지하도상가>주요 시설안내부평역지하도상가 VR 보기 부평역지하도상가 사진 주소 : 인천광역시 부평구 부평대로 지하7 전화번호 : 032-523-9991 / FAX : 032-522-9990 주업종...www.insiseol.or.kr정기휴무일은 매주 화요일이고 지하상가마다 정기휴무일이 다르고여름휴가는 있는것으로 알고있는데 이부분도 각 지하상가 관리사무소에 문의하시는게 빠르고추석연휴기간에는 화요일 빼고는 정상 영업 합니다.자세한 부분은 걸어둔 링크 시설공단 홈페이지에 각 지하상가 관리사무소 연락처가 있습니다.지하상가 관리사무소로 문의해보시는것을 권장드립니다.,2024.09.07.
475030209,475030209_3,정기휴무일은 매주 화요일이고 지하상가마다 정기휴무일이 다르고여름휴가는 있는것으로 알고있는데 이부분도 각 지하상가 관리사무소에 문의하시는게 빠르고추석연휴기간에는 화요일 빼고는 정상 영업 합니다.자세한 부분은 걸어둔 링크 시설공단 홈페이지에 각 지하상가 관리사무소 연락처가 있습니다.지하상가 관리사무소로 문의해보시는것을 권장드립니다.,2024.09.07.
