﻿doc_id,title,question,region_id,views,question_date
477570738,질문인천 부평구에 있는 맛집 알려주세요,제가 부평구에 사는데 부평구 맞집이 뭔지 궁금해서 썼어요,120408, 17,2024.11.06
477440358,질문연천중 중2여학생 해운대쪽 고등학교 진학 도와주세요!!,제가 생각하는 고등학교는 해강고부흥고양운고입니다 제가 궁금한거는 1.각 학교의 입학 퍼센트 2.각 학교별로 체육복등교가 가능한가요? 3.각 학교별로 매점이 있나요? 4.내신따기 쉬운 순서별로 알려주세요 (여기 제가 아는 선배들이 이쪽 학교에 없어서 정확하게 답변부탁드립니다. 저의 인생이 달려있어요 ㅠ),12040803, 22,2024.11.06
477520909,질문인천 부평 잡은 생선 회떠주는 곳 있을까요,아시는 분 답변바랍니다.,120408, 21,2024.11.05
477448580,질문화순고 능주고 둘중에 어디갈까요,화순고 랑 능주고 중에 어디갈까요 요즘에 능주고 분위기가 그렇게 좋은편은 아니라고 들어서 화순고 갈까 고민중인데 화순고랑 능주고 장단점좀 말해주세요,12040809, 41,2024.11.03
477297646,질문부평 키노 룸카페 아직 영업하나요?,부평 문화의 거리에 있던 룸카페 아직 예전 시설 그대로 영업하나요? 아니면 없어졌나요ㅠㅠ??,12040804, 43,2024.10.31
477269943,질문부평에서 청소년 7명이 갈 수 있는 파티룸 있을까요,크리스마스 있는 주 주말에 갈 예정이고 부평(인천)에서 갈 예정입니다. 7명(여자들만) 갈 예정이에요.,12040804, 22,2024.10.30
477221998,질문두산더위브센트럴 부평  분양 문제 있나요?,청약 당첨이 되었는데 경쟁률도 엄청 낮고 조합원 어쩌고 저쩌고 하는 얘기가 나오고 앞에서 시위를 한다고 하는데 혹시 이 아파트 분양 관련 문제가 있는지 알고 싶습니다,120408, 114,2024.10.29
477195407,질문부평지하상가 렌즈타운,부평지하상가에 렌즈타운 아직 있나요?,12040804, 15,2024.10.28
477180009,질문모충교에서 일신여고,제가 사는 지역은 청주구요. 모충교에서 일신여고까지 갈려고 합니다. 근데 이사온지 얼마안돼서 일신여고를 몰라요. 지도로 검색해보니 걸어서 20여분 걸리는 걸로 나오네요. 이 학교 강당에서 교회 청년부 체육대회를 하는데요. 제가 가구거리라는 간판까지는 알아요. 근데 여기서 어떻게 가야하나요? 좀 자세히 이왕이면 지도 로드뷰로 알려주세요.,12040808, 28,2024.10.28
477168999,질문인천부평지금 출장배터리 하는곳있나요,출장배터리 하는곳 있을까요,120408, 28,2024.10.28
477168965,질문인천부평 지금 출장배터리 서비스 받을수있는곳 읶나뇨 푸,A7 차량인데 혹시 지금 배터리 출장 받을수있을까요,120408, 30,2024.10.28
477151492,질문부천과 부평은 하나의 상권처럼 노나요?...,부천과 부평은 하나의 상권처럼 노나요? 아니면 따로 노나요?,12040804, 21,2024.10.27
477150772,질문인천 부평구 어린이 이마 봉합? 성형 잘아는것,안녕하세요. 인천 부평구에 4살 아이 수술잘하는곳 있을까요? 아시는분 알려주세요 계단올라가다 계단에서 넘어져 이마가 찢어졌는데.. 인천 부평에 병원좀 알려주세요,120408, 23,2024.10.27
477122813,질문부평에 생일파티 할 식당,친구들이랑 모여서 생일파티 하려는데 부평쪽에 괜찮은 곳 있을까용?? 학생이여서 술집은 좀 그래서요 열명 조금 안되게 갈 듯 합니다!! 꼭 부탁드릴게용…,120408, 31,2024.10.26
477090645,질문인천 부평 문화의 거리 분식집들,문화의거리 한복판 분식집들 있잖아요 거기서 술파나요? 안팔면 따로 사가는건 괜찮나요?,12040804, 24,2024.10.26
477081022,질문과외 할만한 도서관이나 이런곳 어디 없을까요?,제가 친구 과외를 해줘야 할 일이 생겼는데 부개동에 친구 과외 해줄만한 곳 어디 없을까요? ㅠ 도서관 열람실에서 하자니 공부하시는 분들이 많아 너무 눈치가 보이고 도서관도 시끄러운 곳이 아니다 보니 과외해주기가 눈치가 보여서 다른 곳 가서 하려고 하는데 돈 없어도 입장 가능 한 스터디카페나 이런곳 없을까요? ㅠ 저랑 친구랑 둘다 아직 학생이고 알바도 아직 못구한 상태여서 돈 없이 입장 가능한 곳이면 좋겠는데 도서관은 조금 눈치가 보여서요 ㅠ 어디 할만한 곳 없을까요?  빠른답변 부탁드립니다.ㅜ,12040803, 38,2024.10.25
477074163,질문pocket turtle 코딩 질문,이름이 정확하진 않은데 저거였던거 같아요 저거 오늘 학교에서 했는데 너무 귀엽고 재밌어서 또 하고 싶은데 최저가로 파는곳 알려주세요! 초록색 거북이로요 그리고 세트로 해주세요오 아 그 눈(무늬)없는거요!! 근데 아무리 찾아도 무늬없는게 없으면 있어도 괜찮아요,12040809, 25,2024.10.25
477057621,질문다른 시장인가요?,부평깡통시장 부평깡시장 전혀 다른 시장인건가요??,120408, 22,2024.10.25
477021188,질문인천부평구전역경기도부천시전역에는 기후가 같나요...,인천부평구전역경기도부천시전역에는 기후가 같나요.,120408, 20,2024.10.24
477017925,질문기숙사 있는 중학교.,일신여자중 세화여자중 중앙여자중 부평여자중 신탄중앙중 원곡중 수일여자중 포항여자중 금천중 제천여자중 천안봉서중 강릉해람중 전주근영중학교 경해여자중학교 대구일중학교 월평중학교 부산여자중학교 경남여자중학교 여기중에서 기숙사 있는 학교 알려주세요,12040808, 73,2024.10.24
476978250,질문인천 명신여고 제대로된 입결,인천 명신여고 최근 입결 (정수/수시 둘다) 아시는 분 알려주세요 제대로 된 명 수로요…. 그 외 쓸데없는 답변은 채택 안합니다!,12040805, 19,2024.10.23
476902458,질문부평지하상가,인천부평지하상가 10월달은 언제쉬나요,120408, 23,2024.10.21
476883669,질문인천 등산 추천,인천 부평쪽 사는데요 등산 할곳 추천좀 부탁드립니다 산스장 있는곳으로요 주에 한번씩은 등산 하고 웨이트 하려고요,12040805, 32,2024.10.20
476834351,질문부흥고등학교양운고등학교 합반인가요,제가 부산부흥고나 양운고에 가고싶은데 남녀공학이잖아요 혹시 둘다 합반인가요,12040803, 72,2024.10.19
476795032,질문중딩 친구들이랑 놀만한 곳,굴포천 역이나 부평역이랑 가까운 곳으로 추천해주세요! 보드게임카페 만화카페 노래방 볼링장 롤러장 옷구경 빼고 좀 신선한 거 없을까요 ㅠ 기간 한정( 축제 ) 같은 거 말고요,12040804, 31,2024.10.18
476785356,질문부평역 지하상가 이용시 주차장 어디를 이용하면 좋을까요,부평역 지하상가에서 옷을 좀 사려고 하는데요..좀 멀리서 가는거라서 차를 이용해서 갈거거든요.. 근처 어디 주차장을 이용하는게 제일 저렴하고 주차도 수월하게 할 수 있을까요? 그리고 지하상가에서 옷을 사면 근처 주차장 주차권이 발급 되기도 하나요? 그리고 주말 아마도 일요일날 갈건데 근처 주차장에 차들이 많아 주차하기 힘들까요?,12040804, 248,2024.10.18
476614236,질문부평구 전입 혜택,부평구에 곧 이사를 앞두고 있는데 20대 무주택 청년입니다! 혹시 부평구로 전입하면 이사비 지원 같은건 없겠죠..? 인천 동구쪽은 있는거 같던데ㅠㅠ,120408, 188,2024.10.14
476575796,질문산곡동 부평캐슬 매매 얼마정도 하나요?,아파트 알아보고 있는데 얼마정도 하나요?? 쓸데없는 답변 신고차단 해요,12040805, 31,2024.10.13
476529592,질문인천 부평이랑 간석 사이 연습실,저랑 친구가 부평이랑 간석에 살아서 부평이랑 간석 사이에서 연습실을 잡고싶어요 연습실 추천 해주세요,120408, 27,2024.10.12
476449489,질문설월여고 내신 90이어도 갈수잇나요ㅠㅠ,정말 인문계 가고 싶은데,12040803, 29,2024.10.10
476434174,질문인천 부평구 정신보건센터,인천 부평구에 무료 정신보건센터가 있나요? 가족이 조현병의심되어 모시고가려고 합니다,120408, 27,2024.10.10
476358948,질문부평 지하상가 매주 화욜마다 전체 휴무맞죠?,제 기억으로는 매주 화요일마다 휴무 일때가 있었는데 맞나요?? 생각해보니 오늘이 화요일이ㅏㄹ..,120408, 574,2024.10.08
476356690,질문인천부평입주청소8371입주청소 추천 업체는?,이번에 입주청소를 맡기려고 하는데요 인천 부평 8371 입주청소 업체 중에서 꼼꼼하고 친절한 곳을 추천해주세요. 가격도 합리적이고 후기도 좋은 업체면 더욱 좋겠습니다. 자세한 정보 공유해 주시면 감사하겠습니다.,120408," 1,552",2024.10.08
476354809,질문오래된약 버리는방법,인천 부평구 일신주공아파트 사는데요 유효기간 지난 약 어디다 버려야되나요 받아주는 약국이 따로있다던데 집근처 약국에다 갖다주나요? 약버리는수집함같은건없나요?,120408, 41,2024.10.08
476347714,질문부평 밤에 다니면 위험할까요,해링턴 플레이스 입주 예정이라 밤까지 문화의 거리에서 놀다가 도보로 집에 오고싶은데 저렇게 오는게 위험할까요? 부평역은 좀 위험하다고 들었는데 그래도 그냥 지나치는건데.. 문화의 거리 부평역 부평역에서 아파트까지 세개로 나눠서 설명해주시면 더 감사하겠습니다,12040804, 44,2024.10.08
476326067,질문인천 부평에서 인스파이어 아레나 가는길,인천 부평쪽에서 인스파이어 아레나 가는 길 자세하게 설명해주세요 ㅠㅠ 처음 가는거라 길 잃을 것 같아서요ㅠ 지하철 있나요??,120408, 102,2024.10.07
476264696,질문굴포천역에서 서해바다 가는방법,얼마나 걸리나요? 시간,12040804, 15,2024.10.06
476220996,질문부평 부흥오거리 공영주차장 이용 가격은?,부평 부흥오거리 공영주차장 이용은 시간당 월이용요금등 얼마인가요? 시간은 ? 카드사용은?,12040804, 26,2024.10.05
476196041,질문인천삼산동빠 추천좀요!,작업하는 아가씨들 없고 그냥 혼자가서 편하게 마실수 있는곳좀 알러주세요,12040806, 21,2024.10.04
476145126,질문세계로선민교회 이단교회인가요?(인천 부평구 삼산동),인천 부평구 삼산동에 있는 세계로선민교회 이단교회인가요?,120408, 522,2024.10.03
476137776,질문부평에 공부못하는 일반고 어딨나요?,거기에서 내신딸려는데,120408, 25,2024.10.03
476053606,질문인천 부평 아이폰16프로128기가,기기만 구매가능한곳 있을까요?,120408, 57,2024.10.01
476046686,질문중고 옷 길에서 팔아도되나요?,집에 안입는 옷들 길에서 팔아도 문제가 없을까오?? 벌금을 물던지 뭐 등등...?,12040804, 46,2024.10.01
476023641,질문부평 내일 쉬나여??,내일 국군의 날 10.01일에 휴무인까요??,12040804, 35,2024.09.30
475964658,질문인천부평지하상가에중고폰사는곳,본거갔기도하고 그래서요,120408, 31,2024.09.30
475986788,질문부평 더샵근처피부과(동암역),부평더샵 그언덕 쪽에 개원예정이라던데 피부과요 이름이뭐고 언제오픈하죠?더샤인인가 현수막쳐잇구,120408, 83,2024.09.29
475952707,질문부원중학교 반대쪽 철도,부원중 반대쪽에 철도가 있는데 그건 뭔가요?,120408, 32,2024.09.28
475899528,질문대전 갤러리성모정형외과 입원외출 가능한가요?,대전갤러리성모정형외과 간단한 외출 가능할까요?,12040804, 37,2024.09.27
475865088,질문부평 한길안과병원 무이자할부 얼마나 되나요??,부평 한길안과 라식센터 무이자할부 몇개월까지 되나요?,12040804, 80,2024.09.26
475843216,질문부평구청역이나 부평역에서 망월사가는 방법좀,부평구청 7호선이나. 부평역에서 .. 의정부시 망월로에 있는 망월사 가는 방법좀 알려주세요. 검색을 하니 한 눈에 보이지 않습니다..,12040804, 45,2024.09.26
475826354,질문1996년 6월30일 부평 문화예식장에서 찍은 비디오,안녕하세요 1996년6월30일 부평 문화예식장에서 결혼한 부부의 딸입니다. 혹시 그때 찍은 비디오가 남아있을지 지식인에 올려봅니다. 돌아가신 외할아버지의 목소리가 유일하게 남아있는 비디오를 찾고 싶어서 남겨봅니다.,12040804, 64,2024.09.25
475789701,질문인천 부개고 부흥고 어디갈까요?,안녕하세요 중3 여학생인데요 인천에 부개고부흥고중 한곳에 진학하고 싶은데 분위기나 내신 따기 더 좋은 곳이 어디일까요..? 찾아봐도 마땅한 정보가 없어서요ㅠㅠ,120408, 109,2024.09.25
475780867,질문부평우체국...,부평우체국6864034015698언제온나요?,120408, 33,2024.09.24
475710662,질문소방호스구매할려고하는데,저희가 가진 호스 사이즈가 이정도인데요 소방호스 몇a를 사야하나요 65a샀는데 너무커서 25a랑 40a랑 헷갈리네요,120408, 23,2024.09.23
475675931,질문부평경찰서에서 갈산동 이사방향,인천.부평경찰서 부평대로167번길43에서 1.부평 갈산타운(갈산동359) 2.부천 신중동(길주로 270) 둘중 한곳 이사예정입니다. 지금 제가 살고있는곳에서 동서남북 방향이 어떻게될까요? 83년 음력8.11일 오전7.30분생 여자 이사날짜랑.방향이 어디가 좋을지 문의드려요,12040801, 31,2024.09.22
475534656,질문2025 부평혁신센터,2025 예정인 부평혁신센터는 정확히 무얼하는곳인가요?,120408, 34,2024.09.19
475524196,질문인천 부평에 헤드셋 수리 가능한 곳 있을까요?,레이저 헤드셋인데 고양이가 연결선을 씹어놔서요. 산 지 일주일밖에 안 된 건데..ㅠㅠ 레이저는 짜증나게 A/S가 수리는 안 되고 과실없는 경우에만 교환된다고 해서 사설 수리 업체 찾고 있는데 검색해도 잘 안 나와서 질문 올려요. 십만원주고 산 건데 새로 사기도 그렇고.. 부평에 좀 괜찮은 수리 업체 없을까요?ㅠㅠ 속상하네요 정말...ㅠㅠ 부평에 없으면 택배 수리 가능한 곳 알려주시면 좋겠어요..ㅠㅠ,120408, 94,2024.09.19
475451899,질문부평구청에서 신중동은 방향이 어떻게되나요?,인천.부평구청쪽 삼익아파트 (부평대로167번길43)에서 경기도 부천 신중동역쪽으로 이사예정인데 동서남북으로 위치가 어떻게될까요? 남쪽.북쪽으로는 안좋다고해서..,120408, 20,2024.09.17
475449372,질문동수역에 내가...,동수역에 내가 갈때마다 엘리베이터 늦게 오고 뭔가 이상해서 난 알지만 이미 눈치챘지만,120408, 29,2024.09.17
475443486,질문인천 부평한길안과 괜찮나요?,렌즈삽입술 받으려고 하는데 인천 부평한길안과 괜찮나여?,120408, 557,2024.09.17
475375473,질문9/18 부평 지하상가 운영하나요?,9월 18일에 부평 지하상가 운영하나요?,12040804, 95,2024.09.15
475367969,질문어.. 이거 가능한가요..?,갈산 도서관 책 부평 기적의 도서관에 반납 가능한가요? 이건 순수 궁금증인데 인천 도서를 부산 도서관에도 반납이 되나요? 제주도도 가능한가요?,12040801, 29,2024.09.15
475367420,질문내일 부평지하상가 휴무..?,부평지하상가 추석연휴인데 내일 월요일에도 여나요..??,12040804," 2,596",2024.09.15
475310654,질문부평 지하상가 쉬나요,9/14 토요일 9/15 일요일 부평 지하상가 문 여나요??? 추석 전이라 문 닫진 않을까요ㅠㅠㅠ 아시는 분 빠른 답변 부탁드려요ㅠㅠㅠ,120408, 173,2024.09.13
475292598,질문가능역 근처 코인 노래방 있나요?,가능역 근처에 시설 좋은 코인 노래방 추천해주세요. 이왕이면 시설이 깨끗하고 사람이 별로 안많은 곳이면 좋겠어요. 너무 오래된 곳 말고 오픈한지 얼마 안된곳이면 더 좋을 것 같아요.,12040804, 40,2024.09.13
475290587,질문인천부평구전역에도 빌딩이 많은곳이 있나요...,인천부평구전역에도 빌딩이 많은곳이 있나요.,120408, 24,2024.09.13
475262899,질문부평 아이즈빌에 디키즈매장 없어졌나요?,,12040804, 35,2024.09.12
475237625,질문인천 부평 산부인과 산후조리원 추천 해주세요!...,인천 부평 산부인과 산후조리원 추천 해주세요! 병원이랑 연계되어 있는곳이면 더욱 좋을 것 같고 따로따로 여도 상관없습니다!,120408, 77,2024.09.12
475112947,질문부평역정형외과 무릎 통증 전문 알려주세요,안녕하세요. 요즘 계단 오를 일이 많아서 그런지 무릎에 통증이 생겼습니다. 원래 부상은 없었지만 최근에 불편함을 느껴서 부평역정형외과를 알아보고 있습니다. 무릎 전문으로 잘 보는 부평역정형외과로 알려주시면 좋겠어요. 유명하고 시설 괜찮은 곳 있으면 추천 부탁드립니다!,12040804, 59,2024.09.09
475073922,질문인천 부평구 산곡동 경남vs현대5차?,이사 계획중인데 세가족이에요! 아이는 18개월이고요~! 전용면적 59로 매매 알아보는중인데 자금에 맞는 아파트는 산곡동 경남23차 산곡현대5차 둘중 고민인데 앞으로 10년 이상은 거주할 생각이에요 경남은 방2화1이고 현대는 방3화1/복도식 입니당 추후 부동산 시세나 투자에도 도움되는 곳이면 좋겠는데 어디가 나을까요?!,120408, 34,2024.09.08
475053727,질문부평 abc마트...,부평 abc마트에서 에어포스 올백 판매 하나요??,120408, 35,2024.09.08
475030209,질문올해 추석연휴 부평지하상가 휴무일이 어떻게 되나요?,24년 올해 추석연휴 부평지하상가 휴무일이 어떻게 되는지 궁금합니다.,12040804, 777,2024.09.07
