﻿doc_id,title,question,region_id,views,question_date
477579296,질문아울렛에서 물건 잃어버림,가산디지털센터 아울렛에서 신발과 헤드셋을 잃어버렸는데 그 두개 가격이 합해서 40만원입니다. 영화를 보고 잃어버렸는데 고가라 찾고 싶어요ㅠㅠ 가봤던곳 다 가봣는데 없더라고요.. 영화관측에 시시티비 혹시 못보냐고 했는데 경찰 대동해야 가능하다고 합니다. 찾으면 연락 달라고 했는데 하루이틀 지나고도 없으면 경찰에 신고해서 시시티비 돌려봐도 될까요? ㅠㅠ 경찰에는 뭐라고 신고해야 시시티비 보러 대동할까요…?,12012201, 11,2024.11.06
477575523,질문파일회사 문의 애플파일 케이디스크 파일썬 파일조 파일몽,파일회사 문의 애플파일 케이디스크 파일썬 파일조 파일몽 비공개 조회수 1 작성일 방금 파일회사 문의 애플파일 케이디스크 파일썬 파일조 파일몽말고 딴회사 잇나영? 서로 관련 X 갈만 영화회사죠 고수만 파일공유 P2P,12012201, 17,2024.11.06
477362996,질문시흥능곡고,커트라인 안되면 못들어가나요? 특별전형이라거나 뺑뺑이라거나 하는걸로도?,12012203, 25,2024.11.06
477470811,질문시흥 기와집 짜장면 (2000년대 초반)이름,옛날에 시흥에 살 때 물왕저수지 지나서 가정집을 개조한 것 같은 짜장면집이 있었는데요 마당에 주차하고 들어가는.. 그게 나중에 한양대에리카쪽으로 이사를 갔는데 식당 이름이 뭐였을까요 기억이 안나서리,12012203, 26,2024.11.05
477521555,질문시흥 서해고 기숙사,지금 중3이거든요? 근데 제가 사정이 있어서 이사를 가야 할 것 같은데 학교는 서해고로 진학 예정이었거든요.. 이사가서도 서해고 기숙사 들어갈 수 있나요? 지금 가내신은 193입니다 혹시 이제는 기숙사 운영을 안 하나요?,12012203, 23,2024.11.05
477469681,질문디지털단지 출근하기 좋은 지역,안녕하세요 월세로 집 구해야 하는데 가산 디지털단지로 출근하기 좋은 지역이 있을까요?? 가능하면 월세 싼 곳으로 원해서 경기권 중에 싼 곳이 어디일까요,12012201, 29,2024.11.04
477362659,질문시흥능곡고 못가죠?,내신이 125나왔는대 못가죠? 특별전형같은거는 있나요 뺑뺑이도 답없나요?,12012203, 18,2024.11.01
477359126,질문가산디지털단지역에서 킨텍스제2전시장까지 가는 거리,제가 몇주뒤 금요일에 가산디지털단지역에서 킨텍스 제2전시장 9번홀에 가야하는데 5시쯤에 출발하면 대중교통 이용한다치면 얼마나걸리나요? 일단 안되면 대화역에서 걸어갈생각이긴한데 지도앱으론 버스가얼마나 막히는지는 몰라서말이죠 ㅠㅠ 보니중간에 급행버스하나있던데 엄청막힐거같아서요. 평소퇴근길이 그코스시면 알려주셔도좋아요,12012201, 28,2024.11.01
477303563,질문은행고139면갈수있나요,중학교3학년인데 이제 12월6일 원서를쓰는데 소래고랑 은행고를결정을해야하는데그래서 부모님은 아무데나 가라고하시는데 은행고는 선생님말로는 인원이꽉차가지고못갈수도있다고하셔서 소래고는내신컷어떻고 은행고도내신컷좀알려주세요.,12012203, 26,2024.10.31
477245461,질문안산 시흥 길거리 야매틴팅 썬팅집 있을까요 가격저렴한곳,가격 엄청싼곳 찾아봐요 똥차라 안에만 안보이게만 하면되요,12012203, 32,2024.10.29
477071033,질문이곳이 시흥 어느지역 공사장 일까요?,시흥 어느지역인지 궁금해서 지식에 올립니다. 배경에 보면은 수리산도 보이는것 같고요.. 아래사진 보면은 하우스 같기도 하고 높이가 적어도 3~4층 높이 정도 되어 보이네요. 국기 게양기도 있고요.. 아시는분 계시면은 답변 부탁 드립니다.,12012203, 43,2024.10.27
477102681,질문사마귀 버스에 탔을때 ?,사마귀가 버스에 탔는데 저한테 오고 았어요 제발 방법좀 알려주세요 뭉개면 기사님한테 혼날거같아요,12012203, 25,2024.10.26
476835297,질문시흥에 이선낚시터라고 있는데 전화번호 아는분계신가요??,아시는분 그 정문에있는 번호 캡처한 사진부탁드립니다,12012203, 20,2024.10.19
476813687,질문시흥능곡 6501 버스,이사를 가게 되어 시흥능곡에서 청담까지 출퇴근 하게 되었는데 6501버스가 사당역까지 가더라구요 이거 7시30분쯤 탄다고 가정했을때 사당역까지 얼마나 걸리나요? 카카오맵이나 네이버경로 말고 직접 타보신분 계신가요ㅠㅠ 출근시간은 많이 막혀서 소요시간이 다를 것 같아서요,12012203, 30,2024.10.19
476809390,질문안산갯골생태공원가는법,안녕하세요. 여긴안산입니다 시흥갯골생태공윈 가려며 어떠게가요 여긴안산상록수입니다. 버스전철타나요 감사합니다,12012203, 32,2024.10.19
476714577,질문가산디지털단지역 포장마차 운영,가산디지털단지역 주변에 포장마차가 있다고하던데 아직운영하나요~? 위치는 어디쯤일까요???,12012201, 99,2024.10.16
476653723,질문시흥 피부과 다시봄날의원 시흥 어디에 있나요?,시흥 피부과 다시봄날의원 시흥점 방문하려고 하는데 어디에 있는지 알 수 있을까요? 이번에 방문할 때는 자동차를 끌고 갈 수가 없어서 지하철로 가려고 하는데 어느 역에 내려서 가야 편한지 자세히 알려주시면 감사하겠습니다.,12012203, 21,2024.10.15
476559494,질문1호선 첫차 시간,명학에서 광운대행 첫차시간이 몇시쯤인가요,120122, 30,2024.10.13
476458554,질문시흥 송도 사이 놀 곳,시흥이랑 송도 사이에 놀러 갈곳 추천해주세려,12012203, 37,2024.10.10
476449722,질문창동역 -> 가산디지털단지역 출퇴근 관련문의,7:50~08:00시 쯤 타다 지옥철로 인하여 무릎이 너무 아픈데요... 지하철 조금이나마 앉아 가는 방법 없을까요? 가끔 보니 창동역이나 노원에서 출발하는거 타면 된다는데,12012201, 30,2024.10.10
476358726,질문시흥에 있는 유택솔루션1공장,혹시 정보좀 있을까요? 급여일은 언제인지 알수 있나요?,12012203, 26,2024.10.08
476355985,질문금천구 리인 한의원 공휴일에도 하나요?,최근 회사일이 바빠지면서 일을 많이 해서 그런지 양쪽 어깨 통증이 심해졌습니다. 평일에는 시간 내기가 어려워서 내일 가보려고 하는데 금천구 리인 한의원 혹시 공휴일에도 운영하나요?,120122, 19,2024.10.08
476319957,질문가산 정형외과 서울에스마취 어떤가요?,최근 발을 접질러서 정형외과를 알아보고 있습니다. 가산에 정형외과를 알아보니 서울에스마취가 있다는데 후기를 볼 수 있는 곳이 있을까요? 아시는 분 계시면 알려주시면 감사하겠습니다.,12012201, 20,2024.10.07
476284012,질문어디인지 알수있을까요?...,어디인지 알수있을까요?,120122, 33,2024.10.06
476277375,질문독산역에서 출근하신 분 계신가요?,퇴근 시간때 열차 오래 기다려야 하는지 알고 싶습니다..,12012202, 22,2024.10.06
476134739,질문가산디지털단지 회사 퇴근이 원래 늘 다른가요,회사 출퇴근이 10-17시인데 새벽3-4시까지 퇴근 안시키는 회사도 있나요,12012201, 75,2024.10.03
475938316,질문꿈 해몽 좀 해주세요,무슨 꿈인지 좀 알려주세요 앞부분이 자세히는 기억이 안나는데 제가 평소에도 아빠랑 사이가 안 좋은데 무슨 일이 생기고 엄마가 같이 가자고 해서 제가 싫다고 버티니까 아빠한테 전화하길래 죽을거라고 소리 지르고 도망쳤어요 뛰는데 몸이 너무 무겁고 달리는 도중에 무슨 넝쿨 같은 거에 왼쪽 팔이 잡혔는데 정확히는 팔 자체보단 제가 입고 있던 패딩이 잡힌 거 같았어요 근데 잡힌건 패딩인데 제 팔이 너무 아프고 잘 안 풀려서 입고 있던 패딩을 찢었어요 뒤에서는 엄마랑 사촌 언니랑 사촌동생 2명이 걸어오고 있고 너무 힘들어서 어떤 건물로 들어갔는데 완전 미로 같은 곳이었어요 계단이 엄청 복잡하고 건물 내부는 약간 해리포터에 나오는 곳처럼 생겼었어여 막 여기저기 다니다가 거기에 있던 어떤 여자를 따라서 건물 밖으로 나갔어요 얘기 들어보니까 거기 다니는 학생? 같던데 악기 다루는 것 같았고 엄청 예뻤어요 그 사람 따라서 건물 밖으로 나가니까 제가 지금 다니고 있는 고등학교가 보였고 고등학교로 들어갔다가 결국 제가 자진해서 잡혔어요 써놓고 보니까 그냥 개꿈 같은데 제가 평소에도 누구한테 쫓기는 꿈을 좀 많이 꿔서 의미가 있나 싶어서 질문합니다,12012203, 34,2024.09.28
475819556,질문광명역 회송행 뜻..,제가 회사가 가산디지털단지역이라 평소처럼 탔는데 광명역까지 왔어요..2~3정거장 밖에 안왔는데.. 근데 알고보니 kts 광명역? 막차 였던거죠..그래서 부랴부랴 내렸는데 반대로 가는 길은 없고 죄다 kts 기차들 뿐이라 몇시분간 돌아다니다가 영등포행을 찾아서 금천구청에서 내려서 다시 석수역 방면? 그쪽으로 가려는데 회송행이라 뜨는데 이게뭐죠??? 무정차로 그냥 바로 영등포역에서만 정차한단 소리인가요?? 참고로 용인 살고 서울생활은 처음이라 너무 당황스럽고 무서워요..살려주새요ㅜㅜ,12012201, 436,2024.09.25
475802226,질문시흥 정형외과 야간진료 하는곳 어디인가요?,지금 어깨가 많이 아파서 치료를 받으려고 하는데 수술이나 그런 건 못해서 통원진료를 하려고하는데 저녁시간만 가능해서요 혹시 야간 진료가능한 괜찮은 정형외과 추천부탁드립니다.,12012203, 23,2024.09.25
475796366,질문가산디지털단지에서 제일 가까운 국립대는...,가산디지털단지에서 제일 가까운 국립대는 어디인가요?,12012201, 22,2024.09.25
475788740,질문가산디지털단지역 토익학원,여기 근처에는 토익학원 없나요…,12012201, 23,2024.09.25
475784259,질문금천구 쪽 오피스텔 자취,금천구청 쪽 근처 오피스텔에서 자취를 원하는데 직방을 보다보니 500/40정도나 500/50정도가 많던데 시세가 원래 이정도하는건가요? 마포쪽이나 그런쪽은 훨씬 비싸던데 금천구 쪽만 저렴해서 문의해봅니다,120122, 62,2024.09.24
475767874,질문가산디지털단지역 부근 구내식당 한식부페 문의요,가산디지털단지역 부근에 있는 구내식당 한식부페 중에 15시~16시 30분 사이에 영업 하는 곳이 있을까요? 대부분 14시에 영업 종료이거나 브레이크 타임이더라구요ㅜ 아니면 백반 같이 배달 해주는 곳이 있을까요?,12012201, 69,2024.09.24
475561037,질문가산디지털단지역이나 독산역에 에어로빅이나 댄스 학원이요,혹시 새벽반운동이 있을까요? 아이가 있어 저녁은 쉽지 않아서여~ 출근시간이8시반까지라 그전에 하는곳있나요?,12012201, 40,2024.09.21
475492732,질문시흥사람들. 이제 부자 되었나요,시화방조제 타지역 사람들 얼신도 못하게 쫓아내더니 큰돈 묵었나요,12012203, 20,2024.09.18
475473910,질문가산디지털단지역 놀거리,학생 남녀 단둘이서 가산디지털역 근처에서 시간 보내면서 놀거리 좀 알려주세요 ㅠㅠㅠㅠㅠ 진짜 급해요 ㅠㅠㅠㅠㅠㅠ 밥 먹고 카페가고 인생네컷 정도는 찍을거 같은데 그 뒤로 뭐해야될지도 모르겠구 인생네컷은 어디에 있는지도 모르겠구 ㅠㅠㅠㅠ 코스 좀 짜주세요 제발제발 ㅠㅠㅠ,120122, 191,2024.09.17
475213527,질문독산 오피스텔 추천해 주실 분 있나요?,안녕하세요 자취를 준비하고 있는 직장인입니다. 거주지는 독산동 쪽이며 오피스텔을 알아보고 있는데 안전한 곳이면 좋을 것 같습니다. 혹시 추천 가능한 오피스텔 있을까요?,12012202, 19,2024.09.11
475205179,질문금천ic 오토바이 통과,금천 ic 오토바이 통과될까요?? 관악산역에서 출발해서 금천ic로 나올예정입니다,120122, 17,2024.09.11
475053329,질문사진으로 지역과 동네 어디인지 알수 있을까요?,사진상 지역과 동네 알수 있을까요? 경남권 바다근교 동네 어디일까요?,120122, 33,2024.09.08
