﻿doc_id,answer_index,answer,answer_date
477443739,477443739_1,달따러가자충청북도 청주시 흥덕구 오송읍 오송생명3로 65-24 1층 101  102호오송 횟집은 오송읍 연제리의 달따러가자가 무난합니다.,2024.11.04.
477431266,477431266_1,편의점에 ATM 기기 있습니다.,2024.11.03.
477431266,477431266_2,오송역에 우리은행 ATM기계가 있습니다.,2024.11.04.
477386241,477386241_1,충청대학교충청북도 청주시 흥덕구 강내면 월곡길 38 충청대학오송에서 가가운 곳은 충청대학교부근 월곡리가 무난합니다.,2024.11.02.
477065337,477065337_1,홍홍대패 오창점충청북도 청주시 청원구 오창읍 중심상업2로 9-38 1층 105호  106호홍홍대패주차장은 3 4층 건물 주차장 이용이 가능합니다.,2024.10.25.
477000619,477000619_1,거기 생긴지 이제 한달 되지 않았나요?그 학원은 모르겠고 거기 원장님이 제 친구 봐주셨거든요.상담 잘 해주시고 생기부도 잘 봐주신데요.특히 세특보고서 주제를 잘 설정해 주신데요.친구는 한학기 받다가 멀어서 다른 학원 다녔는데 결과가 ㅂㄹ라 다시 그 원장님 찾아 간다고 하더라구요건너 아는 언니도 거기 원장님한테 컨설팅 받았는데 내신 5등급이었거든요근데 2등급인 학교 이번에 1차 합격했다고 해서 저도 거기로 가려구요직접 겪은 건 아니지만 아는 후기는 다 알려드렸습니다.화이팅하세요.,2024.10.23.
476934465,476934465_1,조금 멀긴한데 그래도 괜찮을 듯싶네요! ^^,2024.10.22.
476934465,476934465_2,공부하시려면 보건대 옆에 원룸얻어놓고 공부하셔야!율량동에서 보건대까지 버스타고 등하교는 거의 녹 다운 될듯.,2024.10.25.
476699471,476699471_1,CT는 보통 위 아래로 한 번씩은 왔다갔다 하면서 촬영합니당더 정확하게 보기 위해서 다양한 각도로 찍어요,2024.10.16.
476699471,476699471_2,한번은 소량의 방사선으로 플랜을 짜는 영상을 검사하고요. 조영제 안들어가는 검사 & 조영제 들어가는 검사. 최소 2번 ~ 3번까지 검사하는건 정상입니다.검사 횟수는 숨들여마시고 참으세요 횟수로 생각하시면 됩니다.,2024.10.16.
476690496,476690496_1,최근에 가본적이 없어서 정확한 가격은 모르겠네요043-238-2228(오송농협하나로마트)번으로 전화해서 물어보면 될것 같습니다...하나로마트 오송농협의료단점충청북도 청주시 흥덕구 오송읍 오송생명로 206-7,2024.10.16.
476628991,476628991_1,F15와 KF21은KF21의 시험 비행을 마치고 실전배치가 되면 스텔스를 장착한 KF21이 우월합니다.,2024.10.15.
476557989,476557989_1,아니요..여성징병제를 한다면 최장 2년..보통 1년 반이겠지만애 낳는건 20년 이상 내 인생을 헌신해야 하니까 전혀 다른 개념인듯 하네요,2024.10.13.
476557901,476557901_1,우리나라를 망하는 하는 위험 요인은 여러가지가 있지만  가장 큰 요인은 저출산 입니다.저출산 문제가 해결되면 큰 위험에서 벗어나게 됩니다.,2024.10.13.
476518016,476518016_1,입학할 때는 읍인데 중간에 동 지역으로 바뀐건 괜찮습니다. 농어촌으로 인정해 줍니다.,2024.10.12.
476278907,476278907_1,오송생명로 가는 버스노선은 511번  535번  53번  525번 버스가 있습니다...,2024.10.06.
476222426,476222426_1,처음 운동 시작하시려면 PT를 받는 게 제일 좋긴 해용 전문가에게 배우면 정확한 자세와 운동법을 익힐 수 있어서 효과가 더 좋아요! 오송에 있는 '올핏바디스포츠사이언스랩'을 추천드려요 여기는 다른데랑 많이 다르고 맞춤형 운동 프로그램을 제공해줘서 초보자분들도 쉽게 적응할 수 있게 코치분들이 잘 트레이닝 해주세요저도 근력키우는 거랑 교정에 관심있는데 거기에 맞춰서 효과적인 운동을 지도해주셔서 목표에 맞게 운동을 할 수 잇어요 ㅎㅎㅎ사실 되게 전문적이고 체계적이라 비싼 줄 알았는데 생각보다 비용도 비교적 합리적이에용 꾸준히 운동하시면 분명 좋은 결과를 얻으실 수 있을 거예요! 여기 재활로도 유명해요오송 PT정보드려요~,2024.10.05.
475713196,475713196_1,계십니다 인력이 부족한거 아닐까요,2024.09.23.
475713196,475713196_2,안녕하세요.오송읍내 주민센터에 민원넣어 보세요 ~,2024.09.23.
475561333,475561333_1,이 사안은 관리사무소에 문의를 하세요.,2024.09.20.
475169557,475169557_1,가능성 높다고만 알고있네요,2024.09.10.
475169557,475169557_2,실제로 입주민분 자녀 소선여중 배정받았습니다.효목2동은 신천동과 달리 수성구학군 배정및 지원 가능합니다.,2024.10.29.
