﻿doc_id,title,question,region_id,views,question_date
477443739,질문오송 횟집 추천해주세요,연인끼리 가기 좋은 횟집 추천해주세요…,12161205, 20,2024.11.03
477431266,질문오송 atm기,오송에 atm기 있나요? (편의점..),12161205, 24,2024.11.03
477386241,질문오송 가까운동네,안녕하세요. 저가 이번에. 오송에 취업했습니다 근데 오송월세가 집값이 비싸서 다른곳에 구하려고하는데 청주에 오송이랑 가까운동네 있을까요 대중교통 으로 이동할꺼예요,12161205, 32,2024.11.02
477020281,질문오송 힐스테이트 퍼스트 매매 문의,오송의 실 거주 목적으로 힐스테이트 매매를 고려중입니다. 현재 공사 진행 중인데요... 조합원 아파트로 알고 있습니다. 그래서 조합원 입주권(?) 분양권(?)을 구매할지 고려중에 있습니다. 현재 상황에서 구매하게 된다면 필요한 자금 및 절차가 궁금하구요. 자금이 넉넉지 않기에 최소한 있어야 하는 자금과 대출금 방법 등 알려주시면 감사하겠습니다.,12161205, 28,2024.10.26
477065337,질문오창 고기집 홍홍대패 오창본점 주차 어디에 하나요?,오창 고깃집 홍홍 대패 오창 본점을 가보려고 하는데 주차는 어디에 하나요? 음식점을 방문할 경우 음식점 전용 주차장이 있는지 주차 가능 여부 주차 요금 알려주시면 감사하겠습니다.,12161202, 14,2024.10.25
477000619,질문오송 입시컨설팅 받을 만한 곳이 있나요?,안녕하세요 이번에 세종에서 오송으로 이사가게 됐는데요 (오송역 근처입니다.) 이왕이면 집 근처에서 입시 컨설팅 받고싶은데 어디가 좋을까요? 대충 알아보니까 비더스카이? 여기가 입시 전문이라고 하는데 좋은가요? 다녀보신분 후기 알려주세요.,12161205, 49,2024.10.23
476934465,질문충북보건대 근처에서 자취할려면 청원구 쪽에서 해야하나요,충북보건대 수시 1차에 합격했는데 통학하기엔 버스로 1시간 30분이 걸려서 좀 힘들거 같더라고요 그런데 기숙사를 들어가자니 내수가 너무 시골이라 ㅠㅠㅠ 좀 걸려서 자취를 할려고 하는데 내수 근처에는 방이 마땅히 없더라고요 그러면 내수에서 가까운 율량동 쪽에서 자취를 하는게 괜찮을까요?,121612, 31,2024.10.22
476794260,질문진심일까? 제발 아니기만을,제가 청원 오송 휴먼시아 아파트 1단지에 사는데 매달 관리비 요금 나오면 돈이 없어서 관리금 못 낼때 이사를 갈수도 있는가요? 꼭 이사를 가야 하나 요? 관리비 요금을 못 내면 내 쫒아요? 설마 관리금 요금 못 냈다고 이사 가고 내 쫒이면서 집 비워 달라는 말은 아니겠죠? 내가 너무 싫어하는 거니 깐요 답변 빨리 빨리 빨리 빨리 부탁해요,12161205, 18,2024.10.18
476718392,질문1.암을 발견하는건 ct촬영인가요? 2.방사선이 내 몸...,1.암을 발견하는건 ct촬영인가요? 2.방사선이 내 몸 속에 얼마나 피복이 되었는지 알 수 있나요?,12161202, 20,2024.10.16
476699471,질문흉부CT를 찍었는데 기계 가운데로 들어갔다 나왔다 했는...,흉부CT를 찍었는데 기계 가운데로 들어갔다 나왔다 했는데 여러번 찍은건가요?,12161202, 23,2024.10.16
476690496,질문진심 빨리 빨리 답변을 부탁 합니다.,제가 청원 오송 휴먼시아 1단지 아파트에 사는데요 1층 후문에 가면 오송 농협 하나로마트가 있는데 좋은느낌 생리대 대형 32개입 2개를 사면 가격이 얼마예요? 정확히 얼마예요? 답변 빨리 빨리 빨리 빨리 부탁해요 빨리 빨리요.,121612, 24,2024.10.16
476628991,질문F-15 vs kf21 누가 이길까요?,,12161202, 34,2024.10.14
476557989,질문이스라엘처럼 여성징병제하면서 애 낳으면 면제해주면  출,이스라엘처럼 여성징병제하면서 애 낳으면 면제해주면 출산율 오를 까요?,12161202, 34,2024.10.13
476557901,질문한국 망했다는데 출산율 해결하면 안 망하나요?,,12161202, 23,2024.10.13
476518016,질문읍(행정구역)이 학교 다니던 중에 승격되면서 농어촌 안...,읍(행정구역)이 학교 다니던 중에 승격되면서 농어촌 안되면 어떡해요?,12161202, 29,2024.10.12
476393560,질문청원메카텍,창원에 청원메카텍 회사 조건과 분위기 좀 알고싶습니다 잘아시는분 도언좀 부탁드립니다 일강도라든지등등,121612, 26,2024.10.10
476278907,질문모충교에서 오송생명로까지,제가 청주 모충교에서 오송생명로까지 대중교통 시내버스 를 이용해서 갈려고 하는데 버스노선과 노선번호 좀 알려주세요,12161205, 19,2024.10.06
476222426,질문오송 PT 괜찮은곳 찾고있어요,안녕하세요~ 체력좀 기르려고 본격적으로 운동을 시작하려고 해요! 그런데 제가 운동 경험이 거의 없어서 PT를 받아보려고 하는데요ㅎㅎ 오송에서 전문적이면서도 비용이 너무 부담되지 않는 곳 있을까요? 특히 근력 강화와 체형 교정을 중점으로 쫌 하고 싶은데 추천 좀 부탁드려요!,12161205, 22,2024.10.05
475889741,질문2027년부터 가덕 신공항 짓는다는데,가덕 신공항이 완성되어도 허브는 인천공항이고 인천 다음으로 많이 취항하겠죠?,12161203, 34,2024.09.28
475713196,질문오송 환경미화원,오송에는 환경미화원이 안계시나요?? 길거리마다 쓰레기가 넘쳐나요.. 어느 곳은 쓰레기 때문에 그 길로 못 지나가기도 하네요 오송 길거리 쓰레기 문제가 심각한데 전혀 안 치워져서요 ㅠㅠ,12161205, 22,2024.09.23
475673060,질문제발 진심 기대,제가 청원 오송 휴먼시아 1단지 아파트에 사는데 1층 정문에 CU 편의점에 파는 구글카드 오천원 만원 3만원 이렇게 팔아도 현금 만원으로 오천원 구글카드 팔아도 살 수 있죠? 현금으론 안 부족 하죠? 답변 빨리 빨리 빨리 빨리 부탁해요,121612, 18,2024.09.22
475578374,질문빨리 빨리요,제가 청원 오송 휴먼시아 1단지 아파트에 사는데 1층 정문 상가가 있는쪽 CU 편의점 안 이랑 밖에 있는 테이블 다 음 식도 먹고 담베도 피는 사람이 있어서 앉기엔 더럽나요? 답변 빨리 빨리 빨리 빨리 부탁해요,121612, 18,2024.09.20
475561333,질문빨리 빨리 좀 답변 보내 주시오,아니 사람 기다리게 하지 말고 무시하지 말고 급하다는데 답변 좀 빨리 빨리 빨리 빨리 보내세요 제가 청원 오송 휴먼시아 1단지 아파트 에 사는데 내일 비 많이 온다고 1층 정문 입구 출입문을 문 닫지 않고 계속 열어 두죠? 제발 1층 정문 출입문 을 절대 닫지 말고 안 잠갔으면 제발 좋겠 어요 제가 내일 가야 할 일이 있 단 말이예요 진심 이예요 제발 부탁해요 답변 빨리 빨리 빨리 빨리 부탁해 요 급해요 빨리 빨리요 진심 급해요,121612, 22,2024.09.19
475505530,질문제발 부탁해요 진심,정확히 말하자면 저 청원 오송 휴먼시아 1단지 아파트에 사는데 7 105 4 라고 쓰여진 곳은 방향이 왼쪽 이예요? 오른쪽 이예요? 확실하게 거짓말 없이 꼭 말해 주세요 답변 빨리 빨리 빨리 빨리 부탁해요,121612, 10,2024.09.18
475169557,질문동대구 푸르지오 브리센트 수성구 학군 확실한가요?,동대구 푸르지오 브리센트 관심있습니다. 도보로 약간 걸어야 겠지만 동대구역. 신세계백화점 .이마트 인접해있고 아직 주위가 어수선하긴하지만 가격도 수성구학군 중.고 자유배정이 되고 매매가도 괜찮고 해서 매력적이였는데 다른소리를 들었어요.제가 잘못 들었을수도 있지만요. 저에겐 아주 중요한 문제입니다. 푸르지오브리센트 거주시 수성구 학군 배정 조건없이 무조건 배정인건지 아님 몇년후에 그렇게 된다는건지 아리송해서요~ 아시는분 답변 부탁드려요 ㅜ제발요..ㅜ,12161209, 71,2024.09.10
