﻿doc_id,answer_index,answer,answer_date
477579188,477579188_1,흠..서울 서초구에 50평이면 딱히 잘살진 안으시네요 제가 서울 청담에 5층짜리 빌딩이 제 명의로 있는데 15살이거든요?? 아빠가 맨날 미국가자고 해도 비행시간? 그게 너무 긿어서 가기가 ㅠ솔직히 판검사이신분들이 그렇게까지 돈 마니 번다고 생각은 안 해요! 저희 부모님은? 미국에서 작게ㅠ 사업하나 하시는데..ㅠㅠ 저도 그렇게까지 잘 산다고 생각은 안 하거든욤..서초구면 뭐..그래도 못 사는 건 아닌 것 같아요!! 부자가 될만한 방법은...열심히 사는거겠죠? 물론 전 아직 열심히 안 살고 있어엽..ㅠㅎㅎ화이팅 부자돼세야,2024.11.06
477579188,477579188_2,예 한국 5%안에는 드실거 같으신데요사실 끼리끼리 만나시는것이기에경제력에 대한 열등감이 없으실겁니다유복하면 그렇게 되죠가족에 의사분이 계시면서매매 평균 15억 이상 하는 서초구에사시는거면 부자의 반열에 계신다고 봅니다 돈벌방법이야 많죠 하지만 네이버 지식인보다친적분이나 부모님에게 물어보시면대부분의 경제는 아실수 있다고 봅니다거기에 미국에 사시는분까지 계시니미국장(주식)은 어느정도 알고 계실거라고 봅니다경제적 지식이 풍부한 친척분들이 계신다면유튜브로 여러 직업 영상좀 보시고부자가 되는 책듣을 얕게 참조하신다음친적분들에게 조언을 구하는 방식으로나아가시면 될거 같습니다,2024.11.06
477556038,477556038_1,네 주변에 대형 호털이 2곳 있습니다1.전철 1정거장 교대역 주변 추천  합니다2.호텔. 모텔. 고시원이 있습니다3.고시원은 1일권 있는지 전화문의 추천 합니다,2024.11.06
477413297,477413297_1,전학원서 에 1지망 서초고 쓰면 됨결원 있으면 가는거고 없으면 근처  결원있는 학교로 배정,2024.11.03.
477347782,477347782_1,양재역 10번 출구 근처 버스 중앙차로 정류장에서 9500번 버스탑승하고 부평구청 또는 부평역 정류장에 하차하면 됩니다,2024.11.01.
477280452,477280452_1,그렇습니다,2024.11.01.
477332928,477332928_1,반포한강공원은 고속터미널역 8-1 8-2번출구에서 가면됩니다.,2024.11.01.
477241658,477241658_1,안녕하세요서울 서초구 반포 한강공원이나 경부터미널 근처 7만 원 이내의 모텔과 호텔을 알려드리겠습니다.1. 서래마을 모텔얌: 한국의 작은 프랑스라고 불리는 서래마을 내에 위치하고 있습니다. 신세계 백화점 강남점과 센트럴시티에서 편리하게 쇼핑을 즐기실 수 있습니다.- 주소: 서울 서초구 서래로 43- 가격: 일반실 평일 대실 20 000원  숙박 50 000원  주말 대실 25 000원  숙박 60 000원2. 서초 E호텔: 깔끔하고 모던한 인테리어의 호텔입니다. 경부터미널에서 도보로 약 5분 거리에 위치해 있으며 주변에 맛집과 카페가 많아 편리합니다.- 주소: 서울 서초구 반포대로30길 81- 가격: 디럭스룸 기준 평일 60 000원  주말 70 000원3. 호텔 벤허: 경부터미널에서 도보로 약 10분 거리에 위치해 있습니다. 깔끔하고 조용한 분위기의 호텔입니다.- 주소: 서울 서초구 신반포로41길 77- 가격: 스탠다드룸 기준 평일 50 000원  주말 60 000원위의 숙소들은 모두 7만 원 이내의 가격으로 이용 가능하며  경부터미널과 반포 한강공원과 가까워 편리하게 이동할 수 있습니다. 다만  숙소의 가격은 시기에 따라 변동될 수 있으므로  예약 전에 미리 확인하는 것이 좋습니다.즐거운 서울 여행이 되시길 바랍니다!,2024.10.29.
477174700,477174700_1,예술의전당에는내년 봄부터 새음식점이 들어갈수도 있을것 같습니다...,2024.10.29.
477174700,477174700_2,내년 봄부터 새 음식점 들어갈 수도 있습니다,2024.10.29.
477173414,477173414_1,버스 ㄱㄱ,2024.10.28.
477173414,477173414_2,뱅뱅사거리 래미안아파트.파이낸셜뉴스(중) 정류장에서 421번 버스 탑승하시고20개 정류장 후 서울명 맞은편 서울스퀘어 앞 버스 정류장에 하차 하시면 됩니다소요시간은 약 40분 정도 걸립니다,2024.10.28.
477173414,477173414_3,남부터미널역 와서 3호선 탑승  충무로 4호선 갈아타고  서울역 하차,2024.10.28.
476934785,476934785_1,투바투 간다는 말 없습니다갈 수 있는 스케줄이 아닙니다일정도 잡혀있지 않고 올라오는 정보도 없습니다,2024.10.26.
476934785,476934785_2,그럼 공지가 떴을건데 인스타   X 하고있는데 그런 정보 뜬적없어요 .. ㅠ 그리고 애초에 스케줄상 갈수가 없을거에요 ( 11월 한국앙콘   컴백   일본앙콘 12월 연말무대 ) 안오는것같아요 루머인것같습니다,2024.10.26.
477052546,477052546_1,무지개 분수 시간에는 관람하는 분들 많습니다공간이 넓어 미리 가서 자리 잡지 않아도 됩니다돗자리 깔고 않아 치맥 즐기시면 됩니다,2024.10.25.
476973851,476973851_1,반포대교 달빛무지개분수 11월 부터 3월까지는 운영하지 않습니다,2024.10.23.
476973851,476973851_2,1.네  맞습니다  운영 기간은 4월~10월 까지 입니다2.운휴 기간은 11월~3월 까지 입니다3.아래 공식 홈페이지  자세한 내용 참고해 보세요달빛무지개분수(반포) 소개반포한강공원 달빛무지개분수 정보hangang.seoul.go.kr,2024.10.23.
476973851,476973851_3,이번달까지입니다.,2024.10.23.
476819369,476819369_1,돈 좀 있는 사람들입니다,2024.10.19.
476819369,476819369_2,1.아니요 평균적 으로  돈이 있는 사람들 입니다2.이유는 전세.월세.고시원 등이 있기 때문 입니다그러나  서울시 재산세 2위 입니다,2024.10.19.
476726163,476726163_1,밑에 지도에서 I구역에 반포한강공원있습니다. 주변 리스트 참고하세요.야경좋은곳남산타워[유료/무료(전망대까지 안올라가도 밑에서도 볼 수 있음)]롯데타워(유료)낙산공원(무료)반포대교(무료)산책할만한 숲길&공원남산서울숲낙산공원선유도공원올림픽공원하늘공원서울관광지(거의근접거리에 있는건 묶겠습니다)A. 경복궁 & 청와대 & 서촌(통인시장) & 삼청동 & 북촌한옥마을 & 대한민국역사박물관 & 국립현대미술관B. 덕수궁(돌담길) & 서울시립미술관 & 서울시청 & 서울역사박물관 & 광화문광장 & 청계천C. 인사동 & 익선동 & 창덕궁 & 창경궁 & 종묘 & 광장시장D. 동대문 & 디디피 & 대학로 & 낙산공원 & 이화벽화마을E. 서울로7017 & 남대문시장 & 명동 & 남산타워F . 전쟁기념관 & 이태원 & 경리단길 & 해방촌 & 리움미술관 & 국립중앙박물관 & 국립한글박물관G. 홍대입구 & 신촌 & 이대H. 더현대서울 & 여의도한강공원 & 63빌딩I. 반포한강공원 & 고속터미널지하상가 & 신사동 가로수길 & 압구정 & 압구정로데오J. 강남역 & 삼성코엑스K. 서울숲 & 성수동카페거리 & 건대입구 & 어린이대공원 & 뚝섬한강공원L. 잠실롯데타워 & 롯데월드 & 올림픽공원위에서 하루에 짧은건 1~2개  긴거는 1개 코스로 돌 수 있을겁니다. 지도 어플같은거 다운받으셔서 위치 확인해보시면됩니다.맛집 같은경우는 인스타하시면 ex)익선동맛집 이렇게 검색하시면 많이 나올거고 인스타를 안하시면 밑에 남겨놓은 지도에서 인스타랑 똑같이 검색하시면 나옵니다.https://map.naver.com/네이버 지도공간을 검색합니다. 생활을 연결합니다. 장소  버스  지하철  도로 등 모든 공간의 정보를 하나의 검색으로 연결한 새로운 지도를 만나보세요.map.naver.comhttps://map.kakao.com/카카오맵당신을 좋은 곳으로 안내 할 지도map.kakao.com혹시나 실내로 가고 싶으시면역이랑 이어져있는 쇼핑몰리스트입니다.용산역 - 아이파크몰(음식 / 쇼핑 / 영화 / VR체험)신도림역 - 디큐브시티(음식 / 쇼핑 / 영화)영등포역 - 타임스퀘어(음식 / 쇼핑 / 영화)여의도역 - IFC몰(음식 / 쇼핑 / 영화)고속터미널역 - 센트럴시티/신세계백화점(음식 / 쇼핑 / 영화)삼성역/봉은사역 - 코엑스(음식 / 쇼핑 / 영화 / 아쿠아리움)잠실역 - 롯데월드타워몰(음식 / 쇼핑 / 영화 / 아쿠아리움 / 전망대)추가로 서울 가이드북 다운받을 수 있는 사이트입니다. 참고바랍니다.https://korean.visitseoul.net/map-guide-book#none서울 관광지도 & 가이드북서울관광재단 제작 서울관광지도. 완벽한 서울 여행을 위한 무료 가이드북 & 지도 받기! 우편 배송 및 대량 홍보물 접수 안내. 이동 서비스  식음서비스  숙박 서비스  순례길 등 다양한 정보를 담은 서울 관광 가이드북 PDF 다운로드. 서울관광재단 Visit Seoul 제공 관광 가이드북.korean.visitseoul.net,2024.10.17.
476726163,476726163_2,가로수길 있잖아요거기 돌아당기면 한시간 금방 갑니다걸어서 10분이면 갈수있어요,2024.10.17.
476726163,476726163_3,셀프사진관 포토그레이찾으시면은가로수길 신사역  강남역  이수역 정도 입니다.반포한강공원에서 강남역은 740번 버스로 30분 예상이수역은 4212번버스로 30분 예상신사역은 지하철로 3분 예상세군데 모두 이동 소요시간은 30분권입니다.저가 커피  카페중에서 메가커피 검색한 지도입니다.강남이 가장 많네요강남에서 카페서 대화 나누고셀프 사진 찍고다이소 구경하고반포한강공원으로 가는것을 추천합니다.,2024.10.17.
476726163,476726163_4,반포한강공원 고속터미널역 지하상가(고투몰) 도보 10분 ~ 15분가게가 300개 정도 옷가게가 가장많으며 네컷사진 카페 식당 등 왠만한거 전부다 있음저렴한곳이 많은곳고속터미널지하상가서울특별시 서초구 신반포로 186 가로판매대반포한강공원서울특별시 서초구 한강남자전거길 2262,2024.10.17.
476620633,476620633_1,1.일요일 주말 이라서  명당은 1~2시간전에 가는것이 좋을것  으로 예상 됩니다2.무지개 분수는 밤 7시 30분 부터 시작이 됩니다,2024.10.14.
476620633,476620633_2,늦게 가도 상관없습니다. 그렇게 치열하지 않아요.,2024.10.14.
476620633,476620633_3,매주 일요일 13시 부터 뚜벅뚜벅축제일찍부터 와서 자리잡고 있는 사람 꽤 있음좋은 자리 앉으려면  12시 이전,2024.10.14.
476581144,476581144_1,제가 전까지 본 공연은 다 학생증으로 할인이 가능 했는데요 생년월일이 되어 있는 학생증만 가능 한걸로 알고있어요,2024.10.14.
476564764,476564764_1,찾아보니깐 반포1동 행정복지센터에 인바디 측정 기기있는지 확인이 되지 않습니다반포1동 주민센터서울특별시 서초구 사평대로 273 반포1동 주민센터세라젬 웰카페 서울반포직영점서울특별시 서초구 서초중앙로 251 1층 세라젬반포1동 행정복지센터 인근에 세라젬 웰카페가 있는데요여기서 음료 즐기고 뇌파검사(스트레스특정)부터 인바디 측정  혈압검사까지 무료로 측정이 가능합니다.세라젬웰카페 멤버쉽 최초 가입시 앱으로 50% 음료 할인 쿠폰 2매 증정됩니다.멤버쉽 확인만 되면은 음료를 2회 50% 저렴하게 드시고 인바디 측정 부터세라젬의 기기를 무료로 체험해 볼 수 있습니다.이상입니다. 도움이 되시길 바라겠습니다,2024.10.13.
476530793,476530793_1,1.네 잘사는 편 입니다.  평균 소득 기준 입니다2.부자 되는법은 아래 연봉 높은 직업 50위 입니다직업을  목표를  정해서 노력 참고해 보세요직업 연봉 순위 TOP50 알아보자! ft.한국고용정보원안녕하세요~ 별별입니다. 오늘은 우리나라 직업연봉 순위를 정리해봐야겠습니다. ft.한국고용정보원 #직업...m.blog.naver.com,2024.10.12.
476526225,476526225_1,매일 나오는거고 이번달이 마지막입니다.비오거나 강풍불지않는한 나옵니다.,2024.10.12.
476526225,476526225_2,1.아니요 10월달 까지 운영 합니다2.단 강풍. 탁도. 비가 오는 날에는 운행을 안할수 있습니다3.아래 공식 홈페이지 자세한 내용 참고해 보세요달빛무지개분수(반포) 소개반포한강공원 달빛무지개분수 정보hangang.seoul.go.kr,2024.10.12.
476516750,476516750_1,창원에서 서울양재역,2024.10.12.
476516750,476516750_2,창원에서 고속버스를 타게되면 고속터미널역 3호선 3정거장후 양재역 하차열차를 탈경우 ktx 서울역으로 오면 양재역이 멀기때문에srt 수서역으로 오면됨7정거장후 양재역 하차,2024.10.12.
476494958,476494958_1,1.네 돗자리는  기간. 장소 상관 없이 가능 합니다2.아래 한강 공원 공식 홈페이지  참고해 보세요2024 한강공원 그늘막 설치 허용구역 운영 안내(2024. 4. 1.~10. 31.)2024년 한강공원 전지역 그늘막 설치허용 기간은 2024.4.1. 부터 10.31. 까지입니다.hangang.seoul.go.kr,2024.10.11.
476424932,476424932_1,어셔어 학원보다는초등학교 저학년 : 피아이 영어학원 / 이스프릿 영어학원초등학교 중~ 고학년 : 진선생 / 크라센 어학원중고등학생 : 한선영 어학원 추천드려요채택 부탁드릴게요 :3,2024.10.13.
476423795,476423795_1,1446년음력 9월 10일입니다,2024.10.10.
476253081,476253081_1,대상공원 :광나루잠실뚝섬잠원반포이촌여의도양화난지망원강서각 한강공원안내센터에서 수상레저활동신고서 작성 후 수영하실 수 있습니다.한강공원 안내센터에 신고하면 반포도 수영할수 있음잠실도 신고후  하는것https://hangang.seoul.go.kr/www/main.do미래한강본부한강공원 볼거리  즐길거리  시설이용방법 안내  미래한강본부 및 한강의 역사 소개 등hangang.seoul.go.kr,2024.10.10.
476253081,476253081_2,한강에서  수영 못합니다,2024.10.10.
476339168,476339168_1,방배역에서 2호선타시고 아현역에서 내려서 걸어가셔도되고 사진에나온 버스 타셔도됩니다,2024.10.08.
476337534,476337534_1,반월고 추천합니다,2024.10.08.
476298885,476298885_1,아뇨 없습니다. 차라리 여의도한강공원을 가야지 노점이 좀 있습니다.반포는 세빛섬쪽이나 편의점쪽 가야 가게가 좀 있지 길거리음식은 없습니다.,2024.10.07.
476298885,476298885_2,1.아니요  없습니다  그러나  배달존이 있기 때문에 주변에서 배달을 많이 합니다2.반포 한강공원도  배달픽업 합니다 예로) 야외무대. 버스정류소. 세빛섬. 화장실 앞 등등 입니다,2024.10.07.
476298885,476298885_3,9일에는 편의점 한강라면 밖에 없음13일에 반포한강공원 뚜벅뚜벅축제 푸드트럭 나옴,2024.10.07.
476285273,476285273_1,범죄는 아닌데 벌금은 있음 한강관리원이 오면 호루라기 불고 나오라고 하고빠져 죽으러 가는  사람이 가끔 있는 관계로 사람들이 신고  바로 경찰 옴,2024.10.07.
476268577,476268577_1,탁자 없습니다. 대부분 의자만 있습니다.,2024.10.06.
476268577,476268577_2,무지개분수 쪽 편의점앞에 파라솔 탁자 있음,2024.10.06.
476253133,476253133_1,한강 수영은 불법입니다~!,2024.10.08.
476244472,476244472_1,피크닉  바비큐  물놀이  스포츠 게임  캠프파이어  스토리텔링  별보기  야외 영화 상영회답변이 도움되셨으면 좋겠네요 좋은하루보내세요-올려주신 질문내용 :내일 친구들과 반포한강에 놀러가는데 재밌고 할거 추천좀 해주세요 !! 핸드폰은 거의 사용안하고 놀고싶고 남여무리인데 7-8명이서 밤까지 있을 예정입니다 !! 할거 추천좀 해주세요 !!,2024.10.05.
476244472,476244472_2,반포한강공원  추천지  입니다1.명소세빛 둥둥섬서래섬무지개  분수잠수교  걷기2.장소배달존피크닉자전거  타기3.게임끝말잊기몸으로 말해요고요속에 외침눈치게임3.6.9게임,2024.10.05.
476236170,476236170_1,10월까지 비안오고 강풍만 안불면 매일 나옵니다.,2024.10.05.
476236170,476236170_2,1.네  10월달 까지 합니다  저녁  7시 30분 합니다2.안하는 경우는   강풍. 강수. 탁도에 따라서  안합니다3.아래 자세한 공식 홈페이지 내용  참고해  보세요달빛무지개분수(반포) 소개반포한강공원 달빛무지개분수 정보hangang.seoul.go.kr,2024.10.05.
476236170,476236170_3,"안녕하세요. 서울생활 행복도우미 120다산콜센터 지식파트너입니다.◈ 반포 달빛무지개분수 가동시간▶ 비수기 : 12:00  19:30  20:00  20 30  21:00 / 매회 20분▶ 성수기 : 12:00  19:30  20:00  20 30  21:00  21:30 / 매회 20분▶ 가동정지일 : 연중 무휴▶ 비수기: 4월~6월  9월~10월 / 성수기: 7월~8월☞ 상기 자료는 서울시 기준으로 안내되는 내용으로  답변 드리는 시점에서 유효함을 안내드립니다.☞ 법령 개정 및 정책 변경에 따라 변경될 수 있습니다.☞ 더 궁금하신 사항은 다산콜센터 트위터(https://twitter.com/120seoulcall) 카카오톡에서 ""서울톡(http://pf.kakao.com/_xemMXj)""을 친구추가하시면 편리하게 이용하실 수 있습니다.※ 생활속의 불편한 불법주정차  청소 등 민원은 서울스마트불편신고 앱(https://smartreport.seoul.go.kr/)을 통해서도 접수 가능합니다.드린 답변이 궁금증 해소에 도움이 되셨기를 바라며  행복한 하루 보내시기 바랍니다 !",2024.10.07.
476215115,476215115_1,가능은 합니다만배달종사자들이 굉장히 기피하는 배달지역입니다접근성이 떨어지고고객을 찾기가 어렵고 등등...그러므로 배달을 시키면 다른 곳에서 시키는 것 보다시간이 많이 걸릴 수가 있습니다,2024.10.05.
476215115,476215115_2,가능합니다.,2024.10.05.
476192341,476192341_1,반포 3주차장  서래섬  세빛 섬 근처도 관람하기 좋은 장소입니다.물론 여의도 한강공원에서 관람하시는 것만큼은 아니겠지만요..그래도 가을의 정취를 맘껏 누리시고즐겁고 유익한 주말 보내시기 바라요!,2024.10.04.
476192341,476192341_2,[질문]반포한강공원에서 불꽃이 잘보이는곳은 어디인가요?[답변]반포 한강공원에서도 서울세계불꽃축제를 잘 볼 수 있는 명당이 몇 곳 있습니다. 세빛섬 근처와 달빛광장이 그중 가장 추천되는 장소들인데요  한강을 배경으로 불꽃놀이를 감상하기에 좋은 뷰를 제공합니다. 특히 세빛섬 근처에서는 불꽃이 물 위에 반사되어 더욱 화려한 장면을 즐길 수 있습니다.서울세계불꽃축제의 일정과 명당자리를 아래 링크를 통해 확인하실 수 있습니다!https://ggoo.goshushu.com/entry/2024-서울세계불꽃축제-일정-생중계-교통통제-총정리2024 서울세계불꽃축제 일정 생중계 교통통제 총정리축제 일정과 명당자리 온라인 생중계 교통통제 구간 2024 서울세계불꽃축제 한화와 함께하는 2024 서울세계불꽃축제는 오는 10월 5일 토요일에 여의도 한강공원에서 개최됩니다.다양한 이벤트 부스가 운영되며  축제가 끝난 후에는 애프터 파티도 진행됩니다. 선선해진 가을밤을 불꽃놀이와 함께 가족들과 연인들  친구들과 즐거운 추억을 만들어보세요!    불꽃놀이 사진찍고 골드바 받자!축체 이벤트 참여하기ggoo.goshushu.com제 답변이 도움이 되셨길 바랍니다. :D,2024.10.04.
476192341,476192341_3,1.동작대교와 서래섬 주변 에서 잘보입니다2.63빌딩과 원효대교가 보이는 방향 입니다,2024.10.04.
476192341,476192341_4,서래섬쪽까지는 가야됩니다. 반포쪽에서도 보이긴한데 각도상 가려집니다.,2024.10.04.
476127266,476127266_1,곡 리스트는 정해져있습니다.https://hangang.seoul.go.kr/www/contents/856.do?mid=849달빛무지개분수(반포) 소개반포한강공원 달빛무지개분수 정보hangang.seoul.go.kr,2024.10.03.
476096168,476096168_1,지금 말씀하신 상황을 정리해 보면  경기도 양주에서 G1300번 버스를 타고 잠실역에 하차한 후  잠실역에서 2호선으로 강남역에 도착하고  신분당선으로 환승해서 양재역에 가는 경로입니다.(교통카드 사용 기준)버스 요금 (G1300):일반적으로 G1300번 같은 광역버스는 기본 요금이 2 800원입니다.2호선 지하철 요금:교통카드로 환승을 하게되면은 잠실역에서 강남역까지 가는 구간의 추가 요금은 없습니다.신분당선 추가 요금:신분당선을 이용할 때  강남역에서 양재역 구간은 별도의 추가 요금이 발생하는데  대략 600원이 추가됩니다.따라서  전체적인 요금은 대략 다음과 같습니다:G1300 버스:2 800원2호선:0원신분당선 추가 요금:600원합계: 3400원이와 같이 계산하면 편도요금 총 3400원이 나오게 됩니다.K패스를 사용하신다면 추후에 사용한 최종 금액의 청년  일반  노년  복지 대상자별로 최대 30% 환급 받게 됩니다.,2024.10.02.
476096168,476096168_2,1.신분당선은  민간자본으로 건설 되어 추가요금이 있습니다2.따라서 요금은 강남역~양재역 구간 지하철 이용 요금이 2400원 입니다3.대책은 버스 이용 또는 다른 노선  이용 참고해 보세요,2024.10.02.
476087119,476087119_1,▶질문2024 10/5일 불꽃축제 반포한강에서 봐도 잘 보일까요잘 보인다면 반포에도 사람 많을까요?▶답변반포에도 사람은 많을 겁니다. 명당으로 소문 나 있긴 하거든요. 근데 조금 가려져서 보일 것입니다. 새빛섬으로 나가려고 해도 사람이 거긴 꽉 차있습니다 ㅜ차라리 여상대적으로 사람도 적고 불꽃쇼도 잘 볼 수 있는 숨은 명당은 어떠신가요?저는 마포새빛공원을 추천드립니다. 사람도 상대적으로 없고 여의도 한강공원 건너편 서쪽에 위치해 있어서 교통편도 편리합니다..작년에 저 말고 다른 친구가 마포새빛문화숲에 갔다고 했었는데  물론 꽉 찼지만 여의도 한강공원보다는 훨씬 나을것 같아서요.. 오후엔 햇빛 때문에 너무 더웠고  저녁 되니까 엄청 추웠습니다. 아우터도 꼭 가져가세요!명당 7곳을 추천드리자면1. 마포새빛공원2. 남산타워 전망대3. 이촌 한강공원4. 선유도 공원5. 노들섬6. 망원 한강공원7. 망원 유수지 체육공원위와 같이 추천드릴 수 있을 것 같습니다.숨은명당에 관한 구체적인 내용과 자세한 일정은 아래에서 확인하실 수 있습니다!2024 서울세계불꽃축제 일정  중계 및 골든티켓 (주차장  명당) 총정리불꽃축제는 무료로 볼 수 있지만 자리경쟁이 매우 치열합니다. 따라서 사전에 관람석을 유료로 예매하면 많은 인파와 관계없이 편하게 관람하실 수 있습니다.좌석 티켓은 티켓링크에서 예매하실 수 있으며  선착순으로 진행되기 때문에 조기마감 될 수 있습니다.  빠르게 예매를 해주셔야 합니다. 불꽃축제 티켓 예매하기️  일정 및 중계    ① 일정 ✔ 위치  먼저 티켓을 교환부스에 들리셔야 합니다. 위치는 여의도 한강공원 제 1주차장 E 구역탑 옆에 있습니다. 여의나루역 3번출구에서부터 800m 걸어가면 보입니다.주소는 ‘서울 영등포구 여...naver.me,2024.10.03.
476087119,476087119_2,반포에서도 보이긴 한데 각도상 살짝가려져서 서래섬까지는 가야 어느정도 보입니다.,2024.10.02.
476087119,476087119_3,1.네 잘보입니다  63빌딩이 보이는곳  으로 이동 합니다 그쪽에서 불꽃이 올라 옵니다2. 동작대교 ~ 서래섬주변 방향  추천  입니다,2024.10.02.
476079676,476079676_1,반포한강 반포대교 아래 수심은 4미터,2024.10.01.
476033954,476033954_1,종로5가 광장시장  술파는곳 종로3가 포차거리동대문 옷 도매 새벽시장은 매일 함서초구는 없음,2024.09.30.
476016254,476016254_1,임시공휴일 입니다 네 휴무,2024.09.30.
476016254,476016254_2,안녕하세요10월 1일 국군의 날은 임시 공휴일입니다좋은하루 보내세요답변채택과 따봉 부탁드립니다,2024.09.30.
476016254,476016254_3,국군의 날은 공휴일로 되었지만국국은 모르겠네요,2024.09.30.
476016254,476016254_4,국군의 날임시공휴일. 휴무입니다,2024.09.30.
475845230,475845230_1,1.주말 새벽 6시에는 원할 합니다2.강남역. 신논현역이 조금 빠릅니다,2024.09.26.
475845230,475845230_2,토요일 오전 6시쯤우면산터널~서초역  차량 많지 않습니다,2024.09.26.
475821020,475821020_1,밤에는 추워져서 별로 없음돗자리는 365일 24시간 가능,2024.09.25.
475821020,475821020_2,1.아니요 10월달 텐트 시간은 9~19시 까지 입니다2.따라서  저녁에는 텐트 치는 사람이 없습니다3.아래 공식 홈페이지  내용 참고해 보세요2024 한강공원 그늘막 설치 허용구역 운영 안내(2024. 4. 1.~10. 31.)2024년 한강공원 전지역 그늘막 설치허용 기간은 2024.4.1. 부터 10.31. 까지입니다.hangang.seoul.go.kr,2024.09.25.
475818472,475818472_1,1.반포 한강공원은 세빛둥둥섬. 서래섬. 버스킹 광장.무지개 분수가 있어서 좋습니다2.단점은 그늘이 적습니다.  따라서 오후 시간에 가는것도 좋습니다 노을 보기 . 무지개 분수가 좋습니다3.네 편의점  3곳정도 있습니다,2024.09.25.
475818472,475818472_2,여의도한강보다는 분수가 나와서 볼거리 있고 여의도만큼 몰리지는 않습니다. 다만 라면 편의점이 대교에서 좀 떨어져있습니다.,2024.09.25.
475818472,475818472_3,편의점 라면 돗자리 는 한강공원 어디든 있는곳현재는 여의도 보다 반포한강공원이 2배 이상 좋은곳 안가면 후회매주 일요일 반포한강공원 다리 잠수교에서 뚜벅뚜벅 축제잠수교 차량 통제 벼룩시장 푸드트럭 등https://mediahub.seoul.go.kr/archives/2012193매주 일요일 잠수교의 변신! '뚜벅뚜벅 축제'로 활력 UP서울시대표소통포털 - 내 손안에 서울mediahub.seoul.go.kr,2024.09.25.
475812692,475812692_1,1.보통 변호사. 의사.  언론인. 대기업 . 개인사업 등등 다니는 분들 예상 됩니다2  돈 많이 버는 상위 50권 상위권 직업 입니다,2024.09.25.
475781230,475781230_1,1.네  많습니다  18시 이후 사람이 많습니다2.사람 적은 날은  월. 화. 수요일이 적은편 입니다3.이유는  날이 덥기 때문에 무지개 분수. 노을 보기 위해서 입니다,2024.09.24.
475781230,475781230_2,분수나오는 시즌 10월까지는 많습니다.,2024.09.24.
475781230,475781230_3,지금은 날씨가 추워져서 방문객이 줄었지만  반포 한강공원은 한강공원들 중에서도 특히 사람이 많이 찾는 곳입니다. 따뜻한 계절에는 야경을 즐기러 오는 사람들  피크닉을 즐기는 가족들  친구들과 함께 시간을 보내는 사람들이 몰리면서 항상 북적이는 분위기입니다. 반포대교의 달빛무지개분수 쇼도 많은 이들의 발길을 끌어모으는 요소 중 하나죠.,2024.09.25.
475781230,475781230_4,지금은 추워서 줄었지만반포는 한강공원 중에 사람이 많은 한강공원,2024.09.24.
475739779,475739779_1,네 맞습니다. 비 안오고 강풍만 안불면 저 시간대로 나옵니다.,2024.09.23.
475645719,475645719_1,한곳업소 광고만 널려 있던데한강공원 길거리 돗자리 대여 하는곳 많이 보임 3천원,2024.09.22.
475630476,475630476_1,한강공원 홈페이지에 가동시간 나옵니다.아래 참고바랍니다.10월까지 가동 됩니다.,2024.09.21.
475630476,475630476_2,10월달까지 비오거나 강풍만 안불면 나옵니다.,2024.09.21.
475536334,475536334_1,해당 사이트에서 유동인구 조사를 쉽게 하실 수 있습니다.감사합니다 ^^기본보고서 (nicebizmap.co.kr)기본보고서기본보고서 상세보고서 유동인구 밀집도 뜨는 업종 영상콘텐츠 현 위치 분석 지역 | 업종 선택 다시 선택 분석 지역을 선택해 주세요 분석 업종을 선택해 주세요 보고서 보기m.nicebizmap.co.kr,2024.09.19.
475231145,475231145_1,퇴근 시간이라 이용 승객 아주 많습니다(콩나물 시루는 아닙니다),2024.09.12.
475145594,475145594_1,반포고 뺑뺑이 입니다성적과 상관 없이  선 지망 후 컴퓨터 추첨을 통하여 학교 배정이 됩니다,2024.09.10.
475145594,475145594_2,보통 자사고(세화현대 등)은 면접보고 뽑고요거기서 떨어진 애들+일반고 지원 야들 해서뺑뺑이 돌려요저 때는 밀려가지고 잠원동애들이 서문가고 방배동 애들이 동덕 갔어요,2024.09.23.
475090005,475090005_1,여주역 승차경강선 판교방면빠른 승차 2-2 2-351분  11개 역 이동지하철노선도로드뷰세종대왕릉역부발역이천역신둔도예촌역곤지암역초월역경기광주역삼동역이매역성남역판교역 환승신분당선 신사방면빠른 환승 1-216분  5개 역 이동지하철노선도로드뷰청계산입구역양재시민의숲역양재역강남역신논현역 환승9호선 개화방면4분  2개 역 이동지하철노선도로드뷰사평역고속터미널역 하차지하철노선도로드뷰8-2번 출구로 나와서  반포대교 달빛무지개분수까지 도보로 이동20분  1.3km 이동,2024.09.09.
475090005,475090005_2,고속터미널역 도착8-1번 8-2번출구  나옴  두출구 사이 가운데 아파트단지 길로 10분 직진반포한강공원 넘어가는 굴다리 나옴굴다리 나오자 마자 좌측에 무지개분수 반포대교아파트단지 사이길서울특별시 서초구 잠원동 101무지개분수서울특별시 서초구 한강남자전거길 2172굴다리서울특별시 서초구 잠원동 118,2024.09.09.
475086132,475086132_1,고속터미널 꽃상가 휴일은 일요일 추석 설날공휴일은 영업https://blog.naver.com/inmulwha/223201112460강남 고속버스터미널 꽃도매상가 데크 주차장. 주차 2시간 2 000원 고터 꽃상가 데크주차장 할인권강남 고속 버스터미널 꽃 도매상가에서 주차 할인권 받으면 정산시 2시간 이내 2 000원 입니다 티맵 : 강남...blog.naver.com,2024.09.09.
475027523,475027523_1,간단한 방법 입니다1.다이소는 1번 출구 에서 버거킹 주변 계단으로 지하1층 내려 가면 가깝습니다2.델리만쥬는 잘모르겠습니다,2024.09.08.
475074249,475074249_1,▶답변:디에이치 방배의 평수는 약 18평  25평  30평  35평 입니다.디에이치 방배에 대해 잘 정리된 글이 있어서 링크 남겨 드립니다.읽어 보시면 도움이 되실 것 같습니다. 작은 도움이 되셨다면 채택 부탁드립니다.디에이치 방배 모델하우스  평면도 완벽 정리디에이치 방배 모델하우스  평면도 완벽 정리 서울 서초구 방배동에 위치한 하이엔드 주거 단지  디에이치 방배가 마침내 분양을 시작했습니다.이 단지는 분양가 상한제가 적용되어 시세보다 낮은 가격으로 제공되며  실거주 의무가 없어 실수요자와 투자자 모두의 관심을 받고 있습니다.특히  디에이치 방배 모델하우스와 디에이치 방매 평면도  단지배치도에 대한 관심이 뜨겁습니다. 이번 포스팅에서는 디에이치 방배의 모델하우스  평면도  단지배치도  그리고 커뮤니티 시설등을 정리해 보겠습니다.디에이치 방배 소개 디에이치 방배는 방배 5 구역을 재개발...information-boxes.tistory.com,2024.09.28.
475014647,475014647_1,35분정도입니다.,2024.09.07.
475007361,475007361_1,가동시간출처나오는 곡명 확인가능https://blog.naver.com/yoonina8/223532432989서울야경명소 반포대교 달빛무지개분수 가동시간 및 연출곡 LIST반포대교 달빛무지개분수  서울로 여행 온 사람은 물론이고 해외여행객들에게도 서울야경명소로 이름 높은 ...blog.naver.com,2024.09.07.
475007361,475007361_2,비안오고 강풍만 안불면 나옵니다.분수가 나오면 노래도 같이 나옵니다.,2024.09.07.
475006423,475006423_1,홍제천 옆쪽 불광천마포구청 역쯤 와서 불광천하고 홍제천이 합류같이 한강으로 흘러감홍제천은 내부순환도로가 위를 가리고 있어  답답한 면이 있지만불광천은 장애물은 없어서 배경은 좋고 자전거도로 인도 구분 확실히 되어 있어서산책 자전거 타기 매우 좋은 곳응암역부터 시작 새절 증산 디엠시역 월드컵경기장역 마포구청역 홍제천 합류 한강마포구청역 6호선서울특별시 마포구 월드컵로 190 마포구청역불광천서울특별시 마포구 월드컵로 225홍제천서울특별시 마포구 월드컵로 221응암역서울특별시 은평구 증산로 477 6호선 응암역사무소,2024.09.07.
