﻿doc_id,title,question,region_id,views,question_date
477450486,질문경남 사천 pc방,경남 사천에 pc방 좋은곳 있나요? 티켓팅 하려고 하는데 그나마 제일 빠른데가 어딘지 궁금합니다. 읍쪽위주요,121005, 14,2024.11.03
476560118,질문내주변 지인들이 4명이나 내가꿈속에나왔을때해몽좀해주세,요즘 가까운 지인들이 자기들 꿈속에서 내가 나왔다고 괜찮냐고 연락도오고 한게 4명째입니다 한달안에 4명이나 그런게 찜찜하기도 하고 이런일을 무슨일인지 알고싶어요,12100528, 20,2024.10.13
476222357,질문사천에서 마산 가는 방법,버스를 이용하려고 하는데 사천터미널에서 어떻게 갈 수 있을까요? 직행은 없나요?,12100528, 17,2024.10.05
476164123,질문경남사천에는,2024년10월4일 금요일 하루 놀러갈일있는뎅 볼거리랑.행사 없나요. 갈예정이라 부모님이랑 저랑~~!?,121005, 27,2024.10.03
475904852,질문경남 사천 에서 함안까지 가는 차편좀요,제가 함안에 훈련소 를 가는데 버스 시간이랑 대충 얼마 정도 드는지 알려주실뿐 계신가요,121005, 31,2024.09.27
475505664,질문사천 무지개빛 도로에서 낚시해도 돼요?,궁금해요.,12100528, 39,2024.09.18
475250495,질문꿈 해몽좀 제발요ㅜㅜ,고3 입시생입니다 오늘 꿈을 하나꿨는데 제가 쓰던 연습실을 왜 옮겼는진 모르겠는데 제가 쓰던 방에 무용하는사람이 들어왔어요 그 방엔 옷걸이에 옷들도 엄청있었어요 그래서 저는 이 방을 다시 쓰고싶어서 고민하다가 갑자기 방에 사람들이 엄청 많아지더니 방에서 술을 먹고있길래 이걸로 꼬투리를 잡으면되겠다 하고 사진을 하나 찍은다음 끝났습니다 이게뭘까요…,12100528, 22,2024.09.12
475055403,질문사천시에 잠잘수 있는 24시 찜질방?,사천에어쇼 관람후 잠잘수있는 24시간운영하는 찜질방을 소개해주세요.,121005, 36,2024.09.10
475071881,질문사천시 강수량 좀 알려주세요,수행평가에 필요한데 아무리 찾아도 안 나와요 ㅠㅠ 2023년 8월부터 2024년 8월까지 강수량 좀 알려주실수 있나요? 꼭 사천지역 아니어도 되고 서울 지역이나 다른곳도 괜찮아요! 제발 꼭 좀 알려주세요,121005, 36,2024.09.09
475060311,질문사천에 빵 모형 파는 곳 있나요?,내일 졸업사진 찍는데 빵 모형이 필요해서요 지금 너무너무 급한데 제발 사람 한명 살린다고 생각하고 도와주세용.. 오늘 안에여야 해요 ‼️,121005, 17,2024.09.08
