﻿doc_id,answer_index,answer,answer_date
476179368,476179368_1,진주 유등축제 운영시간에 대해 질문 주셨습니다.진주 유등축제에서 유등 전시는 18:00 ~ 24:00 동안 진행됩니다.이 외에 소망등 달기  유등 만들어 띄우기 등 체험행사도 진행되니 확인 부탁드립니다.2024 진주 유등축제 운영시간 및 프로그램  행사장 배치도  무료 셔틀버스 등에 대한 자세한 내용은 아래에서 확인 가능하니 참고 부탁드립니다.https://m.site.naver.com/1uLe92024 진주 유등축제 안내진주 유등축제 안내️위의 링크를 클릭하시면 '2024 진주 유등축제' 안내 페이지로 이동합니다.  부교통행권 예약하기️위의 링크를 클릭하시면 '2024 진주 유등축제 부교통행권' 예약 페이지로 이동합니다.  진주 관광 안내️위의 링크를 클릭하시면 '진주 관광' 안내 페이지로 이동합니다.  2024 진주 유등축제 안내2024 진주 유등축제 일정 기간: 2024.10.05(토) ~ 2024.10.20(일)장소: 경남 진주시 진주성 / 진주남강 일원  진주 유등축제 안내️위의 링크를 클릭하시면 '2024 진주 유등축제' 안...m.site.naver.com,2024.10.07.
476179368,476179368_2,12,2024.10.04.
476179368,476179368_3,진주 유등축제는 18시부터 자정까지 진행됩니다.새벽시간만 아니면 등불을 보실 수 있습니다.더 자세한 내용은 아래를 참고해주세요.진주 남강 유등축제 안내진주 남강 유등축제 일정과 추천코스  주차안내  예매 안내까지 확인하실 수 있습니다. 매년 혼잡한 축제이지만 미리 준비하고 계획한다면 더 재밌고 수월하게 축제를 즐기실 수 있습니다!m.site.naver.com,2024.10.11.
476179368,476179368_4,안녕하세요!유등은 축제기간동안 매일 오후 6시부터 밤12시까지 켜져있습니다.다른 프로그램에 참여하시고 싶으시다면 보통 밤11시까지 하니참고하시면 좋을 것 같아요.진주 유등축제와 관련된 정보가 잘 정리되어 있어 저도 도움을 받은 글 알려드립니다.참고하셔서 즐거운 축제 보내세요!진주 유등축제 기간 주차장 무료셔틀버스 총정리(+주변 맛집  카페  숙소)진주 유등축제 기간 및 주차장 동선 (+주변 맛집  카페  숙소) 진주 유등축제는 매년 많은 관광객을 끌어들이는 특별한 행사입니다. 화려한 유등의 불빛 아래 진주의 아름다움을 만끽할 수 있는 이 축제에 대해 알아보겠습니다. 축제 일정  주차장 동선  그리고 주변 맛집과 카페  숙소 정보를 상세히 소개합니다.   진주 남강 유등축제 기본정보“진주대첩”은 1592년 진주성을 침공한 2만 왜군을 충무공 김시민 장군이 3 800여 명 병력으로 물리친 전쟁이다. 풍등(風燈)을 하늘에 올려 횃불과 함께 남강에 띄워 남강을 건너는 왜군을 저지하...bsiksik.tistory.com,2024.10.04.
476179368,476179368_5,오후 6시부터 12시까지 진행되고요. 방문자 많아서 예약도 필요합니다.그리고 다른 분과 함께 가신다면 사랑다리 건너기 체험 같은 것도 있는데  이것 역시 미리 예약하는 게 좋아요.무엇보다 행사 장소가 넓어서 미리 코스 짜놓는 게 좋죠.MBIT별 추천 코스진주 유등축제 일정  비용  주차장  셔틀버스 및 4가지 MBTI 코스 추천 - 여행 가이드세계축제도시 경남 진주시에서 펼쳐지는 ‘남강 2024년 진주 유등축제’가 '역사의 강 평화를 담다' 라는 패키지 아래 10월 5일 개막해 20일까지 16일간 진주의 가을밤을 화려한 유등으로 물들입니다.trip.xn--o39an2bqdw74b8te7xy.com,2024.10.11.
476113827,476113827_1,순창 맘카페에 있다고 하네용 ㅎㅎ운암쪽으로 있대용체택 부탁드려용,2024.10.02.
