﻿doc_id,answer_index,answer,answer_date
477547138,477547138_1,지정된 병원이면 가능합니다,2024.11.06
477547138,477547138_2,네  꼭 보건소 말고 내과의원으로 가서 하세요지정된곳인지는 보건소에 미리 물어보고 가야 됩니다...,2024.11.06
477547138,477547138_3,✔️건강검진 더보기답변 채택으로 받은 해피빈과 질문자님의 감사 포인트 [N 포인트로 감사]로  소년소녀 가장을 돕고자 합니다. 여러분의 동참을 기다립니다.https://bit.ly/45ey3uo건강검진 대상자 항목 예약방법 비용 - 아이러브2스타건강은 우리의 소중한 자산이죠. 건강검진을 통해 질병을 조기 발견하고 예방하는 것이 중요합니다. 이번 포스팅에서는 건강검진 대상자  검진 항목  예약 방법  그리고 비용에 대해 자세히 알아보겠습니다. 건강을 챙기는 첫걸음  함께 시작해볼까요?bit.ly안동시 건강검진  보건소 말고 내과에서도 가능할까요?네  안동시에서 건강검진은 보건소뿐만 아니라 일반 내과에서도 받으실 수 있습니다. 보건소는 국가에서 제공하는 기본적인 건강검진을 주로 실시하며  일반 내과에서는 보다 다양한 종류의 건강검진 프로그램을 제공하는 경우가 많습니다.보건소와 내과  어떤 곳을 선택해야 할까요?* 보건소:* 장점: 저렴한 비용  국가 표준 검진 항목 제공* 단점: 대기 시간이 길 수 있음  검사 항목이 제한적일 수 있음* 내과:* 장점: 다양한 검진 프로그램 선택 가능  빠른 검진  전문적인 상담 가능* 단점: 비용이 상대적으로 비쌀 수 있음어떤 곳을 선택할지는 개인의 상황과 필요에 따라 결정해야 합니다.* 시간이 부족하다면: 대기 시간이 짧은 내과를 선택하는 것이 좋습니다.* 비용을 절약하고 싶다면: 보건소를 이용하는 것이 좋습니다.* 더욱 상세한 검사를 원한다면: 다양한 검진 프로그램을 제공하는 내과를 선택하는 것이 좋습니다.안동시 내과 선택 시 고려할 점* 검진 항목: 자신에게 필요한 검진 항목이 포함되어 있는지 확인해야 합니다.* 비용: 각 병원마다 검진 비용이 다르므로 비교해보는 것이 좋습니다.* 위치: 집이나 직장에서 가까운 곳으로 선택하는 것이 편리합니다.* 의료진: 해당 병원의 의료진 경험과 전문성을 확인하는 것이 좋습니다.안동시 내과 찾는 방법* 안동시 의료기관 검색: 안동시 보건소 홈페이지나 지역 포털 사이트에서 내과를 검색하여 정보를 얻을 수 있습니다.* 지인 추천: 주변 사람들에게 추천받는 병원을 방문하는 것도 좋은 방법입니다.더 자세한 정보를 원하신다면  안동시 보건소에 직접 문의하시거나  가까운 병원에 전화하여 상담해 보시는 것을 추천합니다.안동시 보건소 연락처: (안동시 보건소 전화번호를 검색하여 연락해보세요.)건강검진을 통해 건강을 챙기시길 바랍니다!,2024.11.06
477391548,477391548_1,용상동 대명수산에 과메기 판매시작한다고 합니다.,2024.11.05.
477337693,477337693_1,안동터미널에서 강남고속터미널까지 고속버스 이용 하세요강남고속터미널에 하차하면 바로 근처 지하철 3호선 고속터미널역으로 이동하여충무로/종로3가/구파발/대화 방면 승강장에서 대화행 전철을 탑승하시고종점인 대화역에 하차하시면 됩니다대화역 1번 출구에서 킨텍스까지 걸어 거시면 약 12-15분 정도 걸립니다대화역 4 출구 근처 버스정류장에서 83번 98번 버스 탑승하시고 2개 정류장 후킨텍스 정류장에 하차하시면 됩니다,2024.11.01.
477337693,477337693_2,안동역에서 KTX-이음을 타고 서울역에서 내려서 경의중앙선으로 갈아타고 대곡역에서 내려서 3호선으로 갈아타고 대화역에서 내리면 됍니다,2024.11.01.
477316969,477316969_1,국내산 사과 공판장에 입고됩니다,2024.10.31.
477238920,477238920_1,안동시에는 인생네컷 매장없습니,2024.10.29.
477238920,477238920_2,안동문화의거리 안동호텔 쪽에 있음,2024.10.29.
477206206,477206206_1,안녕하세요 ~~!9만원입니다 (한국로지스) 전국연합 { 주)틈새 }(운송면허 주선면허 이사면허 포장이사보험 완비)프로필 클릭~ 문자 & 톡으로 가격 문의 편하게 상담가능합니다언제든지 연락주시면~ 최선을 다해서 도움드리겠습니다고맙습니다,2024.10.28.
477206206,477206206_2,"안녕하세요!1톤 단순운송 11만원입니다.""연락주시면 최선을 다하겠습니다!""",2024.10.28.
477206206,477206206_3,대구성서에서 경북안동1톤용달9만원 입니다,2024.10.29.
477206206,477206206_4,대구 성서 - 경북 안동      장거리 용달1톤  용달  운송료    12만 원입니다.,2024.10.29.
477130497,477130497_1,남잔지 여잔지는 써야하지 않을까요,2024.10.27.
476915614,476915614_1,숭차권 현장 구입하고  바로 이용 하시면 됩니다,2024.10.21.
476915614,476915614_2,하루 운행 횟수 30회 이라서 미리 예매 안해도 되니현장 에서 구매 하셔도 됩니다근데 원하는 시간대에 버스 타실려면 미리 예매 하셔야 되고 시간대 상관 없이 아무 시간에 버스 타실려면미리 예매 안해도 되고 현장 에서 구매 하시면 됩니다,2024.10.22.
476830067,476830067_1,여느 지방에 있는 전문대와 비슷합니다.,2024.10.19.
476785359,476785359_1,순환 2번: 안동역 - 용상동 - 정하동 -안동병원- 송현오거리 - 안동역 (배차간격 20분)순환 2-1번: 안동역 -안동병원- 정하동 - 용상동 - 신시장 - 안동역 (배차간격 20분)안동역앞에 사거리에서 길건너 가면 오른쪽에 종합관광안내소가 있습니다종합관광안내소 바로 옆에 있는 버스정류장에서 순환 2번  2-1번을 타시면 됩니다...경상북도종합관광안내소경상북도 안동시 경동로 122-30 터미널공영주차장 내 관광안내센터 1층안동역경상북도 안동시 경동로 122 안동역순환버스타는곳경상북도 안동시 송현동 836-9,2024.10.18.
476785359,476785359_2,안동터미널에서 순환2-1 611 안동1번타고 안동병원하차,2024.10.18.
476674389,476674389_1,경안중 경안여곤,2024.10.16.
476441601,476441601_1,참마들어간 국수라면 이곳을 이야기하는것 같습니다.,2024.10.22.
476438927,476438927_1,생생정보에 방송된 안동참마손국수종가 본점 위치 참고하시기 바랍니다,2024.10.10.
476227569,476227569_1,호스로 돼 있는 것으로 확인됩니다.,2024.10.06.
476168193,476168193_1,버스타고 어플이나 웹사이틀. 이용하십시오,2024.10.06.
476114525,476114525_1,"내일아침 일찍해보세요전번660광주차고지 ↔ 수원역구분광주차고지수원역첫차04:5004:50막차23:0023:00수원(광교)영업소☎ 010-6588-6114 031)212-6657광주시 일반버스 660번[ 지도 노선도 보기 ]기점경기도 수원시 영통구 하동(광교차고지)종점경기도 광주시 경안동(광주터미널)종점행첫차05:10기점행첫차06:40막차19:50막차21:45평일배차30~40분주말배차50~70분운수사명대원고속인가대수7버스피아 (buspia.co.kr)버스피아※ ""분실물 문의""시 내용을 자세히 입력하여 주시기 바랍니다. ※ 답변 내용은 [분실물 문의] - 우측 [답변조회] 에서 확인 하실 수 있습니다. 버스유형 * 시내버스 시외버스 공항버스 분실물 * 분실일 * ※ 분실일자를 입력해 주시면 답변에 도움이 됩니다. 고객의 성명 * 비밀번호 * ※ 답변조회를 위해서 반드시 비밀번호를 정확히 입력해 주세요. 이메일주소 *  @  직접입력 휴대폰 * 제목 * 내용 * [띄어쓰기 포함 총 1000자 까지 입력 가능] 0 /1000 1. 개인정보의 수집목적 및 이용 가. 버스피아는 다음과 같은 목...www.buspia.co.kr",2024.10.02.
476114525,476114525_2,660번의 경우 차고지는 광교차고지 입니다.(동부차고지랑 붙어있어서 오해하기 쉬우니 참고하시길 바랍니다.)차고지 연락처는 031-212-6657입니다.본사의 연락처는 안 써드립니다.그 이유는 민원을 전혀 안받아줘서 써봤자 의미가 없기 때문입니다.도움이 되셧다면 채택 부탁드립니다.,2024.10.11.
476096120,476096120_1,공연 일정 확인 후 신청서 작성하고 제출하세요. 열정과 노력이 중요해요!도움되는 답변이 되셨길 바래요-질문정보 :탈놀이단 공연 보고 입단하고싶은데 어떻게 입단하나요ㅠ 진짜 너무 하고싶어서 알려주세요,2024.10.02.
476017816,476017816_1,잘못하면 농고 갈수있어요,2024.10.02.
476068855,476068855_1,평일은 24:15  토.일.공휴일은 23:22입니다.,2024.10.01.
476068855,476068855_2,평일주말참고로 새벽 1시 넘어서도 남부터미널에서 n75번심야버스 타면 연신내역 까지는 갈수 있음,2024.10.01.
476017636,476017636_1,강원도 양양 말하시는거죠?바로가는건 없고 대구북부 들렀다가 가야합니다.안동>대구북부 시외버스 시간18:15 19:55대구북부>양양 시외버스 시간22:00,2024.09.30.
476017636,476017636_2,18:30 20:45 21:5519:22 현장구매,2024.09.30.
475975546,475975546_1,제가 방문해 본곳으로 추천드립니다.1. 일직식당 : 간고등어 먹으실꺼면 요기 추천드립니다. 주차장 따로없음2. 헛제사밥 까치구멍집 : 안동분들은 잘안가요 ㅎㅎ- 어른들은 맛있다고 하시는데  아이가 있다면 비추천입니다.안동댐에 주차가능3. 김대감 : 찜닭  간고등어 같이 파는곳입니다. 두개를 한번에 먹고싶다면 이곳 추천드립니다.안동댐에 주차 가능4. 유진찜닭 : 찜닭집은 찜닭 골목에서 저는 이곳만 갑니다. 사실 인근 찜닭집은 맛이 다 비슷비슷 맛있어요. 주차장 따로없음 시장안임5. 안동우성식육식당 : 차돌박이맛집입니다. 주차가 불편하니 대중교통이용 또는 강변에 주차하고 걸어가기를 추천드립니다. 가격대비 양이 많음옛날보다 가격은 좀 오름  그래도 가격대비 만족 전 돼지고기 모듬을 자주 먹습니다.6. 동굴매운탕 : 메기 빠가사리  쏘가리 매운탕 파는데 맛있습니다.주차장 넒음7. 맘모스제과 : 이곳은 워낙유명하니..패스 찾아보시면 정보많아요. 주차장 따로없음개인적으로 조각케익이 제일 맛남8. 안동훈제불닭 : 매운불닭 간장갈메기살 요렇게 파는데 반반 시켜서 먹으면 맛있어요. 개인적 갈메기살 추천요기도 주차장 따로없음,2024.09.29.
475960976,475960976_1,와이파이 AP 설치되어 있는 것으로 알고 있습니다.하지만 와이파이가  동시 접속자 제한이 있으니  지하철 와이파이 마냥 접속자가 몰리면  안되거나 느릴 수 있습니다.,2024.09.29.
475934658,475934658_1,네  현재 낙동강영가대교그라스원에 가면 한창 만발할때입니다10월10월까지도 만발할것으로 보입니다...,2024.09.28.
475934658,475934658_2,부산에도 명소가 있습니다.한번 오셔서 구경하고 가세요 ~https://mary363.tistory.com/19부산으로 핑크뮬리 보러가자핑크뮬리의 학명은 Muhlenbergia capillaris 입니다. 이 식물은 다년생 풀로  특히 가을철에 아름다운 분홍색 꽃이 피어나는것이 특징입니다. 특징가을의 피는 꽃으로 부드러운 분혹색을 띄며 바람에 흔들리며  매우 아름다운 경관을 만들어냅니다. 명소핑크뮬리는 부산에서 주로 대저생태공원입니다.  http://place.map.kakao.com/26595388?referrer=daumsearch_local 대저생태공원부산 강서구 대저1동 1-34place.map.kakao.com위치부산 강서구 대저동 지하철은 부산 지하철 3...mary363.tistory.com,2024.10.05.
475890296,475890296_1,용상우체국 정류장에 하차하여 약 100M 정도 걸어 가시면 됩니다111 112 212 412 413 610 611 612 길안1번  임동1번 버스 탑승하시면 됩니다,2024.09.27.
475838908,475838908_1,.,2024.09.30.
475795652,475795652_1,안동터미널>안동초등학교 기준 약 22:40쯤에 오는 212번이 막차입니다.,2024.09.25.
475674425,475674425_1,지금 성희 고1인데작년 내신 커트 210 넘었어요여고중에서는 젤 높았음그러니까 입학한 사람들 중 가장 점수 낮은 사람이 210은 넘었다는 말인데다행히 올해는 학생수가 작년보다 줄어서210까지는 안가요,2024.10.08.
475573949,475573949_1,속시원한 답을 드리기는 어려울 것 같고...태백에 파독광부기념관이 있는데 거기에 파독되었던 분들의 명단이 있습니다.그리고 (사)한국파독연합회 라는 곳이 있는데 그곳을 통해 문의하시는게 좋을 것 같습니다.,2024.11.01.
475485554,475485554_1,문 안열어요.오늘까지 휴관이에요,2024.09.18.
475457902,475457902_1,3호선남부터미널역에서 지하철을 타고 고속터미널역에 내려서9호선으로 갈아타고 김포공항역에 내린다음 다시 인천공항행 공항철도로 갈아타고가다가 검암역에서 내리면 됩니다 약 1시간 10분정도 걸립니다...,2024.09.17.
475405362,475405362_1,안동터미널쪽은 번화가는 아니에요.5km 정도 벗어난옥동 지구의. 모텔은 4-5만원대도 있어요야늘자 앱을 통해 찾아보십시오.그리고 주말에는 더 비싸요.아무래도번화가 모텔 밀집지역은 더 싸죠,2024.09.16.
475386754,475386754_1,저는 시청쪽에 사는데 처음 들어봅니다. 북문시장에 맨날 가는데 점잘본다는 집은 잘모르겠네요. 저는 다른데서 봤는데  여자보살이구 5개월 됬다고 하더라구요.  사주나라에 소원당인데 사주는 불러달라는 말씀도 안하시고 목소리만 듣고 상담하면서 많이 맞추시더라구요. 복비는 5만원냈습니다.사주나라 - 전화사주  사주궁합  인터넷사주대한민국 대표 고민 상담소. 전화사주  사주궁합  인터넷사주  전화신점  전화타로  사주잘보는곳 상위 1% 전문가 운세상담sajunara.co.kr,2024.09.15.
475299188,475299188_1,왼쪽은 거제 해금강  오른쪽은 거제 신선대입니다,2024.09.13.
475239974,475239974_1,053-650-2136 대구남부경찰서 전화번호 맞습니다오전 9시 부터 통화 가능 합니다보이스 피싱 스팸 전화번호일지 모르니 조심 하시기 바랍니다수사과 다른 전화 번호 알려 드립니다.,2024.09.12.
475146657,475146657_1,현재 안동에는 없는 걸로 알고 있고도청에 배영수 복식&크로스핏이라고 운영하는 곳이 있습니다.,2024.11.01.
475146657,475146657_2,안녕하세요^^경북도청 안동크로스트레이닝Hi Box입니다크로스핏레벨2 트레이너 코칭감사합니다^^,2024.11.03.
475141546,475141546_1,안동 태화동 스터디까페라고 쳐보면 어떠세요??위치 확인되면안동하이스터디카페경북 안동시 말구리길 59 3층  4층https://naver.me/5JpGm6aV어라운드스터디카페 안동옥동점경북 안동시 경북대로 408 2층https://naver.me/FiLK5Z6F플랜에이스터디카페 플랜에이 독서실 안동센터경북 안동시 광명로 189 희망빌딩 4층https://naver.me/5AmPJhdp이렇게 검색이 됩니다^^ 열공!!,2024.09.10.
