﻿doc_id,title,question,region_id,views,question_date
477544576,질문경기도 오산 봉골레 파스타,오산 운암쪽에 배달도 되는 곳이거나 가까운 곳에 위치했음 좋겠어요 제가 해산물을 비려서 잘못먹어서 웬만한 파스타집 봉골레파스타는 비린맛이 나더라구요 근데 제가 가본곳중에 유일하게 파스타부오노는 비린맛이 전혀 안나고 매콤하고 맛있던데 파스타부오노에 봉골레파스타랑 흡사한 곳추천해주세요 파스타부오노 봉골레파스타 드셔본분들만 답변주세요,120922, 15,2024.11.06
477506401,질문꿈 해몽 부탁드립니다,꿈에 어머니가 가수였고 무대에 올라간 어머니는 엄청 화려한 금빛 목걸이 귀걸이 그리고 팔찌를 착용하고 있었습니다. 그리고 은빛의 반지도 몇 개 착용하고 있었습니다. 악세사리는 백제시대가 생각나는 느낌이었고 여왕들이 착용할 것 같은 두껍고 화려한 느낌이었습니다. 꿈속에서 잠에서 깨 이건 좋은 꿈 같은데??라고 생각하고 어머니께 말해줘야겠다! 라고 생각을 했습니다. 그런 후 진짜로 꿈에서 깼습니다. 아버지와 어머니는 건설쪽 사업을 하고 계십니다. 현재 사업은 잘 진행되고 있진 않은것으로 알고 있습니다. 꿈 해몽 부탁드립니다.,12092201, 26,2024.11.05
477505553,질문오산세교 우미린 재당첨 10년 제한?,오산세교 우미린 공고에 재당첨 10년 제한이 적혀있고 투기과열 조정지역 아닌데 당첨포기하면 평택이나 충청 지방권도 재당첨 제한 있는걸까요??,12092214, 20,2024.11.05
477439774,질문오산 수원 문화시설 지도자료,오산과 수원에 있는 문화시설을 지도에 표시해서 보여주세요. 문화시설은 미술관 공연장 전시장 영화관 그 외 유원지나 민속촌같은 체험지같은 것들도 상관 없습니다. 오산과 수원이 대비 되도록 이미지화 해주세요. 제 지도앱은 표시가 잘안되네요. 앱추천 안받아요. 지도이미지만 보여주시면 감사하겠습니다^^,120922, 14,2024.11.03
477088694,질문오산시 중앙도서관,무료로 이용가능한곳인가요? 도서관에서 책읽어도 되나요?,120922, 23,2024.10.25
477069698,질문오산 운암 버스 위치,통근버스 궐동노선에 운암3단지사거리가 있는데 운암주공3단지가 맞나요? 궐동에도 따로 운암이 있나요? 아님 운천초 근처 운암주공3단지 쪽을 말하는게 맞나요?,120922, 20,2024.10.25
476949180,질문오산시청 근처 회식장소 추천해주세요,고기 구워주는곳으로 추천해주세요,120922, 17,2024.10.22
476861721,질문자전거타기 좋은지역인가요,경기도 오산 자전거타기 좋은 지역인가요? 자전거도로로 다른 지역도 갈수있게 되어있는지,120922, 37,2024.10.21
476842385,질문세교고등학교,경기도 오산시에 거주중이고 내년에 세교고 입학을 희망하는 현재 중3 여자아이입니다. 지금 기말고사를 한번 남겨둔 상태이고 가내신은 187입니다. 집과 세교고의 거리는 20~30분정도 걸립니다. 그리고 제가 궁금한 것은 아래 3가지 입니다. 1. 187정도면 세교고 갈 수 있을까요? 2. 세교고 등교시간은 어떻게 되나요? 3. 학교 분위기는 전체적으로 어떤가요?,120922, 22,2024.10.19
476789742,질문오산역과 복정역의 중간지점은 어딘가요,좀 놀만한곳으로 추천해주세요 수인분당 타고갈수있으면 더 좋고요,120922, 21,2024.10.18
476760324,질문오산에 길고양이 구조해서 치료해주는 단체아시는분계실까요,눈이 거의 보이지않는데요.. 지인분이 발견하고 사진찍었나봐요.. 길고양이지만 눈이안보여서 어느집마당한쪽에 머무르곤하는데 깨진 화분안에 들어가 욺크리고 몸을 쉬는데 그집주인이 겨울집도 못놔주게하고 길고양이지만 계속 저기에서 잘지냈다며 자기소유이니 신경쓰지말라고 한다고합니다..고양이도 생명이데 ..너무 속이상하네요 답답해서 네이버에 올려봅니다..,120922, 26,2024.10.17
476736936,질문경기도 오산,운암중앙도서관이랑 오산역은 어디인지 아는데 나머지는 정확히 어디에 위치한건지 궁금합니다 주소로 알려주세요,120922, 25,2024.10.17
476720479,질문주민센터 행정복지센터,오산시 궐동에 주민센터 있나요 검색해도 안나와서요,12092205, 38,2024.10.16
476371718,질문경기도 오산시 지쿠,오산시에서는 지쿠터나 지바이크 못타나요?,120922, 22,2024.10.12
476499057,질문오산 살기좋나요?,오산 살기좋나요? 숙박업소 달방구해서 쿠팡 다닐려고 합니다 물가or교통 어떤가요?? 일자리 많은가요?,120922, 33,2024.10.11
476365309,질문오산 금암동 세교센트럴파크에서 수원 권선동까지 택시이용,오산 금암동 세교센트럴파크아파트에서 수원 권선동에 NC백화점 수원터미널점까지 택시타면 소요시간은요 얼마나 걸려요? 현금으로 택시요금은 얼마인지 알려주세요 갈곶동 우방힐타운아파트에서 수원 곡선중학교까지 택시비는 얼마인가요?,12092206, 42,2024.10.08
476286355,질문세마역 단속시간,오산시에있는세마역쪽다 단속시간이랑 점심시간이언제인지그리고 점심시간에도 단속돼는지알수있나요,120922, 16,2024.10.06
476165543,질문오산 문화의 거리,이마트 쪽에서 오산 문화의 걸리로 가는 법 알려주세요 걸어서요,120922, 33,2024.10.03
476103542,질문오산 돌잔치,경기도 오산에 거주중입니다 돌잔치 할만한곳 있을까요? 소규모로 가족끼리만 식사 하려고 합니다 수원정도 거리 벗어나도 무관합니다 음식 맛있는곳 추천부탁드립니다 수원 마이어스는 제외해주세요 이미 알아보고 안맞아서 취소했습니다ㅠㅠ,120922, 73,2024.10.02
476096709,질문압박스타킹은 남자도 신는거 아닌가요?,거의 스타킹 그러면 여자만 신는거 신는용도로만 생각 하실꺼 같은데 ? 수면 압박스타킹 압박스타킹 등은 남녀공용 제품도 많은데 얇은 투명 살스나 검스 아니면 이상하게 안보셨음 군대에서 행군시 발에 물집 덜 잡히려고 발목 스타킹 신거나 머리카락 청소시 남자가 스타킹 사용하는것도 ?,120922, 70,2024.10.02
475848400,질문가수 늘푸른오스카빌 매매가가 어떻게 되나요?,오산에서 초등학생 아이를 키우고 있는 엄마입니다. 가수 늘푸른오스카빌 이 저희 아이가 다니는 학교와도 가깝고 산이 있어서 공기가 좋을 것 같아서 관심이 있는데요 여기는 매매가가 어떻게 되는지 알 수 있을까요?,120922, 27,2024.09.26
475799597,질문시흥은계동에 살고있는데 실력좋은 시흥 정형외과 있나요?,시흥 은계동에 살고 있습니다. 지금 허리가 움직일 때마다 아파서 병원을 가야 하는데 저번에 괜히 회사에서 가까운 병원 갔다가 크게 안 좋아져서 근처 실력 좋은 곳으로 가려고 합니다. 시흥 은계동에 있는 실력 좋은 곳으로 소개 부탁드립니다.,12092220, 181,2024.09.25
475661554,질문황영웅 가수의 최근 활동은?,"황영웅 가수 최근 활동은 콘서트입니다. 1차와 2차 콘서트는 모두 팬들에게 큰 감동을 주며 성황리에 진행되었습니다. 1차 콘서트: '겨울 우리 함께' (2023년 12월~2024년 1월) 황영웅의 첫 번째 전국 투어 콘서트 **'겨울 우리 함께'**는 2023년 12월부터 2024년 1월까지 고양 광주 대구 청주 인천 부산에서 총 12회 진행되었습니다. 팬들의 열렬한 지지 속에 황영웅은 자신만의 감성을 담아 팬들과 직접 소통하며 큰 호응을 얻었습니다. 황영웅은 공연 중 ""팬 1명 남을 때까지 노래하겠다""는 각오를 전하며 팬들에게 깊은 감동을 주었고 첫 팬 콘서트를 성공적으로 마무리했습니다. 2차 콘서트: '봄날의 고백' (2024년 4월~5월) 두 번째 전국 투어 콘서트 **'봄날의 고백'**은 1차 콘서트 이후 약 3개월 만에 다시 시작되었으며 2024년 4월부터 5월까지 수원 울산 서울 창원 대전에서 총 11회에 걸쳐 진행되었습니다. 이번 콘서트는 '고백'과 '고 백(GO BACK)'이라는 콘셉트로 팬들에게 봄의 설렘과 함께 추억을 선사하는 특별한 무대가 되었습니다. 특히 황영웅은 첫 콘서트에서 팬들과 했던 약속을 지키며 팬들에게 따뜻한 공연을 선사해 다시 한 번 큰 성공을 거두었습니다. 두 차례의 콘서트를 통해 황영웅은 팬들과 더욱 가까워졌으며 그의 음악적 깊이와 팬 사랑이 더욱 빛나는 순간들이었습니다.",12092201, 20,2024.09.22
475653292,질문오산고 내신,159.8이면 갈수있나요?,120922, 45,2024.09.22
475303094,질문오산 주변 고등학교,중3 여학생인데요 원래 경기도 광주에서 살다가 고등학생때 오산으로 이사를 갑니다 좀 있으면 고등학교를 선택해야하는데 저희 동네 고등학교는 잘 알고 있는데 오산에는 어떤 고등학교가 있는지 잘 몰라서요..지금 제 내신은 178 정도인데 이 내신에 알맞는 고등학교를 가고 싶은데요 오산에 위치한 저에게 알맞는 고등학교가 있을까요..? 참고로 갈곶동으로 갈 예정이에요,120922, 27,2024.09.13
475294576,질문원룸 고수님들 도와주세요 오산역쪽입니다,오산역 다이소(cgv근처)에서 버스를 탑승을 해야되는데 이 인근 원룸중 뭐가 괜찮은 매물인지 모르겠어요.. 관리비 미포함 최대 500/40 근처로 생각하고있는데 ( 더 싸면 좋아요..) 채광이라던가 주변에 음식점이라던가 어떻게 고려하고 봐야될지 모르겠어요 직방으로 보고있는데 혹시 원룸 매물 추천해주심 감사합니다 ㅠㅠ,120922, 9,2024.09.13
