﻿doc_id,answer_index,answer,answer_date
477533187,477533187_1,동두천고 추천드려요....,2024.11.06
477498434,477498434_1,동두천시에는 고등학교 6개 있습니다여고는 없습니다,2024.11.05.
477315029,477315029_1,동외고 영일과는 영어에 중점을 두고 일어는 선택 과목으로 수강하는 반면  일어과는 일본어에 중점을 두고 영어를 선택 과목으로 수강한다.,2024.10.31.
477311363,477311363_1,동두천중앙고등학교 155점 이상 이면 입학 가능합니다,2024.10.31.
477230421,477230421_1,동두천시 제생병원은 현재외관공사 완료하고 내부공정률은 30%로 올 하반기에 개원한다고 하네요...동두천제생병원(2024년예정)경기도 동두천시 삼육사로1158번길 98,2024.10.29.
477116482,477116482_1,다인승 찍는다고 초과금 없습니다.2명이 3000원입니다.4500원에서 1500원이 더 붙였는데기사님이 3명 찍으신거 같습니다.잘못 찍은 부분은 버스내에 블랙박스 있으니깐30번 회사로 전화해서 환불 받으세요인천제물포교통(032-887-2842),2024.10.26.
477116482,477116482_2,다인승 찍는다고 초과금 없습니다.2명이 3000원입니다.4500원에서 1500원이 더 붙였는데기사님이 3명 찍으신거 같습니다.잘못 찍은 부분은 버스내에 블랙박스 있으니깐30번 회사로 전화해서 환불 받으세요인천제물포교통(032-887-2842),2024.10.26.
477116482,477116482_3,인천광역시 버스 기본 운임표구분카드현금해당노선일반버스간선형일반1 5001 600[간선형] 1-93  103  103-1  111-2  112  202~206  222~223[급행형] 91  95  97  99[마을버스] 무의1청소년1 0501 100어린이600600지선형일반1 2001 300[지선형] 500번대  1111[순환형] 41~43  46~47  51~52  54  56  83[GRT] 701  702[마을버스] 533  534[e음버스] 11~13  15~16  21~22  31  45  53  55  61  71  84  85  86  88  89청소년850900어린이500500좌석버스타시도일반1 5502 300[김포공항행] 60-5[영흥도행] 790[강화도행] 800  801청소년1 1001 600어린이650900영종행(영종시내)일반1 900(1 500)2 600(1 600)[영종행] 117  304  320[공항행] 111  302  303  303-1  306  307  308  310  330※ 111  117  307  320 번만 영종 시내 적용그 외 버스 영종시내요금 추후 적용 예정청소년1 350(1 050)1 800(1 100)어린이800(600)1 000(600)광역버스(직행좌석)일반(조조할인)3 000(2 400)3 000[서울역] 1000  1100  1101  1200  1300  1301  1302  1400 1500  1601[광명역] 6770[인천국제공항] 6777  6777-1[강남역] 9100  9200  9201  9300[시민의숲.양재꽃시장] 9500  9501  9802[신촌역] 3000※ 3000번 : 경기도 직행좌석 요금 한시적 준용청소년(조조할인)1 650(1 320)1 650어린이(조조할인)1 200(960)1 200M버스(광역급행)일반(조조할인)2 800(2 240)2 900[서울역] M6724[강남역] M6405  M6457[신촌역] M6628[역삼역] M6439[삼성역] M6450[공덕역] M6751[시민의숲.양재꽃시장] M6458청소년(조조할인)2 000(1 600)2 100어린이(조조할인)1 600(1 280)1 600광역간선급행버스(BRT)일반2 6002 600[청라~강서] 7700청소년1 6001 600어린이1 2001 200심야버스일반1 900-[송내역] N50[청라역] N81청소년1 350-어린이800-※ 거리비례제 시행(간선.지선 : 환승거리비례제  좌석 : 초승거리비례제)· 간선.지선버스 : (환승할 경우) 10Km내 기본  10~40Km(5Km마다 100원 추가)  40Km 초과(100원)· 좌석버스 : (환승과 관계없이) 10Km내 기본  10~40Km(5Km마다 100원 추가)  40Km 초과(100원)· 광역버스.M버스 : (환승과 관계없이) 30Km내 기본  30~60Km(5Km마다 100원 추가)  60Km 초과(100원)※ 조조할인제 시행· 광역버스.M버스 : 06:30분이전 초승 탑승시 20% 할인(카드탑승 시)※ 어린이(만6세이상~만12세 이하)  청소년(만13세이상~만18세 이하)· 승객이 동반하는 만6세이하 소아 3명 무임(다만  좌석배정을 원하는 경우 제외)※ 좌석버스(영종행) 요금체계 이원화 시행(23년 10월 7일)· 일반요금 : 영종 ↔ 인천시내  인천시내 승차.하차시· 영종시내요금 : 영종시내에서만 승차.하차시,2024.10.26.
476788902,476788902_1,<제21회 동두천 청소년 별자리 과학축제> 개최 안내청소년에게 꿈과 희망을 동두천에서 주최하고 사회단체 어수회가 주관하는 제21회 동두천 청소년 별자리 과...m.blog.naver.com여기 참고하셔서 방문하시면 되시겠습니다.,2024.10.18.
476300712,476300712_1,보통과 4반  신재생에너지/스마트로봇 3반으로  모두 7학급입니다,2024.10.07.
476285806,476285806_1,10월19일 토요일 운영합니다.동두천시 소속이라서 시립도서관 회원증있다면 가능 합니다추가대출은 연체만 없다면 가능합니다. 그리고 1인 10권이내에 대출 가능합니다,2024.10.07.
475903886,475903886_1,동두천시평화로에서 경기도포천시신읍휴먼시아아파트 까지 거리는 약 20KM입니다중형차 기준 기름값 편도 약 3000원 정도 나옵니다,2024.09.27.
475787230,475787230_1,광주광역시에서 서울 보다 동두천이  멀어요.광주시--서울시   약 300km광주시--동두천시  약 350km,2024.09.25.
475554099,475554099_1,아직 오픈은 하지 않은상태 입니다막바지 공시 진행 중입니다동두천 시민이면 누구나 이용 가능합니다,2024.09.20.
