﻿doc_id,title,question,region_id,views,question_date
477533187,질문동두천고등학교동두천중앙고등학교 어디가 괜찮을까요?,그냥 다니면서 추억 많이 쌓을 수 있는 학교 어디일까요 분위기 둘 중 어디가 좋을까요?,120913, 17,2024.11.05
477520694,질문스크린으로 음악감사하며 즐기는 바 추천  서울,제주 탑동골목같은 바인데 유튜브 스크린으로보면서 감사하는 곳 서울에는 없을가요?,12091312, 15,2024.11.05
477498434,질문동두천에 있는 고등학교,1. 동두천에 있는 고등학교 이름 좀 알려주세요 ㅠ 2. 동두천에 여고는 없나요..?,120913, 18,2024.11.05
477414430,질문지행 피시방 추천,지행에 게임패드(컨트롤러)구비되어있는 pc방있는 곳 알려주시면 감사하겠습니다,12091311, 22,2024.11.03
477240141,질문동두천 문영고,문영고 괜찮나요? 규정 빡세다고 들었는데 분위기는 어떤가요? 다니기에 괜찮을까요?,120913, 23,2024.11.02
477315029,질문동두천 외국어 고등학교(동외고) 영일과 일어과 차이,동외고 진학을 생각중인데요 영일과와 일어과의 정확한 차이가 궁금해요,12091303, 27,2024.10.31
477311363,질문동두천중앙고등학교 내신점수커트라인,중학교3학년인데 동두천중앙고등학교가려고 하는데 내신이 몇점이어야 갈수있나요? 인문계로 가려고하는 중3남자아이입니다,12091303, 20,2024.10.31
477230421,질문동두천시 제생병원 언제 지어지나요????,동두천으로 다니고 싶은데 ㅜㅜ,120913, 27,2024.10.29
477116482,질문인천 버스요금,경기 송내에서 인천으로 넘어가는 인천 30번 파란색 버스에 2명이라하고 성인요금 찍는데 4500원을 찍으라하시더라구요 요즘 인천 버스요금 얼마에요? 2명에 4500원이 맞나요..?,12091308, 45,2024.10.26
476788902,질문2024 동두천 별자리축제,2024 별자리 축제 어디서 하나요? 그리고 또 몇시에서 몇시까지해요?,12091303, 121,2024.10.18
476300712,질문동두천 중앙 고등학교,동두천중앙고 몇반까지 있나요?? 그리구 인문계로 가려면 내신 몇부터 갈 수 있나요??,12091303, 27,2024.10.07
476285806,질문도서관대해궁금합니다,동두천 종합운동장쪽에있는작은도서관 지혜의 등대 19일에 영업하나요? 시립도서관에만든 도서관카드가있는데 거기서 ㅊ9ㄱ빌리수있나요?,12091303, 26,2024.10.06
475903886,질문기름값나오나요,직업:활동지원사 집동두천시평화로 회사경기도포천시중앙로 이용자네집경기도포천시신읍휴먼시아아파트,120913, 32,2024.09.27
475787230,질문광주에서 출발할때 서울 동두천,광주광역시에서 출발을 할때 서울특별시하고 경기도 동두천시 하고 비교하면 어디가 더 멀어요?,12091303, 24,2024.09.24
475574920,질문동두천 미용실,미용실 예약금 거는거 참..미용인들한테 필요하지만 고객입장에서 참 동두천 미용실 소-샵 원래 예약금 걸고 갔는데 실수로 파마를 염색으로 했더라구요 제가 실수한건인정하지만 예약금은 못돌려준다네요 안간것도아닌데.. 다른시간도 있는데 안된다고하고. 다른걸한다고해도 예약금은 없어지는거라고하네요 융통성이 너무없네요 원래 그런건가요? 인정하고나왔지만. 너무 미용업체 너무하네요,12091303, 29,2024.09.20
475554099,질문동두천 행복드림센터 언제 오픈하나요?,수영장 생긴다는데 아무나 가입가능한지요?,120913, 42,2024.09.19
474864952,질문누구의 낙관인가요?,할아버지집에 있는데 혹시 누구의 낙관인가요?,12091311, 21,2024.09.08
