﻿doc_id,answer_index,answer,answer_date
477246263,477246263_1,버스 대절은 성수기 비수기  평일과 주말  공휴일  경유지  거리  편도인지  왕복인지에 따라서 가격을 결정합니다.현재 무주에서 대전까지 거리가 67km로 나오고 있습니다. 여기에 오차범위 5km정도 플러스하면 72km로 보고 왕복이니 144km로 알아봤습니다.현재 견적은 70~100만 원 사이로 나오고 있습니다.정확한 금액을 확인하기 위해서는 업체에 날짜와 시간  장소 등 견적을 문의하시는 게 좋습니다.,2024.10.30.
477122588,477122588_1,안성 터미널 등 에서  4402번 4401번 탑승양재역 하차 내린자리 에서 9700번 갈아타고 대화역 하차 도보15분 킨텍스,2024.10.26.
476983030,476983030_1,네  대중교통이기 때문에 주말에도 운행을 합니다...,2024.10.23.
476983030,476983030_2,네 일요일도 운행합니다.평택시 직행좌석버스 8203번[ 지도 노선도 보기 ]기점경기도 안성시 가사동(안성종합버스터미널)종점경기도 이천시 중리동(이천종합버스터미널)종점행첫차05:00기점행첫차06:20막차21:00막차22:20배차간격80~90분 (1일 12회)운수사명평택버스인가대수3대평택 버스 8203번 운행시간표2024년 8월 1일 기준 /출처[ 시간표 펼치기 · 접기 ]횟수안성터미널이천터미널(제일은행)105:0006:20206:20도착 후 회차(약 80~90분 소요)307:40409:10510:40612:00713:30815:00916:301018:001119:301221:0022:20,2024.10.23.
476826867,476826867_1,안성종합버스터미널근처에는 24시 찜질방이 없습니다...,2024.10.19.
476410009,476410009_1,중앙대 안성캠은... 사실상 그냥 분교입니다 본캠하고 차이가 너무 많이 나서 같은 대학 취급도 안해요국민대 > 부산대=인하대 > 명지대 > 충남대= 안성이게 맞아요,2024.10.09.
475934056,475934056_1,"질문에 답변 드립니다.마지막까지 긴장을 늦추지 말고 그냥 보세요...알고보면 재미가 떨어집니다.ㅠㅡㅜ제발 그냥 보세요.많은분들이 기다리던 박서준  한소희 의 시대를 넘나드는조선 SF로맨스액션 '경성크리처'시즌2 가 9월27일부로넷플릭스에 공개되었습니다.시즌1에서 경성의 봄을 살아낸 채옥(한소희 분) 과 태상과 모든것이닮은 호재(박서준 분)가 현대의 서울에서 만나 끝나지 않은 인연과 운명그리고 애처롭지만 악역의 기로에서 진실을 파헤치는 이야기를 그린대한민국 최고의 조선SF로맨스액션물 ""경성크리처 시즌2""지금 바로 다시보기로 생생한 영상을 확인해 보시기 바랍니다.https://m.site.naver.com/1unDZ경성크리처 시즌 2 출연진 몇부작 다시보기 - jjyu.co.kr경성크리처 시즌 2가 돌아왔습니다. 현대 서울을 배경으로 한 이번 시즌은 호재와 채옥의 새로운 모험을 그립니다. 빠른 호흡과 화려한 액션  그리고 짙어진 멜로로 시청자들의 기대를 모으고 있는 경성크리처 시즌 2 출연진 몇부작 다시보기 까지 살펴보겠습니다.m.site.naver.com쌀쌀한 가을날씨에시대를 거슬러 올라온 두 청춘남녀의뜨거운 ""조선SF로맨스액션""즐거운 시간 되시길 바랍니다.^-^",2024.09.29.
475880625,475880625_1,빨리 심은 벼는 지금 추수 하고 있습니다조금 늦게 심은 벼는 10월 중순 쯤 수확을 합니다,2024.09.27.
475573528,475573528_1,마을발전기금은 무주지역마다도 다르겠지만제가아는곳은있어요그리고 살기는 정말 너무 좋아요,2024.09.23.
475345066,475345066_1,"● 안성지역에서 고속버스 이용하신다면 서울경부고속터미널에 도착하시게 됩니다..https://www.kobus.co.kr/main.do- 웹방화벽 관리자에 의해 차단 되었습니다.www.kobus.co.kr- 서울경부고속버스터미널에서 지하철9호선 승차장으로 이동하십니다.. 될 수 있으면 김포공항행 ""급행""을 승차 후 여의도역 하차입니다.. 여의도역에서 5호선 여의나루역 방면 환승하시고 1개 역 이동 후 3번 출구로 나와서 도보이동입니다.",2024.09.14.
475292504,475292504_1,오늘 받기는 힘들겠네요토요일 배송 됩니다,2024.09.13.
475292504,475292504_2,오늘 오후 4시쯤이나 내일쯤 도착할것 같네요...,2024.09.13.
