﻿doc_id,answer_index,answer,answer_date
477131879,477131879_1,홍천의 주산업은 농업입니다.특산물로는 홍천쌀  인삼  잣  한우  옥수수가 있습니다.다음으로 관광산업으로 비발디파크  팔봉산  수타사  알파카월드가 있습니다.공업으로는 진로하이트 홍천공장(맥주)이 있습니다.,2024.10.27.
476316133,476316133_1,검색해보니 홍천에는 홍천호 오토캠핑장  국립삼봉자연휴양림 야영장 정도 있는 것 같습니다.도움이 되셨다면 채택 부탁드려요:),2024.10.07.
476316133,476316133_2,자차로 10분정도면 수타사힐링캠프 캠핑장 있어요,2024.10.07.
476087965,476087965_1,제가 검색했을때는 편도로 2800원 나옵니다. 왕복으로는 5600원이죠 청소년으로 검색하면 더 가격이 낮아질수도있어요 환승으로 해서 가야하구요.그 검색할때 옆에 상세정보 눌러보시면 금액이 떠요!,2024.10.01.
475664297,475664297_1,강원도시가스 홍천지점에 전화를 해서 문의를 하면 알려 줍니다...1599-2232(강원도시가스 홍천지점)강원도시가스 홍천지점강원특별자치도 홍천군 홍천읍 송학강변로 27 2층,2024.09.22.
475402330,475402330_1,아무리 시골이라도 배달앱으로 주문하는것도 똑같고배달시간도 거의 똑같습니다...,2024.09.16.
475297122,475297122_1,조아헤어 인기많아요,2024.09.13.
475297122,475297122_2,플레이스에 스타일 보고 가시기 바래요 ㅎ,2024.09.13.
