﻿doc_id,answer_index,answer,answer_date
477199675,477199675_1,예약은 필요없지만보호자 동반 입니다.병원에서 맞으면보통 4만원   2만원  정도 입니다.,2024.10.29.
476745337,476745337_1,보성터미널에서 11-1.11-2 11-3 순환01번  순환01-1번  순환02번  율어23-3번 율포71-8번버스 탑승하시고 벌교역 정류장에 하차하시면 됩니다,2024.10.22.
476763383,476763383_1,타지역에 전학 또는 입학생 약 15-20명 정도 됩니다,2024.10.18.
475896478,475896478_1,“애들이 그런말 한거 기분 나빴어?“ 이런식으로 먼저 연락해보시면 어떨까요?? 사실 이럴때는 두분이 대화해보시는게 가장 정확해요!!,2024.09.28.
475896478,475896478_2,"당신의 마음이 많이 복잡하고 힘들 것 같아요. 좋아하는 사람이 있다는 것은 설레는 일이지만  예상치 못하게 주변에 알려져서 당황스러웠겠어요. 친구들의 반응에 속상해서 눈물까지 흘리셨다니 마음이 아프네요.현재 짝남과의 관계에서 거리감이 느껴진다면  먼저 자연스럽게 다가가는 것이 중요해요. 예전처럼 가볍게 인사하고 일상적인 대화를 시작해 보세요. 수업 시간이나 쉬는 시간에 눈이 마주치면 미소 지어보거나  간단한 질문으로 말을 걸어보는 것도 좋아요. 예를 들어  ""오늘 숙제 어렵지 않았어?"" 혹은 ""이번 주말에 뭐 할 예정이야?"" 같은 일상적인 질문으로 대화를 시작해 보세요.또한  그날의 상황에 대해 솔직하게 이야기해 보는 것도 도움이 될 수 있어요. ""그때 내가 많이 당황해서 미안해. 너랑 어색해지고 싶지 않아""라고 진심을 전해보세요. 상대방도 당신의 마음을 이해하고 다시 편하게 대할 수 있을 거예요.중요한 것은 너무 급하게 다가가지 않고  서서히 관계를 회복하는 거예요. 시간이 지나면 어색함도 자연스럽게 풀릴 수 있으니  천천히 노력해 보세요. 그리고 그 친구가 보여주는 작은 관심이나 행동에 긍정적으로 반응해 준다면  다시 예전처럼 가까워질 수 있을 거예요.힘내세요. 당신의 용기와 진심이 꼭 전달되길 바랍니다.",2024.09.28.
475845784,475845784_1,보성 청년 축제에대해 궁금하신거군요!오는 27일 금요일부터 토요일까지 2일간보성군에서 제1회 다~청년 페스티벌이 개최됩니다.주요 초대 가수로는 김종국이 있으며청년 청소년 가족 전용 프로그램이 다양하게 준비되어 있으니라인업  프로그램 소개 및 무료 주차장 정보까지 자세하게 나와있는 글 링크 첨부드리니 도움이 되셨으면 좋겠습니다^^보성 다청년 페스티벌 라인업(김종국) 무료 주차장 프로그램 안내녹차로 유명한 보성에서 오는 2024년 9월 27일부터 2일간 제1회 다청년 페스티벌이 개최됩니다. 주요 초대 가수로는 김종국이 있구요  라인업이 정말 화려합니다!  보성 다청년 페스티벌 라인업  주차정보  프로그램 안내 바로 안내해드리겠습니다.   행사장 주차장 안내와 청소년 및 청년  가족전용 프로그램 내용을 바로 확인하세요   보성축제 무료주차 정보  청소년 청년 가족 놀거리   보성 제1회 다청년 페스티벌 축제개요이번 보성군 제1회 다청년 페스티벌 축제 개요는 아래와 같습니다.  ✅ 행사기간: 9.27(금) ~...buchu-nadong.com,2024.09.26.
475845784,475845784_2,9월27일 금요일 오후 6시 부터 개막식 행사 합니다인기 연예인 많이 오네요,2024.09.26.
475355942,475355942_1,참고하세요@ 벌교공용터미널광주행06;42  07;17  08;05  08:25  09;0509;30  10:28  11:05  11;48  13:05 ~~,2024.09.15.
