﻿doc_id,title,question,region_id,views,question_date
477360958,질문벌교상업고등학교,여기 폰내나요? 제발 알려주세요ㅜㅜㅜㅜ 만약내면 정해진 시간이 몇시인가요,12121201, 20,2024.11.01
477199675,질문벌교 하나 의원,고등학생 벌교하나의원 독감 예방접종 맞으려면 예약해야하나요?,12121201, 19,2024.10.28
476745337,질문제가 내일 벌교가는데요,보성에서 갈려구하거든요 시외말고 시내버스로 벌교역 근처에 정류하는곳있나요?,12121201, 31,2024.10.22
476763383,질문보성군 벌교고에 관하여,벌교고등학교에 재학중이시거나 잘 아시는 분 답변 부탁드립니다 혹시 새학기에 전학생이나 타지역에서 오는 학생들이 많은 편인지 그렇다면 몇 명 정도인지 알려주시면 감사하겠습니다!,121212, 25,2024.10.17
475896478,질문소문 났음요,"제가 좋아하는 남자얘가 있어요. 그런데 조금 제가 좋아하는 티를 낸거예요..그래서 애들 한테 들켜 버렸거든요 애들도 계속 진짜 이냐고 물어보고요 들켜버린게 속상하고 주끄러워서 저도 모르게 울었거든요.. 근데 어떤 친구가 ""얼마나 싫었으면 울겠어"" 라고 말했거든요 짝남은 당황 했는지 어색하게 괜찮은척 웃고... 수업 할때도 짝남이 계속 뒤를 돌아보기는 했어요.... 살짝 거리가 멀어진 느낌이 들어서요. 올래 츤데레 처럼 잘챙겨 주고 칭찬 같은 장난도 많이 하는 짝남 이라서 다시 관계를 회복 하고 싶은데 어떻게 하면 될까요?(어떻게 먼저 말걸어야 하면 됨요?",12121205, 60,2024.09.28
475845784,질문보성군에서 청년 관련 페스티벌 축제 알려주세요,보성군에서 이번에 제1회 다청년 페스티벌 축제를 한다고 들었습니다. 축제 정보는 어디서 알 수 있나요?,121212, 25,2024.09.26
475355942,질문벌교버스터미널에서 광주 가는 버스 있나요?,내일(일요일) 오전에 벌교 버스터미널에서 광주 가는 버스 있나요?,12121201, 230,2024.09.14
