﻿doc_id,answer_index,answer,answer_date
477560241,477560241_1,경산제일고등학교의 하교 시간은 오후 4시 30분입니당,2024.11.06
477397108,477397108_1,경산경찰서 부서별대표번호 청문감사인권관053-770-0317청문·민원관리팀대표번호 : 053-770-0317감사실대표번호 : 053-770-0218고소 고발/헤어진가족찾기(민원봉사)대표번호 : 053-770-0131수사민원 상담(민원봉사)대표번호 : 053-770-0724경무과053-770-0321경무계대표번호 : 053-770-0321경리계대표번호 : 053-770-0322정보화장비계대표번호 : 053-770-0341범죄예방대응과053-770-0346범죄예방계대표번호 : 053-770-0346범죄예방질서계대표번호 : 053-770-0358112치안종합상황팀대표번호 : 053-770-0330여성청소년과053-770-0348여성청소년계대표번호 : 053-770-0348여성청소년수사·강력팀대표번호 : 053-770-0750수사과053-770-0366수사지원팀대표번호 : 053-770-0366유치관리팀대표번호 : 053-770-0388지능범죄수사팀대표번호 : 053-770-0267수사팀(1~6팀)대표번호 : 053-770-0268형사과053-770-0161 0162형사지원팀대표번호 : 053-770-0166형사팀(1~6팀)대표번호 : 053-770-0297실종팀대표번호 : 053-770-0755피싱범죄수사팀대표번호 : 053-770-0278종합조회처리실(범죄경력조회)대표번호 : 053-770-0365경비안보과053-770-0257경비작전계대표번호 : 053-770-0257안보계대표번호 : 053-770-0292교통과053-770-0352교통관리계대표번호 : 053-770-0352교통조사팀대표번호 : 053-770-0351교통범죄 수사팀대표번호 : 053-770-0319민원봉사실(면허증)대표번호 : 053-770-0325 0326민원봉사실(과태료)대표번호 : 053-770-0225 0227민원봉사실(법규위반)대표번호 : 053-770-0228 0191위에는 경산경찰서의 부서별 전화번호 목록인데요 아무리 찾아봐도053 770 0337번은 없습니다경찰서의 전화번호와 유사한 전화번호로 사기를 치는사람들이 있다고 합니다 의심이 되면 먼저 경찰서에전화를 해서 확인하여 보세요...,2024.11.02.
477309539,477309539_1,갓바위영남대학교 러브로드불국사삼성현 역사문화공원선본사평화의 소녀상이정도 있는듯 합니다^^답변이 도움되셨다면 채택 부탁드리겠습니다 감사합니다,2024.10.31.
477145506,477145506_1,우편번호38623,2024.10.27.
477135847,477135847_1,하늘을 날아갈 듯 기분 좋은 소식을 듣게 될 꿈입니다.이 꿈은 발로 뛰고 땀을 흘려서 이룩한 성과로 인해만족감을 느낄 것을 의미합니다. 즉 시험에 당당히 합격하거나 많은 경쟁자를 제치고 원하던 자리에 오르게 될꿈이랍니다. 이렇듯 자신이 노력해 온 일에 대한 만족스러운대가를 얻게 되어 그 어떤 성공보다 기쁘게 느껴질 것이니 끝까지 최선을 다하시길 바랍니다.질문자분께서 늘 건강하시고 행복하시기를 기원하며글을 씁니다.답변이 도움 되셨다면'포인트 선물'버튼을 클릭하셔서 마음을 전해 주시면 감사하겠습니다!.,2024.10.27.
476838539,476838539_1,동성동본 혼인 금지는 없어졌습니다.결혼 할 수 있습니다.^^,2024.10.19.
476838539,476838539_2,아니 본관도 다르고 성이 다른데 결혼 가능하죠. 심지어 동성동본도 8촌만 넘으면 되는데 이해가 안되네요.김해허씨- 김해김씨 이성동본 이런경우도 결혼 가능합니다. 본관은 같으나 성이 다르기 때문이죠.,2024.10.25.
476503500,476503500_1,네. 그 정도면 가능합니다.,2024.11.06
476411410,476411410_1,일단 첫번째 가게는 장사 안하는걸로 알고 있네요.가게 내놓았는지 전부 비어져있어요.,2024.10.09.
476391147,476391147_1,기쁘고 경사스러운 일이 생기게 될 꿈입니다.이 꿈은 실제로도 좋은 소식이 전해져 사람들의축하를 받게 될 것을 의미합니다.즉 원하던 시험에 합격을 하거나 승진 소식을듣게 되고 실제로 금전이 생기는 등행운이 따라 줄 길조의 꿈이랍니다.그러니 즐거운 마음으로 일상에임하고 더욱 분발하여 자신에게찾아올 행운의 기회를 한껏 누리시길 바랍니다.질문자분께서 늘 건강하시고 행복하시기를 기원하며글을 씁니다.답변이 도움 되셨다면'포인트 선물'버튼을 클릭하셔서 마음을 전해 주시면 감사하겠습니다!.,2024.10.09.
476315935,476315935_1,경산역에서 동대구역--->동탄역 srt 입석표 예매 가능 합니다,2024.10.07.
476105114,476105114_1,성적 개선이 가능하다면 가능성 있음. 노력하고 최선을 다해보세요.도움되는 답변이 되셨길 바래요-질문정보 :안녕하세요. 현재 경산에 살고있는 중3학생입니다.제가 지금 진량고에 가고 싶은데 성적이 너무 떨어져서요…1학년땐 평균69점 하나는 기억안나고2학년땐 평균34  평균54였고지금 3학년때는 중간고사 평균 31입니다…제가 중간치기전에 총합점수가 202점이였는데 제가 만약 이번 기말에 평균 한 80~90 적어도 70이라도 받는다면 진량고에 갈수있을까요? 제가 1학년때부터 상장은 많이 받고 과학 상도 받아서 경산시에 가서 발표도 하고 그랬는데 총합은 그런거 다 빼고 202점이라고 하더라구요… 갈수있을까요?ㅠㅠ,2024.10.02.
476105114,476105114_2,노력하면 가능해요! 화이팅!도움되는 답변이 되셨길 바래요-질문정보 :안녕하세요. 현재 경산에 살고있는 중3학생입니다.제가 지금 진량고에 가고 싶은데 성적이 너무 떨어져서요…1학년땐 평균69점 하나는 기억안나고2학년땐 평균34  평균54였고지금 3학년때는 중간고사 평균 31입니다…제가 중간치기전에 총합점수가 202점이였는데 제가 만약 이번 기말에 평균 한 80~90 적어도 70이라도 받는다면 진량고에 갈수있을까요? 제가 1학년때부터 상장은 많이 받고 과학 상도 받아서 경산시에 가서 발표도 하고 그랬는데 총합은 그런거 다 빼고 202점이라고 하더라구요… 갈수있을까요?ㅠㅠ,2024.10.02.
476105114,476105114_3,제가 지금 진량중 졸업해서진량고 다니고 있는데요 ~제가 종합 점수는 기억이 안 나서종합 점수보다는 등수를 봐야 되긴 해요 ㅜㅜ우선 제가 부실장 했을 때 추가로 삼 점 받았어용창체상도 점수가 있지만그 학년에서 부실장으로 점수를 받아서최종적으론 삼 점만 받았어요그래서 1학년  2학년  3학년 때 나눠서상을 받았으면 충분히 가능성 있을 거 같아요제기억엔 교과우수상으론 추가 점수 못 받았어요애들 2학기 기말 진짜 공부 안 하거든요그때 빠짝 하면 충분히 가능성 있어요 !!진량중이면 진짜 공부 못 하는 애들 빼곤거의 진량고 갈 수 있으니열심히 하셔서 꼬옥 선후배로 만나요,2024.11.06
476103814,476103814_1,현재 성적 상태로는 진량고 진학이 어려울 수 있습니다. 노력하여 성적을 향상시키세요.답변이 도움되셨으면 좋겠네요 좋은하루보내세요-올려주신 질문내용 :안녕하세요. 제가 경산에 거주중인데 진량고에 가고싶어서 고민중입니다. 1학년때는 평균 69점 하나는 기억 안나구요.2학년땐 평균34  평균 54  3학년땐 중간 하나 평균31점 맞았습니다. 만약에 제가 3학년 기말에 평균 80 90을 받는다면 아니 70이라도 받는다면 진량고에 갈수있는 확률이 높아질까요? 봉사점수 그런거 빼고 하면 총합 3학년 중간치기 전엔 202점 이였습니다. 넘 궁금해요ㅠㅠ,2024.10.02.
476103814,476103814_2,성적이 중요하지만 노력도 중요합니다. 최선을 다해보세요.도움되는 답변이 되셨길 바래요-질문정보 :안녕하세요. 제가 경산에 거주중인데 진량고에 가고싶어서 고민중입니다. 1학년때는 평균 69점 하나는 기억 안나구요.2학년땐 평균34  평균 54  3학년땐 중간 하나 평균31점 맞았습니다. 만약에 제가 3학년 기말에 평균 80 90을 받는다면 아니 70이라도 받는다면 진량고에 갈수있는 확률이 높아질까요? 봉사점수 그런거 빼고 하면 총합 3학년 중간치기 전엔 202점 이였습니다. 넘 궁금해요ㅠㅠ,2024.10.02.
476103814,476103814_3,노력하면 가능성이 열립니다. 가고싶은 학교에 대한 열정이 중요해요!답변이 도움되셨으면 좋겠습니다-말씀하신 질문 :안녕하세요. 제가 경산에 거주중인데 진량고에 가고싶어서 고민중입니다. 1학년때는 평균 69점 하나는 기억 안나구요.2학년땐 평균34  평균 54  3학년땐 중간 하나 평균31점 맞았습니다. 만약에 제가 3학년 기말에 평균 80 90을 받는다면 아니 70이라도 받는다면 진량고에 갈수있는 확률이 높아질까요? 봉사점수 그런거 빼고 하면 총합 3학년 중간치기 전엔 202점 이였습니다. 넘 궁금해요ㅠㅠ,2024.10.02.
475888589,475888589_1,NC 지하   이마트  홈플러스에 수영복 매장 있습니다,2024.09.27.
475845419,475845419_1,경산 샤브샤브 무한리필 맛집 샤브힐즈 추천합니다위치 참고하시기 바랍니다,2024.09.26.
475845341,475845341_1,경산시청에는 여권 사진 찍을 곳이 없습니다시청 근처 사진관 이용 하여야 합니다스타사진관 경산시청점 추천합니다위치 참고하시기 바랍니다,2024.09.26.
475845341,475845341_2,영남대학 부근에 사진관 가시면 되요사진에홀리다 여사장님이 하시는데 보정을 잘해주시더라구요,2024.10.16.
475830497,475830497_1,하주초에서 무학교 정류장까지 걸어갑니다.거기서 803번 버스를 타고 영남대 정류장에서 내립니다.영남대역에서 2호선 문양행 열차를 타고 두류역에서 내립니다.15번 출구로 나가서 약 700m 걸어가시면 이월드입니다.이월드에서 올때는 경로가 조금 다른데 이월드 마감시간이 21시이므로 21시10분쯤 지하철을 탄다고 가정하겠습니다.(22시까지 운영하는 날에도 경로는 동일합니다)두류역에서 2호선 영남대행 열차를 타서 반월당역에 내린 후 1호선 안심행 열차로 갈아타서 안심역에서 내립니다.21시까지일 경우(시간표는 토요일 기준입니다)22시까지일 경우(시간표는 토요일 기준입니다)안심역 4번출구 앞쪽에 있는 안심역(4번출구)정류장으로 가서 55 518-1 555 555-7 808 814 818 818-1 급행5번 버스중 하나를 타고 하양초등학교 정류장에서 내립니다.하양초등학교 정류장에서 하주초까지는 약 1.3km정도 걸어가셔야 합니다(근처까지 가는 버스는 막차가 끊긴 이후라서요). 아니면 안심역에서부터 하주초까지 택시로 가셔도 됩니다. 15000원정도 나올겁니다.,2024.09.25.
475800408,475800408_1,안녕하세요. 합격의 열쇠 코칭패스입니다.경산에서 가천대학교 면접을 준비하시는 지원자님의 열정에 박수를 보냅니다. 지역적 거리에도 불구하고 꿈을 향해 노력하시는 모습이 정말 멋집니다.가천대학교 면접 준비에 대해 몇 가지 조언을 드리겠습니다:1. 온라인 준비: 지역적 제약을 고려하면  온라인 화상 면접 준비 프로그램을 활용하는 것도 좋은 방법입니다. 많은 입시 컨설팅 업체들이 이런 서비스를 제공하고 있습니다.2. 자기주도학습: 가천대학교 홈페이지에서 제공하는 입학 정보와 전년도 면접 후기 등을 꼼꼼히 살펴보세요. 이를 바탕으로 예상 질문을 만들고 답변을 준비해보세요.3. 화상 모의면접: 친구나 선생님과 화상 통화로 모의면접을 진행해보는 것도 도움이 됩니다. 실제 면접 환경과 비슷한 상황을 만들어 연습해보세요.4. 전문가 상담: 지역의 제한이 있더라도  전화나 화상 상담을 통해 전문가의 조언을 받을 수 있습니다. 코칭패스에서도 이러한 서비스를 제공하고 있으니 참고해보세요.5. 단기 집중 프로그램: 면접 직전 수도권으로 올라와 단기간 집중 프로그램을 이용하는 것도 방법입니다. 이 경우 숙박 등을 고려해야 하니 미리 계획을 세워보세요.지원자님  비록 지역적으로 멀리 계시지만  열정과 노력으로 충분히 좋은 결과를 얻으실 수 있을 거예요. 체계적인 준비와 꾸준한 연습으로 자신감을 키우시길 바랍니다.제 답변이 도움이 되셨다면 채택을 눌러주세요.채택으로 제공받은 콩은 아동 청소년을 위한 해피빈 기부를 통해 사용되며 질문자님의 내공은 50% 환급됩니다.코칭패스 문의하기 https://coachingpass.co.kr/consulting,2024.09.29.
475796949,475796949_1,하양역1 정류장 기준 23:10~15쯤에 영천 시내방면 버스 막차인 555-7번이 통과합니다.,2024.09.25.
475796949,475796949_2,안심역4번에서 23:00막차555-7,2024.09.25.
475777169,475777169_1,일단 하복 교복 위에 후드티나 후드집업 입는거는선도부나 선생님께 걸리면 벌점맞아요ㅜ동복입고 겉옷 입을 때 마이 입고 겉옷 입어야해요ㅜㅜ근데 그냥 선도부는 거의 안서니까 선생님 눈 피해서 입고 다니면 괜찮아요!후드집업도 학교 후드집업이면 괜찮지만 질문 하신거는 학교 후드집업이 아니겠죠..?결론: 적당히 눈치보면서 입고 다니면 괜찮을거다!,2024.10.30.
475255614,475255614_1,넹,2024.09.21.
475252259,475252259_1,경산 치킨 맛집 추천: 경산 더착한치킨. 야외석도 있어 즐길 수 있어요. 레드향이 매력적인 메뉴입니다.제가 드린 답변이 도움되셨길 바래요-말씀하신 질문 :제가 치킨을 너무 좋아하는데 경산에 치킨 맛있는 집 아시는 분 있나요?요즘 날씨가 선선해져서 야외에서 먹을 수 있으면 좋을 것 같습니다.메뉴도 같이 추천해 주신다면 감사하겠습니다.,2024.09.12.
475252259,475252259_2,덤브치킨 경산중산점경상북도 경산시 펜타힐즈2로 59 108호야외는 아니지만 맛 하나만큼은 끝내줍니다그리고 미친가격의 치킨을 파는곳입니다싸니까 맛이없을것이다? 그건 착각입니다너무 맛있어요메뉴는 덤브후라이드 추천 9.9천원,2024.09.12.
475129393,475129393_1,올해(24년)는 아직 관련 공지가 나온게 없습니다.갓바위축제는 매년 9-10월에 개최가 되는 가을축제인데  올해는 아직 계획이나 축제관련 공지가 나온게 없습니다.053-851-0022(갓바위축제추진위원회)  053-810-5357(경산시청 문화관광과),2024.09.10.
475079190,475079190_1,관활 구청 위생보건과,2024.09.08.
