﻿doc_id,answer_index,answer,answer_date
477324809,477324809_1,동서울 - > 여주 하루6회 운행발시간도착시간등급버스요금소요시간06:5008:25일반7 700 원01:3509:2010:55일반7 700 원01:3511:4013:15일반7 700 원01:3514:1015:45일반7 700 원01:3516:3018:05일반7 700 원01:3518:5020:25일반7 700 원01:35동서울종합터미널 에서 여주종합터미널 가는 시외버스,2024.10.31.
477324809,477324809_2,동서울종합터미널에서 여주종합터미널로 가는 시외버스가 운행 중입니다.,2024.10.31.
477324809,477324809_3,동서울 - > 여주 하루6회 운행발시간도착시간등급버스요금소요시간06:5008:25일반7 700 원01:3509:2010:55일반7 700 원01:3511:4013:15일반7 700 원01:3514:1015:45일반7 700 원01:3516:3018:05일반7 700 원01:3518:5020:25일반7 700 원01:35동서울종합터미널 에서 여주종합터미널 가는 시외버스출처https://bustrain.kr/intercitybus/34동서울종합터미널에서 여주종합터미널 가는 시외버스 시간표동서울종합터미널에서 여주종합터미널 가는 시외버스 시간표 | 최신 버스 운행 시간표 정보를 제공하고 있습니다. 최근 업데이트 : 2024-03-03 22:42:56  첫차 : 06:50  막차 : 18:50  소요시간 : 1시간 35분  거리 : 70km  아침 저녁 6번 운행bustrain.kr,2024.10.31.
476781450,476781450_1,여주종합터미널 정류장 승차11153분  31개 정류장 이동지하철노선도로드뷰시민회관앞여주시청.한글시장입구하동제일시장하동.(구)경기실크세종여주병원영릉입구백석지기.여주장례식장번도5리번도4리세종대왕면신근리용은리두무재제일농장고백리(주)허리우드신원주유소신원리신지아파트쌍룡해장국일신석재앞(주)진로종합운동장부발우체국부대앞서희테마파크입구마암리복하교진리미란다호텔터미널신둔홈 정류장 하차,2024.10.18.
476345377,476345377_1,여주시 옛 지명 '감여현'은 현재 경기도 여주시 소재의 임실면을 가리킵니다.도움되는 답변이 되셨길 바래요-질문정보 :경기도 여주시에 옛날 지명 같은데 監(감) 輿(여) 峴(현) 이라는 지명이 현재 어디쯤되는지 아시는분 알려주시면 감사하겟습니다,2024.10.08.
476345377,476345377_2,옛날 지명 '감여현'은 현재 경기도 여주시 내 어딘가에 해당합니다.제가 드린 답변이 도움되셨길 바래요-말씀하신 질문 :경기도 여주시에 옛날 지명 같은데 監(감) 輿(여) 峴(현) 이라는 지명이 현재 어디쯤되는지 아시는분 알려주시면 감사하겟습니다,2024.10.08.
476304483,476304483_1,전부다없어요,2024.10.07.
476304483,476304483_2,전부 없습니다.,2024.10.07.
475808035,475808035_1,우선은 가까운 곳에 흥천 중학교가 있고요. 흥천 체육공원과 흥천면 면내가 있습니다. 뒷쪽으로는 남한강이 흐르구요. 그리고 가까이 북여주 ic가 있어서 양평쪽으로 해서 서울 진입 가능합니다. 살기에 그렇게 나쁘지는 않아요. 근데 소똥 냄새 장난아니거든요 ㅎㅎ참고로 여주군 아니고 여주시 입니다.시로 승격한지 꽤 됬습니다.,2024.09.26.
475578710,475578710_1,촌집 매매가는..근처 부동산이나 집 주인님께 집적 여쭈오 보셔야 될 것 같은데 세종대왕면 어떠신가요?,2024.10.06.
475399485,475399485_1,여주시청.한글시장입구 정류장 승차1401시간 22분  55개 정류장 이동지하철노선도로드뷰하동제일시장하동.(구)경기실크세종여주병원영릉입구백석지기.여주장례식장번도5리번도4리세종대왕면세종대왕릉역신근리신근1리신근1리시광마을신근2리광고판신근낚시터입구신근3리회관앞신근3리율극2리율극2리입구흥천중학효지2리귀백리다리귀백리입구귀백리뱅골점성의집상백1리상백2리상백리복대사거리복대3리복대1리복대1리송운농장청솔농원문장2리문장리문장1리이포중고정문궁리궁리이포리이포농협이포약국이포보홍보관외평리입구외평리밭뜰금사리입구금사2리하호리소호분교앞장흥리입구상호리상호리산돌기도원상품농협앞 정류장 하차여주시 공영버스 140번기점경기도 여주시 교동(여주역)종점경기도 여주시 산북면 상품리(상품농협)종점행첫차07:00기점행첫차08:30막차18:40막차20:00운수사명대원고속배차간격1일 4회노선여주역 -여주터미널- 여주시청 - 산림조합앞 - 번도4리 -세종대왕릉역- 신근리 - 율극2리 - 흥천중학교 - 흥천면사무소.흥천초교 - 하다리 - 귀백리 - 복대리 - 문장리 - 궁리 - 이포약국 → 외평리여올목 → 금사리 → 상호리 → 상품농헙앞 → 상품.전원주택 → 주록리 → 주택앞 → 도곡리 → 이포약국 → 이후 역순여주역과 산북면 상품농협을 잇는 노선이다. 능서면소재지(번도리)  세종대왕릉역  신근리  흥천중학교  흥천면소재지(효지리)  귀백리  상백리  복대리  문장리  이포중고  궁리를 경유하며  궁리 이후 금사면소재지(이포리)  이포보  외평리  금사리  하호리  상호리를 거친 후 뒷고개를 넘어 산북면소재지(상품리)로 가고 산북면소재지(상품리) 이후 송현리  주록리를 지나 장화치고개를 넘어 도곡리를 거쳐 궁리로 돌아오는 식으로 반시계 방향으로 순환한다. 궁리에서 다시 금사면소재지(이포리)로 들어갔다가 나온 후 여주역 방면으로 운행한다.2019년 5월 30일 여주시내버스 개편 때 신설한 노선으로 940번대노선  965번대 노선을 한번에 합친 노선이다.상품농협발 여주행 막차는 율극2리를 경유하지 않는다.이포리에서는 이천시 버스 23번대(23 23-12 23-2 23-3 23-31 23-32)노선이랑양평행 4-2  40-2번이랑 연계가 가능하고 상품농협에서는 양평터미널행 여주공영버스랑 연계가 가능하다.대중교통으로루덴시아로 갈 수 있는 유일한 노선이다.여주 버스 140번 운행시간표2022년 5월 2일 기준출처횟수여주역상품농협비고107:0008:30211:2012:50314:5016:20418:4020:00여주시내 한정으로 율극2리 미경유,2024.09.16.
475307078,475307078_1,여주성당 정류장 승차13028분  19개 정류장 이동지하철노선도로드뷰축협세종지점여주종합터미널시민회관앞여흥동주민센터.세종상가여주여중.세종고여성회관신륵사천송동신륵사고개천송1통가정1리가정2리입구이호1리목아박물관입구대순진리사거리이호2리강천산업단지설경주간매리 정류장 하차,2024.09.13.
475101769,475101769_1,지번 주소 : 경기도 여주시 가남읍 삼군리 325-1도로명 주소 : 경기도 여주시 가남읍 삼군2길 3-14영문 주소 : 3-14 Samgun 2-gil  Ganam-eup  Yeoju-si  Gyeonggi-do12661  Rep. of Korea,2024.09.09.
475101769,475101769_2,지번 주소 : 경기도 여주시 가남읍 삼군리 325-1도로명 주소 : 경기도 여주시 가남읍 삼군2길 3-14영문 주소 : 3-14 Samgun 2-gil  Ganam-eup  Yeoju-si  Gyeonggi-do12661  Rep. of Korea,2024.09.10.
