﻿doc_id,title,question,region_id,views,question_date
477324809,질문동서울에서 여주터미널 가는버스가 있을까요?,동서울에서 여주터미널 가는 버스가 있을까요?,120934, 48,2024.10.31
477183446,질문여주 마을버스 노선질문,율근2리정류장에서 홍문동까지가는버스 막차가 몆시까지있나요,120934, 21,2024.10.28
476781450,질문여주터미널에서 이천터미널 가는 직행,여주터미널에서 이천터미널 가는길에 중간에 능서에 내릴려고 하는데요. 능서 표를 구매 하면 능서에 내리나요? 이천 가는거 버스를 타면 되는지요?,120934, 40,2024.10.18
476671205,질문여주시청에서 여주역 퇴근시간대 버스,저녁6시직후 시청근처에서 여주역가는 버스가 있나요 버스하나하나 다 조회해봐도 없는것같고 여주는 왜이렇게 버스노선이 하루에 한대다니는 등 번호가 이렇게나 많나요ㅠ,120934, 15,2024.10.15
476345377,질문경기도 여주시에 감여현 이라는 옛날 지명 아시는분 계세,경기도 여주시에 옛날 지명 같은데 監 ( 감 ) 輿 ( 여 ) 峴 ( 현 ) 이라는 지명이 현재 어디쯤되는 지 아시는분 알려주시면 감사하겟습니다,120934, 25,2024.10.08
476304483,질문천안에서 여주가는거나 이천가는버스잇나요?,여주에서 천안가는거랑 이천에서 천안가는게잇나요? 천안에서 여주 가는 버스잇나요?? 고속으로 ㅜㅠㅠ,120934, 68,2024.10.07
476149363,질문여주능서역세권개발지구 아파트 어디 건설사인가요,여주 능서역세권 개발지구에 아파트 들어온다는데 어느 브랜드인가요??? 그리고 지금 어디까지 진행되었는지 궁금합니다,120934, 19,2024.10.03
475808035,질문경기도 여주군 흥천면 귀백리 어떤가요?,귀촌을 준비 중인데 경기도 여주군 흥천면 귀백리 어떤가요? 살기 좋은 곳인가요? 부부만 가려는데 자녀들이 서울에서 왕래하기 쉬운 편인가요?,12093410, 37,2024.09.25
475578710,질문경기도 여주시 매매가 어디서 확인 가능한가요?,경기도 여주시에 시골 촌집을 알아보고 있습니다. 주로 매매가가 어느 정도인지 알고 싶어서 질문드려요. 촌집 매매가는 어디서 확인 가능한가요? 여주 촌집으로 살기 좋은 지역도 함께 알려 주신다면 감사하겠습니다.,120934, 19,2024.09.20
475399485,질문여주시내에서 산북면 가는버스 시간표,제목그대로 시간표 알려주실분 계실까요 또 산북면에서 여주시내오는 시간표도요! 진실되고 꼼꼼히 써주시면 채택바로 해드릴게요,120934, 58,2024.09.16
475307078,질문여주성당이나 시장에서 강천면 가는버스,강천면사무소까지 가는 버스 있나요? 시간표도 궁금합니다 또 강천면에서 여주 성당이나 시장올때 버스 시간표도 궁금해요 자세하고 확실한 답변 써주시면 채택해드릴게요!,120934, 25,2024.09.13
475183439,질문여주시 재택 손부업 구합니다.,안녕하세요. 경기도 여주시 재택 손부업 하고 싶은데 알아볼 곳이 없어서 여기에 올려봐요. 재택에서 할수 있는 손부업 해보고 싶은데 있을까요?? 요즘 없다고 들었는데 혹시 아직 자리가 있다면 답변 부탁드립니다 ㅠㅠ,120934, 27,2024.09.12
475101769,질문가남읍 삼군리 325-1번지의 영문 표기,Daum지도에서 살펴보니 경기도 여주시 가남읍 삼군리 325-1번지 는 삼군2길에 접해있는 단독주택(두거리집)입니다. 여주시 가남읍 삼군리 325-1번지를 영문으로 표기하는 방법을 알려주시기 바랍니다.,12093402, 22,2024.09.09
