﻿doc_id,answer_index,answer,answer_date
477463908,477463908_1,을지로 입구역8번 출구 바로앞 롯데백화점 연결통로스타 애비뉴 (연예인 bts 사진 손도장 등 포토존으로 유명 ) 롯데앞명동지하상가로 차 길 건너면 명동 을지로 초입명동 세계 길거리 음식 탕후루 등 (길거리 음식은 16시 이후에 많이 나옴)명동성당 옆골목이 맛집(명동교자등 ) 노래방 보세옷 등 놀 거리가 많은 곳명동역 쪽으로 나옴 명동역 지하상가 안 굿즈샵 1번 출구 12층짜리 다이소3번 출구 퍼시픽호텔 갈림길 좌측 재미로 끝까지 올라가면 남산돈까스 거리 카페 거리 (소월로)명동역 4번 출구 직진 신세계 사거리 좌측 애니메이션 센터 1층 까페애니센터에서 터널 방향으로 조금 올라가면 오르미라는 에스컬레이터 장치 무료남산타워 케이블카타는곳 까지 올라감명동은 물가가 비쌈명동성당 구내식당 일반이용 가능 5500원저렴한분식류등촌샤브샤브 칼국수 1명동교자 칼국수 1신세계떡복이이베달라붙는떡복이 1,2024.11.04.
477463908,477463908_2,명동보다는 좀만 걸어서 을지로(힙지로) 가세요. 그쪽이 좋습니다.,2024.11.04.
477463908,477463908_3,서울 : 광화문  종로  경복궁  창덕궁  종묘  명동  서대문형무소  국립중앙박물관  혜화동 대학로  잠실 롯데월드  석촌호수  서울숲  상암 하늘공원  여의도한강공원  여의도 더현대 서울  뚝섬유원지  동대문  신촌  홍대  코엑스 별마당도서관  올림픽공원 등이 있습니다.강남구 논현동에 위치한 유정식당 가볼만합니다,2024.11.04.
477463908,477463908_4,명동에서 유명 맛집 추천  합니다명동교자  본점틈세라면  본점명동 돈가스란주칼면롯데호텔  라세느 뷔페등등 입니다,2024.11.04.
477457441,477457441_1,남산 주변 데이트 코스 추천 합니다1.동쪽동묘 벼룩시장동대문 패션 타운2.서쪽서울로 7017구 서울 역사신촌 번화가3.남쪽경리단길국립중앙박물관전쟁기념관이촌한강공원4.북쪽경복궁덕수궁광화문청계천명동거리서울시청 광장,2024.11.04.
477457441,477457441_2,남대문시장 / 명동 / 해방촌정도 있습니다.,2024.11.04.
477457441,477457441_3,동대입구역 6번 출구에서 01번 타고 남산타워 도착 5분 소요(다이소에서 미리 자물쇠 구입)타워 안은 너무 비싸고 패스 자물쇠 걸고 여기서도 전망은 다 보임다시 01번 타고 남대문시장으로 내려옴 5분남대문 시장에서 칼국수 먹으면 냉면 한 그릇 공짜  7천 원 신세계백화점 도보 5분신세계백화점 벽면 조명쇼 관람.  여기서 명동으로 넘어가도 괜찮음,2024.11.04.
477437808,477437808_1,신세계서울특별시 중구 퇴계로 77 신세계백화점칼국소 골목서울특별시 중구 퇴계로 45 가로판매대24갈치골목서울특별시 중구 남대문시장4길 9신세계백화점 뒤로 가면 남대문시장갈치골목 칼국수 골목이 유명  15000원 미만,2024.11.03.
477379091,477379091_1,이유는 외식 물가 상승. 서울 3대 번화가  이동.인구 감소.  집밥요리 상승  등등 종합적인 이유로예상 됩니다,2024.11.02.
477369647,477369647_1,1.네 맞습니다  공식적 으로  확인이 안됩니다2.가까운 곳은 놀숲. 벌툰  만화카페가 있습니다,2024.11.01.
477341660,477341660_1,아니요 ^^,2024.11.01.
477337202,477337202_1,안녕하세요~질문 답변 드릴께요~!답변이 이해가 가지 않는다면 댓글로 말씀해주시면 바로 답장드릴께용~을지로 1  2  3가에 위치한 주요 회사와 그들의 직종은 다음과 같습니다.을지로 1가교원빌딩직종: 교육  출판  언론IBK 기업은행직종: 금융  은행업삼성전자 서울사업장직종: 전자  IT현대카드 본사직종: 금융  카드 업계을지로 2가장교빌딩직종: 주로 중소기업 사무실국민연금공단 본부직종: 공공 서비스  연금대한생명 본사직종: 금융  보험한국국제통상학회직종: 국제 무역  연구을지로 3가서울시청직종: 행정  공공 서비스서울시의회직종: 정치  공공 서비스서울교육청직종: 교육  행정서울특별시경찰청직종: 경찰  치안답변에 만족 하셨다면 채택 부탁드립니다!!!,2024.11.01.
477337202,477337202_2,을지로 1가  ~ 2 가는 명동이 껴있고  롯데백화점 sk텔레콤 하나은행 본점 기업은행 본점 등지방은행 포함 금융권 회사들이 많은 사무 지역을지로 3가는 낙후된 곳으로 철물점 인쇄소 인쇄 밀집구역장교 빌딩은 옛날에 잘 나갔던 빌딩으로 아주 오래전 쁘렝땅 백화점 이 있었음현재는 한화 계열도 입주해 있고 작은 기업들이 많이 입주해 있는 곳,2024.11.01.
477266317,477266317_1,왕십리역 8번출구 탑승,2024.10.30.
477266317,477266317_2,왕십리역 정류장에서 신당역 가는 버스 노선은2012 2013 2014번 입니다5개 정류장  약10분 정도 걸립니다,2024.10.30.
477230313,477230313_1,안녕하세요페인트 묻고 즉시 지우지 않으면 안지워집니다.배상을 요구하세요.,2024.10.29.
477230313,477230313_2,1.네 가능합니다  우선 증거 자료 사진 찍어 둡니다2.또한  세탁비.  연락처.  명암을 받습니다,2024.10.29.
477162686,477162686_1,1.일의 종류. 일의 업무. 회사 시스템. 운영 방법에 따라서  다릅니다2.따라서 지인 상담. 인터넷 조사. 시장 조사후 종합적 으로 판단을 추천 합니다,2024.10.27.
477074531,477074531_1,성북구가 가장많음 을지로 종로 구간 통과하는 143번 서울에서 가장 승객이 많고성북구까지 버스타고 가기가 좋은거리143번롯데영프라자(을지로입구)  종로1가 ~ 5가 혜화역 삼선교 미아리고개 길음뉴타운 정릉,2024.10.25.
477056547,477056547_1,꿈은 꿈일뿐 그냥 이상한 꿈이다 생각하고 잊어버리세요...,2024.10.25.
476962411,476962411_1,홍대 가성비 맛집9번출구 바로앞 길거리 음식 떡복이 순대 평범한곳 8개메인거리 초입 길거리음식 미니붕어빵 한봉지3 마카롱 3 홍콩 계란빵 3 닭꼬치 4.5 등조폭떡복이 5 9번출구 바로뒷골목만평우동 5.5 메인거리 중간 우측 골목철판볶음밥전문점 1 메인거리 사거리 우측카츠업 돈까스 1 메인거리 사거리 좌측 골목혼카츠 돈까스 1.1 메인거리 중간 좌측유선생 돈까스 1 클럽거리쪽가미우동 6 9번출구우동가조쿠 8 2번출구고토히라우동 9 7번출구이츠모라멘 9.5 9번출구부탄츄라멘 9 7번출구연남동 3번출구 기사식당 감남무집 불백1.2 반찬무한리필 화교운영 중국집 덕자한식 1명동은 물가가 비쌈 저렴한 분식류등촌샤브샤브 칼국수 1명동교자 칼국수 1신세계떡복이두끼 떡복이 학생 1이베달라붙는떡복이 1명동 세계 길거리 음식 탕후루 등 (길거리 음식은 16시 이후에 많이 나옴)명동성당 옆골목이 맛집(명동교자등 ) 노래방 보세옷 등 놀 거리가 많은 곳명동역 쪽으로 나옴 명동역 지하상가 안 굿즈샵 1번 출구 12층짜리 다이소3번 출구 퍼시픽호텔 갈림길 좌측 재미로 끝까지 올라가면 남산돈까스 거리,2024.10.22.
476962411,476962411_2,명동. 홍대 학생 맛집 추천 합니다1.명동 입니다명동 교자 본점틈새 라면 본점명동 돈가스2.홍대 입니다홍대 순대국전주 콩나물 국밥오레노 라멘이츠모 라멘지로우 라멘칸타 소바가미 우동 .돈가스,2024.10.22.
476896005,476896005_1,백범광장 공원(-남산공원백범광장-)에서 남산타워를 바라보며 걸어올라가면질문자님이 궁금해하는 사진 속의 풍경을[ 질문자님이 올린 사진에서 좌측에나오는 원형 건물은 -서울특별시교육연구정보원 교육과정진로진학부-입니다]이렇게볼 수 있습니다위치는남산공원백범광장서울특별시 중구 회현동1가 100-115여기입니다궁금증 해결에 도움이 되었길 바랍니다,2024.10.21.
476896005,476896005_2,남산둘레길로 보입니다...,2024.10.21.
476896005,476896005_3,1.사진속 남산은  남산공원   백범광장 입니다2.아래 자세한  사진. 위치. 후기 참고해 보세요서울 남산공원 백범광장 가볼만한곳 걷기좋은길남산공원 백범광장 한양도성 서울로 7017을 갔다가 남대문시장 구경하고 나서는 아쉬움에 남산 옛길을 걸어...m.blog.naver.com,2024.10.21.
476896005,476896005_4,백범광장 가는길이고 회현역 4번출구에서 도보10-15분거리입니다.,2024.10.21.
476862942,476862942_1,인천만나오네요어딘지는나온게없네요..,2024.10.20.
476860575,476860575_1,언덕 심한  등산거리 인데 빠른 걸음이면 엄청난 칼로리 소비  평범하게 걸으면 1시간 소요,2024.10.20.
476827302,476827302_1,쌍용빌딩서울특별시 중구 수표로 34 씨티센터타워을지로3가역서울특별시 중구 을지로 129 을지로3가역 3호선을지로3가쪽에 괜찮은 구내식당 있음  쌍용빌딩 꼭대기 에구내식당이 있어서  뷰도 좋고 아주 잘나옴주위에서 가장큰건물이라서 쉽게 보임,2024.10.19.
476827302,476827302_2,도시락 들고 다니는게 나을 거 같아요요즘에는 덮밥 종류들도 포장해서 잘 나와서점심용을 덮밥류 같은거  구매해서 회사 가져가서 점심 해결하셔도 괜찮을 거 같아요,2024.10.19.
476817558,476817558_1,네 오늘 집회 있습니다  아래 경찰청  리스트 참고해 보세요서울경찰청서울경찰청 정보공개 알림마당 국민마당 홍보마당 정보마당 소개마당 경찰민원포털www.smpa.go.kr,2024.10.19.
476598828,476598828_1,경리단길에 있는 서울루덴스입니다.네이버 지도서울루덴스naver.me,2024.10.14.
476565623,476565623_1,안녕하세요 불량품 교환을 위해나우인명동의 고객센터에연락하시면 됩니다.전화번호는 공식 웹사이트에기재되어 있으니 확인해 보세요.,2024.10.13.
476565623,476565623_2,고객센터 찾는 방법에 대해서 언급하겠습니다.나우인명동 Now in Myeong-dong | 명동 큐레이터(@now.in.myeongdong) • Instagram 사진 및 동영상팔로워 9 964명  팔로잉 0명  게시물 60개 - 나우인명동 Now in Myeong-dong | 명동 큐레이터(@now.in.myeongdong)님의 Instagram 사진 및 동영상 보기www.instagram.com나우인명동 인스타그램이 나옵니다.인스타에 나우인명동 쇼핑몰 링크가 있습니다.나우인명동 NOW IN MYEONG-DONG 공식 굿즈샵 | 마플샵크리에이터 나우인명동 NOW IN MYEONG-DONG의 다양한 굿즈를 마플샵에서 만나보세요.marpple.shop나우인명동 쇼핑몰은 마플코퍼레이션이라는 회사의 쇼핑몰에 입점이 되어있는데요결론. 마플코퍼레이션 고객센터로 문의를 권장합니다.1566-5496으로 평일 10시~18시 사이에 연락해보시길 바랍니다.토요일  일요일  법정공휴일은 휴무입니다.참고바랍니다.,2024.10.13.
476421294,476421294_1,을지로가 철물점 모여 있는 곳을지로에서 안 팔면 구할 곳 없음,2024.10.10.
476387264,476387264_1,9시 미사 시간 주차장 널널함. 파밀리아 채플이나 카톨릭회관 주차 가능.제가 드린 답변이 도움되셨길 바래요-말씀하신 질문 :아이데리고 가려고하는데 두시간 무료된다고 해서 가보려고 하는데요. 9시미사가려고 합니딘. 혹시 그 시간대 주차장은 좀 널럴할까요? 파밀리아 채플이나 카톨릭회관 주차장에 대면 될까요?,2024.10.09.
476387264,476387264_2,9시 미사 전 주차장 널널함  파밀리아 채플 또는 카톨릭회관 주차 가능.도움되는 답변이 되셨길 바래요-질문정보 :아이데리고 가려고하는데 두시간 무료된다고 해서 가보려고 하는데요. 9시미사가려고 합니딘. 혹시 그 시간대 주차장은 좀 널럴할까요? 파밀리아 채플이나 카톨릭회관 주차장에 대면 될까요?,2024.10.09.
476387264,476387264_3,9시 주차하기 힘듦7시 미사로 잘못 본듯,2024.10.09.
476384497,476384497_1,매년 11월 초중순부터 다음해 1월까지는 했습니다.,2024.10.09.
476384497,476384497_2,https://digitalnomad79.com/entry/%EC%8B%A0%EC%84%B8%EA%B3%84%EB%B0%B1%ED%99%94%EC%A0%90-%ED%81%AC%EB%A6%AC%EC%8A%A4%EB%A7%88%EC%8A%A4%ED%8A%B8%EB%A6%AC-%EA%B8%B0%EA%B0%84-%EA%B4%80%EB%9E%8C%EC%9E%A5%EC%86%8C-%EC%9D%B4%EB%B2%A4%ED%8A%B8%EC%A0%95%EB%A6%AC신세계백화점 크리스마스트리 기간 관람장소 이벤트정리신세계백화점 트리 기간 -본점신세계백화점 : 크리스마스트리 미디어파사드 -기간 : 11/3일~ 1월31일까지 -점등시간 : 오후 5:30~ 10:00분까지 3분동안 2023년 12월 크리스마스 트리로 유명한 신세계 백화점 명동점과 롯데백화점 현대 백화점 3사가 크리스마스 장식을 아름답고 활기차게 만들어 가고 있습니다 신세계백화점은 미디어 파사드로 3 750 000 개의 LED칩을 사용해 매직 워터 판타지 라는 글자를 모두 LED로 덮어 크고 위대한 스크린으로 장식 했습니다. 미디어파사드 관람 명당자리 2024년 1월 31일까지 상영...digitalnomad79.com롯데백화점이 따라하는건데 비슷한 시기에 할듯,2024.10.09.
476346630,476346630_1,1.보통 조용한 밥집은 한정식 룸. 일식집 룸 예약 하면 좋습니다 예) 진진수라. 설가온2.금요일 저녁은 사람이 많아서 전날 미리 예약 추천 합니다,2024.10.08.
476311787,476311787_1,안녕하세요.똑버스 이용에 참고가 되었으면 합니다.똑버스는 소형(승객 10인승)과 중형  대형이 있습니다.소형은 똑타앱에서 이용하고자 하는 정류장 또는인근 정류장으로 호출하여 이용하는 방식 입니다.따라서 소형버스로 이용하고자 한다면 똑타앱첫화면 좌측 상단에 있는 똑버스(부르면 찾아가는 DRT)로들어가서 호출하면 됩니다.단 부천시 옥길동.범박동 구간은 중형버스로만운행 합니다.중형과 대형은 정해진 구간으로 운행하는 노선으로승차할 정류장에서 승차시간을 예약후 탑승합니다.똑타앱에서 노선 똑버스로 들어가서 예약할수 있습니다.똑타앱 사용에 도움이 되었으면 합니다.,2024.10.08.
476311787,476311787_2,똑타 어플에 들어가면 버스 종류나 이런걸로 보고 잡을 수 있어요,2024.10.07.
476068082,476068082_1,을지로3가 맛집이나 핫플이 많아 분위기 맞는 곳에 가시면 좋을 것 같습니다커플로 데이트하시거나 서너명 모임 장소 찾으신다면 다이닝과 와인 즐기실 수 있는 을지로 언오디너리 추천드려요힙지로 메인 골목에 있어 사진찍기에도 좋습니다 :)언오디너리서울특별시 중구 수표로 48-17 2층 언오디너리,2024.10.01.
476068082,476068082_2,주변 놀거리 입니다1.장소 입니다라이브카페디저트카페타로카페고양이카페영화관PC방노래방2.명소 입니다노가리 골목세운상가명동성당남산골 한옥마을,2024.10.01.
476068082,476068082_3,을지로3가 쪽에는 인쇄집이 대부분이 고  놀거리는 없음술집 노가리골목 골뱅이 골목 정도놀거리는 한정거장 을지로입구역 이 많은곳을지로 입구역8번 출구 바로앞 롯데백화점 연결통로스타 애비뉴 (연예인 bts 사진 손도장 등 포토존으로 유명 ) 롯데앞명동지하상가로 차 길 건너면 명동 을지로 초입명동 세계 길거리 음식 탕후루 등 (길거리 음식은 16시 이후에 많이 나옴)명동성당 옆골목이 맛집(명동교자등 ) 노래방 보세옷 등 놀 거리가 많은 곳명동역 쪽으로 나옴 명동역 지하상가 안 굿즈샵 1번 출구 12층짜리 다이소3번 출구 퍼시픽호텔 갈림길 좌측 재미로 끝까지 올라가면 남산돈까스 거리 (소월로)명동역 4번 출구 직진 신세계 사거리 좌측 애니메이션 센터 1층 애니까페 2층 놀이방애니센터에서 터널 방향으로 조금 올라가면 오르미라는 에스컬레이터 장치 무료남산타워 케이블카타는곳 까지 올라감명동은 물가가 비쌈 저렴한분식류등촌샤브샤브 칼국수 1명동교자 칼국수 1,2024.10.01.
476068082,476068082_4,서울 : 광화문  종로  경복궁  창덕궁  종묘  명동  서대문형무소  국립중앙박물관  혜화동 대학로  잠실 롯데월드  석촌호수  서울숲  상암 하늘공원  여의도한강공원  여의도 더현대 서울  뚝섬유원지  동대문  신촌  홍대  코엑스 별마당도서관  올림픽공원 등이 있습니다.강남구 논현동에 위치한 유정식당 가볼만합니다,2024.10.01.
476068082,476068082_5,안녕하세요!을지로3가역 8번출구 바로 앞에 정말 유명한 타코집과 바  그리고 반지공방이 다 몰려 있어요!핫한 거리기 때문에 주말만 되면 바글 할 정도인데 타코 집 바로 옆에도 새로 생긴 맛있는 커피 집도 생겨서 아마 4~5명과 함께 이동도 쉽고 재미있는 시간 보내실 수 있을거에요!원앤지니움서울특별시 중구 충무로4길 2-1 2층 202호올디스타코서울특별시 중구 충무로4길 3 1층 (한신빌딩)평균율서울특별시 중구 충무로4길 3 올디스 타코 건물 2층,2024.10.06.
476023325,476023325_1,을지로 입구역8번 출구 바로앞 롯데백화점 연결통로스타 애비뉴 (연예인 bts 사진 손도장 등 포토존으로 유명 ) 롯데앞명동지하상가로 차 길 건너면 명동 을지로 초입명동 세계 길거리 음식 탕후루 등 (길거리 음식은 16시 이후에 많이 나옴)명동성당 옆골목이 맛집(명동교자등 ) 노래방 보세옷 등 놀 거리가 많은 곳명동역 쪽으로 나옴 명동역 지하상가 안 굿즈샵 1번 출구 12층짜리 다이소3번 출구 퍼시픽호텔 갈림길 좌측 재미로 끝까지 올라가면 남산돈까스 거리 (소월로)명동역 4번 출구 직진 신세계 사거리 좌측 애니메이션 센터 1층 애니까페 2층 놀이방애니센터에서 터널 방향으로 조금 올라가면 오르미라는 에스컬레이터 장치 무료남산타워 케이블카타는곳 까지 올라감명동은 물가가 비쌈 저렴한분식류등촌샤브샤브 칼국수 1명동교자 칼국수 1신세계떡복이두끼 떡복이 학생 1이베달라붙는떡복이 1,2024.09.30.
475925989,475925989_1,금전적으로 풍족한 생활을 영위하게 될 꿈입니다.이 꿈은 집안에 돈이 들어와 생활이 여유로워지는것을 의미해요. 즉 손을 대는 일마다 눈부신 성과가나타나 많은 재물을 얻거나 뜻밖의 장소에서 횡재를하여 부를 획득하게 될 꿈이랍니다. 또한 하는 일이순조롭게 진행될 수 있습니다. 그러니 자신감을 가지고적극적으로 행동하여 만족할만한 성과를 거두시길 바랍니다.질문자분께서 늘 건강하시고 행복하시기를 기원하며글을 씁니다.답변이 도움 되셨다면'포인트 선물'버튼을 클릭하셔서 마음을 전해 주시면 감사하겠습니다!.,2024.09.28.
475818298,475818298_1,삶에 노력으로 운이 살아나며변화 .개선 해 나가며기반을 다져 나가고 있다는것을 뜻하고 있는 길몽 입니다.,2024.09.26.
475818298,475818298_2,운의 악재 시기를 뜻하고 있습니다.,2024.09.26.
475818298,475818298_3,행운이 찾아오고 돈이 생기게 될 꿈입니다. 이 꿈은 행운이 따르고  곧 돈이 들어오는 것을 의미합니다. 즉  굳게 마음먹었던 어떤 일이 잘 풀려 즐거운 생활을 하게 되거나  장차 큰 이익이나 재물이 생기거나  뜻밖의 기회가 찾아와 바라던 소망을 이루게 될 꿈입니다.,2024.09.26.
475818298,475818298_4,일이 잘되서 재물이 생깁니다,2024.09.26.
475818298,475818298_5,머지않아 많은 부를 획득하게 될 꿈이에요.이 꿈은 모든 일이 순조롭게 풀려 물질적으로풍족해지는 것을 의미합니다.,2024.09.26.
475808840,475808840_1,회현역 4번출구쪽에 남대문명동정형외과 좋아요. 회현역에서도 가깝고 선생님이 정말 잘 봐주시는것 같아요. 저도 손목이 아파서 갔었는데요. 다른병원 갔다가 영 신통치 않아서 지인에게 추천받아 다녀왔어요. 일단 선생님이 정말 친절하고 세심하게 잘봐주시는게 좋았어요. 여기저기 눌러보시고 당겨보시고 밀어보시고 진단해보시더니 '터널증후군' 같다 하시더라구요. 그런데 저는 제 눈으로 정확하게 확인하는게 좋아서 초음파 봐달라고 했더니 막 웃으시면서 초기인것 같은데 그렇게 돈들일 필요 없다하시며 일단 약이랑 물리치료랑 체외충격파3회 해보고 그래도 차도가 없으면 그때 초음파 보자하셔서 미심쩍어하며 그렇게 했는데요. 충격파2회하고 현저히 좋아졌네요. 3회차에는 염증들이 다 부셔졌는지 기구를 막 여기저기 문질러도 안아팠어요^^ 체외충격파라는게 염증이 생긴부위에는 엄청 아파서 살살 문질러도 눈물나오거든요. 아무튼 제 경험으로는 과잉진료 없으신것 같아서 이렇게 말씀드려요^^ 환자가 더 검사해 달라했는데 괜찮다고 하는 병원은 여기가 처음이네요 ㅋㅋ,2024.09.25.
475789047,475789047_1,을지로 원조 레트로 느낌의 카페 알렉스룸  그리고 와인다이닝 언오디너리 추천드립니다 :)알렉스룸서울특별시 중구 을지로18길 8 2층 알렉스룸언오디너리서울특별시 중구 수표로 48-17 2층 언오디너리,2024.09.25.
475789047,475789047_2,안녕하세요!요즘 을지로 하면 힙지로인데 숨은 데이트 장소들이 많아요~커플링 만들기 할 수 있는 공방이 있는데 디자인들도 다른 공방이랑 차원이 달라서 정말 예쁩니다!그리고 공방 바로 앞에 jazz 좋아하시면 한잔 하기 좋은 바도 있고 유명한 타코 집  올디스 타코집도 있어서 근처에서 데이트코스 제대로 즐기실 수 있을거에요!원앤지니움서울특별시 중구 충무로4길 2-1 2층 202호평균율서울특별시 중구 충무로4길 3 올디스 타코 건물 2층올디스타코서울특별시 중구 충무로4길 3 1층 (한신빌딩),2024.10.06.
475750451,475750451_1,1.네 한양공고 교차로 에서  만나고2.성동고교 교차로  부터 왕십리로 입니다,2024.09.24.
475750451,475750451_2,퇴걔로 와 을지로 합쳐짐서울특별시 중구 퇴계로 360퇴계로서울특별시 중구 신당동 224-22퇴걔로서울특별시 중구 황학동 2542성동고교사거리서울특별시 중구 난계로 151 구두수선대131왕십리로서울특별시 중구 신당동 433-1합쳐진후 을지로는 없어지고 퇴계로 신당역 지나서 다음사거리 까지 퇴계로 이후 왕십리로,2024.09.24.
475729682,475729682_1,주말에 을지로 오시려면 예약 가능한 곳 가시는 게 편하실 것 같아요언오디너리라는 와인바 추천합니다. 네이버로 예약도 되고 음식하고 와인 종류도 많아요우선 가게가 조용하고 고급스러운 분위기라 데이트하기 딱 좋으실거예요 :)채택 부탁드립니다!언오디너리서울특별시 중구 수표로 48-17 2층 언오디너리,2024.09.23.
475729682,475729682_2,시청역 을지로입구역 을지로3가역 을지로4가역 동대문역사문화공원역은  지하로 연결시청역 을지로입구역 사이에  지하상가을지로 입구역8번 출구 바로앞 롯데백화점 연결통로스타 애비뉴 (연예인 bts 사진 손도장 등 포토존으로 유명 ) 롯데앞명동지하상가로 차 길 건너면 명동 을지로 초입명동 세계 길거리 음식 탕후루 등 (길거리 음식은 16시 이후에 많이 나옴)명동성당 옆골목이 맛집(명동교자등 ) 노래방 보세옷 등 놀 거리가 많은 곳명동역 쪽으로 나옴 명동역 지하상가 안 굿즈샵 1번 출구 12층짜리 다이소명동은 물가가 비쌈 저렴한분식류등촌샤브샤브 칼국수 1명동교자 칼국수 1신세계떡복이이베달라붙는떡복이 1,2024.09.23.
475729682,475729682_3,서울 : 광화문  종로  경복궁  창덕궁  종묘  명동  서대문형무소  국립중앙박물관  혜화동 대학로  잠실 롯데월드  석촌호수  서울숲  상암 하늘공원  여의도한강공원  여의도 더현대 서울  뚝섬유원지  동대문  신촌  홍대  코엑스 별마당도서관  올림픽공원 등이 있습니다.강남구 논현동에 위치한 유정식당 가볼만합니다,2024.09.24.
475729682,475729682_4,을지로에서 분위기와 맛  가성비까지 챙길 수 있는 참치전문점 추천 드려요^^참치공방 을지로점서울특별시 중구 남대문로 112 2층서울 중구 남대문로 112  2층월-토 : 11시 ~ 22시(15시 ~17시 브레이크타임)매주 일요일 휴무일반 참치전문점과는 다르게 내부 인테리어가 굉장히 고급스러워요.세련미 가득한 분위기에서 데이트  모임하시기 좋습니다.테이블과 룸이 따로 분리되어 있기 때문에 룸에서 프라이빗한 식사를원하신다면 미리 예약하고 이용하시기 바래요.이 곳은 메인코스를 주문하면 참치무한리필이 되는데요.무한리필이라고 하면 퀄리티가 좀 떨어질까 싶지만 실제로 보면 비주얼이 끝내줘요.메인코스 가격도 3만원대부터 형성이 되어 있기 때문에가격 부담 없고  가성비 있게 즐길 수 있답니다.참치 타다끼부터 참치를 튀겨 만든 튀김  가라아게  참치 간장조림 등메인 메뉴 외에도 다양한 음식들을 맛볼 수 있고요.메인메뉴는 각 부위별로 먹기 좋게 담겨져 나와 눈으로도 한번 호강한답니다.그거 아세요?참치는 붉은 부위에서부터 꼬소하고 풍미가 좋은 흰 부위를순서대로 먹어주면 더 맛있게 즐길 수 있습니다.참치의 싱싱함은 물론 해동상태도 만족스러웠고  고소한 참치 맛을한껏 느낄 수 있는 식사를 할 수 있습니다.아늑하고  고급스러운 분위기에서 온전한 참치의 맛을 즐길 수 있는 곳으로데이트하실 때 한번 방문 해 보세요^^,2024.09.26.
475656568,475656568_1,을지로는 오래된 건물과 간판  전신주 등 70-80년대의 분위기를 간직하고 있습니다.이러한 레트로 감성이 최근에 큰 인기를 끌고 있습니다.또란 많은 예술가들이 을지로에 작업 공간을 마련하면서 다양한 전시와 공연이 열리고 있어 이러한 이유들로 인해 젊은 층들의 유입이 많아지면서 힙지로라 불리게 되았습니다.,2024.09.22.
475646694,475646694_1,을지로 3가역 가까이 있는 언오디너리라는 와인바 추천드립니다힙지로 검색하면 나오는 워낙 유명한 골목길에 있구요 2층인데 딱 을지로스러운 레트로한 분위기입니다.주변 다른 와인바 비해 음식들도 고급스럽고 조용한 분위기라데이트 하거나 소규모 모임하기 딱 좋아요.와인 종류도 많아서 취향대로 골라마실 수 있어 추천드립니다.언오디너리서울특별시 중구 수표로 48-17 2층 언오디너리,2024.09.22.
475646694,475646694_2,을지로3가역 만선호프 뮌헨호프 골뱅이 노가리,2024.09.22.
475621208,475621208_1,생활이 풍요로워지고 마음이 편안해질 꿈입니다.이 꿈은 풍부한 재운이 열리고 하는 일의 발전이있는 것을 의미합다. 또한 하는 일마다 성과가 좋게나타나 심신이 안정되고 최고의 부귀영화를 누리게되는 것을 뜻한답니다. 그러니 매사 하는 일에 최선을다하여 더욱 많은 부와 명예를 얻으시길 바랍니다.질문자분께서 늘 건강하시고 행복하시기를 기원하며글을 씁니다.답변이 도움 되셨다면'포인트 선물'버튼을 클릭하셔서 마음을 전해 주시면 감사하겠습니다!.,2024.09.21.
475621208,475621208_2,이런 꿈을 꾸셨군요. 좋아하는 사람과 함께 있는데 전쟁이 난 꿈이라니 꽤 강렬한 경험이었을 것 같아요. 이 꿈에 대해 몇 가지 해석을 해볼게요:1. 관계의 갈등이나 어려움:- 좋아하는 사람과의 관계에서 어떤 갈등이나 어려움을 경험하고 있을 수 있어요.- 혹은 그 관계에 대한 불안감이나 두려움을 나타낼 수 있죠.2. 내적 갈등:- 그 사람에 대한 감정과 현실적인 상황 사이의 갈등을 나타낼 수 있어요.- 예를 들어  좋아하지만 고백하기 어려운 상황 같은 것들이요.3. 보호 본능:- 위험한 상황에서 그 사람과 함께 있다는 것은 그 사람을 지키고 싶은 마음을 나타낼 수 있어요.4. 변화에 대한 두려움:- 관계의 큰 변화(고백이나 진전 등)를 앞두고 있다면  그에 대한 불안감이 전쟁으로 표현될 수 있어요.5. 외부 압력:- 주변 환경(가족  친구  사회적 압력 등)이 여러분의 관계에 영향을 미치고 있을 수 있어요.6. 강한 감정의 표현:- 그 사람에 대한 강렬한 감정이 '전쟁'이라는 극단적인 상황으로 표현된 것일 수 있어요.이 꿈은 그 사람에 대한 당신의 강한 감정과  동시에 그 관계에 대한 어떤 불안이나 갈등을 나타내는 것 같아요. 하지만 꿈은 단지 우리 마음의 반영일 뿐이에요.실제로 어떤 어려움이 있다면  그 사람과 솔직하게 대화를 나누어보는 것이 도움이 될 수 있어요. 또한  자신의 감정을 잘 들여다보고 정리해보는 시간을 가져보는 것도 좋을 것 같아요.,2024.09.21.
475423569,475423569_1,추석연휴라 쉴 가능성이 매우 높습니다.일반음식적음 추석 연휴에 대부분 쉽니다.,2024.09.16.
475423569,475423569_2,혼고집 명동직영점서울특별시 중구 명동3길 40 1층네 영업합니다.,2024.09.16.
475402563,475402563_1,오늘(9월 16일)은 공휴일이기 때문에 방산시장의 많은 상점들이 문을 닫을 가능성이 큽니다. 방산시장은 보통 월요일부터 금요일까지는 오전 9시부터 오후 6시까지  토요일은 오전 9시부터 오후 3시까지 운영되며  대부분의 가게는 일요일과 공휴일에 휴무합니다하지만  일부 가게들(특히 옷가게나 사람들이 많이 찾는 상점들)은 공휴일에도 장사를 할 수 있으므로  방문하고자 하는 특정 상점이 있다면 미리 전화로 확인해보는 것이 좋습니다.,2024.09.16.
475402563,475402563_2,방산시장은 오늘까지 문열고 장사를 합니다내일 추석당일에만 일부 상점만 문닫고 쉽니다추석당일에도 문열고 장사하는곳도 많습니다...,2024.09.16.
475342227,475342227_1,건물 외관에서도 작아 보이지만 실제로 들어가 보면 더 작음건축물대장 면적 43평 정도1층 ~ 5층까지는 괜찮은 편  6층부터는 확 좁음총평수는 약 500평,2024.09.15.
475270659,475270659_1,즉석  사진관  입니다1.명동역 주변포토 시그니처2.을지로 3가역하루필름포토이즘3.종각역포토이즘포토 시그니처4.종로3가역인생네컷하루필름,2024.09.12.
475270659,475270659_2,명동 강남 종로 등서울 유명 번화가에 네컷사진기 는 최소 4개 이상 있고 작은 번화가에도 2개 정도는 있음절대 없어서 걱정할 필요는 없음네컷사진기 가 많은 이유는 무인점포라서 유지비가 많이 들지  않으므로많은 사장들이 주요 장소에  기계만 사서 가게세만 내고 운영하므로 상당히 많음네컷사진이 가장 많은 서울 번화가는홍대입구역  30미터마다 한 곳씩 있음  인생네컷 홍대네컷 하루필름 ... 등등 10개는 넘음,2024.09.12.
475171288,475171288_1,백화점 하고 비슷 하지만 모든물품 파는곳은 아니고자라 나이키 등 몇개없는 유명 해외패션 브랜드 만 파는곳눈스퀘어 중에 자라 매장이 가장큼http://www.noonsquare.com/noon/fashionMain.aspNOON SQUARE'멋있는 즐거움' Fashion '재밌는 즐거움' Fun NIKE 글로벌 스포츠  패션 브랜드 ZARA 글로벌 SPA 패션 브랜드 ROEM 로맨틱 풀코디네이션  글로벌 패션 브랜드 에이랜드 신진 디자이너 편집샵  패션  디자인  문화를 느낄수 있는 공간 에비수 UNIQUE JEAN을 표방하는 진캐주얼 브랜드 CHARLES & KEITH CHARLES & KEITH FOOTWEAR AND ACCESSORIES 핸드메이드 리퍼블릭 실버쥬얼리 가죽 원석 맞춤제작www.noonsquare.com,2024.09.10.
475153495,475153495_1,간호장교가 하는 일은 단순하지 않습니다.군병원(국군수도병원등) 에서 일하면 3교대로 중환자실  응급실  병동 관리까지 해야 하고사단에서 일하면 의무대  신교대 의무실에서 일하기도 합니다.대부분 초임 간호장교는 병동에서 근무하고 입원 환자 차트 기록이나 투약  활력 징후 측정 등을 담당합니다.지방의 군병원 같은 경우는 주변에 응급환자를 받을 수 없을 때 민간에서 환자가 오기도 합니다.되는 과정은 두 가지 인데첫째로 국군간호사관학교에 입학해서 임관하는 경우가 대표적이고둘째로 학사편입 입니다. 전문대 이상 졸업 학력으로 일반 편입이 가능하고4년제 이상 졸업학력으로 학사편입도 가능합니다.기타 여러 자격증이 가산점으로 적용되니 둘째 경우를 택한다면 취득해두는게 좋습니다.4년제 졸업학력을 학점은행제 학사 졸업으로 하는 경우가 좋겠네요이건 학교 안 다니고 졸업하는거나 마찬가지로 학사가 생기는거니이걸로 졸업하고 국군사관학교 편입 노려보면 되겠네요,2024.09.10.
475105283,475105283_1,남산타워 편하게 가는방법3호선 동대입구역 6번출구에서 01번 노란색 버스 탑승 1500원 5분소요남산타워 도착 타워를 보고 내려올때 케이블카 이용케이블카 내린곳 바로옆 골목으로 내려오면 명동역 10분,2024.09.09.
475105283,475105283_2,타워까지는 자차로 못올라갑니다. 갈 수 있는 곳은 케이블카 주차장까지만입니다.남산 올라가는 방법은 도보 / 버스 / 케이블카입니다. 남산에서 가까운 번화가는 명동이고요.,2024.09.09.
