﻿doc_id,title,question,region_id,views,question_date
477579317,질문여수 숙소질문,여수 바다위에 수상가옥처럼 지은 숙소가 있을까요? 친구가 낚시를 좋아해서 같이 방 잡고 하려했는데 아무리 찾아도 안보이네요,121205, 11,2024.11.06
477517247,질문여수 2박3일 일정,여수 엑스포역 점심 때 도착 2박3일예정인데요 숙소는 베네치아호텔 예정입니다 꽃돌게장오동도케이블카돌산공원이순신광장미남크루즈낭만포차거리예술랜드아르떼뮤지엄 방문 계획입니다 거리 순으로 봤을 때 일정을 어떻게 짜는게 나을까요? 첫째날 점심 꽃돌게장 저녁 미남크루즈 넣어서요 그리고 더 가볼만한곳숙소음식점 등 추천해주시면 감사하겠습니다 광고는 사절입니다,121205, 37,2024.11.06
477528036,질문여수 가볼만한 곳.숙박.맛집을  소개해 주세요,검색어여수가볼만한곳코스안내및 숙박맛집을 소개해 주세요,121205, 17,2024.11.05
477518285,질문여수 충무고 주변 수학/영어학원 있나요?,여수 충무고 갈려고 하는데 그쪽에 안 살아서 그 주변 학원이 어디가 잘 가르치는 지 잘 모르겠어서요 영수 잘 가르치는 학원 있으면 추천 해주세요 여러개 알려주시면 감사하겠습니다,121205, 18,2024.11.05
477499081,질문여수공업고등학교 재학중이신 분 궁금한게 있어요,여수공업고등학교 학년 별로 넥타이 색이 다르다던데 현재 학년별로 무슨 색인가요,121205, 20,2024.11.05
477490902,질문여수 오션 크루즈 와이파이 있나요?,학교에서 오션 크루즈를 타는 현장체험학습을 계획하셨는데 혹시 전남 여수 오션 크루즈 와이파이 있나요??,121205, 14,2024.11.04
477436272,질문여수 노래방있는 찝질방있나요? 있으면 알려주세요 ㅠㅠ,안녕하세요 그냥 평범한 학생들인데 친구들이랑 찜질방을 가려고 하거든요 근데 노래방있는 찜질방을 가ㅏ거싶은데 제가 찾는건 무리인것같아요 ㅠㅠ 있으면 제발 알려주세요ㅠㅠ 여천도 되고 여수도돼요 ㅠㅠ,121205, 14,2024.11.03
477395014,질문드론 원스톱 민원서비스,여수에서 특별승인신청 가격이 얼마정도하나요? 지역마다 다르나요?,121205, 29,2024.11.02
477365595,질문2024 여수 불꽃축제,제가 내일 여수를 가는데요 불꽃 축제 보러가는게 아니라 그냥 가족들하고 여행인데 하필 내일이 불꽃축제더라고요..ㅠ 사람 많이 많을까요? 불꽃축제는 안보면 그만이지만 주변 식당들도 웨이팅 막 엄청 길고그럴까요..? 제가 묵는 숙소도 보니까 다 매진이던데 숙소 수영장에도 사람 미어터지겠죠ㅠㅠ,121205, 39,2024.11.01
477362066,질문11/2 엑스포역->여천역 10시기차 예매하신분ㅜㅜㅜ,엑스포역에서 여천역으로 가는 10시 기차 예매하신분 있을까요ㅜㅜ? 제가 8시 30분 기차랑 10시 40분 기차 예매해놨는데 혹시 교환하시거나 표 파실분….. 진짜 너무너무 급해여ㅠㅠㅠㅠ,121205, 21,2024.11.01
477334011,질문여수에 반건조생선 싸게 파는곳 어느 시장이에요?,몇년전에 여수가서 갓김치도사고 어시장가서 파라솔 펴놓고 넓은 소쿠리에 반건조생선 쭉 파는 그런 거리가 있었거든 서대 반건조 20마리인가 그정도 사고 그때 신문지로 돌돌말아서 비닐봉지에 휙담아서 샀었는데 엄청 싸게 샀거든요 요즘은 반건조를 진공포장해서 스티로폼박스에 담아서 팔고 택배로도 보내는데 비싸더라고요 싸게 파는 반건조생선거리 어딘지 아시는분 계실까요?,121205, 20,2024.10.31
477311322,질문여수 가볼만 한곳,오늘 내일 여수로 여행가는데 여수를 만끽할수 있을만한곳 있을까요?? 근데 비예보가 있어서 실내로 추천 부탁 드릴게요!!,121205, 19,2024.10.31
477283636,질문응급구조학과 자대병원 유무,현재 고3이고 응급구조학과 지원 예정인데요 하도 대학 광고가 많아서 광고는 사절입니다 ..! 어떤 사람은 응급구조학과 중에 자대병원 있는 학교를 가는게 더 좋다하기도 하고 어떤 사람은 자대병원 있다고 무조건 취업되는거 아니라는 의견이 있고 해서 그런데 정말 자대병원 유무가 중요한가요 ?,121205, 16,2024.10.30
477282023,질문여수 웅천에서 제일 가까운 고등학교,웅천에서 제일 가까운 고등학교가 어디인가요…ㅠㅜ 고등학교 써야하는데 웅천엔 고등학교가 없어서 어려워요,12120536, 19,2024.10.30
477273162,질문여수 케이크,여수에 돈케이크집 어디있는지 알 수 있나요??,121205, 17,2024.10.30
477254021,질문예술고등학교 정원 미달,안녕하세요 저는 이번에 예고 실기면접을 보고 온 학생인데요 이번에 정원 인원 60명을 모집하는데 54명이 지원을 하여 정원 미달이 났는데 이러면 어떻게 되나요?,121205, 32,2024.10.30
477237114,질문여수 유탑마리나 호텔안에 노래방있나요,,121205, 18,2024.10.29
477236333,질문여수 유탑마리나 호텔건물에노래방있나요,제주도 낡은 호텔 갔을때도 노래방은 있얼는데 여기는 없나요 코노처럼 작은거라도 상관없어요,121205, 17,2024.10.29
477189642,질문오동도 가는방법...,오동도 가는방법 알려주세요,121205, 30,2024.10.28
477186186,질문여수는 뷰카페vs 디저트카페,둘중에 어디가는게 좋나요,121205, 23,2024.10.28
477181178,질문여수에 중고CD 옛날 CD 파는곳이 있을까요?,가보고싶어서요. 궁금해요,121205, 23,2024.10.28
477178136,질문여수 티켓팅 잘되는 피시방,여수에 티켓팅 잘되는 피시방 추천해주세요... ㅠㅠ 8시에 티켓팅입니다... 인터넷 빠른곳 추천부탁드려용...,121205, 26,2024.10.28
477171559,질문여수 갑오징어 좌대 찾고있습니당,요번주 주말이 갑오징어를 잡고싶어서 좌대 알아보고있는데 괜찮은곳있으면 추천해주세요!!,121205, 26,2024.10.28
477171011,질문여수 정보과학고 갈건데,운동 못하면 애들이 눈치 줄까요?? ㅠㅠ 제가 영어 진짜 개못하는데 애들이 무시할까요?ㅠㅠ 친구 사귀기는 쉬울까요?,121205, 23,2024.10.28
477084730,질문Gs25 착불택배 답장좀 빨리해주세여,제가 보내는건 아니고요 제가 받는사람인데요 그 보내주시는분이 주소지를 이렇게 써주셨어요 만약이긴한데 받는분:충북 ㅇㅇ시 ㅇㅇ구 ㅇㅇ읍 ㅇㅇㅇ동 ㅇㅇㅇ호 이렇게 쓰셨더라고요 한마디로 어디 아파트와 번지를 안써주셨더라고여.... 이거 올때 분실될까봐 걱정됩니다 혹시 이거 분실되나요? 그리고 번지와 어디 아파트인지 안써있어도 잘 올수있을까요..? 만약 기사님이 전화하셨는데 제가 못받으면 다시 보내신분께 가나요..?,121205, 37,2024.10.28
477169881,질문여수에서 폰 안걷는 고등학교...,여수에서 폰 안걷는 고등학교 알려주세요!,121205, 23,2024.10.28
477089310,질문여수 웅천지구죽림1지구소제지구,개발 언제쯤 완료 될까요? 아는대로만 말해주세요,121205, 40,2024.10.27
477120944,질문여수에 있는 백야선착장 주변 주유소가 혹시 있나요?,알려주실분 !! 사회초년생 차 탄지 얼마 안되서 셀프 주유소는 가본적 없어서 셀프는 할줄 모릅니다.,121205, 23,2024.10.26
477115735,질문여수 자산공원 케이블카...,여수 자산공원 케이블카 정류장에서 오동도섬으로 가는 케이블카 노선도 있나요?? 돌산오동도 이렇게 있나요?,121205, 22,2024.10.26
477088787,질문여수 계동리 두문리,여수 계동리나 두문리 쪽에서 택시 잡히나요?,121205, 18,2024.10.25
477073747,질문여수 식용색소 파는곳,여수에 식용색소 파는곳 있나요 너어무 급해요 ㅠㅠㅠㅠ 검정색이 너무 필요해요 ㅠㅠㅠㅠ,121205, 20,2024.10.25
477071235,질문여수 석유화학고 질문,오늘석유화학고 2차 했는데 인적성 250 내신 210 면접 150 잡고 1000점중에 610점인데 합격할수 있을까요? 운전과 특별전형으로 지원했습니다,121205, 21,2024.10.25
477029532,질문여수지역에 가볼만한곳들은 어디어디 있나요?,안녕하세용^^ 여수에 가볼만한곳 괜찮은곳 찾고 있어요~ 개인적으로 가볼만한곳이 많은거 같은데... 시내쪽 보다는 외곽에도 좋은곳이 많이 있다고 들었거든요 아시는분 있으시면 공유 부탁드립니당!,121205, 26,2024.10.24
477029495,질문여수에 가볼만한곳은 어디인가요?,안녕하세용^^ 여수에 가볼만한곳 괜찮은곳 찾고 있어요~ 개인적으로 가볼만한곳이 많은거 같은데... 시내쪽 보다는 외곽에도 좋은곳이 많이 있다고 들었거든요 아시는분 있으시면 공유 부탁드립니당!,121205, 23,2024.10.24
477029469,질문여수 가볼만한곳 추천부탁드릴게요!!!!,안녕하세용^^ 여수에 가볼만한곳 괜찮은곳 찾고 있어요~ 개인적으로 가볼만한곳이 많은거 같은데... 시내쪽 보다는 외곽에도 좋은곳이 많이 있다고 들었거든요 아시는분 있으시면 공유 부탁드립니당!,121205, 19,2024.10.24
477029218,질문여수에 여행갔다가 ...... 뼈를 발견했어요,무슬포 해변을 걷는 도중에 뼈를 발견햤는데 사람 골반 뼈와 다리 같아서 질문 드려요 발견 후 해경분께 전화 드렸는데 고래뼈나 거북이 뼈 같다고 하시더라구요 너무 궁금해서 지식인이 올립니다!!!,121205, 33,2024.10.24
477028402,질문여수 맛집으로 유명한 곳 어디일까요?,여수 여행중인데요~ 여수에서 맛집으로 유명한 곳 아시는 분들은 추천 부탁드릴께요~,121205, 162,2024.10.24
476910081,질문여수 1박2일 뚜벅이 가족여행 갈만한 코스가 있을까요,부모님 포함 4인이 가려고 하는데 여수여행은 처음이라 코스 짜기가 어렵네요.. 기차로 갈꺼라 여수에서의 이동은 택시 이용합니다,121205, 38,2024.10.23
476997772,질문히든베이호텔 웨딩 뷔페 가격,여수 히든베이호텔 웨딩 뷔페 대략적으로라도 가격 알 수 있을까요? 하객인데 밥값이 비싸면 축의금을 더 해야 할 것 같아서요,121205, 27,2024.10.23
476974555,질문여수 완숙 무화과 파는 곳 있나요?,안녕하세요 저는 무화과를 진짜 좋아하는데 대구에서는 항상 무화과가 덜 익은 상태인 동글동글한 모양이었는데 무화과를 재배하는 지역에서는 밑이 다 터진 진짜 찐 완숙 무화과를 먹을 수 있다고 해서 찾아보던 중에 여수에서도 재배하는 곳이 있다고 하더라구요 일반 과일가게에 가면 밑이 다 터진 무화과를 구매할 수 있을까 싶어서 지식인에 질문합니다 1. 10월 말에 가도 무화과가 있을까요? 2. 무화과가 있다면 일반 과일가게나 마트에서 살 수 있을까요?(완전히 익어서 밑이 다 터진 무화과) 3. 일반 과일가게나 마트에서 안 파는거면 혹시 재배 농원에 가면 살 수 있을까요? 4. 그런 재배 농원이 있다면 알려주세요!,121205, 29,2024.10.23
476965543,질문여수 관기리에 있는 땅인데 어떤가요?,여수 소라면 관기리에 있는 준보전산지에 10년전쯤 부모님께서 사놓은 땅이 있더라고요 제1종일반거주지역이고 중로3류로 토지이용계획이 잡혀있고요 지도 보니까 개발될 가능성이 전혀 없어보여요 사기 당했다 생각하고 토지 산 돈은 잊는 게 나을까요 동그라미 친 구역에서 땅을 2곳 사셨는데 2군데 모두 모르는 사람이랑 공동소유로 매매하셨어요 그냥 잊어버리는게 마음 편하겠죠?,121205, 22,2024.10.22
476964059,질문이번에 고등학교 원서 써야하는데ㅠㅠ,여수중앙여고랑 여수여고 둘 중에 고민하고있어요 장단점 알려주세요 중학교에선 70등 정도밖에 못해여휴ㅠㅠㅠㅠㅠㅠㅠㅠㅠㅠㅠㅠㅠㅠㅠㅠㅠㅠㅠㅠㅠㅠ,121205, 18,2024.10.22
476953575,질문여수 시내버스 출퇴근 질문,여수 시내 버스 질문 드립니다 여수에 처음 가는데 여수에 국민연금공단(동광탕?) 이란곳에서 돌산까지 출퇴근을 해야합니다 보니까 100 109 112 111 106 등 버스는 매우 많더라구요 다만 걱정되는게 이 버스들이 전부다 배차간격이 길던데 아침 9시까지 출퇴근을 해야하는지라 무리 없이 가능할지 궁금합니다. 대략 7시쯤 나오면 못해도 두시간 일찍 나온거니 위 버스들중 아무 버스나 타고 돌산에 갈수 있을지 궁금해요.,121205, 19,2024.10.22
476950955,질문여수 낭만포차 맛집 공유부탁드립니다,여수에 있는 낭만포차 맛집을 가보고 싶어요~ 정말 친절하고 맛있는곳으로 부탁드려봅니다^^,121205, 102,2024.10.22
476950893,질문여수 낭만포차 근처에 맛집 아시는분 있나요?,여수 낭만포차 주위에는 맛있는곳들이 많은걸로 압니다! 찐으로 맛있는 곳 아시는 분은 추천 부탁드려용~,121205, 37,2024.10.22
476950693,질문여수 중앙동 근처에 찐 맛집 찾아요~,여수 중앙동 근처에 맛집들이 많다고 들었어요~ 부모님 모시고 갈려고 하는데 맛집 아시는분은 추천 부탁드릴께요^^,12120542, 27,2024.10.22
476950648,질문여수 중앙동 맛집 추천 부탁드려요,여수 중앙동에 맛집들이 많다고 들었어요~ 부모님 모시고 갈려고 하는데 맛집 아시는분은 추천 부탁드릴께요^^,12120542, 33,2024.10.22
476930139,질문여수 현지인 맛집 추천,광고성이나 유명 유튜버 연예인들이 다녀와서 유명해져서 비싸지고 별로인데 말고 진짜 찐으로 현지인들이 가는 게장 맛집 추천좀 해주세요,121205, 25,2024.10.22
476927116,질문순척역에서 여수역까지 왕복비용..,말 그대로 순척역에서 여수역까지 왕복 비용이 뭔가요? 뭘 타는게 효율적일까여?,121205, 19,2024.10.21
476856413,질문전남대 (여수캠) 창의융합부,창의융합부는 구체적으로 어떻게 수업이 진행되나요? 자율전공과 같은 원리인가요?,121205, 25,2024.10.21
476915714,질문여수 시내버스 20번대 창무 화양면 막차시간(급),예)232424-125262728 이런거 말하는겁니다 제가 어쩌다가 화양면 창무로 이사오게 되서 버스를 232424-125262728 이런거 타고 다니는데요 제가 알기로는 막차가 다 밤 10시 전으로 알고 있는데 아는 사람이 밤10시 이후에도 있다는데 혹시 밤 10시 이후에 다니는 버스가 있을까요? 있으면 알려주시면 감사하겠습니다! <전에 올렸는데 더 자세하게 올립니다!>,121205, 18,2024.10.21
476856645,질문황당한질문이지만,혼자여행 가는데 여수로 가는데 모텔 호텔 숙소를 잡아야 하는데 어디로 잡는게 좋을게 저는 모 여행가는거니까 여행객이 많이 있는 가는 모텔 호텔 많이 있는곳으로 가고싶어요어디인지 아시는분 알려주세요 저는 혼자가는 혼자여행 보니 심심해 많으면 좋을거 같기도 버스터미널에 내려 택시 탈건데 택시 기사분한테 어디가달라고 하면되죠?,121205, 34,2024.10.21
476907288,질문반택 미평에서 양산까지 얼마나 걸리나요?,반택 미평에서 양산까지 기간이 어케 될가요?,12120517, 19,2024.10.21
476881615,질문여수에 세비타비겔 파는 약국 아시는 분 계시나요?,도저히 못찾겠더라구요 ㅠㅠ,121205, 20,2024.10.20
476876465,질문당일치기 지역 추천,여수사는데 크리스마스 당일에 당일치기로 놀러갈만한 곳 알려주세요 한국어디든 상관없어용,121205, 27,2024.10.20
476868070,질문여수 남자 정장 대여 가능한곳 알려주세요,결혼식에 가려고 하는데요 여수에 남자 정장 대여 가능한곳 있나요?,121205, 26,2024.10.20
476863827,질문여수 관광지 여행객 많은곳,여수 관광지 뭐있죠 여행객 많이 가는곳,121205, 29,2024.10.20
476858084,질문여수에 룸카페 있나요?,,121205, 22,2024.10.20
476831308,질문여수로 여행...,여수로 여행 곳 가는데 여수에 가서 머해야 할까요? 34살 남자입니다,121205, 23,2024.10.19
476819240,질문내신이 이런데 여수화학고 들어갈 확률이 많이 낮을까요?,전라남도에 살고 백분율이 48프로인데 여수화학고 뽑힐 가능성이 많이 낮을까요..??,121205, 25,2024.10.19
476796123,질문여수사시는 분들 이 카페좀 찾아주세요 ㅠㅠ,너무 이뻐보이길래 한번 가보고 싶은데 이름을 모르겟어서 아시는 여수분들은 좀 알려주세여,121205, 23,2024.10.18
476796048,질문외고준비생 영어학원 추천,여수 영어학원 추천해주세요,12120516, 15,2024.10.18
476776594,질문여수 여행 가볼만한곳 추천부탁드려용~,친구들과 여수지역으로 여행을 왔어요~ 여수에는 구경 할곳도 많고 맛집들도 많은걸로 아는데요 저희는 정보가 많지가 않아서요ㅜㅜ 여수 여행 가볼만곳 추천부탁드립니다!,121205, 24,2024.10.18
476713500,질문12월 여수로 신혼여행,신혼여행을 여수로 갈려는돼요 숙소 괜찮코 주의에 볼거리  놀거리 많은곳이었으면 좋켔습니다 . 페이북 야놀자 어플로 예약잡고  결제금액에 2.7% 캐쉬백받고 k뱅크 체크카드로결제하고 1.2% 봐로 캐쉬백받고 합의 3.8% 캐쉬백받고 운전면허는참고로 없습니다 ㅜㅡㅜ 뻐스나 택시 이용해야할꺼같습니다 .,121205, 19,2024.10.16
476696584,질문생생정보통 무한리필 간장게장 어딘가요?,생생정보통에 방영된 무한리필 간장게장 맛집 위치가 정확히 어딘가요? 상호와 위치 정보 좀 알려주세요~ 맛집이면 사람이 많을 것 같은데 전용 주차장이 있는지 없을 경우 어디에 가능한지도 알려주시면 감사하겠습니다.,121205, 42,2024.10.16
476690322,질문여수 피시방 맛집,여수 피시방 맛집 알려주세여 ㅠㅠ 그 여서동 우노를 가려고 하는뎀 맛있나요? 다른곳 맛있으면 추천해주세용,121205, 36,2024.10.16
476607485,질문여수 불꽃축제,안녕하세요 고1인데요 이번 여수 불꽃축제 가고싶은데 금요일에 가서 토요일에 불꽃 축제보고 오고 싶은데 불꽃축제 하는곳 근처에 청소년이 잘수 있는 곳이 있나요??,121205, 55,2024.10.15
476648782,질문돌산읍 대율,여기 어딘지 아시는분 !!,12120553, 20,2024.10.15
476607370,질문여수 노을 시간...,여수 노을 시간은 언제가 이쁜가요 ?,121205, 116,2024.10.14
476604349,질문여수 서식 숯불이 유명하던데 수육 맛집인가요?,주말에 친구들과 함께 여수 여행을 계획하고 있어 맛집을 알아보고 있습니다. 여행 후 갈 술집을 찾고 있는데 서식이 안주 맛집으로 유명해서 가보려 합니다. 여기가 대부분 숯불 메뉴이던데 수육도 맛있나요?,121205, 15,2024.10.14
476603591,질문여수 가볼만한곳 알아보고 있어요,여수 가볼만한곳 지인하고 오랜만에 가볼려고 찾고있는데 어디어디 가는게 좋을지 모르겠네여 여수 가볼만한곳 추천좀 해주세요~!! 여수 가볼만한곳 내공 겁니다!,121205," 4,449",2024.10.14
476544227,질문여수 아인슈페너 맛집은 어디일까요?,여수 아인슈페너 맛집 궁금해요 여수여천 상관없어요!,121205, 26,2024.10.14
476598970,질문여수 여행,여수로 이틀정도 가려고합니다 주말에 여수하면 꼭 가야하는곳 추천 해주세요 식당. 브런치 중학생 딸과 조카 그리고 언니랑 가려고 합니다 낮에 갈곳 밤에 갈곳 차이동합니다,121205, 62,2024.10.14
476583761,질문여수에서 순천으로 고등학교...,여수에서 순천으로 고등학교 가고싶은데 갈수있나요? 인문계로 순천에있는 고등학교추천해주세요 대학교 잘보내주는 곳이면 더 좋아요,121205, 31,2024.10.13
476563902,질문여수 점심 맛집으로 유명하고 맛있는곳 추천해주세요,여수에 놀러왔는데 맛있는 점심식사를 하고 싶은데요^^ 여수는 먹거리로 유명한곳이잖아요?ㅎㅎㅎ 현지인들만 가는 찐으로 맛있는 여수 점심 맛집 아시는분은 추천 부탁드릴께요!,121205, 93,2024.10.13
476539964,질문여수에서 할 것,여수에서 할 거 없나요,121205, 22,2024.10.12
476482815,질문여수 가볼만한곳 추천해주세요,이번에 여수로 놀러가는데 여수에 가볼만한곳 있으면 추천 부탁드릴께요~,121205, 255,2024.10.12
476523375,질문여수 가볼만한곳 어디 있을까요?,남자 두명이서 여수로 여행을 왔는데요;;; 남자끼리 여수 가볼만한곳 있을까요?ㅠㅠ,121205," 2,823",2024.10.12
476515300,질문여수여행먹거리기념품,여수 가볼 만한 곳이랑 뭐 기념품 맛있는 먹거리 추천해주세요ㅜㅜ,121205, 21,2024.10.12
476510177,질문천안에서 여수까지 고속버스로 어떻게 가나요?,바로 가는 건 없나요? 없다면 어디서 갈아타야하는지 아시는 분 답변 부탁드립니다,121205, 21,2024.10.12
476466436,질문여수여천고등학교,여천고등학교 가고싶은데 뺑뺑이잖아요 아예 랜덤이에요 아니면 거리가 가깝거나 성적을 조금 보는건가요? 제가 내신이 70~75 정도 될거 같은데 여천고 가기 어렵나요 1지망 여천고 2지망 충무고 3지망 여수고 4지망 한영고 이렇게 쓰면 한영고로 떨어질수도 있나요? 여천고 내신 따기는 어렵나요,12120532, 20,2024.10.10
476392058,질문여수불꽃축제,올해는 엑스포장에서 개최한다고 들었는데 작년처럼 교통통제는 그대론가요? 뚜벅이라 버스타고 다니려 했는데 버스도 통제할 지 궁금하네요,121205, 26,2024.10.10
476441149,질문6시내고향여수 식당 위치 어딘지 알 수 있나요?,이번에 6시 내고향을 보다가 여수 맛집 식당을 가고 싶은데요. 유독 맛있어 보여서 한번 가보려구요! 추천 메뉴와 가격 식당의 위치와 연락처 등 자세한 정보 공유해 주시면 감사하겠습니다.,121205, 29,2024.10.10
476440272,질문여수 전동 스쿠터,여수에 전동 스쿠터 파는 곳 없을까요?,121205, 22,2024.10.10
476350024,질문여수 갓김치랑 돌게장 시장에서 얼마에 파나요??,여수 가는데 키로당 얼마인지 궁금합니다 돌게장은 키로에 몇마리정도 들어갈까요?,121205, 28,2024.10.09
476370603,질문부산에서 여수까지 가는 ktx 얼마하나요?,,121205, 19,2024.10.08
476353487,질문여수 공단 전망...,여수 공단 전망 어떤가요?,121205, 38,2024.10.08
476352484,질문진주  연등축제  입장료  있나요??,진주 연등축제 입장료 있나요???,12120533, 115,2024.10.08
476315080,질문여수 단체 회식 맛집 서식 여수점 예약 방법 있을까요?,할머니 칠순을 맞이해 친인척들도 모두 함께 여수로 여행 가게 되었습니다. 여수 단체 회식 맛집으로 유명한 서식 여수점에 방문하려고 하는데 예약 방법과 메뉴 추천 부탁드립니다. 인원은 20명 정도입니다.,121205, 19,2024.10.07
476311211,질문여수 맛집으로 유명한 서식 여수점 어떤가요?,주말에 친구들과 여수로 여행을 계획하고 있습니다. 여수 맛집을 찾고 있는데 서식이 현지인 맛집 여행 필수 코스로 많이 추천하더라고요. 여행 일정이 많아서 웨이팅이 많은지 알고 싶습니다. 예약이 가능한지도 알려주세요.,121205, 32,2024.10.07
476308207,질문여수밤바다 낭만24 포차본관 돌문어 맛있나요?,여수 낭만포차거리에 위치한 낭만24포차 본관에 방문하려고 하는데 메뉴 추천 부탁드립니다. 이곳의 대표 메뉴는 돌문어삼합이라고 들었는데 이외에도 맛있는 메뉴가 있다면 함께 추천해 주세요. 또한 방문하기 전에 미리 알고 가야 할 팁이 있다면 함께 알려주시면 감사하겠습니다.,121205, 13,2024.10.07
476274778,질문여수석유화학고등학교 학과가 고민입니다.,현재 중3이고 성적은 충분히 해볼 수 있는 성적인데 과를 정하는게 고민입니다 저는 기계를 다루거나 만들고 제어하는쪽에 관심이 있는데 그러면 어디 학과를 가야할까요? 재학중이거나 잘알고계신분 답변 부탁드립니다,121205, 172,2024.10.06
476215215,질문여수에서 선후배관계가 좋은 학교,화양고만큼 선후배관계가 좋은 학교는 없겠죠?,121205, 25,2024.10.06
476209250,질문2000년 여수 신기동 부3사거리 사진,가지고 계신분 보여주실 수 있나요?,12120527, 23,2024.10.05
476226470,질문여수 쌍봉도서관 주말에 여자 학습실 몇시까지 하나요?,여수 쌍봉 도서관 주말에 여자 헉습실 몇시까지 하나요? 네이버에는 5시라고 나와있어요 ㅠㅠ시험 기간 이여서 가여라는데ㅠㅠ 알려주실분,121205, 24,2024.10.05
476187902,질문전남 여수 낭만24 포차거리 맛집 위치는?,이번에 친구들과 전남 여수로 여행을 가기로 했는데 낭만포차거리에서 술 한잔하기로 했습니다. 맛집이 너무 많아 결정하기가 어려운데 어디가 제일 맛있나요? 주차는 어디에 하면 될까요? 주말에는 많이 붐비나요?,121205, 17,2024.10.04
476187873,질문여수돌문어 낭만24 포차 본관 맛집은?,이번에 친구들과 여수로 여행을 가기로 했는데 낭만포차거리에서 술 한잔하기로 했습니다. 맛집이 너무 많아 결정하기가 어려운데 어디가 제일 맛있나요? 주차는 어디에 하면 될까요? 주말에는 많이 붐비나요?,121205, 16,2024.10.04
476172649,질문여수 시내,오늘 여수 다녀오려는데 주로 중고등학생이 많이 노는 여수 시내가 어디인가요? 큰도서관도 알려주실 수 있나요?,121205, 25,2024.10.04
476170524,질문여수 여행,학생들끼리 갈 예정입니다. 돈이 그렇게 여유가 있는 편이 아니어서 좀 저렴한 곳으로 추천받아요ㅠ 부탁드려요 참고로 당일치기입니다!!,121205, 27,2024.10.03
476161942,질문이심 전화,이심 구매해서 내일 출국이라 오늘 해놨는데 전화가 안돼요 어떻게 해야 되나요 급해요!! ㅠㅠㅠㅠ,121205, 19,2024.10.03
