﻿doc_id,answer_index,answer,answer_date
477550686,477550686_1,현금없는버스는 전국적으로 퍼져 나가고 있습니다다른곳 현금없는 버스를 타면 현금을 안받으니까 계좌이체를 하라고 하더군요버스안에 계좌이체를 할수 있는 계좌번호가 붙어 있습니다이것도 당분간한다고 합니다...,2024.11.06
477485644,477485644_1,포항제철고 추천합니다,2024.11.04.
477272922,477272922_1,광양제철고,2024.10.30.
477042825,477042825_1,안녕하세요! 광양읍으로 전입하시고  임신 및 출산 혜택을 받기 위한 조건을 문의하셨네요. 광양시에서는 임신과 출산을 지원하기 위한 여러 혜택을 제공하고 있으며  대부분전입 후 6개월 이상 거주 요건이 필요합니다.광양시 임신·출산 혜택 요건과 내용임산부 및 출산 지원 혜택광양시의 임산부와 출산 가정에 대한 지원 혜택은 보통전입 후 6개월 이상 거주한 경우 신청 자격이 주어집니다. 따라서  10월에 전입하셨다면2024년 4월 이후부터 해당 혜택을 신청하실 수 있습니다.일반적으로 임신 중인 상태에서 신청 가능한산후조리비 지원  출산 지원금  출산 축하금등의 혜택이 있습니다.임산부 등록 및 산후조리비 지원산후조리비 지원: 출산 후에 받을 수 있는 산후조리비는 지역에 따라 30만 원에서 100만 원 정도까지 지원되며  산모의 건강 회복을 돕기 위한 지원금입니다.신청 시기: 출산 후 일정 기간 내에 보건소나 주민센터에 방문해 신청할 수 있으며  신청 자격을 충족하면 지원금을 받을 수 있습니다.출산 지원금 및 아동 지원 혜택출산 지원금: 첫째  둘째  셋째 이상 자녀 출산 시 지원금이 차등 지급됩니다. 예를 들어  광양시에서는 첫째 50만 원  둘째 100만 원  셋째 200만 원 이상 지원하는 경우가 많습니다.아동수당 및 양육수당: 출산 후 아동수당과 양육수당을 추가로 신청할 수 있으며  이는 자녀 양육에 필요한 보조금으로 매월 지급됩니다.전국 출산 육아 지원금 신청 및 대상 조회 | 상시 업데이트 - 전국 지원금 보조금 조회 및 신청한국 정부는 **저출산 문제 해결**과 **육아 지원**을 위해 다양한 **출산 및 육아 지원금** 정책을 제공하고 있습니다. 이 페이지에서는 전국적으로 시행 중인 출산 육아 지원금의 **신청 자격**과 **대상 기준**  그리고 각 지방자치단체별 세부적인 지원 내용을 안내합니다.support.tomonews.kr요약전입 후 6개월 이상 거주요건을 충족한 뒤 혜택을 신청할 수 있습니다.산후조리비와 출산 지원금은 아기 출생 후 일정 기간 내에 신청 가능합니다.신청 방법: 보건소나 주민센터를 통해 확인하고 신청서를 제출하시면 됩니다.광양시 보건소나 주민센터에 문의하여 최신 정보를 확인해 보시고  혜택을 놓치지 않고 받으시길 바랍니다!,2024.11.01.
477005152,477005152_1,금시초문 입니다,2024.10.24.
476897850,476897850_1,광양 중마동 수학학원 저도 알아보고 있었는데비슷한 질문이라 찾아보다가 답변 남겨요~중마동에 차수학학원 중동캠퍼스 괜찮습니다기초부터 안되어있으면 중 고등부도 추천요블로그 있어서 공유드립니다정보 좋으면 채택부탁 드려요 ㅎ .https://blog.naver.com/minks010/223625474252광양 고등부(중마고 광영고) 백운중  중동중 골약중 2024년 10월 2학기 중간고사 결과안녕하세요. 광양 중마동 수학학원 차수학 중동캠퍼스입니다. ☎차수학 학원 전화 연결 올해 여름 유난히 ...blog.naver.com,2024.10.21.
476787975,476787975_1,광영여고에서 목동2단지 거리는 약 6KM입니다자차로 약 20분 정도 걸립니다,2024.10.18.
476787975,476787975_2,신월중학교정류장 파리바게트앞 에서 6627번 탑승도보시간 포함 40분자동차 소요시간,2024.10.19.
476636513,476636513_1,"5등급대로 전문대학 수시2차 지원을 알아보신다면대학별로 전년도 입시결과를 참고하시어현재 등급대에 알맞는 대학을 알아보시는 것이 좋을텐데요!유한양행  유한킴벌리  유한화학패밀리기업과 함께하는유한대학교로의 수시 지원을 생각해보시길 바랍니다.2025학년도 신설학과 :항공서비스학과  방송연예전공  응급구조과  반려동물산업전공▶성적반영: 전체 성적 중 최우수 2개 학기고등학교 1학년~3학년 성적 중에서최우수 2개 학기의 성적만 반영하여학기별 성적 편차가 있는 학생들은더욱 유리하게 지원할 수 있습니다.▶공과계열의 기계공학과  전기공학전공 등디자인계열의 산업디자인학과  시각디자인학과 등다양한 학과들이 개설되어 있으며 원하는 전공에 대한 수업을 들어보고전공을 결정할 수 있는 자유전공학과도 개설되어 있습니다.▶또한  다양한 장학금 제도를 마련하여2020학년도 장학금 지급 기준전체 장학생 비율이 90.3%로장학 혜택을 받아 학비 부담을 덜어낼 수 있습니다.https://www.youtube.com/watch?v=ESS6YIk7tcchttps://pf.kakao.com/_WbJgxb유한대학교""마음을 움직이는 단 하나의 선택"" 유한대학교 입학지원센터입니다.pf.kakao.com",2024.11.06
476636513,476636513_2,순천 청암대 가능 합니다,2024.10.17.
476021766,476021766_1,연합의원이 좀 잘하는거 같더라구요.시설은 노후되서 아닌거 같지만 잘해요~광양병원도 잘하더라구요.,2024.10.02.
475994503,475994503_1,https://gyh.hs.jne.kr/gwang-yangsilgo_hs/main.do?sysId=gwang-yangsilgo_hs광양하이텍고등학교광양하이텍고등학교 누리집에 오신 것을 환영합니다.gyh.hs.jne.kr현실로서는 효산보단 여기로 가야될듯합니다.,2024.09.30.
475674201,475674201_1,중마고 화장 규정 참고하세요기초 화장은  가능하지만 색조화장은 안됩니다,2024.09.25.
475505934,475505934_1,오! 저도 그분 봤어요!! 와 이런 우연이! 진짜 처음 봤을때 송강인가 착각했다니깐요.,2024.09.18.
475174498,475174498_1,광양 어디서 출발하는지에 따라 다르지만광양터미널 또는 동광양터미널(중마터미널)로 가서 서울가는 버스 타야합니다. 지도 첨부해드리겠습니다.A B가 타는곳  C가 서울에서 내리는곳입니다.동광양중마버스터미널전라남도 광양시 공영로 91 중마터미널광양터미널전라남도 광양시 광양읍 순광로 688센트럴시티터미널(호남선)서울특별시 서초구 신반포로 176 센트럴시티예매는 터미널에서도 가능하지만  매진될 수 있으니 티머니GO어플이나 버스타고어플에서 예매하는게 낫습니다. 시간표는 어플에 다 나와 있습니다.학생 혼자 가더라도 서울에 아는사람까지 있다면 괜찮다고 봅니다. 으슥한데만 안가면 됩니다.,2024.09.10.
