﻿doc_id,answer_index,answer,answer_date
476751588,476751588_1,울진은 세로 방향으로 긴 지역입니다.가볼만한 곳은 두군데로 나뉘는데맛집은 후포쪽이 많고구경할 곳은 죽변이 많습니다.겨울에 간다면 대게 홍게 제철이겠네요.문어짬뽕  홍게라면 한번쯤 먹어볼만 합니다.생선회는 회센터에서 포장해 드시는거 추천.구체적인 맛집 소개는 생략합니다.개인마다 호불호가 다를 수도 있고 광고글처럼 괜한 오해를 살 수 있어서...1. 남부 - 후포면1) 등기산 스카이워크 - 갓바위전망대2) 후포항 한마음광장 - 해산물맛집 거리2. 북부 - 북면  죽변면  울진읍  근남면- 북면 :  덕구온천 (겨울 온천목욕 ... 최고죠)- 죽변1) 죽변항 / 해양스카이레일 :죽변항 주변에 해산물 맛집이 많고스카이레일은 한번 타볼만 합니다.울진 앞바다 풍경이 멋집니다.2) 국립해양과학관 :  해중 전망대가 있으며 근처에 한울원자력발전소가 있습니다- 울진읍내 / 근남1) 성류굴2) 왕피천공원 - 케이블카3) 울진바지게시장 - 5일장 (2 7일)- 여름엔 금강송면 불영사 계곡도 가볼만하겠으나 한겨울 산행은 추위에 강하신분 아니면 ... 비추.,2024.10.21.
476495954,476495954_1,울진 스카이레일 근처에 있는 사진속의 아파트는한울원자력본부 사택아파트로 보입니다.일반 분양되는 주택은 아닙니다.한울원자력본부죽변사택아파트경상북도 울진군 죽변면 후정리 42-2후정해수욕장경상북도 울진군 죽변면 후정리죽변해안스카이레일경상북도 울진군 죽변면 죽변중앙로 235-12 매표소 2층,2024.10.18.
476485500,476485500_1,아파트 단지 맞습니다,2024.10.11.
475987008,475987008_1,동해선이 개통되더라도울진에서 부산까지 무정차 열차편은 없을걸요아마 최고등급 열차는 KTX-이음 들어갈텐데포항 경주 태화강 부전 필수 정차 예상합니다.,2024.10.01.
475263144,475263144_1,안녕하세요! 저도 얼마전에 울진에서 카고크레인이 필요해서 알아봤었어요~여러군데 전화도 해보고 직접 찾아가도 봤는데 중장비를 다루는 직업이어서 그런지 몰라도 불친절한 업자들이 너무 많더라구요... 몇 군데만 더 둘러보려다가 들어간 곳이 있는데 진짜 사장님이 너무 친절하시고 제가 카고크레인에 대해 아무것도 몰라서 설명도 제대로 못했는데 바로 이해하시고 저한테 설명을 해주시더라구여그 뒤로는 카고크레인 필요한 작업이 생기면 해성크레인을 이용하고 있어요울진에서 크레인을 전문적으로 하고 있는 곳이기도 하고 유명하더라구요해성크레인 검색하면 전화번호랑 주소 나오니까 전화 한번 해보세요해성크레인경상북도 울진군 근남면 수산1길 40-12 번지,2024.09.12.
