﻿doc_id,title,question,region_id,views,question_date
476751588,질문울진 가볼만한곳.맛집 추천해주세요,제가 울진에 개인적이 일로 한번 가보고 싶어서 이번 겨울에 가볼려고 합니다.근데 인터넷에 검색해보면 무슨 광고받고 작성했거나 무조건 맛있다고만 하니 어디를 가야할지 모르겠습니다. 가볼만한곳도 무슨 드라마찍은곳 그거 하나말고는 잘 모르겠는데 추천좀 부탁드립니다.,121119, 32,2024.10.17
476495954,질문울진 죽변스카이레일하트해변 근처 아파트 이름 궁금해요,죽변스카이레일하트해변에서 보이는 저 아파트 이름 궁금해요,12111909, 34,2024.10.11
476485500,질문울진 죽변스카이레일하트해변 근처 아파트 이름 궁금해요,죽변스카이레일하트해변에서 찍힌 아파트 단지인데 아파트 맞나요? ㅎㅎ 이 빌딩인지 아파트인지 이름 문의드려요,12111901, 25,2024.10.11
476485179,질문울진바다 어느 해변인지 아시는분...,울진바다 어느 해변인지 아시는분 계실까요? 흰색 빨간색 등대가 나란히 있는 해변가예요 밤뷰 낮뷰 첨부해요 뒤에는 아파트도 보이는 것같고요…,12111901, 32,2024.10.11
476448659,질문울진 봉평해수욕장에서 바베큐 되나요?,야영장이 있는거로 아는데 야영장에서 바베큐도 가능한가요?? 캠핑 가본적이 없어서 되는지 찾아봐도 안나오네요ㅠ,121119, 21,2024.10.10
475987008,질문울진역 질문,이번 연말에 생기는 울진역에서 무정차로 부산 갈수있나요,12111901, 181,2024.09.29
475263144,질문울진카고크레인 잘하는곳 추천해주세요,이번에 현장에서 카고크레인 쓸 일이 생겼는데 몇번 쓰자고 카고크레인을 살 수 도 없고... 혹시 울진 쪽에 카고크레인 빌릴 수 있는 곳 없을까요?? 있으면 좋은 곳 추천해주세여!!,12111901, 34,2024.09.12
475167003,질문울진 군청 근처 코인 노래방 있나요?,이번 추석에 울진 가는데요 군청쪽에 코인 노래방이 있나요?? 가고 싶어서요 그리고 어떤지도 알려주세요,12111901, 13,2024.09.10
