﻿doc_id,title,question,region_id,views,question_date
477468913,질문경동대 예비,경동대(양주캠) 보건 행정학과 예비114번인데 가능성 있나요……………….없겠죠…,120921, 28,2024.11.06
477568365,질문경기도 양주시 골함석 지붕재 파는 곳 있을까요?,안녕하세요. 경기도 양주시에 골함석 지붕재 파는 곳 있을까요? 아무리 검색해도 찾을 수가 없어서요. 아시는 분 계시면 답변 부탁드리겠습니다. 감사합니다.,120921, 16,2024.11.06
477536997,질문옥정 친해지실분ㅠ,안녕하세요! 내년에 옥빛중을 갈 6학년 예비중 학생인데요! 옥정에 아는 사람이 없어서 큰일입니다ㅠㅠ 옥정에서 저랑 친해지실분 없나요..? MBTI i여서 낮을 가리는데 큰일입니다ㅠㅠ이사를 이번년도 여름에 오기도 했고 옥정에 아는 사람은 아예 없어서 심각해요,12092113, 12,2024.11.05
477531284,질문여학생진학,의정부동두천덕정 실업계 고등학교를 알고싶읍니다,12092106, 11,2024.11.05
477407162,질문충북에서 양주에 있는 고등학교 가려면 내신 몇점?,충북에서 내신산출 방법이랑 경기도 내신산출 방법이랑 다른데 충북에서 내신이 230점대면 경기도에서는 대략 몇점일까요? 대충이라도 알려주세요 (경기도는 내신이 200점 만점으로 알고 있고 충북은 300점 만점입니다.),120921, 15,2024.11.02
477376227,질문수심 2m 체감...,수심 2m 체감 어느정도인가요?,12092122, 21,2024.11.02
477359594,질문양주 의정부 서울 근처 4인 노래방있는 펜션 있나요?,군인 4명이서 외박나가는데 저 근처에 노래방있는 펜션 추천해주세요.,120921, 20,2024.11.01
477234254,질문양주에서 서울,양주 고읍동에서 서울까지 얼마나 걸리나요. 서울에서 의정부 거리인가요?,12092102, 27,2024.10.29
477226423,질문양주 옥정 살기 어떤가요?,29살 청년입니다! 제가 본가가 경기도 포천이라 최대한 집주변에서 자취를 알아보다가 남양주쪽 아니면 양주쪽으로 생각하고 있는데 남양주쪽은 아무래도 집값이 좀 비싸더라구요 최대한 1억이하나 그쯤으로 전세로 알아보고 있는데.. 그래서 찾아보다가 양주 옥정에 호수공원도 있고 상가들도 많고 잘되어있는거같더라구요 어차피 직장이 재택근무라 지역은 상관없어서 집주변이 생활반경이면 좋겠는데 옥정에 자취하기 어떨까요 조언 주시면 감사하겠습니다!,12092113, 32,2024.10.29
477184820,질문양주 옥정vs남양주 다산 어디가 더 살기 좋을까요?,31살 청년입니다. 전세로 이사갈 곳을 찾고 있는데 어디가 더 살기 좋을까요? 고른 기준은 제가 재택근무라 지역은 상관없고 동네에서만 거의 생활이 가능할 인프라만 갖쳐져있으면 충분해서 고르다보니 두곳으로 정하게 됐습니다..! 주변 상권?같은건 다산보단 옥정이 더 잘되어있는거같고 재택근무다보니 산책을 많이 하는데 둘다 녹지나 공원 같은게 잘되어있어서 좋아보여서 질문드려요 어디 다른곳 안가고 주변에서 활동만 하면서 지낸다고 가정하면 둘중 어디가 좋을까요?,12092113, 24,2024.10.28
476910561,질문양주시 옥빛고가 공부를 잘하나요?...,양주시 옥빛고가 공부를 잘하나요? 옥빛고 내신따기 쉬운 편인가요? 공부하면 내신 나오는 학교에요?,120921, 26,2024.10.24
476989770,질문2005학년도 양주시 고등학교 어디가 좋을까요?,내신 195점 이상 되는 양주 중3학생입니다. 옥빛고 진학 생각하고 있었는데 양주고 덕정고가 자공고로 지정되면서 어디로 가야할 지 고민입니다. 주변 분위기를 좀 타는 편입니다. 좋은 의견 부탁드립니다.,120921, 19,2024.10.23
476653385,질문경기도 양주시 옥정동 하수구 막힘 추천 업체는?,아파트 하수구가 자꾸 막혀서 업체를 불러 해결하려고 합니다. 한 번도 이용해 본 적이 없어서 업체 이용해 보신 분의 경기도 양주시 옥정동의 추천 업체로 연락해 보려고 하는데 괜찮은 업체 있다면 추천 부탁드립니다.,120921, 14,2024.10.15
476609753,질문경기도 양주시 쓰레기봉투 가격,경기도 양주시 50리터 쓰레기봉투 한묶음에 얼마인가요?,120921, 74,2024.10.14
476485930,질문경기도 양주 고읍동,서울 촌놈인데 빌라 보고 있는데요 양주 고읍동 병원 마켓 등 노인들 편의 시설이나 거주하기에 살만한가요?,120921, 25,2024.10.11
476438848,질문양주 맛집 1번지 목살 주차 가능한가요?,양주에 있는 고기 맛집 1번지 목살로 모임을 가게 되었습니다. 찾아보니 주변에 상가가 정말 많던데 주차가 가능한가요? 고깃집 전용 주차장이 있는지 주차는 어디에 해야 하는지 정보 좀 알려주세요~,120921, 44,2024.10.10
475910380,질문경기도 양주시 동별 크기,아무리 뒤져도 안나오네요..ㅠ 옥정동 덕계+산북 고읍광사삼숭 만송 덕정 회정고암 이렇게 4지역으로 나눈다면 대략적으로라도 각각 크기가 어느정도 되는지 알수있을까요? 일하는데 지역을 나눠야해서요..ㅠ,120921, 45,2024.09.29
475843617,질문경기 양주시 덕정고등학교 내신커트라인,내년에 덕정고 입학 희망하는 예비 고1인데요 덕정고 내신 커트라인 몇정도 되나요? 130대인데 가능 할까요? ㅠ 그리고 덕정고 분위기 어떤가요,120921, 25,2024.09.28
475868737,질문장흥참 숯가마,장흥 참 숯가마 제가 여기를 이용한지가 벌써 수 년이란세월이 흘럿네요 엇쩔때는 친구와 혹 집사람이랑 허나 24년9월22일 엇처구니없는 황당한 말 듣고 이것을 고소를 해야하나말아야하나 고민 스럽다 몇 자 적습니다 22일 친구와 숯불에고기 잘구워먹고 자다 추워 집에서 가져온 이블덥고 자다가 여기는 오전7시면 9시까지 청소합니다 구레서 항상 차에서 9 시까지 있다가 청소 끝나면 다시 들어가죠 이날도 맞찬가지고 불 쬐고 있는데 사장이와서 뭐라고 합디다 긋케 민원넣고 우리 망하게 할여냐고 연기가 심하게나와 나보고 119부르고 민원 넣었다네요 아공 이게 뭔아침부터 ㅠㅠ 어이없어 사장한티 사과받으려고왔다리갔다리 몆 번 에혀 드뎌 만나서 따지듯이 물어뵜죠 왜 아침 부터 막말하시냐고 허청소 끝나면 다시 들어가죠 이날도 맞찬가지고 불 쬐고 있는데 사장이와서 뭐라고 합디다 긋케 민원넣고 우리 망하게 할여냐고 연기가 심하게나와 나보고 119부르고 민원 넣었다네요 아공 이게 뭔아침부터 ㅠㅠ 어이없어 사장한티 사과받으려고왔다리갔다리 몆 번 에혀 드뎌 만나서 따지듯이 물어뵜죠 왜 아침 부터 막말하시냐고 허그리고 위 동영상 올리는 날 나보고 전기 콘덴서 고장 났다고 한전에 민원 넣었다네요 ㅜㅜ 폰 충전이 않되서 아침에 여기저기 꽂아 보고 내 충전기가 고장 직원한티 내것이 고장이네요 하면서 하루 더 지내고 왔는데 그날 내가 한전에 신고 아공 이것이 말이 되는지 도체 ㅠㅠ하지만 듣는 소리는 가 그냥가 나보고 엇쩌라고 임마전마에 오지마 여기 않오면되잔아 헐 이말이 방구야 똥구야. ㅠㅠ이날도 같이 싸잡아 뭐라하는데 정말 미치것더라고요 무혐의 막말에 고소고발 되는지요 ?,12092122, 16,2024.09.26
475806217,질문경기도 양주시 공장 월세 얼마 정도 하나요?,경기도 양주시에 있는 공장을 알아보고 있습니다. 100평 정도의 공장을 찾고 있는데 양주 쪽 공장은 월세가 보통 얼마 정도 하는지 알려주세요. 위치나 가격적으로 괜찮은 공장 있다면 추천도 받습니다.,120921, 23,2024.09.25
475696506,질문오피스텔 가지고있는데,회생하고싶은데 이 오피스텔 때문에 진행이 걸릴것 같아요 이 오피스텔을 매매하거나 그냥 마음같아선 포기하고 버리고싶은데 방법이 없을까요? 지금 지은지 3년째인 브랜드 아파트 오피스텔이고 실거래는 사실없습니다 양도하려고해도 세금폭탄맞을거같고 이걸어찌해야하나요?,12092113, 31,2024.09.22
475635978,질문경기도 양주시...,경기도 양주시는 도시인가요? 어느 지역이랑 비슷한가요? 서울 인천 광주 부산 이런 곳 처럼 건물도 많고 사람도 많아요?,120921, 32,2024.09.21
475594079,질문장흥 경남아너스빌아파트 입주예정자,,12092122, 12,2024.09.20
475412833,질문장흥참숯가마 운영,양주 장흥참숯가마 내일 추석당일인데 운영하나요 ? 전화를 안받아서요 ㅠ 입장료 17000원만 내면 바베큐랑 모두 무료이용이 되는건가요?,12092122, 17,2024.09.16
475299384,질문경기도 양주시 가볼 만한 곳 어디인가요?,경기도 양주시로 가족여행을 계획하고 있습니다. 부모님을 모시고 함께 가볼 만한 곳 좀 알려 주실 수 있으신가요? 아버지가 거동이 좀 불편하셔서 체험보다는 자연 친화적인 곳이면 좋을 것 같습니다.,120921, 356,2024.09.13
