﻿doc_id,answer_index,answer,answer_date
477543982,477543982_1,비 온다고 금방 떨어 지지는 않습니다그래도 몇년정도는 붙어 있을것으로 보이구요안붙인것보다 멋있어보이긴 합니다...,2024.11.06
477543982,477543982_2,접착력이 괜찮다면 떨어질거같지는 않아요,2024.11.06
477474121,477474121_1,안녕하세요직장맘이시라 더더욱 공부 잡아주기가 어려우셨을텐데요일대일로 학습하는 것이 큰 도움이 될 듯합니다중3이면 곧 고1이라 앞으로의 내신대비를 어떻게 할지 상담이 필요해보입니다<방문과외 상담 링크>https://goeducation.modoo.at/[리얼티칭과외전문 - 과외소개]최고의 결과를 만들어내는 교육  리얼티칭과외goeducation.modoo.at귀하의 앞날의 발전을 기원합니다,2024.11.05.
477453211,477453211_1,"안녕하세요 이지베스트 학원 수학강사 박재영입니다저희 학원은 고양시 덕양구 화정에 위치하고 있으며 셔틀버스도 운영하고 있습니다소수정예 1:1 개별 맞춤수업으로 기본부터 심화까지 완벽한 개념 이해 및 다양한 문제풀이와 신속한 피드백으로 최상의 결과를 만들어 내고 있습니다. 1:1 개별 맞춤수업을 하다보니 기초가 약한 학생은 개념에서 구멍난 부분을 메꾸어 줄 수 있고 학생 눈높이에 맞는 수업을 하다보니 개념 이해 및 문제풀이 모두 훨씬 잘되는 걸 학생이 느낄것입니다그리고 본 수업과 연계된 ""코칭"" 수업이 있어서 수업내용을 바로 복습할 수 있고 모르는 부분이 있으면 코칭실 조교 선생님께 질문하여 문제를 해결할 수 있습니다.또한 주1회 일일테스트가 있어서 자신이 얼마나 이해했는지 평가로 확인 할 수 있습니다.이지베스트 학원만의 수학비법서가 있어서 학생들이 개념 및 공식 암기를 수월하게 할 수 있도록 도와주고선생님이 매 시간 확인하여 암기하였는지 철저히 관리를 해줍니다.어느 학원보다 출결 및 숙제를 철저하게 관리해준다고 자부합니다부담 갖지마시고 편하게 상담하시면 학생별 개별지도 원리와 내신대비 방법 및 학습진도계획등을 상담드리도록 하겠습니다상담문의 : 031-978-5577 (토 일요일도 가능합니다)아래 블로그도 한번 방문해서 둘러보시면 선택하시는 데 도움이 되실겁니다.이지베스트학원경기도 고양시 덕양구 중앙로 616 스토어허브 고양타워 3층이지베스트 할로윈파티 짱잼~~♥SNS 입소문 이벤트 선물이 팡팡!이지베스트 학원에서 24년 10월 31일을 맞아 할로윈 파티가 열렸습니다 친구초대까지 이어져서 100명이 넘...blog.naver.com",2024.11.03.
477367808,477367808_1,무슨과인지에 따라 다름,2024.11.02.
477379734,477379734_1,백석역에서 덕이고등학교까지걸어갈 수 있는 거리입니다.,2024.11.02.
477370406,477370406_1,갈만한곳  추천지  입니다1.서울 입니다롯데월드서울랜드서울대공원롯데타워 전망대남산타워 전망대한강 유람선오리배자전거벼룩시장월드컵경기장 투어고척돔동대문 DDP2.고양 입니다스타필드 스포츠 몬스터원마운트일산 호수공원방탈출카페탁구장보드게임카페,2024.11.01.
477338408,477338408_1,1층 17열은시야와 음향이 좋은 편입니다.,2024.11.01.
477337897,477337897_1,3층 좌석이 좋습니다...4층은 음향이 좀 울립니다,2024.11.01.
477315722,477315722_1,시와 구로 보면은 구리시가 더 면적은 큽니다.다만 도시적인 부분에서는 일산서구  일산동구가 구리의 신도시들보다 더 클거 같습니다.,2024.10.31.
477315722,477315722_2,일산(고양시)도 그리 넓은도시는 아니지만구리시에 비하면 넓은도시가 맞습니다...,2024.10.31.
477315722,477315722_3,1.너 넓습니다  고양시는 일산동구. 일산서구. 덕양구로 되어 있습니다2.경기도 면적 순위는 고양시 16위. 구리시 31위 입니다,2024.10.31.
477246018,477246018_1,화정역 근처에 24시 무인카페 없습니다,2024.10.30.
477246018,477246018_2,커피에 반하다 있긴합니다,2024.10.29.
477236447,477236447_1,일산 라페스타 추천,2024.10.29.
477233812,477233812_1,일산돈까스 한식뷔페 영업시간은오전 5시 -21시 까지 입니다한식 뷔페는 15시 까지 합니다,2024.10.29.
477231826,477231826_1,합정에서는 조금 타는 건 봤는데 홍대에서는 괜찮을듯싶음정 불안하면 이대역 1번 출구앞 신촌기차역 입구 정류장 에서 탑승,2024.10.29.
477205434,477205434_1,무조건 기숙사 써야지요,2024.10.28.
477179419,477179419_1,안녕하세요~질문 답변 드릴께요~!답변이 이해가 가지 않는다면 댓글로 말씀해주시면 바로 답장드릴께용~일산 두테비 정거장 60번 일산역 방면 버스는 아침 7시 05분에 두테비 정류소에 도착합니다.답변에 만족 하셨다면 채택 부탁드립니다!!!,2024.10.28.
477171320,477171320_1,12월6일 원서 접수 기간이기 때문에  12월5일 출결 까지 포함 됩니다,2024.10.28.
477109128,477109128_1,행사안내 : 호수공원 > 공원소식 > 행사안내행사일정 보기 캘린더형 리스트형 이전월 2024년 10월 다음월 검색정보 입력 전체 시정행사 문화행사 일자리 보건소 호수공원 검색 상시행사 이달의 행사현황 : 진행중 1 건 | 진행예정 1 건 | 종료 17 건 범례 : 시정 행사 문화 행사 일자리 보건소 호수공원www.goyang.go.kr행사일정이없네요공원 홈페이지 참고바랍니다.,2024.10.26.
477107127,477107127_1,안녕하세요.기후동행카드에 대하여 참고가 되었으면 합니다.경기 고양시 구간에 위치한 역은 지축역을 제외한 모든역이기후동행카드를 사용할수 없습니다.따라서 원흥역 역시 승차  하차를 할수 없습니다.참고로 고양시도 올해 하반기에 기후동행카드에 참여하기로하였지만 올해 예산편성이 되지 않아 내년 1월1일 부터시행 예정으로 있습니다. (확정된것은 아직 아님)시행이 되면 3호선  경의중앙선  서해선 고양시 구간의 역을기후동행카드로 사용할수 있습니다.(버스는 제외)기후동행카드 사용에 도움이 되었으면 합니다.,2024.10.26.
477107127,477107127_2,기후동행카드와 관련한 상황에 대해 정리해드리겠습니다.현재기후동행카드는 서울시 내 구간에서만 적용되는 경우가 많기 때문에  서울에서 경기 고양시의 원흥역으로 가시는 경우 경기도 구간에서 사용이 불가능합니다. 특히연신내역 이후 고양시 구간인 삼송역이나 원흥역에서는 기후동행카드가 적용되지 않는 것이 일반적입니다. 고양시도 기후동행카드 사업에 참여할 계획이 있지만 올해 예산편성 문제로 인해 내년 1월부터 시행될 가능성이 있습니다. 다만  확정된 사항은 아니기 때문에 정확한 정보를 계속 확인하시는 것이 좋습니다.이런 경우 고양시 구간에서는 다른 교통카드를 사용해야 하며  서울 구간에서만 기후동행카드를 활용하셔야 할 것 같습니다...이외에 더 디테일한 정보는 하단에서 정보를 얻었어요! 꽤나 자세하게 알려주고 있어서 도움이 되실거에요!.https://www.amorblog.co.kr/2024/10/6.html기후동행카드 신청 방법 월 6만 원대로 서울 대중교통 무제한 이용하기대중교통비 절약을 원하시나요? 알아보니 딱 좋은 방법이 있더군요. 서울에서 한 달에 6만 원대로 대중교통을 무제한으로 이용할 수 있는 기후동행카드 신청 방법을 안내해 드릴려고 합니다. 빠르고 쉽게 신청해서 교통비 부담을 줄여보세요.www.amorblog.co.kr,2024.10.31.
477107127,477107127_3,안녕하세요.기후동행카드를 서울에서 고양시로 출퇴근하실 때 이용할 수 있는지 질문하셨는데 이 카드는 서울시 내에서만 사용 가능해서 당황스러우셨을 것 같아요.서울-고양 간 기후동행카드 이용 안내기후동행카드는서울시 내 지하철과 버스에서만 사용 가능해요. 그래서 지하철 3호선의 경우지축역까지는 서울에 속해 있어 이용이 가능하지만  그 이후구파발  삼송  원흥역 등 경기도 구간에서는 사용이 어려워요.경복궁역에서 원흥역까지의 경우경복궁역에서 출발해 원흥역까지 가신다면 지축역까지만 기후동행카드 사용이 가능하고  이후 구간에서는일반 교통카드나 다른 결제 수단을 사용하셔야 해요. 서울시 경계를 벗어나면서 기후동행카드 인식이 안 되기 때문에  경기도 구간까지 출퇴근하실 땐 일반 교통카드를 사용하는 게 좋습니다.출퇴근길이 조금 더 편리해지기를 바랍니다.참된재가노인복지센터경기도 고양시 일산동구 중산로157번길 54-4 401호,2024.11.06
477081945,477081945_1,보통 저정도면 안 올 확률이 높습니다..게다가 이제 주말이라,2024.10.25.
477066597,477066597_1,문법을 잘 가르쳐주는 학원을 찾고 계시는군요.후곡에서 학원을 운영중이며 직독직해로 30년을영어 교육을 하고 있는 저희 학원을 소개해드리겠습니다.안녕하세요!피너클 영어학원은 30년 동안 영어 교육에 헌신해 온 전재성어학원이 새롭게 태어난 학원입니다.전재성어학원으로 많은 학부모님과 학생들께서 믿고 맡겨주신 것처럼  이제는 피너클 영어학원이라는 이름으로 더 나은 교육과 커리큘럼을 제공하고자 노력하고 있습니다.아이가 영어 공부하기 싫어하는데  어떻게 동기부여를 해야 할까요? 일산 후곡 피너클어학원안녕하세요 피너클어학원입니다. 아이가 공부하기 싫어하거나 중간 정도의 성적이 오르지 않는 아이  수업...blog.naver.com피너클 영어학원은 학습의 모든 과정에서 학생 개개인의 성장과 목표에 집중하고 있으며  특히 다음과 같은 교육 프로그램을 운영하고 있습니다.1. 강력한 독해와 문법 커리큘럼: 수년간 검증된 피너클 영어학원의 독해 및 문법 교육은 학생들의 기본기를 탄탄하게 다져주고  입시와 내신에서도 높은 성과를 거둘 수 있도록 돕고 있습니다.일산 명문 피너클어학원의 직독직해란? 영어 자신감 로켓발사!안녕하세요  일산 후곡마을에서 여러분의 자녀와 함께 영어의 세계를 탐구하고 있는 피너클어학원 ((전)전...blog.naver.com2. 개인 맞춤형 교육: 학생마다 다른 학습 속도와 스타일을 고려해 맞춤형 교육 프로그램을 제공합니다. 어휘력  문법 이해도  독해력 등에서 학생들의 강점과 약점을 파악해 이에 맞춘 세밀한 교육을 진행합니다.3. 입시와 내신 대비 완벽 준비: 체계적인 수능 유형별 문제 풀이와 내신 대비 수업을 통해 학생들이 고득점을 이룰 수 있도록 지도하고 있습니다. 주관식 대비와 영작문을 위한 심화 수업으로 학생들이 자신감을 가지고 시험에 임할 수 있도록 철저히 준비시킵니다.피너클 영어학원은 학생 한 명 한 명의 성장을 중요하게 생각하며  학부모님께도 자녀의 학습 과정을 투명하게 공유드립니다.일산 후곡 영어전문 피너클어학원은 아이들의 미래를 함께 만들어 나갑니다안녕하세요 일산 후곡에서 내신 입시 영어전문  피너클어학원을 운영하는 원장 전재현입니다. 피너클어학원...blog.naver.com자녀의 영어 실력을 향상시키고  입시와 내신에서 두각을 나타내길 원하신다면  피너클 영어학원이 함께하겠습니다. 언제든 문의해 주세요!,2024.10.26.
477058026,477058026_1,세대주 변경으로 보험료 등 금액에 큰 변화는 없어요.,2024.10.25.
477054341,477054341_1,이미 결정하셨을지 모르겠지만… 우연히 검색하다가 이 글이 눈에 띄어서 질문자 님께 조금이나마 도움되길 바라는 마음에 지금이라도 답변 남겨요저는 현재 안곡고 재학생이라 안곡 관련 정보만 알려 드릴게요!다른 학교도 근처에 중학교가 있다면 대부분 해당 중학교 출신 학생들이 절반일 거예요. 마찬가지로 안곡고도 신입생 절반 정도가 안곡중 출신이에요. 질문자 님께서 현재 어느 중학교에 재학 중인지 알 수는 없지만요… 뿐만 아니라 다른 중학교 출신 학생들도 많아요. 위치가 일산동구  중산동 부근인데 주엽이나 후곡 쪽에서 오는 학생들도 있고요!반 별 성향 차이도 있고 다른 학교는 어떤지 모르겠지만 대체적으로 새학기 첫 날의 안곡고 1학년 교실은 정말 숨 막힐 듯 조용합니다… 다들 낯을 많이 가리더라고요 그래도 오히려 좋은 게 혼자 앉아있는 경우가 많아서 말 한 마디 걸면 되게 친근하고 쉽게 사귈 수 있었어요. 거의 모든 반이 처음에는 출석번호 순대로 앉아서 근처에 앉아있는 친구들한테 먼저 말 거는 것도 일종의 방법이더라고요ㅎㅎ공부는 웬만하면 노력한 만큼 결과가 따라주는 학교예요! 물론 해당 학년 학생들이 공부에 관심이 있냐 없냐에 따라 달라지겠지만요…다른 학교에는 없는  안곡고만의 생기부 활동도 마련되어 있는데 되게 안곡 전통같은 느낌의 활동이라 선생님들께서도 신경을 많이 써주시는 부분이에요!대체적으로 인문 관련 행사가 많이 마련되어 있지만 자연과학 즉  이과 분야를 희망하는 학생들에게도 훌륭한 세특 활동이 마련되어 있어서 세특 챙기기에도 좋습니다!매 수업에 열심히 참여하고 열정있는 모습으로 임하고 학기 말에 각 과목 선생님들께서 세특 보고서 작성하라고 하실 때 성실히 작성하면 되게 정성껏 생기부 작성해 주신답니다ㅎㅎ 기사 몇 개 찾아보면 아시겠지만 일산 쪽에서 대학 진학 비율 탁월히 높은 학교인 걸 아실 수 있을 거예요!규정은 기본적인 예의에 어긋나지 않는 한 크게 상관 없습니다!체육관이 실내에 있다 보니까 실내화  실외화 구분없이 사용 가능합니다. 다만 체육 시간에는 당연하게도 슬리퍼 착용 금지예요. 근데 이건 뭐… 워낙 기본적인 거라 아실 것 같네요술담배처럼 학생 신분에 어긋나는 행위는 선도 처분이 즉시 이뤄지고 염색모도 눈에 띄는 샛노란 금발 아닌 이상 웬만한 갈발은 주의만 주실 뿐이에요. 근데 진한 갈발은 안 되고… 자연 갈색 정도의 색감만 허용됩니다!파마나 고데기를 이용한 웨이브도 가능하고요… 기본적으로 인사 잘하고 사제 간의 예의를 중시할 뿐이지  학생의 이런 성향을 제지하는 학교는 아니라 걱정할 건 없어요.그리고 최근에 1층 자습실이 새롭게 개설되어서 밤 9시까지 야자 개념으로 신청자 한에서 자습할 수 있을 정도로 자율 공부 시스템도 갖춰져 있습니다!이 정도로 학교 특징 소개해 드렸는데 질문자 님께 도윰이 되셨을지는 잘 모르겠네요… 혹시 인스타그램을 하신다면 안곡고 학생회 계정 검색해서 보시면 전부는 아니지만 전반적으로 어떤 행사를 추진하고 이런 학교이구나를 파악하실 수 있을 것 같아요!혹시라도 더 궁금한 사항 있으시면 언제든지 댓글로 질문 남겨주세요!  제가 안곡고에 재학하면서 느낀 바를 최선을 다해 알려 드려서 고등학교 진학에 도움 드릴 수 있게 할게요되게 고민 많이 되실 텐데 꼭 원하는 고등학교 붙으셔서 즐거운 학교생활 하셨으면 좋겠네요ㅎㅎ답변 도움 되셨길 바라요!,2024.10.30.
477054341,477054341_2,안곡고나 중산고 두 학교 비슷합니다.다니기 가장 편한 학교로 정해서 열심히 공부하시는게 좋겠습니다.면학 분위기나 학교생활의 분위기는 다 각자 적응하기에 다라 달라질겁니다.,2024.10.26.
477054341,477054341_3,중산고 면학 분위기 좋고  내신 받기는 조금 어렵지만생기부 관리 내신 관리 잘하여 줍니다대학 진학률 높은 학교입니다,2024.10.25.
477022520,477022520_1,마사지샾을 자주 같이 가던 사이가 아니라면대부분 여성분은 마사지샾에서 오일 마사지를받는것을  이상하게 여깁니다혹시 나 없을때  다른 이상한곳에가서여성 마사지사에게 이상한 마사지를 받고 다니는게 아닐까?하고요그래서 이성 간에 갈때는여성은 원하는 마사지를 받게 해주고 (여성 관리사지명)본인은  관리사 순번 대로 잘하는 관리사를 선택 하는게 좋은데단 여친이 오일 마사지를 선택할때는본인은  건식  습식 상관없이 무조건둘다 여성 관리사를 선택 해야 하고요여친이 건식 관리를 선택시  여친만 여성 관리사 지명하시고본인은 잘하는 관리사를 선택 해야 합니다카운터에서 말할때  여친에게 너 무슨 마사지 받고 싶어?.........물어보고 나서  여친은 여성 관리사 돼죠?. 저는 잘하는 관리사로 해주시고요여친이 오일 마사지를 받고 싶다고 하니 같은 커플룸에서  저도 여성 관리사로 해주세요이렇게 해야 합니다여친이건식 관리 선택시에는  여친은 여성 관리사로 해주시고요저는 아무나 잘하는분으로 해주세요 이렇게 말해야 이후에오해가 없읍니다반듯이 예약시 둘다 여성 관리사를 지명 해야 합니다 (오일 마사지 받을때)중간에 커튼 여부도 물어 보시고요 중간에 커튼이 없는 커플 관리실은여친분이 본능 적으로 꺼리는 경우도 있읍니다,2024.10.30.
476959993,476959993_1,학교 실내에서는 슬리퍼 신어도 됩니다. 등교  학교시에는 운동화나 학새용 구두를 신어야 합니다.,2024.10.22.
476914673,476914673_1,구파발역 내리면  종삼에서 기다렸다 타는 대화행 타므로 시간은 같음종삼역  거의다 번갈아가면서 오는데오전 8시대 1번 10시대 1번  23시31분 1번 구파발행  연속으로 옴24시 넘어서부터 구파발행 연속,2024.10.21.
476914673,476914673_2,대화행 전철 탑승하시고 편안하게 가시면 됩니다,2024.10.21.
476884735,476884735_1,풍동 7단지  거주 하기 좋습니다.....,2024.10.21.
476875941,476875941_1,내신이 어렵다는 평가는 학교 시험에 각자 적응하기에 따라 어렵거나 쉬울수 있습니다.내신이 쉽게 느껴질려면 그만큼 열심히 공부하시면 되실겁니다.,2024.10.26.
476875941,476875941_2,일산에 있는 고등학교는 고양교육지원청 홈페이지에 찾아보세요..,2024.10.20.
476862963,476862963_1,그니까요!!!채택좀..(원당사람),2024.10.20.
476862963,476862963_2,화정역에서 노인분들을 위한 무대를 준비했었나봐요.트로트 가수들 와서 부르시더라고요.구청을 통해서 문의 해보시는 게 좋을 것 같습니다.,2024.10.23.
476833862,476833862_1,신촌 출퇴근 인데 원흥은 너무멀고 교통이 안좋음gtx 창릉역 생기면 서울역 도착 여기서 신촌 가는시간이 오래걸림고양선 이건 언제 수정되고 없어질지 누구도 모름dmc 는 약간 들어가 있지만 조금나오면 큰길 바로 수색 가좌 신촌dmc 가 나음,2024.10.19.
476806404,476806404_1,서울시립승화원경기도 고양시 덕양구 통일로 504 서울시장묘사업소모텔거리경기도 고양시 덕양구 읍내로6번길 1고양동쪽에 모텔거리 형성되어 있어 선택권이 있는곳,2024.10.19.
476798755,476798755_1,안곡고가 내신 따기가 쉬워요,2024.10.20.
476786501,476786501_1,귀에서 계속 삐 소리가 신경쓰인다면하루 빨리 병원가서 치료 받는게 좋아요저희 어머니가 계속 귀에서 소리난다고 해서여기저기 찾아보면서 알아보다가귀특화로 잘보는 곳이라고 해서 모시고 갔는데여기가 정답인거 같아요주엽역 바로 앞에 있어서 어머니 모시고 가기도 편했고어머니가 설명을 잘 못알아 들으셔도 친절하게 다시 설명해주시고이명진단 받고 치료받았는데 많이 호전되어서 기분 좋게 생활하고 있어요일산이명 치료 잘하는 곳 알아보고 계시면한사랑블루이비인후과로 치료 받으러 가보세요~,2024.10.18.
476767349,476767349_1,혹시 콘서트 관람하러 가시나요???상주터미널에서 고속버스 탑승하시고 강남고속터미널에 하차하시면 됩니다버스 운행 시간표 참고하시기 바랍니다터미널 바로 근처 3호선  고속터미널역으로 이동하여 대화행 전철 탑승하시면 됩니다곤서트 가신다면 3호선 전철 탑승하고 종점인 대화역에 하차하여 3번 출구로 나와종합운동장까지 약 5-7분 걸어 가시면 됩니다상주종합버스터미널에서서울고속버스터미널가는 고속버스는 하루14회 운행합니다.첫차07:00막차19:40출발지상주종합버스터미널종합버스터미널지도보기도착지서울고속버스터미널고속버스터미널지도보기시간표현재시간07:29최종수정2024-10-18출발도착등급요금(어른)소요시간07:0009:30우등21 100원02:3008:0010:30고속14 400원02:3009:0011:30우등21 100원02:3010:0012:30우등21 100원02:3011:1013:40우등21 100원02:3012:0014:30고속14 400원02:3012:5015:20우등21 100원02:3013:4016:10우등21 100원02:3014:3017:00우등21 100원02:3015:2017:50우등21 100원02:3016:3019:00고속14 400원02:3017:4020:10우등21 100원02:3018:4021:10우등21 100원02:3019:4022:10우등21 100원02:30,2024.10.18.
476738144,476738144_1,077a번서울인근 삼송 일대 전화번호는 02 서울지역번호 사용,2024.10.18.
476738144,476738144_2,077a 버스는 주원교통 소속버스 입니다주원교통 본사 전화하여 문의 하시면 자세히 안내 하여 줍니다문의 전화 02-381-0622,2024.10.17.
476738144,476738144_3,안녕하세요.버스에서 지갑을 잃어버리셔서 많이 당황하셨을 것 같습니다.고양시 077A번 버스는주원교통에서 운행하며  차고지는경기도 고양시 덕양구 호국로1430번길 37에 위치해 있습니다. 연락처는02-381-0622입니다.분실물은 보통 차고지에서 7일간 보관되며  이후에는 경찰서로 이관됩니다. 따라서 빠른 시일 내에 차고지로 연락하셔서 분실물 여부를 확인하시는 것이 좋습니다.또한 경찰청 유실물 종합안내사이트인 LOST112에서도 분실물 등록 및 조회가 가능하니 참고하시기 바랍니다. 하루빨리 지갑을 찾으시길 바랍니다.참된재가노인복지센터경기도 고양시 일산동구 중산로157번길 54-4 401호,2024.11.06
476675094,476675094_1,고양터미널 ~ 광주 유스퀘어 고속버스 노선은코로나 대유행이던 2020년에 운행 중단된 이후아직도 운행 재개가 되지 않고 있습니다.(출처 : 고속버스티머니 앱)번거롭지만 서울 센트럴터미널까지 와서지하철 3호선을 이용해 대화역까지 가셔야 합니다.,2024.10.15.
476675094,476675094_2,헐 하루 전이네요...언니 일단 그 백석터미널에서 광천동 터미널 다니던 거 있었는데 몇 달 전에 없어졌고요..[요새 사람들이 다들 차도 많이 갖고 다니고 여기저기 KTX도 많이 생기고 해서 지방도 그렇고수도권에 있는 버스터미널들도 대부분 망해가고 있어요..]광천동 터미널에서 그 강남 센트럴시티 터미널로 오는 게 있는데요 이게 20분에서 30분인가에 한 대씩있고 자주 있어요  이 차가 중간에 호남고속도로 중간에 비아 정류소에도 서니까 혹시 비아 근처나비아에 사시는 거면 고속도로 와서 타시고요 근데 광천동 터미널에서 끊은 표 가지고 비아 정류소에서는탈 수 없고요 반대로 비아 정류소에서 산 표 가지고 광천동에서도 못 탈 거에요 이 차가 중간에 휴게소 딱 한 번 들리고요 고속버스통합예매 홈페이지에는 이 차가 서울까지 3시간 20분걸린다 그러는데 실제로는 주말이라 차가 많으니까 아마 3시간 50분에서 4시간 정도 걸릴 거고요안그래도 요새 기름값이 떨어져서 차들이 많이 다니기도 하고요..근데 내일이 주말이라서 언니가 지금 이 글 보고 있을 때는 이미 강남터미널까지 가는 표 다 팔렸을 수도있어요  그래서 빨리 서두르셔야 하고요 센트럴시티에서 내리시면 [하 죄송해요 이게 원래 센트럴시티 안에서 지하철역으로 내려가는 방법이있는데 지금 제가 그게 기억이 안 나서 확실하지 않은 정보를 알려드릴 수가 없어서요...]사람들 따라서 들어가셔서 앞에 보시면 식당들이 있을텐데요 왼쪽으로 쭉 가시면 매표소가 나오고사람들이 TV 보고 있고 복권방 앞에 사람들이 한 줄로 서 있을 텐데요 그거 지나서 나가셔서 다시 오른쪽에파출소 쪽에 보시면 앞에 지하철역이 있는데 여기로 내려 가셔서 위쪽에 있는 표지판에 주황색 동그라미안에 3 써 있고 대화  구파발  종로3가  옥수라고 써 있는 쪽으로 따라 가셔서 다음 역이 잠원역인 쪽에서대화역까지 가는 지하철 타시고서 대화역까지 가시고요  여기가 지하철 노선이 3개나 얽힌 곳이라서지하철 통로가 되게 길고 지하도 두 번인가 내려가야 할 거에요  아무튼 한참 내려가셔야 해요 이거 타고서 1시간 9분을 가셔야 하고요 대화역에서 내리셨으면 올라 가셔서 2번 출구로 나가시고요 운동장 쪽으로 나가는 출구들은 지금 공사 중이라 막아놨을 거에요 2번 출구로 나가셔서 다시 오른쪽으로 유턴해서 다시 왼쪽으로 계속 가시면 앞에 택시줄하고세븐일레븐  신한은행 atm 이렇게 있는데요 거기서 건너편에 보시면 희고 거대하고 큰 건물이있는데 거기가 고양종합운동장이에요 기타다시 집에 오실 때는 그 백석터미널에선 광주 가는 차가 없어진 지 꽤 됐고요 부천에서 광주 가는막차는 낮 4시가 막차라서 강남터미널로 가셔야 하고요 강남터미널 센트럴시티로 가셔야 하는데여기서 광천동 터미널 가는 차가 밤 12시 30분  45분  새벽 1시 정각까지 다녀요 집에 오실 때는 우선 그 남문으로 나오셔서 건너편에 있는 버스 정류장으로 가셔서 여기서83  89  97  98번 타시고서 일산동부경찰서에서 내리시고요 내린 자리에서 바로 M7412번을타셔야 하는데 이 차가 밤 10시 50분에 경찰서 위에 중산동이란 동네에서 나오거든요근데 그 시간엔 차가 안 막혀서 금방 나올 수 있으니까 운동장에서 나왔을 때 시간 많다고여유롭게 있으시면 안 되고요 아무튼 일산동부경찰서에서 내리셔서 내린 자리에서 바로M7412번을 타시고서 신사역 푸른저축은행에서 내리세요  그 시간엔 아마 강변북로가 안 막혀서신사역까지 한 35분에서 45분 밖에 안 걸릴 거고요 내리시자마자 건너편에 하나은행 쪽으로 건너 가셔서건너 가시자마자 다시 오른쪽으로 내려가서 약국 앞에 길 가에 있는 버스 정류장에서 142  148  4412번타시고서 고속터미널에서 내리시고요 뒤쪽에 보시면 베이지색 10층 짜리 건물이 있는데 파출소 뒤쪽에있고요 거기로 가시면 경부선이고요 거기서 포항이나 경주 가는 차 타시면 되는데요 여기가 건물이엄청 큰데다가 밤 10시 정각인가 12시 넘어선가부터는 기계에서 현금 결재가 안 되고 매표소를 운영을안 하고 카드만 받는데다가 현금 결재 하려면 경비 직원을 따로 불러야 하고 또 터미널이 엄청 커서몇 분 안 남았는데 여유롭게 가다가는 버스 타러 가는 새 놓칠 수 있어요 근데 요새는 사람들이 스마트폰으로 다 미리미리 버스표를 예매하고 그래서 표 사러 창구에 갔을 때는 이미 매진 됐을 수도 있어요 하루나 이틀이나 몇일 전에 미리 터미널에 가서 질문자님이 탈 날  탈 시간대의 버스표를 미리 사 두시거나 아니면 그스마트폰으로 그 구글 앱스토어 들어가셔서 티머니 고속버스라고 치시면 하늘색 사각형 안에 파란색버스 그림 있는 앱이 나오는데 그거 다운로드 받으셔서 회원가입 하신 뒤에 출발지에 해놓고 도착지역에이라고 해놓으면 그날 터미널 시간표하고 각 시간대에 차 안에 자리가 얼마나 남아있는지 그게 나오고그거로 예매도 하실 수 있어요  컴푸타로 할 때는 네이버에 고속버스통합예매라고 치면www.kobus.co.kr해가지고고속버스통합예매라고 나오는 곳으로 들어가서 하시면 되구요 출발지에다가 서울(강남)해놓고 도착지에 광주(유 . 스퀘어) 해놓으면 그 날 시간표가 나올거에요 그 차들은 중간에 비아 [호남고속도로 길 가에서 세워줘요] 설 거에요  잘 다녀오세여,2024.10.18.
476633622,476633622_1,야당역 방향으로 타면 됩니다. 출구 나가는법은 이정표보고 나가면 되고요..,2024.10.15.
476633622,476633622_2,야당역 방향으로 타면 됩니다. 출구 나가는법은 이정표보고 나가면 되고요..,2024.10.15.
476536659,476536659_1,11일부터 경기도 포천시 억새꽃 축제해요,2024.10.12.
476536659,476536659_2,인천대공원인천광역시 남동구 장수동 산7910월 12일  13일 등 인천대공원에서 인천시민대축제 합니다.곳곳에 행사하는곳은 찾아보면은 많을거구요인천대공원 추천합니다.,2024.10.12.
476536659,476536659_3,10월 서울시에서 축제많이 함https://mediahub.seoul.go.kr/archives/2012427?utm_medium=email&utm_source=npcrm&utm_campaign=mediahub&utm_content=npcrm_content&utm_term=npcrm_mail이번 주말 코스는 뭔가요? 한강·DDP…축제 풍년서울시대표소통포털 - 내 손안에 서울mediahub.seoul.go.kr,2024.10.12.
476523920,476523920_1,놀기 좋은곳 추천 합니다1.놀이공원롯데월드서울랜드스타필드  스포츠  몬스터원마운트2.장소방탈출카페  공포. 미스터리. 스릴러보드게임카페만화카페디저트카페영화관PC방탁구장스크린야구교보문고롯데리아,2024.10.12.
476523920,476523920_2,서울 갈만한곳1호선용산역 아이파크몰용산역광장 큰길 차길건너편아모레퍼시픽 본사 무료 1층 지하 화장품 전시관 박물관 무료샘플 자판기 등용산우체국 옆 용리단길끝 삼각지역 전쟁기념관 무료신용산역 버스1정거장 도보15분 한강대교 중간 노들섬6호선이태원역1번출구 세계음식거리 클럽 바 골목4번출구 뒷골목 퀴논길 (이색적인 외국인거리 느낌 끝까지 걸으면 이태원시장 용산구청 )3번출구 이슬람 사원 쪽 맛집옆으로 나란히 외국인과 앉아서 밥 먹는 새로운 즐거움가격 5천 ~ 1만원 대우츄 라멘이태원 매운우동산카레라밥 (이색김밥 돈까스)녹사평역 2번출구 해방촌 경리단길 서로 마주보고 있음한강진역 3번출구 한남동 카페거리 블루스퀘어 1번출구 리움미술관미술관 뒤로 하얏트호텔 앞 남산순환도로 남산한강방향 뷰2호선성수역4번출구 팝업 거리펍지(PUBG) 게임 배틀그라운드 팝업 코닥코너샵 등 지도복합문화공간 무신사테라스 스테이지35 등3번출구 카페거리ate브런치 팅플래닛 등성수 2024년 10월 팝업리셀르노 3일 ~ 8일기타 2024년 10월 팝업용산역 아이파크몰 6층 짱구팝업10월31 일까지홍대입구역 산리오리러버스 클럽팝업 10월31일 까지여의도역 더현대 라인프렌즈 월드팝업스토어 10월14일 ~ 11월13일잠실역 레고90주년팝업 롯데월드몰 1층 10월21일 ~ 11월6일2호선건대입구역성수와 1정거장 동선코스 추천하며건대가 있어 홍대못지 않은 큰 번화가6번출구 커먼그라운드(복합문화공간)5번출구 양꼬치거리 1번출구 다이소앞 메인거리 초입1호선동대문역동선코스 동대문 동묘 낙산공원 대학로9번출구동대문 종합시장 옷상가 아님 소품 원단 악세서리 혼수 abcd동 (일요일 문닫음)d동 골목에 길거리 음식 10개 있고 청계천 방향 우측 좁은 골목에 닭한마리 골목 이라고있는데 닭한마리집은 몇개 없고 백반이 유명청계천 건너편으로 두타 밀리오레 쇼핑타운 이쪽이 낮저녁 소매 전문 ddp 쪽 쇼핑타운 새벽 도매전문두타 밀리오레 맞은편이 ddpddp 좌측 맥스타일 골목 에 일요일만 열리는 일요시장이곳이 1천원짜리 재고 하자있거나 반품된 새옷 티셔츠도 있고 각종 새물건 아주저렴 하게 파는곳동묘벼룩시장 하고 연계해서 보면 아주좋은 동선코스일요시장 길 쭉 따라가면 디오트 간판이 크게 보임 앞이 청계천 다리다리 건너면 동묘 벼룩시장(일요일이 아닐경우 동대문역 4번출구 완구문구 도매상가 골목 끝까지 가면 동묘연결)구제 상가 옷무덤 골동품 수입먹거리 등 중고 용품 파는곳동묘벼룩시장 구경 후 동묘앞역 10번 출구에서 03번 마을버스 타고낙산공원 종점 하차 5분 서울 뷰 를 보고성곽길 따라 내려오면 한양도성박물관 흥인지문 동대문역이화마을 쪽으로 내려오면 대학로 마로니에공원 혜화역2곳다 걸어서 내려오는 시간은 10분대학로 동대문에서 걸어올라가면 20분 정도 걸림(동묘구제시장 쇼핑방법 지하철출구 앞 구제메인거리 보다 동묘문앞 옷무덤(2천원짜리 쌓인옷)우측 골목구제가 싸고 오리지널 )동묘맛집 청계천 라인으로 나오면찾기 쉬움 바로뒷골목 동태찌개 골목이라고 함 매우좁은 골목 가게가 10개 정도 있음광주식당 한가지메뉴 동태찌개 줄서서먹는곳 8 돈까스 가게 1곳 83호선독립문역서대문형무소 보고 독립문사거리 에서 좌측 대각선으로 보면가장큰건물 경찰박물관 감옥체험 수갑체험 등 각종체험 과 신기한 전시물 무료뒷쪽길로 해서 돈의문박물관 마을까지 걸어서 갈수도 있음 15분 정도 소요맛집 영천시장5호선광화문역 서대문 역4번 출구 최근 가장 핫한 돈의문 박물관 마을 신라 조선 그런거 아님 70 ~ 90년대 생활사 박물관만화방 오락실 실제 체험 무료 광화문역 도보10분 광화문광장 교보문고 청계광장강남 역11번 출구 강남역 지하상가 200여개 매장리니게이트 팝업스토어 콜투마인드 팝업스토어 악세사리 폰 등 옷가게가 유명 10시 ~ 22시애플샵 cgv 뒤쪽골목에 방탈출 보드게임 등 이색까페 네컷사진 이 많은곳먹거리 꼬꼬이 일식 카레 디저트 빌리엔젤 1만원대8번 출구 삼성전자 딜라이트샵 무료10번출구 골목이 성인상권 이고 건너편 11번출구 cgv 쪽은 학생들 상권)중간 카카오프렌즈 3층 까페 음료 도넛 5천 ~ 3천뒤쪽 제로ㅇㄷ 방탈출까페 먹거리 강ㄴ교자 칼국수1만원대 콤보 샌드위치클럽 포차거리가장 끝 신논현역 교보문고4번 출구 직진 10분 kbo 회관 프로야구 정보 전시관 무료2호선삼성역코엑스몰 아쿠아리움별마당도서관 1층 2층 약7만권 책대여는 불가 하며 안에서만 가능 2층이 한가한편2호선잠실 역잠실역 지하상가 영업장 150개 옷가게 가장 많고 소품샵도 먾은곳4번 출구 롯데월드2번 출구 롯데타워롯데타워 뒤 석촌호수 동호송리단길 보드게임카페(청소년할인) 만화카페 소품샵거리 공방네컷사진 노래방 등 즐길 거리가 있는 곳소품샵코지블루비쥬마켓루이코모맛집세컨디포레스트 스파게티 1.5봉땅 꽈베기 4동경산책 일식 1.4일일향 중국집 1.13호선종로3가역익선동 인사동 북촌한옥마을 삼청동 경복궁 동선코스4번출구 편의점골목이 익선동 초입 옆에 지나가는 사람과 어깨가 닿을 정도로매우 좁은 미로같은 (겉만 한옥 거리이지 사실 속은 서양식 )까페 네컷사진 오락실 옷 가게 등 즐길거리 먹거리가 많은곳 바로옆 낙원상가통과하면 인사동 네거리 쌈지길(전통복합문화공간)방향 안국역 쪽 인사동 초입 1번출구 안국빌딩 골목진입정독도서관 옆길로 해서 목욕탕굴둑이 보이는 골목 언덕이 북촌한옥마을북촌한옥마을 난간계단으로 내려가면 삼청동 카페거리여기서 조금 가면 삼청파출소 우측으로보면 경복궁 담벽라 민속박물관 출구종로3가역 맛집 익선동 쪽을지면옥 냉면15 소고기국밥13종로찌게마을 대구탕12 2시간이상 못있는곳미갈매기살 갈매기살18 삽겹19 막창18이경문순대곱창 11시부터 줄 순대국 9 건더기 엄청푸짐종로할머니국수 멸치국물 8 김치가 괜찮은곳 찬양집 해물국물 하고 양대산맥베베도넛 4 음료5간판없는가게 스파게티 아란치니 8익선미다방 파스타 2서울커피 빵4.5 음료 6호호식당 일식 히레카츠 16자연도 소금빵 시간대별로 나오는빵을 먹을수 있는곳한옥마당 에서 차와 빵을 먹을수 있는곳 대신 차를 시켜야함 (익선동 카페구조가 대부분 비슷)소금빵 4개 한셋트 12 빵매니아 추천을지로 입구역8번 출구 바로앞 롯데백화점 연결통로스타 애비뉴 (연예인 bts 사진 손도장 등 포토존으로 유명 ) 롯데앞명동지하상가로 차 길 건너면 명동 을지로 초입명동 세계 길거리 음식 탕후루 등 (길거리 음식은 16시 이후에 많이 나옴)명동성당 옆골목이 맛집(명동교자등 ) 노래방 보세옷 등 놀 거리가 많은 곳명동역 쪽으로 나옴 명동역 지하상가 안 굿즈샵 1번 출구 12층짜리 다이소3번 출구 퍼시픽호텔 갈림길 좌측 재미로 끝까지 올라가면 남산돈까스 거리 (소월로)명동역 4번 출구 직진 신세계 사거리 좌측 애니메이션 센터 1층 애니까페 2층 놀이방애니센터에서 터널 방향으로 조금 올라가면 오르미라는 에스컬레이터 장치 무료남산타워 케이블카타는곳 까지 올라감명동은 물가가 비쌈 저렴한분식류등촌샤브샤브 칼국수 1명동교자 칼국수 1신세계떡복이두끼 떡복이 학생 1이베달라붙는떡복이 1영등포 역영등포 지하상가 영업장 120개 옷가게가 가장많으며 중고서점 알라딘 등 이색매장도 많음지하상가와 연결된 신세계 백화점백화점과 타임스퀘어 는 연결 내부 교보문고 오락실 실내동물원 옥상정원 등홍대입구역9번출구 kfc 골목 초입 길거리 음식 10개메뉴는 떡복이 순대 꼬치 . 등 3천 ~ 4천 .길거리음식 지나면 버스킹무대 앞좌측길은 ak프라자 뒷쪽 직진 좁은골목 서교초등학교 보세옷거리우측길 지나서 사거리 차길나옴건너편 분홍색 스티커사진 골목이 홍대메인거리바로옆 나이키 좁은 골목은 곱창음식 사주타로 골목좌측 홍대정문방향 으로는 브랜드 옷가게 들이 많음우측 홍대입구역 사거리 방향 (큰길)메인거리 진입 홍대자체 브랜드 청바지 1만5천원 빽바지 엠플레이그라운드 등 컨테이너 옷가게괜찮은 옷가게가 많이 있음 길거리에 저렴한 1천 ~ 2천 짜리 악세사리화장품가게 타로 운세가 굉장히 많고 폰가게 등등 중간에 수 노래방 본점끝쪽 길바닥에 색칠해놓은 광장같곳이 나옴 스피커 가져와서 모자 깔아놓고 혼자 춤 기타버스킹 하고 다름우측으로 력셔리 수 노래방 짱 오락실 상상마당상상마당 앞길은 가운데가 공영주차장 이었는데 전부 없애고 공원화양싸이로 상가 까페가 쭉 합정역 상수역까지 연결합정역쪽은 고기집이 많고 상수역쪽은 까페가 많음3번출구 연트럴파크 가운데가 공원 양싸이드로 상가가 쭉 있고우측 까페많은쪽 골목골목에 연남동 특유의 소품샵 이쁜까페 옷가게인스타 감성 디저트 가게가 즐비하고 연남동주민센터 쪽도 괜찮은곳 많음동진시장 연남동 골목골목 끝 쪽에 위치 금토일에 장이 열리며수제 향수 악세사리 등 옛날 시장을 개조한곳연트럴파크 중간 철길 건널목 우측에 기사식당 꽤유명 하고화교들이 직접운영하는 중국집이 몇개 있음연남동의 과거 모습은 기사식당 골목 이 있는 작은 화교마을연남동 끝 연희동 카페거리 넘어가는 굴다리 벽화 그려진 포토존홍익대학교 정문 우측바로옆길 포토존 벽화거리정문 좌측 골목 홍대에서 가장 높은 와우공원홍대정문에서 우측으로 5분정도 걸어가면 클럽포차거리삼거리포차 앞 기준 홍대 방향은 20대 클럽우측 상수역 방향은 30대 클럽2번출구 라인프렌즈 메가박스 삼성디지털프라자 무료포토존 cgv뒷쪽 카페들이 가격이 저렴 싼만큼 외진곳카페 길로 해서 연트럴파크로 갈수가 있음4번출구 ak프라자 꼭대기 홍대뷰 감상ak프라자 5층 굿즈샵 애니메이트3층짜리다이소 와이즈파크 타미야6번출구 소품샵거리 오브젝트 수바코책거리 굿즈샵 안서당8번출구 카카오프렌즈홍대놀거리 만화까페 1시간 + 음료 7천원 (보통 24시까지 영업 24시간 하는곳은 심야 요금 따로적용)방탈출까페 1인 2만5천원 60분 가격 낮아진곳 많음 메인거리 중간중간 피켓들고 사람이 서있음vr까페 70분 2 ~ 3만원동물까페룸까페 1만2천원포토존까페 4500원 ~ 1만원타로 5천원사격장 1만원양궁장 1만원짱오락실폰케이스 만드는곳 2인 2만원정도스티커사진 4천원홍대메인 거리끝 8층짜리 상상마당 안에 소품샵 코노 까페 등 전부 다있음안에 공방이많음 7천원 까페 독립영화관 전시회 많이함 유료 무료 둘다 있음상상마당 맞은편 올리브영 골목 핑크대문 쪽이 클럽골목상상 사거리 우측 대각선 편의점 이름이 라면도서관 봉지면을 100여개세계 라면을 책처럼 꺼내먹는방식 국내라면가격은 거의 비슷일본라면이 비쌈 미고랭 저렴 외국인이 상당히 많음홍대 노래방 평균 1시간 1만2천원수노래방 토일만 24시간 낮12시 ~ 16시 1인 2천ㅅ 노래방의 장점은 전층을 사용함 창문쪽이 방이므로 홍대거리가 훤히 보임 밖에 지나가는 사람보면서 노래를 부른다는거 물론 밖에서도 보임상상맞은편 낮시간 풀 1시간 4천원 노래방 이었는데 바꼈음 (19시 까지 청소년 8천원 성인1만원)메인거리 초입 우측 좁은골목 노래방 토일 제외 풀 성인1만 청소년8천원홍대에서 메인거리만 (nb대리점 청춘마루 나이키 )찾으면 전부 몰려있고 홍대에서 상상마당 쪽이 저렴홍대에는 스티커 사진관이 엄청 많은곳 50미터마다 한곳씩 보임 인생네컷 홍대네컷 하루필름 ... 등가성비 맛집9번출구 바로앞 길거리 음식 떡복이 순대 평범한곳 8개메인거리 초입 길거리음식 미니붕어빵 한봉지3 마카롱 3 홍콩 계란빵 3 닭꼬치 4.5 등조폭떡복이 5 9번출구 바로뒷골목만평우동 5.5 메인거리 중간 우측 골목철판볶음밥전문점 1 메인거리 사거리 우측카츠업 돈까스 1 메인거리 사거리 좌측 골목혼카츠 돈까스 1.1 메인거리 중간 좌측유선생 돈까스 1 클럽거리쪽가미우동 6 9번출구우동가조쿠 8 2번출구고토히라우동 9 7번출구이츠모라멘 9.5 9번출구부탄츄라멘 9 7번출구연남동 3번출구 기사식당 감남무집 불백1.2 반찬무한리필 화교운영 중국집 덕자한식 1서울 찐 맛집 정리광장시장 빈대떡남대문시장 칼국수청진동 해장국무교동 북어국충무로 생선구이신촌 서서갈비 형제 갈비왕십리 곱창경희대 파전동대입구역 태극당연남동 디저트 리치몬드 제과점여의도 나폴레옹 제과점남산중턱 남산돈까스이태원 수제버거명동 나라별 길거리음식노량진 컵밥동대문 길거리음식홍대 라멘신당동떡볶이신림동순대공덕동 장충동 족발,2024.10.25.
476503302,476503302_1,지점아니고 ATM현금 자동화 기기 입니다.주말은ATM만 사용 가능,2024.10.13.
476496307,476496307_1,찾아보니 오후 1시부터 2시까지 휴게시간이네요,2024.10.11.
476478213,476478213_1,0319439732,2024.10.11.
476477090,476477090_1,고양종합운동장 바로 근처 대화역에서 오금행 3호선 전철을 탑승하시고대곡역에 하차하여 경의중앙선 환승하여 구리역에 하차하시면 됩니다소요시간은 약 1시간30분 정도 걸립니다,2024.10.11.
476477090,476477090_2,대화역에서 3호선 오금 수서행을 타고 대곡역하차대곡역에서 경의중앙선 지평 용문 덕소행을 타고 구리역하차약 1시간27~30분거리대화역에서 8109번타고 불암산영업소(별내동)하차불암산영업소(별내동)에서 8409번타고 건영 성원아파트하차약 1시간7분걸림,2024.10.11.
476467535,476467535_1,금~일 입니다10/11~13일이요재밌으려면 토~일 둘다가보세요일요일에 윤도현도 와요,2024.10.10.
476458115,476458115_1,목포 고속버스 서울센트럴고속터미널역 3호선 대화역 하차대화역 바로앞 고양종합운동장6% 할인 우등 고속 탑승 33700원05 : 30프리미엄6% 할인(43 800원)11 석선택07 : 00우등6% 할인(33 700원)12 석선택08 : 20프리미엄6% 할인(43 800원)11 석선택09 : 00프리미엄6% 할인(43 800원)5 석선택09 : 40우등6% 할인(33 700원)21 석선택10 : 30우등6% 할인(33 700원)11 석선택11 : 20우등6% 할인(33 700원)10 석선택12 : 30우등6% 할인(33 700원)7 석선택14 : 00우등6% 할인(33 700원)13 석선택15 : 00프리미엄6% 할인(43 800원)2 석선택15 : 50프리미엄6% 할인(43 800원)8 석선택16 : 40우등6% 할인(33 700원)13 석선택17 : 01우등(임시)6% 할인(33 700원)26 석선택18 : 00우등6% 할인(33 700원)5 석선택19 : 00프리미엄6% 할인(43 800원)8 석선택20 : 30우등6% 할인(33 700원)24 석선택심야고속 및 심야우등의 할증 요금은 당일 02:00부터 04:00 사이 출발차량목포센트럴시티(서울)3시간 50분 소요342.7 Km수정요금정보(일반요금)우등36 000 원심야우등39 600 원심야우등할증43 200 원심야고속28 400 원심야고속할증31 000 원프리미엄46 800 원심야프리미엄51 400 원심야프리미엄할증56 100ㄴ,2024.10.10.
476416149,476416149_1,안녕하세요 ~~!리프트 용달16만원입니다 (한국로지스) 전국연합 { 주)틈새 }(운송면허 주선면허 이사면허 포장이사보험 완비)프로필 클릭~ 문자 & 톡으로 가격 문의 편하게 상담가능합니다언제든지 연락주시면~ 최선을 다해서 도움드리겠습니다고맙습니다,2024.10.10.
476416149,476416149_2,"안녕하세요!1톤 리프트 운송 18만원입니다.""연락주시면 최선을 다하겠습니다!""",2024.10.09.
476416149,476416149_3,전주 - 고양시      오토바이 탁송리프트  용달  운송료     18만 원입니다.,2024.10.10.
476416149,476416149_4,자동차탁송이신가요?자동차탁송 로드기준10~11만원 사이입니다.주유비별도이며  1.4톤이하승용차기준입니다로드탁송기준입니다.---------------------------------------------------------------------------자동차 탁송 종류로드탁송 : 기사님께서 차량직접운전셀프로더탁송 : 1대씩 싣고 다니는차량)탁송캐리어 탁송 : 큰화물차에 여러대 싣고다니는 탁송차량----------------------------------------------------------------------------대리운전ㆍ탁송은 언제 어디서나 휴대폰에서~번호1 : 6836-0104번호2 : 070-8098-5979카카오톡친구추가 : bbcall24시간 상담가능전국어디서나 붕붕달려갑니다~마티즈부터~~버스까지 문의주세요~↓↓↓↓↓↓↓↓↓↓↓↓↓↓↓↓↓↓↓↓↓↓↓↓↓↓↓↓↓↓↓↓↓↓↓↓↓↓↓↓↓↓↓↓↓카카오톡 1:1문의 환영!!!↓↓↓↓↓↓↓↓↓↓↓↓↓↓↓↓↓↓↓↓↓↓↓↓↓↓↓↓↓↓↓↓↓↓↓↓↓↓↓↓↓↓↓↓↓https://open.kakao.com/me/limecall1,2024.10.10.
476416149,476416149_5,10-12만원정도 나옵니다.#로드탁송1877-3015#전주탁송1877-3015#고양시탁송1877-3015#탁송은 미리 예약하시면 편리합니다.#100%보험가입 업체입니다.전주탁송,2024.10.11.
476410806,476410806_1,락킹이나 브레이킹을 가르치는 댄스 학원을 찾아보세요.제가 드린 답변이 도움되셨길 바래요-말씀하신 질문 :영상 보고 배우고 싶어서 그런데 락킹이나 브레이킹 가르치는 학원 있을까요?,2024.10.09.
476345880,476345880_1,그렇습니다,2024.10.08.
476310204,476310204_1,뭔가 잘못 올리신 거 같은데곤지암1센터 오후조 노선 중에는3호선 백석역까지 오는 노선이 없습니다.,2024.10.07.
476310064,476310064_1,블랑제리에피타숑이랑 빵굽는 작은마을 추천이용!,2024.10.07.
476295985,476295985_1,"안녕하세요 이지베스트 학원 수학강사 박재영입니다우리 학원은 고양시 덕양구 화정에 위치한 국 영 수 학원이고 셔틀버스도 운영하고 있어서 덕양구 어디에서도 오실수 있으십니다아이가 수학 실력이 부족하다면 판서식 수업으로는 수업 내용을 이해하기가 어려울 것이라고 생각되어집니다.우리 학원은 소수정예 1:1 개별 맞춤수업이기에 아이의 눈높이에 맞게 수업이 가능하여 수업내용을 따라오는 데 전혀 지장이 없고 전에 공부한 내용 중 부족한 부부은 얼마든지 채워 줄 수 있습니다.이지베스트 학원만의 수학비법서가 있어서 학생들이 개념 및 공식 암기를 수월하게 할 수 있도록 도와주고선생님이 매 시간 확인하여 암기하였는지 철저히 관리를 해줍니다.또한 이지베스트 학원만의 수학비법서가 있어서 개념이 부족한 학생들의 개념 및 공식 암기를 수월하게 할 수 있도록 도와주고 선생님이 매 시간 확인하여 암기하였는지 철저히 관리를 해줍니다.그리고 본 수업과 연계된 ""코칭"" 수업이 있어서 수업 내용을 바로 복습할 수 있고 모르는 부분이 있으면 코칭실 조교 선생님께 질문하여 문제를 해결할 수 있으며 제대로 공부하고 있는지 확인하기 위한 주간테스트를 주1회 실시하고 있습니다.부담 갖지마시고 편하게 상담하시면 학생별 개별지도 원리와 내신대비 방법 및 학습 진도 계획등을 상담드리도록 하겠습니다상담문의 : 031-978-5577 (토 일요일도 가능합니다)아래 블로그도 한번 방문해서 둘러보시면 선택하시는 데 도움이되실겁니다.이지베스트학원경기도 고양시 덕양구 중앙로 616 스토어허브 고양타워 3층이지베스트학원 상담 예약페이지 : 네이버 블로그 (naver.com)",2024.10.07.
476123894,476123894_1,금요일 익일특급  월요일 오후 4시 전에 도착 가능합니다.답변이 도움되셨으면 좋겠네요 좋은하루보내세요-올려주신 질문내용 :금요일에 고양시에서 의정부시까지 익일특급으로 보내면 월요일 오후 4시 전까지는 도착 하나요?,2024.10.06.
476253454,476253454_1,기본5만원입니다.ㅡㅡㅡ언제든지 문의가능합니다.ㅡㅡㅡㅡㅡ좋은하루되세요 ❤️,2024.10.05.
476253454,476253454_2,11월5일파주와동동에서 일산5만원 입니다,2024.10.06.
476253454,476253454_3,안녕하세요 ~~!도움포함  상차 하차 도움포함5만원입니다 (한국로지스) 전국연합 { 주)틈새 }(운송면허 주선면허 이사면허 포장이사보험 완비)프로필 클릭~ 문자 & 톡으로 가격 문의 편하게 상담가능합니다언제든지 연락주시면~ 최선을 다해서 도움드리겠습니다고맙습니다,2024.10.06.
476253454,476253454_4,파주 와동동 - 일산 장항동       테이블 운송라보  용달  운송료     3만 5천 원입니다.,2024.10.06.
476239383,476239383_1,추천지  입니다롯데리아맘스터치맥도날드KFC김밥천국순대국등등 입니다,2024.10.05.
476220212,476220212_1,도움되세요초월고 내신 성적 기준- 내신 성적 구성: 초월고의 내신 성적은 다음과 같이 구성됩니다:- 교과 활동 상황: 150점- 출결 상황: 20점- 봉사 활동: 10점- 최소 내신 점수: 초월고에 진학하기 위해서는 일반적으로 내신 성적이 160점 이상이어야 합니다. 따라서  내신이 160점인 경우에는 진학 가능성이 있습니다진학 가능성- 경쟁률: 초월고는 인기 있는 학교이기 때문에 경쟁률이 높습니다. 내신이 160점이라면  다른 지원자들과의 비교에서 우위를 점할 수 있는 요소가 필요합니다.- 기타 평가 요소: 내신 외에도 면접  자기소개서  추천서 등 다른 평가 요소가 있을 수 있으므로  이 부분도 준비하는 것이 중요합니다.결론내신이 160점인 경우 초월고에 진학할 수 있는 가능성이 있지만  경쟁이 치열하므로 추가적인 준비가 필요합니다. 면접이나 자기소개서 등 다른 평가 요소도 신경 써야 합니다. 초월고에 대한 더 많은 정보는 학교 공식 웹사이트를 통해 확인할 수 있습니다,2024.10.05.
476209458,476209458_1,앵콜까지 하면 10시 되기 좀 전에 끝나요ㅠㅠ 근데 중간에 나오셔도 지장 없습니다! 앵콜할때 나가시는분들도 종종 계셔서 눈치보이지는 않으셔도 될거 같은데 앵콜에 아나스나 콜콜콜 지널찾 등등 띵곡은 많습니다..,2024.10.04.
476186784,476186784_1,저도 전학을 가봤는데 처음에는 진짜 엄청 떨리더라고요.. 솔직히 말하자면 팁은 딱히 없어도 될거같아요!단정하게 입고 가면 먼저 와서 말도 걸어줍니다!!(그냥 평소처럼 입고 가세요!)그때 같이 얘기하면 친해질 수 있어요!(저도 솔직히 걱정했는데 말을 걸어주더라고요..?저 전학갔을때 완전 머리 이상했거든요..)++ 많이 걱정된다면 간식 챙겨보는건 어떠세요?결론은 큰 걱정 마시고 가면 먼저 말 걸어 줄겁니다!!,2024.10.04.
476186784,476186784_2,전학을 가는 것은 새로운 환경에 적응하는 과정이니  다음과 같은 팁을 활용해보세요:긍정적인 마음가짐: 새로운 시작을 긍정적으로 바라보고  새로운 친구와 경험을 기대해보세요.친구 만들기: 먼저 주변 친구들에게 다가가서 인사하고 대화를 시도해보세요. 같은 관심사를 가진 친구를 찾는 것도 좋습니다.학교 활동 참여: 동아리나 스포츠 팀 등 학교 활동에 참여하면 자연스럽게 친구를 사귈 수 있습니다.교사와 소통: 필요한 도움이나 궁금한 점이 있을 때 교사에게 질문하는 것도 좋은 방법입니다.환경 익히기: 학교의 시설이나 주변 환경을 미리 살펴보고 익숙해지면 편안함이 느껴질 것입니다.일상 유지하기: 기존의 일상적인 습관을 유지하는 것도 도움이 됩니다. 예를 들어  좋아하는 취미나 활동을 계속하세요.인내심 가지기: 적응하는 데 시간이 필요할 수 있으니  조급해하지 말고 천천히 적응해보세요.새로운 환경에서 좋은 경험이 많이 쌓이길 바랍니다!,2024.10.04.
476117280,476117280_1,배다골 테마파크 입니다.서울문산고속도로 고양휴게소 바로 근처에 있는데창릉신도시 개발 때문에올해 5월말 운영을 종료하였습니다.배다골 테마파크경기도 고양시 덕양구 배다골길 131,2024.10.02.
476117280,476117280_2,안녕하세요.어릴 적 기억에 남아 있는 그 장소가 궁금하셨군요.말씀하신 위치와 특징을 고려할 때 일산 호수공원인근에 있던 '드림랜드'를 떠올리시는 것 같습니다.이곳은 1990년대에 운영되던 놀이공원으로  이후 운영이 중단되어 현재는 다른 용도로 활용되고 있습니다.또한 고양시 덕양구에는 '자유로 자동차극장'이 있었습니다.이곳은 자동차 극장과 함께 놀이시설도 일부 운영되었으나  현재는 폐쇄된 상태입니다.이러한 장소들은 시간이 흐르며 변화하였지만  그 시절의 추억은 여전히 소중하게 남아 있을 것입니다.도움이 되셨으면 합니다.참된재가노인복지센터경기도 고양시 일산동구 중산로157번길 54-4 401호,2024.11.06
476061428,476061428_1,가좌고나 대화고요!,2024.10.09.
476061428,476061428_2,일산 10년째 살고있는 고딩입니다대화고는 요즘 내신 좀 어려워지는추세고세원고는 무조건 피하세요 16지망..대진고랑 주엽고 백석고 내신이 어려운데 대진고는 남녀 분반이고백신고 가좌고 내신 쉬워요!!,2024.10.26.
476048424,476048424_1,대화동 킨텍스  중간,2024.10.01.
476048424,476048424_2,장항동이 일산이고검단과 설문동 중간이 장항동  일산공원 부근입니다.네이버지도로 검색을 해본다면은 영상 공유할게요대화역  일산호수공원 주변이 설문동과 검단의 중간입니다.일산호수공원 부근으로는 놀거리 맛집 등 많이 있으니 참고바랍니다.,2024.10.01.
476016501,476016501_1,무대와 거리가 멀어 잘 보이지 않습니다설치된 전광판을 통하여 공연 관람 하시면 됩니다,2024.09.30.
476010492,476010492_1,아마다모텔경기도 고양시 일산서구 중앙로 1575 그린코아빌딩 7층빅토리아모텔경기도 고양시 일산서구 중앙로 1559-19마블호텔경기도 고양시 일산서구 중앙로 1560-18호텔 클라움경기도 고양시 일산서구 중앙로 1559-11 호텔 클라움호텔밀레니엄경기도 고양시 일산서구 주화로 190고양종합운동장근처 대화역주변에는 모텔보다 호텔이 많습니다...,2024.09.30.
476010492,476010492_2,대화역 주변에 모텔 많아요,2024.09.30.
475957006,475957006_1,택시 밖에 없습니다.,2024.09.29.
475957006,475957006_2,원당에서 막차 21시 출발화정역에서 3200번 공항버스 21시 15분쯤,2024.09.29.
475941812,475941812_1,안곡고 대진고 세원고 일산동고 가지마세용나머지는 그나마 괜찮은곳.. 저동고? 정발고?저동은 일반고 전체 순위 높은걸로 알아요근데 장발고나 쓰리백 (백신백마백석) 면학분위기 잘잡혀있음요,2024.09.29.
475931292,475931292_1,지역 주민은 들어갈 수 있습니다. 오픈형 책상이라 집중이 스터디까페보다 안될수는 있습니다.,2024.09.30.
475880964,475880964_1,무대와 멀어 관람 하기엔 비추 입니다 공연하는 분들 모습이 보이지 않습니다설치된 전광판으로  관람은 가능 합니다,2024.09.27.
475874738,475874738_1,자차로 이동을 하신다면 오전 10시쯤 출발하는것이 좋습니다자차로 이동을 하면 변수가 많다 보니 조금 일찍 출발하는것이 좋습니다,2024.09.27.
475874091,475874091_1,각각 방 잡아  놀면 됩니다,2024.09.27.
475861656,475861656_1,17시 출발하면 됨고양시 어디냐에 따라 다르겠지만고양동 이런 곳이면 50분행신 화전 이런 곳은 20 ~ 30분일산 쪽이면 40분연희동 홍대 쪽 와서 막힘,2024.09.26.
475861656,475861656_2,도착합니다.,2024.09.27.
475852909,475852909_1,고양이는 영역동물입니다. 자신의 영역(집)에 갑자기 다른고양이가 생기면 경계하고 싸울수밖에 없어요.분리시킨 다음 천천히 적응하도록 해야합니다.유튜브에 '고양이 합사' 검색하셔서 그대로 따라하세요.,2024.09.26.
475852909,475852909_2,새끼 고양이를 데려오면 집냥이가 스트레스를 받을 수 있습니다. 특히 하악질을 한다면 더 경계하고 있는 상태입니다. 새끼 고양이와 집냥이를 **서서히 익숙해지도록** 하고  각자의 공간을 마련해 주는 것이 중요합니다. **시간이 지나면서 적응**할 수 있지만  스트레스가 심하다면 전문가의 상담을 받는 것도 고려해보세요.,2024.09.26.
