﻿doc_id,answer_index,answer,answer_date
476962135,476962135_1,울산교육청 중등교육과 전화 하여장병률선생님 어느 학교에 근무 하는지문의 하면 답변 하여 줍니다중·고등학교 선생님중등교육과052-210-5487,2024.10.23.
476794107,476794107_1,1. 내신 따기 별로 안 어려움 열심히 하면 잘 따는거근데 공학에 비해서 인원 수가 적으니까 그렇게 느낄수도?2. 시험도 그닥 어렵지 않음 수행도 여느 학교들과 비슷할 듯3. 공부 못하고 안하는 학생 생각보다 있음. 공부 잘하는 학교 아님4. 선도부가 이제 선도 안서는데 쌤이 보긴 함. 그렇게 심한 것만 아니라면..5. 공부를 막 시키는 학교는 아니다? 그렇게 특별한 점은 없는 듯,2024.10.20.
476248998,476248998_1,411(돌아갑니다) 421 701 5003번이 있습니다.내리는곳은 정자 어디가시느냐에 따라 다릅니다.,2024.10.05.
476148088,476148088_1,배민 고객센터에 전화하셔서 말씀드리시고 결제하십시오.,2024.10.04.
476142338,476142338_1,성남동은 삼산보다는 중학생이 놀기 좋죠 저렴하거든요.비비탄총 사격장이나 코인노래방 인형뽑기 등이 있고 메가박스와 롯데시네마 영화관이 있습니다.근데 성남동 파스타는 저렴하기만하고 다 노맛이에요. 삼산이나 동구나 부산 내려가야 그나마 좀 맛있는 집이 있움,2024.10.04.
475631957,475631957_1,쿠팡 에서 구입하세요 고장나면  쿠팡 통해서 서비스 센타 연결이 됌니다,2024.09.21.
475507665,475507665_1,말한 순서대로 제주 애월 순으로 뭐가 좀 있고 함덕 조천읍에는 아무것도 없습니다 그냥 시골이에요.,2024.09.20.
475429307,475429307_1,성남동에 ost 울산점 있었는데.. 망했죠.시계탑거리 걷다보면 금은방 몇개 있는데 들어가서 은으로 얼마냐고 물어봐요.학생들이라 비싸서 못 산다고 나가도 그러려니 할거에요.,2024.09.20.
475188694,475188694_1,학성여고 면학 분위기 아주 좋고 내신 받기는 조금 어렵습니다내신 관리 생기부 관리 잘 하여 주고 대학 진학률 높은 학교입니다화장은 기초 화장만 가능 합니다색조 화장은 안됩니다아래 규정 참고 하시기 바랍니다,2024.09.11.
475059143,475059143_1,외솔중학교에서 해운대백병원까지 거리는 약 58KM입니다자차로 약 1시간 정도 걸립니다,2024.09.09.
475052920,475052920_1,.,2024.09.09.
475098185,475098185_1,유곡중학교에서 해운대백병원까지 거리는 약 52km 정도 됩니다소요시간은 약 55분 정도 걸립니다,2024.09.09.
