﻿doc_id,title,question,region_id,views,question_date
477570317,질문경남 양산시 종량제 5리터 가격,알려주세요.,121006, 16,2024.11.06
477546775,질문웅상 영어학원,내신 6이고 단어 외우는거 하루 최대 60이에요. 단어 실력은 처참하고요. 빡세지 않은 곳 추천해주세요,12100620, 11,2024.11.06
477516983,질문스마트플레이스의 검색 문제의 건,"경남 양산시에서 ""양산주유소""라는 상호로 주유소를 운영중입니다. 네이버 검색창에서 주유소에 위치하여 양산주유소를 검색하여도 다른 주유소가 검색됩니다. 어떤 방법이 없을까요?",121006, 20,2024.11.05
477371406,질문부산 정관고,정관고가고싶은 중2입니다! 그런데 지금 성적으로는 최하위권이라 최선을다해 나머지 시험을 칠 생각인데욥 부산 동래구에 거주하고있는데 정관고는 너무 무리인가요?,12100622, 14,2024.11.01
477283375,질문평산 이씨 질문,제가 평산 이씨인데 북한 성씨중에서도 거의 인구수 최하위 수준인데 2015년 기준 3271명인가밖에 안되는데 혹시 이유가 무엇인가요 워낙 인구도 적고 그러다 보니까 평산 이씨에 대해서 알려주는 유튜브 영상이라던가 구글 네이버에 쳐봐도 정보가 너무나 적네요 ㅠㅠ 제 성씨 처음 인구수 알았을때 정말 놀랐거든요 다 몇만 몇십은 되던데 이정도면 한국에서 평산이씨 만나면 머나먼 가족이라고 볼수 있을 정도같네요.. 그리고 이상하게 대한민국 성씨 인구수 순위 찾아봤는데 평산이씨는 안보이네요...,12100620, 15,2024.10.30
477236203,질문중학생 자취 전학,안녕하세요 저는 경남 살고 있는 중1 남학생입니다 중학교를 정할 때 1지망을 떨어지고 4지망인 원하지 않던 남중으로 오게 됐어요 그런데 남중이라 그렇고 저희반이 워낙 시끄럽고 사고도 젤 많이 치는 반이라서 그런지 저도 사고를 너무 많이 쳐요 그래서 저희 가족끼리도 저때문에 너무 사고도 나고 힘들어하고 싸우기도 해서 부모님이 저를 전학 보내고싶어 해요 근데 저도 전학을 가고싶긴 한데 같은 지역에서는 전학이 안된다고 하더라고요 그래서 부모님이 혼자 사는 건 어떻냐고 했는데 전학 갈라면 주소지에 가족 다같이 주소지를 옮겨야 한다고 해서요 제가 근데 경기도에 아는 애들도 많고 해서 경기도 쪽으로 자취 하고싶긴 한데 어떻게 안될까요 중1치고는 키도 커서 사고나 그런 걱정은 없어요 이사를 가기엔 부모님 사업때문에도 있고 부산쪽으로 가기는 싫고 그냥 자취 하고 경기도로 가고싶어요 아무 방법이나 알려주세요,121006, 32,2024.10.29
477121205,질문양산 통도사 질문 드립니다.,안녕 하십니까. 양산 통도사 질문을 하려고 합니다. 제가 주말에 양산 통도사를 갔었는데 비가 내리는 바람에 제대로 못 보고 급하게 돌아온적이 있습니다ㅠㅠ 그래서 이번에는 평일에 양산 통도사를 가보려고 하는데 제가 주말에 부산 노포동 터미널 에서 출발을 했습니다. 그때 40 인승 버스에 출발 시간이 10 분 정도 남았는데도 자리가 전부 차는 겁니다. 대기 하시던 승객분들이 대략 15 분 정도가 있는데 못 타서 그 다음 차를 타시게 되는 상황이 였습니다. 주말은 원래 사람이 많다고 치고 평일에는 사람이 얼마나 있을지 제가 월요일 화요일 중에 다시 가보려고 하는데 사람이 많을까요??? 그리고 제가 알기로는 노포동 버스 환승 센터 에서 광역버스??? 그걸로도 통도사를 갈수 있는것으로 알고 있는데 이 버스는 없어 졌습니까??? 아무리 찾아도 광역버스는 통도사로 들어가는게 없는것 같아 질문 드립니다.,121006, 20,2024.10.26
477013648,질문양산여고랑 물금고에 밴드부 있나요?,있다면 공연했었는지도 궁금해용,121006, 23,2024.10.24
476959642,질문양산 지혜마루 도서 대여는 몇시 까지 가능한가요?,도서대여도 10시까지 인가요?,121006, 15,2024.10.22
476953152,질문양산 미성년자 알바,혹시 양산에 미성년자 알바할수있는데 있을까요?,121006, 13,2024.10.22
476933476,질문소주대동아파트,어르신이 많이 사시나요?,12100612, 17,2024.10.22
476831691,질문[양산] 교통카드 환급 은행 추천부탁드립니다,저희 어머니께서 양산에서 부산으로 출퇴근하시는데 교통카드 환급 잘 주는 은행 추천 좀 부탁드립니다 감사합니다,121006, 27,2024.10.21
476781047,질문양산부산대병원 진료 가려면,예약안하고는 못가나요 ??,121006, 25,2024.10.18
476673394,질문웅상고 효암고,현재 중3이고 집은 효암고보다 웅상고가 더 가까워요 효암고는 집에서 버스정류장가서 버스타고 가면 되는데 이제 시간이 하나밖에 없어요 내신은 35등위로 무조건 유지고요 효암고 가서 제가 버틸 수 있을지 모르겠어요 그렇다고 웅상고를 가기엔 효암고를 가고 싶어서요..,12100620, 29,2024.10.17
476615132,질문양산 물금중 교복,물금중에 교복 색깔있잖아요 학년 대표 색 2024년도 기준으로 1학년부터 3학년 까지 알려주세요..,121006, 20,2024.10.15
476603998,질문경주가는법,양산 덕계에 사는데 경주 갈려고 하거든요…. 무궁화호 타고 갈려면 어느 역으로 가야하나요? 원동역은 너무 멀어서ㅠㅠ 원동역말고는 다른 역은 없나요,12100604, 21,2024.10.14
476594601,질문고양이소주 꿈 해몽,1.고양이를 만지는 꿈을 계속 꿔요. 그냥 만졌고 고양이가 좋아했던 것만 기억이 나요(고양이 색은 제각각) 2.친구들이랑 소주를 마시고 변기에 계속 빨간색 토를하는 꿈 아무나 해몽 부탁드려요,12100612, 21,2024.10.14
476500597,질문양산범어로 취미상활 공간 렌트,제가 양산에 거주중인데 양산에서 취미로 공간이나 이란걸 빌려주는곳이 있을까요?? 평수는 20평에서 30평에 아무것도 없어도 됩니다,121006, 26,2024.10.11
476418694,질문주택 가격 (부동산),양산시 주진동 신명3길 155 가격좀 알아봐 주실분!!,12100618, 18,2024.10.09
476335608,질문경남 양산 도로 운전 질문,제가 내일 부산에 문상가야하는데요. 차로 이동할건데 부산 운전이 너무 힘들어서 경남 양산이 부산2호선과 연결되어있어 2호선라인근처쪽에 주차할려고 합니다 근데 양산은 부산과 가까운게 양산 도로는 부산 도로운전에 비해 난이도가 어떤가요?,121006, 23,2024.10.07
476183897,질문양산병원 손톱뜯는 버릇,치료해주나요?,12100618, 30,2024.10.05
476178038,질문버스정류장,버스를 이용한다는건 건강을 위해 좋슿니다,121006, 24,2024.10.04
476170029,질문서울하고 집값이 왜 이렇게 차이가 나나요?,대체 이유가 뭔가요?,12100614, 25,2024.10.03
476013855,질문소주대동아파트 천장에어컨 설치 가능한가요?,가능한지 여쭤보고 싶어요 답변 부탁드립니다,12100612, 16,2024.10.03
476069088,질문경남 양산시 장점,알려주세요.,121006, 27,2024.10.01
476033001,질문양산 트레이더스 할인 질문,경남 양산 이마트 트레이더스에 닭갈비 세일 한다고 하던데 맞나요? 맞으면 어느 정도 세일 하는지 알 수 있을까요?,121006, 33,2024.09.30
475843471,질문양산이나 부산이나 성인 언어재활센터,어디쪽에 있나요?,121006, 43,2024.09.27
475852292,질문소주잔 구매처,내일 학교 연극소품으로 급하게 필요한데 어디서 구할 수 있나요..?,12100612, 28,2024.09.26
475760971,질문양산에 강제입원 가능한 정신병원,어디있을까요?,121006, 27,2024.09.24
475689318,질문양산남부고,s컬 가능하나요?,121006, 34,2024.09.22
475426885,질문양산 물금 배구동호회 알려주실분??,양산 물금 배구 동호회에 들어가고 싶은데 알려주실분... 요즘 사람 만나는 일이 없어 그래도 최근까지 조금 했던 배구를 살려 동호회에 들어가고싶은데 딱히 뭐 어떻게 들어가는 지도 잘 모르겠고... 그래서 네이버 지식인에 물어봅니다... 물금 살아서 물금 배구 동호회면 좋겠는데 있을까요? 젊은 사람들이 많았으면 좋겠습니다. ㅠㅠ,12100622, 26,2024.09.19
475511775,질문양산 서창(웅상) 스터디데이(독서실/카페) 사라졌나요?,혹시.... 양산 서창(웅상)에 있는 스터디데이 사라졌을까여ㅠㅠ?,121006, 16,2024.09.18
475416549,질문베트남 꽝닌성...,베트남 꽝닌성에 11월에 가게 되었는데 갈 만한 곳이 있을까요? 맛집도 좋고관광지도 좋으니 추천해 주세요!,12100608, 22,2024.09.16
475169237,질문알콜중독 양산병원,시설 어떤가요?,121006, 29,2024.09.12
475164500,질문경남 양산시 소주동은 농어촌전용 지역에 해당되나요?,경남 양산시 소주동은 농어촌전용 지역에 해당 되나요?,121006, 17,2024.09.10
475102695,질문경남양산 알콜중독,양산에 알콜중독 치료 가능한병원 있나요?,121006, 68,2024.09.09
