﻿doc_id,answer_index,answer,answer_date
477546762,477546762_1,광주송정에서 09:44에 출발하는 KTX-산천 410 열차는 천안아산을 정차하지 않습니다.,2024.11.06
477543513,477543513_1,울산 구치소 주소 입니다울산광역시 울주군 청량읍 청량천변로 103-9,2024.11.06
477543513,477543513_2,네  주소로 지도를 확인을 해보니까울산교도소가 있는 곳이 울주군 청량읍 청량천변로 103-9 이 맞습니다...,2024.11.06
477466681,477466681_1,1. 어노브 '이터널 아우라'향수 시향 & 선물 이벤트위치: 서울 성동구 연무장17길 5  1층기간: 11월 8일(금) ~ 11월 24일(일)운영 시간: 11:00 ~ 20:002. 티퍼런스 '잠시  멈춤의 숲'힐링 퍼플티라피 체험위치: 서울 성동구 연무장7길 12기간: 10월 31일(목) ~ 12월 1일(일)3. LH 뉴홈 팝업스토어주거 트렌드 체험위치: 서울 성동구 연무장길 36기간: 10월 18일(금) ~ 12월 25일(수)운영 시간: 11:00 ~ 20:00 (월요일 휴무)4. 힙촌일기 HIP-FARM LIFE도시 속 촌캉스 경험위치: 서울 성동구 왕십리로10길 1-14기간: 10월 25일(금) ~ 12월 25일(수)운영 시간: 11:00 ~ 20:005. 취 성수 플래그십 스토어한국의 향 체험위치: 서울 성동구 연무장길 77기간: 10월 19일(토) ~ 1월 16일(목)운영 시간: 11:30 ~ 20:00다른 팝업스토어도 알고 싶으시다면 아래내용 확인해보세용2024년 11월  전국 핫한 팝업스토어 총정리!안녕하세요  여러분! 벌써 11월이 다가왔어요. 가을의 끝자락에서 특별한 경험을 찾고 계신가요? 그렇다면 이번 달 전국에서 열리는 다양한 팝업스토어를 주목해보세요. 독특한 테마와 한정판 아이템으로 가득한 팝업스토어들이 여러분을 기다리고 있답니다. 지금부터 함께 살펴볼까요?   1. 서울 지역 팝업스토어 (1) 구딸 팝업스토어기간: 2024년 10월 12일 ~ 11월 30일장소: 서울 종로구 북촌로 43  북촌 조향사의 집 B1층운영 시간: 매일 11:00 ~ 20:00 (매주 월요일 휴무)프랑스 향수 브랜드 구딸(Goutal)의 팝...daylong0328.tistory.com,2024.11.06
477466681,477466681_2,성수역4번출구 팝업 거리성수 2024년 11월 팝업chi화장품 팝업 이얼미엣오피스 팝업 겔럭시탭시리즈 팝업용가리게임 팝업 임영웅 팝업 파워퍼프걸 팝업복합문화공간 무신사테라스 스테이지35 등3번출구 카페거리ate브런치 팅플래닛 등서울숲역 5번출구씽크라이크팻  지구공장,2024.11.04.
477466681,477466681_3,안녕하세요! 성수 팝업에 대해 궁금하셨군요~11월달 성수 팝업스토어 5곳 알려드릴게요 :)1.리얼베리어 성수 팝업10월 11월 성수 리얼베리어 팝업스토어아메리칸 빈티지 스낵펍 스타일로 꾸며진 리얼베리어 팝업스토어가 진행중이에요 기간 2024년 10월 25일 ~ ...m.blog.naver.com2. 퍼시스 성수 팝업10월 11월 성수 퍼시스 팝업스토어 / 토크콘서트 예약 링크오피스 가구 전문기업 퍼시스가 성수동에서 '리얼미앳오피스' 팝업스토어를 운영합니다. 기간 20...m.blog.naver.com3. 삼성 갤럭시 탭 성수 팝업10월 11월 성수 갤럭시 탭 S10 시리즈 X 로우로우 팝업 스토어삼성전자가 '갤럭시 탭 S10 시리즈' 출시를 기념해 로우로우(RAWROW)와 협업하여 팝업 스...m.blog.naver.com4. 비너스 성수 팝업10월 11월 성수 신영와코루 비너스 70주년 팝업스토어창립 70주년을 맞이한 신영와코루 비너스가 무비랜드와 협업하여 성수동 무비랜드에서 팝업스토어를 엽니다...m.blog.naver.com5. 삼양식품 팝업11월 성수 삼양 펄스널리티 하우스(Pulse-nality House) 팝업스토어삼양식품의 식물성 헬스케어 브랜드 '잭앤펄스'가 새로 나왔어요. 새브랜드를 알리기 위해 서울...m.blog.naver.com저의 답변이 도움이 되셨다면 채택 부탁드려요~,2024.11.06
477466681,477466681_4,11월  서울 성수동에서는 다양한 팝업스토어가 열려 방문객들에게 특별한 경험을 제공합니다. 아래는 추천할 만한 팝업스토어 목록입니다.1. 파워퍼프걸 X GS25 빼빼로데이 팝업스토어추천 이유: 빼빼로데이를 맞아 GS25와 파워퍼프걸이 협업하여 한정판 굿즈와 특별한 포토존을 제공합니다. 하이틴 감성의 인생 사진을 남기기에 최적입니다.위치: 서울 성동구 연무장길 38-1  도어투성수기간: 11월 1일(수) ~ 11월 29일(수)운영 시간: 오전 8시 ~ 오후 11시2. 에메모 팝업스토어추천 이유: 에메모의 다양한 제품을 직접 체험하고 구매할 수 있으며  팝업 기간 동안 특별한 이벤트도 진행됩니다.위치: 서울 성동구 연무장15길 11  EQL GROVE 성수기간: 11월 10일(금) ~ 11월 23일(목)운영 시간: 오전 11시 ~ 오후 8시3. 쌍쌍바 팝업스토어 'WannaBe TWIN'추천 이유: 쌍쌍바의 역사와 다양한 굿즈를 만나볼 수 있으며  포토존과 커스텀 메뉴 등 다채로운 체험이 가능합니다.위치: 서울 성동구 성수이로 113기간: 11월 9일(목) ~ 11월 22일(수)4. 삼성전자 '갤럭시 탭 S10 시리즈' 팝업스토어추천 이유: 여행을 주제로 한 체험 공간에서 갤럭시 탭 S10 시리즈의 다양한 기능을 직접 체험할 수 있습니다.위치: 서울 성동구 연무장길 9  로우로우 월드와이드 서울기간: 10월 25일(수) ~ 11월 3일(금)5. 서울융합예술페스티벌 'Unfold X'추천 이유: 융합예술 분야의 정상급 아티스트들이 참여하는 대규모 페스티벌로  다양한 예술 작품을 감상할 수 있습니다.위치: 서울 성동구 연무장15길 11  에스팩토리 A동기간: 11월 7일(화) ~ 11월 19일(일)6. 동대문엽기떡볶이 팝업스토어추천 이유: 엽기떡볶이의 다양한 메뉴를 체험할 수 있으며  특별한 이벤트도 진행됩니다.위치: 서울 성동구 성수이로18길 6-1,2024.11.06
477446204,477446204_1,T1 Logo Backpack상품결제정보 배송정보 교환 및 반품정보 상품리뷰 2 상품만족도 0 5 리뷰 개수 2 만족 책이랑 교재 많이 들어가용 그리고 티원 모르는 사람이 보면 그냥 깔끔한 가방느낌? 옆에는 물통이나 텀블러 넣는 공간같은 거는 없고 앞에 보과할 수 있는 공간 있고 가방안에 얇은거 넣을 수 있도록 하는 공간이랑 그 안에 또 지퍼로 작은거 넣을 수 있는 공간 있어용 리뷰 카**** 2024-05-05 11:04:38 조회 284 만족 와이프가 T1팬이라 선물해줬더니 좋아합니다. KT화이팅! 리뷰 카**** 2024-04-25 18:09:39 조회 ...shop-t1.ggT1 Logo Messenger Bag상품결제정보 배송정보 교환 및 반품정보 상품리뷰 5 상품만족도 0 5 리뷰 개수 5 배송은 빨라서 좋았으나 택배가 다 부숴져서 와서 아쉽네요 배송은 빨라서 좋았으나 택배가 다 부숴져서 와서 아쉽네요 (2024-09-25 15:29:12 에 등록된 네이버 페이 구매평) 리뷰 네**** 2024-09-26 03:16:49 조회 170 대 황 슼 회사 갈 때 할 가방으로 이것저것 많이 들어가고 오래 쓸거 찾다가 기왕 사는거 티원 응원이나 하고싶었는데 그냥 맘에 쏙 듦!!!이제 고민 해결 다른거 찾을 필요가 없다 그냥 ...shop-t1.ggT1 Logo Mini Cross Bag상품결제정보 배송정보 교환 및 반품정보 상품리뷰 0 상품만족도 0 5 리뷰 개수 0 게시물이 없습니다 전체 보기 리뷰작성 상품문의 4 배송문의 박**** 2024-07-23 1 배송문의 T1 Shop 2024-07-23 1 사이즈 문의 김**** 2024-04-19 1 사이즈 문의 T1 Shop 2024-04-19 0 전체 보기 상품문의하기 첫 페이지 이전 페이지 1 다음 페이지 마지막 페이지shop-t1.gg추천드립니다.,2024.11.05.
477344638,477344638_1,고속터미널 천안 버스 막차시간입니다.참고해서 이용 바랍니다.,2024.11.01.
477344638,477344638_2,시청역에서 천안방면 전철 막차는 21시24분 신창행  22시18분 천안행 입니다2호선 성수역에서 시청역까지 전철 탑승하시면 약 20분 정도 걸립니다전철막차 이용하는데  아무런 문제 없습니다,2024.11.01.
477224565,477224565_1,금호동 마사지라면 아테나바디케어 추천하고 싶어요!왜냐하면 여기는 주차가능하고 발렛도 무료거든요걸어서 가도 금호역 4번 출구에서 도보로 5~600미터면 갈 수 있는 거리라 좋구요시설도 정말 깨끗하고 고급스러워요.해피타임 할인 이벤트가 있어서 평일 오전 10시부터 오후 3시까지첫방문  회원 할인혜택 모두있고 그때그때 이벤트를 많이 진행해요!여기만큼 가성비 좋은 금호동마사지 샵 잘 못본거 같아요.서비스로 웰컴티 루이보스 주고  족욕과 스크럽도 해주고요~그리고 관리사 분들 실력이 다른데 비교했을때 넘사에요 ㅋㅋ전부 경력 20년 이상 정식 교육 수료하신 경력자분들만 계시고다른곳과 비교했을때 돈이 아깝지 않은 곳입니다!고객맞춤으로 요청하는대로 스타일 맞춰서 시원하게 잘 풀어주는 곳이라 추천해요!,2024.10.29.
477224565,477224565_2,안녕하세요! 금호역 근처에서 좋은 마사지샵을 찾고 계시는군요.마사지몬 앱을 사용해보시는 건 어떨까요? '금호역 마사지' 또는 '금호동 마사지'로 검색하면 여러 옵션을 비교해보실 수 있어요. 시설 상태  주차 가능 여부  실제 이용자들의 리뷰 등을 모두 확인할 수 있답니다.특히 주차 가능한 곳을 찾고 계신다고 하셨는데  마사지몬에서는 주차 시설이 있는 샵들을 쉽게 안내되어 있습니다.혹시 특별히 받고 싶으신 마사지 종류가 있나요? 예를 들어 스웨디시  타이  아로마 등 여러 종류가 있거든요. 아니면 특정 부위를 집중적으로 관리받고 싶으신지도 궁금하네요. 그에 맞는 마사지샵을 찾아보는 것도 좋을 것 같아요.마사지  건마 1인샵 정보 및 스웨디시 인기 순위 | 마사지몬마사지 스웨디시 건마 1인샵 타이마사지 지역별 마사지샵 업체 정보를 무료로 제공해드리며  내근처 가장 가까운 최저가 마사지를 찾을 수 있게 도와드리는 대한민국 최대 마사지사이트 입니다.msgmon.kr,2024.10.29.
477222700,477222700_1,홍익대학교 겨울 방학 12월16일 부터 3월3일 까지 입니다신입생 입학식은 2월24일 입니다,2024.10.29.
477222700,477222700_2,안녕하세요대학은 방학때 아니라도 언제든지 갈수 있습니다.언니가 종강하기 전에 만나 홍익대학교 구경도 하고 맛있는 저녁도 얻어먹으세요.그리고 홍대입구에 구경할 것 많아요.서울 마포구 와우산로 946상수역 2번 출구에서 604m,2024.10.29.
477220731,477220731_1,마장동축산물 시장 버스정류장에서 성동03-1번  성동08번 마을버스 탑승하시고3개 정거장 후 왕십리역 광장 정류장에 하차하시면 됩니다약 5분 정도 걸립니다,2024.10.29.
477049205,477049205_1,성수동 지역은 1960년대 이전까지는 아무런 개발이 이루어지지 않은 시골 농경지였습니다.뚝섬지구(현재 성수동을 그 지역에 오래 살았던 사람들은 부르는 지명) 개발이 계획되고준공업지구로 탈바꿈하게 됩니다.1970년대에 이르면서 인구가 폭증하게 되는데 일할 곳은 많지만 일할 사람은 없어서자연스럽게 중국인들이 일거리를 찾아 몰려들어오기 시작한겁니다.흔히들 서울의 공장지대를 떠올리면 대부분 구로나 가산  금천을 떠올리는데원조는 성수동입니다. 성수동엔 아파트형 공장이 즐비했었습니다.아파트형공장이란 지금의 오피스텔 개념으로 한 건물에 공장과 숙소가 동시에 존재하는 겁니다.무작정 일하러 와서 잠잘 곳  입을 곳  먹을 곳 생각 안했던 중국인들이 지내기 딱 좋은 조건이었습니다.중국과 우리나라의 좁혀지지 않는 환율 차이로 '코리안드림' 을 맛봤던 중국인들이 거기서떠나지 않고 자리잡아 자녀를 낳고 산게 지금 중국인들이 많은 이유입니다.현재 개발로 인해 없어진 공장에 거주하지 못하고 밀리고 밀려난 곳이대표적으로 그 근처 자양 1동(자양전통시장) 입니다.자양전통시장 가보면 범죄도시1 에서 동석이형이 처음 등장하던 시장과 비슷한 환경입니다.범죄도시1 의 배경과 전혀 이질감이 없는 동네입니다.,2024.10.25.
476991445,476991445_1,용산역 아이파크몰 6층 짱구팝업10월31 일까지홍대입구역 산리오리러버스 클럽팝업 10월31일 까지여의도역 더현대 라인프렌즈 월드팝업스토어 10월14일 ~ 11월13일잠실역 레고90주년팝업 롯데월드몰 1층 10월21일 ~ 11월6일성수역4번출구 팝업 거리펍지(PUBG) 게임 배틀그라운드 팝업 코닥코너샵 등 지도복합문화공간 무신사테라스 스테이지35 등3번출구 카페거리ate브런치 팅플래닛 등성수 2024년 10월 팝업 리셀르노,2024.10.23.
476991445,476991445_2,- 에이오지팝업장소:연무장길37운영기간: 10.24 -11.20일까지운영시간: 11시 ~ 8시- 온누리상품권 팝업장소:성수이로20길 12 1층운영기간: 10.24 - 10.27일까지운영시간: 12시 ~ 8시- 티퍼런스 팝업장소:연무장7길 12운영기간: 10.31 ~ 12.1일까지운영시간: 12시 ~ 7시이렇게 추천해요!!물어보고 싶으거 있으시면 언제든 물어봐주세용,2024.10.23.
476991445,476991445_3,안녕하세요. 서울 팝업에 대해 궁금하시군요!우선 성수 쪽에 다양한 팝업이 꾸준히 열리고 있어요.- 루나 팝업 : 2024.10.16 ~ 10.29- 딥디크 : 2024.9.13 ~ 10.27- 러브엠X아뮈프레자 : 2024.9.21 ~ 10.20- Mmig Womes : 2024.110.11 ~ 10.20- 짐빕&GS25 X 금성피자 콜라보 편식당 : 2024.10.11 ~ 10.20- 롯데리아 : 2024.10.03 ~ 10.20- 하림 용가리 : 2024.10.7 ~ 11.3- 레오제이셀렉트 : 2024.10.12 ~ 10.27한번에 여러군데 돌아보실 수 있게 성수 팝업만 모아봤습니다.일정 겹치는 게 많으니 확인해보시고 여러군데 구경해도 좋을 것 같네요.도움이 되셨길 바라요! 감사합니다:),2024.10.25.
476991445,476991445_4,서울에서 10월과 11월에 열리는 팝업 스토어에 대한 정보를 아래에 정리했습니다. 다양한 테마와 장소에서 진행되는 팝업 스토어를 통해 즐거운 시간을 보내시길 바랍니다!10월 팝업 스토어1. 서울팝업페스티벌 2024날짜: 2024년 10월 11일 ~ 10월 13일장소: 서울시 양재동 aT센터 제1전시장내용: 인기 캐릭터와 애니메이션 IP의 팝업스토어가 한자리에 모이는 행사로  MZ세대를 겨냥한 다양한 볼거리와 즐길 거리가 마련되어 있습니다.서울팝업페스티벌2024  10월 11일 팝업스토어 오픈해요서울팝업페스티벌2024  10월 11일 팝업스토어 오픈해요Exhibitionm.ilovecharacter.com2. 유병재 행운던전 팝업스토어날짜: 2024년 10월 2일 ~ 10월 13일장소: 성동구 연무장로 45  소문난 성수 감자탕 2층내용: 유병재가 기획한 팝업스토어로  게임 속 던전을 탐험하는 듯한 체험을 제공합니다.성수 팝업스토어 2024년 10월 – 유병재 행운던전 팝업스토어 · 성수 팝업성수 팝업스토어 2024년 10월 – 유병재 행운던전 팝업스토어성수동에 돌아다니는 유병재 얼굴의 정체..! 유병재 행운던전 팝업스토어 in 성수! 유병재가 직접 기획한 팝업스토어의 생생한 후기를 들려드립니다. 역대급 재미와 퀄리티의 팝업 스토어  놓치지 마세요!letter.wepick.kr3. 테클라 X 29CM 팝업스토어날짜: 2024년 9월 13일 ~ 10월 27일장소: 서울 성동구 아차산로 78내용: 덴마크 브랜드 테클라의 첫 한국 팝업으로  편안한 홈웨어와 다양한 제품을 만나볼 수 있습니다.이번 주 성수! 10월 둘째 주 성수동 팝업스토어  · 위픽레터이번 주 성수! 10월 둘째 주 성수동 팝업스토어10월 둘째 주 성수동 팝업스토어 일정  위픽레터가 알려드릴게요!letter.wepick.kr4. 미미달 성수 팝업스토어날짜: 2024년 10월 9일 ~ 10월 20일장소: 성동구 연무장길 17 1층내용: 다양한 쇼핑과 이벤트가 진행되는 팝업스토어입니다.POPPLY | 팝플리 - 전국 팝업스토어 정보 플레이스 리스트POPPLY | 팝플리 - 팝업스토어 플레이스 리스트팝업스토어 200% 즐기는 문화공간!  팝업스토어 정보  서울 팝업스토어  팝플리  POPPLY  팝업스토어 정보  이벤트  굿즈  사전예약 정보  성수동  더현대  성수  팝업  서울  홍대  부산  팝업스토어 추천  팝업 정보  팝업 장소  성수 팝업  팝업 위치www.popply.co.kr11월 팝업 스토어1. 현대백화점 무역점 팝업스토어날짜: 2024년 11월 8일 ~ 11월 10일장소: 서울 현대백화점 무역점 지하1층 행사장내용: 다양한 브랜드의 팝업스토어가 열리며  특별한 제품들을 만나볼 수 있습니다.팝업스토어 NO.1 가치공간 - 온라이프(On-Life) 리테일 플랫폼팝업스토어 NO.1 가치공간 - 온라이프(On-Life) 리테일 플랫폼가치공간은 가능성 속 잠재된 가치를 발굴하며  공간 소유자에게는 유휴공간의 재발견을  브랜드에게는 홍보의 장을  소비자에게는 새로운 경험을 선사합니다www.valuevenue.co.kr2. 롯데백화점 안산점 팝업스토어날짜: 2024년 11월 8일 ~ 11월 14일장소: 경기 롯데백화점 안산점 신관 3층 행사장내용: 다양한 브랜드의 팝업스토어가 열리며  특별한 제품들을 만나볼 수 있습니다.팝업스토어 NO.1 가치공간 - 온라이프(On-Life) 리테일 플랫폼팝업스토어 NO.1 가치공간 - 온라이프(On-Life) 리테일 플랫폼가치공간은 가능성 속 잠재된 가치를 발굴하며  공간 소유자에게는 유휴공간의 재발견을  브랜드에게는 홍보의 장을  소비자에게는 새로운 경험을 선사합니다www.valuevenue.co.kr이 외에도 서울의 다양한 지역에서 팝업 스토어가 열리고 있으니  관심 있는 테마나 브랜드를 미리 확인하고 방문해 보세요! 즐거운 팝업 스토어 탐방 되시길 바랍니다!서울 팝업 스토어 탐방: 10월과 11월의 핫한 장소들서울 팝업 스토어 탐방: 10월과 11월의 핫한 장소들서울은 매년 다양한 팝업 스토어가 열리며  많은 사람들에게 새로운 쇼핑 경험을 제공합니다. 특히 10월과 11월은 다양한 테마와 이벤트로 가득 차 있어  많은 이들이 이 시기를 기다립니다. 이번 포스팅에서는 서울의 핫한 팝업 스토어들을 소개하고  그 매력을 자세히 알아보겠습니다. 서울의 팝업 스토어란?팝업 스토어는 일시적으로 운영되는 상점으로  특정한 기간 동안만 존재하는 것이 특징입니다. 이러한 팝업 스토어는 브랜드의 새로운 제품을 선보이거나  특별한 이벤트를 진행하기 위해 열리며  소비자들에게는 색다른 쇼핑 경험을 제공합니다. ...eschool77.tistory.com,2024.10.26.
476991445,476991445_5,10~11월 서울에서 열리는 팝업 스토어 정보를 알려드리겠습니다. 최근 트렌드에 따라 성수동  강남  여의도 등이 팝업 스토어의 인기 지역으로 꼽히고 있습니다.주요 팝업 스토어 정보성수동 지역살로몬 팝업스토어 '엠프티': 성수동에 위치한 이 팝업스토어는 아웃도어 브랜드 살로몬의 첫 번째 팝업스토어로  다양한 제품을 체험할 수 있습니다2.아모레 성수 큐피드 폴바셋 팝업스토어: 뷰티 브랜드와 카페의 콜라보레이션으로  제품 체험과 함께 특별한 카페 경험을 제공합니다2.강남 지역'순후추네' 팝업스토어: 유명 브랜드와 협업한 다양한 메뉴를 맛볼 수 있으며  재미있는 이벤트도 진행합니다1여의도 지역더현대 서울: MZ세대를 타깃으로 한 다양한 팝업 스토어가 주기적으로 열리고 있습니다1.추천 팝업 스토어K-뷰티 팝업 스토어: 서울시에서 운영하는 이 팝업 스토어는 중소 뷰티 브랜드를 직접 체험하고 다양한 이벤트를 즐길 수 있는 공간입니다해리 포터 공식 팝업 스토어: 영화 <해리 포터>와 <신비한 동물사전> 시리즈 팬들을 위한 국내 유일의 공식 팝업 스토어입니다기안84의 '기묘한섬 기안도' 팝업 스토어: 인기 웹툰 작가의 작품을 테마로 한 독특한 경험을 제공합니다캐릭터 SKZOO(스키주) 팝업 스토어 & 카페: 인기 아이돌 그룹과 관련된 캐릭터 상품을 만나볼 수 있는 공간입니다이러한 팝업 스토어들은 단순히 제품을 판매하는 것을 넘어 브랜드의 정체성을 표현하고 고객에게 특별한 경험을 제공하는 데 중점을 두고 있습니다. 각 팝업 스토어마다 독특한 테마와 이벤트가 준비되어 있어  취향에 맞는 곳을 선택하여 방문해보시는 것을 추천드립니다.지니의 잘사는 세상,2024.10.26.
476984664,476984664_1,보물섬 뚝섬역점서울특별시 성동구 성수일로10길 7 1층보물섬 연무장길서울특별시 성동구 성수일로4길 48 . 1층서울 성수 접시 소품샵 천원 일본그릇 보물섬 방문후기보물섬 월-토 10:00-20:00 (일 13:00 오픈) ☎️ 02-466-2826  010-6756-2826  일본산 유리그릇 세...blog.naver.com후기에 나온 천원 그릇가게는 A입니다.모든 제품이 다 천원은 아닙니다.참고바랍니다.,2024.10.23.
476984487,476984487_1,- 서울지하철 뚝섬역 부근에 있는보물섬입니다.- 네이버 블로그...:https://blog.naver.com/hi-end_pc/223624076303:https://blog.naver.com/kimhb9189/223591253821보물섬 뚝섬역점서울특별시 성동구 성수일로10길 7 1층뚝섬역 2호선서울특별시 성동구 아차산로 18성수역 2호선서울특별시 성동구 아차산로 100,2024.10.24.
476972762,476972762_1,비회원도 잠깐 들어갈 수 있습니다.,2024.10.23.
476946389,476946389_1,안녕하세요.아마 뚝도시장을 말씀하시는 것 같습니다. 지금도 멀쩡히 운영하고 있습니다.뚝도시장은 1960년대부터 있었던 오래된 시장인데 성수역에서 10분 정도 걸어가면 나옵니다.뚝도시장노상공영주차장서울특별시 성동구 성수동2가 335-166,2024.10.22.
476821529,476821529_1,금호고 학생은 아닌데 학교 홈페이지 들어가 보세요아마 찾다보면 있을겁니다,2024.10.19.
476761596,476761596_1,출근시간대 생각하면 시청역 - 성수역이 그나마 덜하고 맛집은 감자탕쪽이 이전부터 있던곳이라 늘 줄서서 먹습니다.,2024.10.18.
476761596,476761596_2,서울역 승차4호선 당고개  진접방면빠른 승차 1-1 1-28분  4개 역 이동지하철노선도로드뷰회현역명동역충무로역동대문역사문화공원역 환승2호선 성수방면11분  6개 역 이동지하철노선도로드뷰신당역상왕십리역왕십리역한양대역뚝섬역성수역 하차,2024.10.17.
476754791,476754791_1,안내리고 쭉가도 괜찮음서울버스는 회차 지점(종점)  에서 정차 안하고  바로  원래 방향으로 감,2024.10.17.
476746179,476746179_1,1.105번 버스는 마장동에 정차 안합니다2.청량리역. 제기동역 에서 정차 합니다,2024.10.17.
476746179,476746179_2,사진 나무위키105번 버스는 마을버스가 아님 파랑색 일반버스 (마을버스는 녹색)상계동 중계동 중화동 청량리 동대문 명동 을지로 구간 운행,2024.10.17.
476701414,476701414_1,성동구 구간 빨간색,2024.10.16.
476701414,476701414_2,안양역에서 1호선 광운대행을 타고 용산역하차용산역에서 경의중앙선 지평행을 타고 왕십리역하차,2024.10.16.
476701414,476701414_3,안양역에서 1호선 광운대행을 타고 용산역하차용산역에서 경의중앙선 지평행을 타고 왕십리역하차,2024.10.16.
476633459,476633459_1,2호선성수역4번출구 팝업 거리펍지(PUBG) 게임 배틀그라운드 팝업 코닥코너샵 등 지도복합문화공간 무신사테라스 스테이지35 등3번출구 카페거리ate브런치 팅플래닛 등성수 2024년 10월 팝업리셀르노 3일 ~ 8일기타 2024년 10월 팝업용산역 아이파크몰 6층 짱구팝업10월31 일까지홍대입구역 산리오리러버스 클럽팝업 10월31일 까지여의도역 더현대 라인프렌즈 월드팝업스토어 10월14일 ~ 11월13일잠실역 레고90주년팝업 롯데월드몰 1층 10월21일 ~ 11월6일2호선건대입구역성수와 1정거장 동선코스 추천하며건대가 있어 홍대못지 않은 큰 번화가6번출구 커먼그라운드(복합문화공간)5번출구 양꼬치거리 1번출구 다이소앞 메인거리 초입,2024.10.14.
476613473,476613473_1,1. 신영와코루 비너스 70주년 팝업10월 11월 성수 신영와코루 비너스 70주년 팝업스토어창립 70주년을 맞이한 신영와코루 비너스가 무비랜드와 협업하여 성수동 무비랜드에서 팝업스토어를 엽니다...m.blog.naver.com2. 네이버 웹툰 집이없어 팝업10월 11월 성수 라프텔 × 집이없어 팝업스토어네이버 웹툰 ‘집이 없어’ (작가 와난)는 2022년 대한민국콘텐츠대상 만화 부문 문화체육관광부 장관상  2...m.blog.naver.com,2024.10.26.
476613473,476613473_2,2호선성수역4번출구 팝업 거리펍지(PUBG) 게임 배틀그라운드 팝업 코닥코너샵 리셀르노 등복합문화공간 무신사테라스 스테이지35 등3번출구 카페거리ate브런치 팅플래닛 등2호선건대입구역성수와 1정거장 동선코스 추천하며건대가 있어 홍대못지 않은 큰 번화가6번출구 커먼그라운드(복합문화공간)5번출구 양꼬치거리 1번출구 다이소앞 메인거리 초입,2024.10.14.
476526403,476526403_1,작은도서관은 평일만 운영하고 9시~18시 운영합니다.해당 시간에 도서관 안내데스크에 가서 도서관회원가입 하고 책 대여 대출이 가능한비다.,2024.10.12.
476452256,476452256_1,2호선성수역4번출구 팝업 거리펍지(PUBG) 게임 배틀그라운드 팝업 코닥코너샵 등 지도복합문화공간 무신사테라스 스테이지35 등3번출구 카페거리ate브런치 팅플래닛 등성수 2024년 10월 팝업리셀르노 3일 ~ 10일2호선건대입구역성수와 1정거장 동선코스 추천하며건대가 있어 홍대못지 않은 큰 번화가6번출구 커먼그라운드(복합문화공간)5번출구 양꼬치거리 1번출구 다이소앞 메인거리 초입기타 2024년 10월 팝업용산역 아이파크몰 6층 짱구팝업10월31 일까지홍대입구역 산리오리러버스 클럽팝업 10월31일 까지여의도역 더현대 라인프렌즈 월드팝업스토어 10월14일 ~ 11월13일잠실역 레고90주년팝업 롯데월드몰 1층 10월21일 ~ 11월6일,2024.10.10.
476440947,476440947_1,이런건 네이버만 검색해보셔도 자세히 나옵니다 .서울의 모든 유흥/번화가는 어디든차 가지고 안가시는 것이 좋습니다.다이닝 목로 성수점 : 네이버방문자리뷰 715 · 블로그리뷰 958m.place.naver.com,2024.10.11.
476131773,476131773_1,가면 남아있을지는 모르지만 빨리 가보세요!제가 드린 답변이 도움되셨길 바래요-말씀하신 질문 :제가 내일 라이즈 성수 팝업 가는데 아직 라이즈 인형이나 뱃지 같은 거 많이 남아잇나요ㅠㅠ,2024.10.06.
476238597,476238597_1,안녕하세요! 답변드릴게요!성동구는 여의도에서 조금 떨어져 있찌만  한강이 가깝기 때문에 강변 쪽에서 불꽃놀이를 볼 가능성이 있다고 생각됩니다!!추천장소입니다1. 뚝섬 한강공원 : 성동구에서 가까운 한강공원 중 하나로  여의도에서 꽤 멀지만 한강을 따라서 불꽃을 볼 수 있을 가능성이 있습니다.2. 응봉산 : 성동구 근처의 응봉산은 전망이 좋은 곳으로  불꽃놀이가 보일 가능성이 있습니다. 산 정상에서 서울 전경을 내려다보며 볼 수 있을 수도 있습니다.3. 서울숲 : 서울숲의 고지대에서 불꽃을 부분적으로나마 볼 수 있을 것으로 생각됩니다. 특히 공원 내 탁트인 공간에서 하늘을 보기에 좋습니다!!한강 근처로 갈 수 있다면 더 잘 보일 가능성이 높으니 시간적 여유가 있으시다면 뚝섬 한강공원 같은 곳으로 나가보는 것이 좋을 것 같습니다!답변 도움 되셨으면 채택 부탁드립니다!,2024.10.05.
476220272,476220272_1,2호선성수역4번출구 팝업 거리펍지(PUBG) 게임 배틀그라운드 팝업 코닥코너샵 등 지도복합문화공간 무신사테라스 스테이지35 등3번출구 카페거리ate브런치 팅플래닛 등성수 2024년 10월 팝업리셀르노 3일 ~ 8일기타 2024년 10월 팝업용산역 아이파크몰 6층 짱구팝업10월31 일까지홍대입구역 산리오리러버스 클럽팝업 10월31일 까지여의도역 더현대 라인프렌즈 월드팝업스토어 10월14일 ~ 11월13일잠실역 레고90주년팝업 롯데월드몰 1층 10월21일 ~ 11월6일2호선건대입구역성수와 1정거장 동선코스 추천하며건대가 있어 홍대못지 않은 큰 번화가6번출구 커먼그라운드(복합문화공간)5번출구 양꼬치거리 1번출구 다이소앞 메인거리 초입,2024.10.05.
476220272,476220272_2,서울 : 광화문  종로  경복궁  창덕궁  종묘  명동  서대문형무소  국립중앙박물관  혜화동 대학로  잠실 롯데월드  석촌호수  서울숲  상암 하늘공원  여의도한강공원  여의도 더현대 서울  뚝섬유원지  동대문  신촌  홍대  코엑스 별마당도서관  올림픽공원 등이 있습니다.강남구 논현동에 위치한 유정식당 가볼만합니다,2024.10.06.
476055694,476055694_1,왕십리 엔터식스에 타미진  라코스테 우먼 빈폴 레이디스 매장 입점 계획이 아직 없습니다,2024.10.02.
476054725,476054725_1,6시30분 영화 예매했으면 영화관은 열어요출발점이 성동구 행당동 맞을까요? 버스타고 가면 바로 갈 수 있네요,2024.10.01.
476054725,476054725_2,문 열려있고 주차장 이용자도 있기 때문에 일부 엘리베이터 구간은 개방되어있습니다.,2024.10.01.
475903182,475903182_1,2호선성수역4번출구 팝업 거리펍지(PUBG) 게임 배틀그라운드 팝업 코닥코너샵리셀르노등복합문화공간 무신사테라스 스테이지35 등3번출구 카페거리ate브런치 팅플래닛 등,2024.09.29.
475965679,475965679_1,뚝섬한강공원 가세요.1. 성수역에서 건대입구역까지 2호선 승차해서 한정거장 이동2. 건대입구역에서 자양역까지 7호선 환승해서 한정거장 이동,2024.09.29.
475965679,475965679_2,한강이 여의도 인가요? 뚝섬인가요?[네이버 지도]성수역 2호선 → 여의도 한강공원 (대중교통 길찾기)https://naver.me/GYCN3vt2네이버 지도 - 길찾기성수역 2호선 → 여의도 한강공원naver.me여의나루에서 하차도보 이동,2024.09.29.
475965679,475965679_3,성수카페거리 기준으로 뚝도시장부근에서 2412번 2224번 버스를 타고 4정류장 이동 후 하차해서 한강공원까지 버스로 갈 수 있습니다.4정류장 이동 후국민은행자양지점에서 하차해서 자양역으로 걸어서 뚝섬한강공원 까지 이동이 가능합니다.지하철로 이동도 가능합니다.지하철 2호선 성수역에서자양역에서 내려서 뚝섬한강공원까지 많이 걷지 않아도 됩니다.참고바랍니다.,2024.09.29.
475952257,475952257_1,2호선성수역4번출구 팝업 거리펍지(PUBG) 게임 배틀그라운드 팝업 코닥코너샵 등 지도복합문화공간 무신사테라스 스테이지35 등3번출구 카페거리ate브런치 팅플래닛 등성수 2024년 10월 팝업리셀르노 3일 ~ 8일,2024.09.28.
475879180,475879180_1,안녕하세요  반려동물 1등 여행앱 반려생활입니다!성수 팝업스토어들마다 각기 다른 업체에서 진행하기 때문에 방문 전에 미리 동반 가능 여부를 문의 후 방문하시는 것이 좋습니다.지금 주말까지 진행하는 반려동물 동반 팝업스토어가 있는데요.해당 팝업 관심이 있다면 가셔서 선물도 받으시고  체험해 보시면 좋을 것 같네요! : )* 하림펫푸드에서 진행하는 '용가리가 사라졌다! 팝업스토어모든 견종 가능용가리가 사라졌다! 팝업스토어  서울 성동구 반려동물/애견 동반장소 (기타) - 반려생활반려생활에서 용가리가 사라졌다! 팝업스토어에 대한 리뷰를 남기고 포인트를 적립해 보세요. :)www.ban-life.com더 많은 동반 장소가 궁금하다면 반려생활 앱에서 쉽게 찾을 수 있습니다!구글스토어  앱스토어에서 ‘반려생활’을 검색해보세요 : ),2024.11.01.
475843598,475843598_1,테니프롤라퍼프아웃,2024.09.26.
475776345,475776345_1,안녕하세요 사건 관련해 문의드릴께있어 메일을 드렸습니다. 확인 부탁드립니다.,2024.11.05.
475750454,475750454_1,네 맞습니다  한양공고 교차로 에서 만나왕십리로로 갑니다,2024.09.24.
475750454,475750454_2,네이버 지도퇴계로map.naver.com어디서 만나는지에 따라서 다를거 같지만을지로나 퇴계로와 왕십리는 가깝기 때문에 가능할 거 같습니다.,2024.09.24.
475750454,475750454_3,동대문역사문화공원역에서 퇴계로와 을지로가 합쳐짐퇴계로가 직선이라 퇴계로로 바뀜퇴계로는 신당역 지나서 다음 사거리까지  성동고교 사거리에서왕십리로 이름이 바뀜 ~ 왕십리역,2024.09.24.
475542072,475542072_1,참고하세요@ 예산이충남예산이시면1. 지하철+ 고속버스@지하철/ 성수역 -건대입구역환승- 고속터미널역@고속버스(센트럴시티터미널)예산행07:10  10:10  12:20  14:10 ~~2. 지하철+ 기차@지하철/ 성수역 -시청역환승- 용산역@기차/ 용산역 ~ 예산역,2024.09.19.
475512221,475512221_1,간단하고  빠른 노선 입니다1.예산역  >  영등포역 하차2.1호선 영등포역 >  신길역 방면 승차3.시청역 하차 >  2호선 환승  을지로입구역 방면 승차4.성수역 하차 입니다,2024.09.19.
475404350,475404350_1,행당동은 성동구에 위치한 주거 지역으로  서울의 중심부와 가깝고 교통이 편리한 곳입니다. 학원가는 주로 왕십리역 주변에 집중되어 있습니다. 왕십리역은 지하철 2호선  5호선  경의중앙선 등이 교차하는 중요한 교통 허브로  주변에는 대형 학원들이 많아 공부하기에 좋은 환경입니다. 특히 내신 준비나 수능을 목표로 하는 학생들이 다닐 만한 학원들이 많이 있습니다.네이버 지도행당동 학원map.naver.com행당동 주변에는 몇몇 괜찮은 일반고등학교도 있습니다. 예를 들어  한양대학교 사대부고등학교가 가깝고  이 학교는 성적과 학생 관리가 비교적 좋은 평가를 받는 곳 중 하나입니다. 또한  성동고등학교나 무학여자고등학교도 성동구 내에서 인지도가 있습니다.한양대학교사범대학부속고등학교서울특별시 성동구 마조로 42성동고등학교서울특별시 중구 퇴계로90길 17 성동고등학교무학여자고등학교서울특별시 성동구 고산자로 197 무학여자고등학교동네 분위기는 주거지역이면서도 상업시설이 잘 발달해 있어 생활이 편리합니다. 왕십리 일대에는 대형 쇼핑몰과 영화관  식당들이 있어서 생활 편의시설이 잘 갖춰져 있습니다.,2024.09.16.
475294275,475294275_1,1.신설동역 으로 가는 지선 입니다2.정거장은 4개 정거장 입니다,2024.09.13.
475294275,475294275_2,"반대편으로 가는건 2호선 지선이라고 보시면 되구요.그걸 성수지선 / 신정지선 이렇게 부릅니다.차량기지가 용답 / 신정 에 있기도 하고 겸겸 활용하고자 만들어진 지하철 노선이라고 생각하시면 됩니다.그래서 간혹 보면 2호선중에 ""성수행 / 신도림행"" 이 있는 이유 중 하나가 이거 입니다.",2024.09.14.
475292397,475292397_1,추석명절 도서관 휴관입니다16일-18일 휴관입니다(열람실도 휴관입니다),2024.09.13.
475183488,475183488_1,1.한강 전망대  노을 구경 하러 오후 6시 쯤 가면 좋습니다2.일몰은 6시 40분 입니다. 노을은 30분전 입니다,2024.09.10.
475049897,475049897_1,아무래도 병원에 가봐야 될것 같습니다참지마시고 빨리 가보세요 병을 키운다는말이 있잖아요동네 가까운 가정의학과의원으로 가보세요...,2024.09.09.
