﻿doc_id,answer_index,answer,answer_date
477583085,477583085_1,먼저 무단 결석이 아닌 질병 결석이라서 크게 문제될 건 없습니다!!고등학교를 면접을 보신다면 물어 보실 수는 있겠네요!!근데 일부러 결석 한것도 아니고 아파서 결석한거라서 괜찮습니다!!심지어 예고같은 경우에는 예체능 실기를 거의 100%로 보기 때문에 출결같은 부분은크게 문제 되지 않습니다!!즉  결론적으로 질문자님이 원하시는 경북예고 충분히 가실 수 있습니다!!희망을 잃지 마세요!!,2024.11.06
477519902,477519902_1,(답변) 고민중이시군요.. 우선 고등학교 입학을 축하드리고요.. 아름답고 예쁜 학창시절 만드시길 기원합니다. 저도 구리시  갈매에 거주하고 있습니다. 갈매고가 가까우시면 갈매에 사시나요? 아니면 인창동. 사노동  정도 .. 구리여고와 갈매고를 비교 해 달라셨는데요 ? 전통의 차이랄까 아니면 남녀공학과 여고만의 특성을 얘기 해달라는 건지 갈피가 안잡혀서..제가 아는 부분만 답변 드립니다.1  구리여고는 역사가 상당히 깊습니다. 전통과 자부심도 강하고요..여고라는 특징도있으며   특히 유명한것은 카누부 인데요.. 국가대표도 많이 배출했고 대한민국에서는 독보적인 존재 입니다. 다만 역사가 깊은데 비해 여고의 특성상 걸줄한 인물들은 없는 편이고 현재 이경희 구리시의원정도 배출한 정도입니다. 다만 여고로서의 특징은 잘 유지하고 있고 구리시의 중심도시로 부각하고 있는 토평동에 위치하고 있다는 점에서 앞으로의 미래가 탄탄하다고 말씀드릴수 있겠습니다. 특히 요즘 이슈가 돼고 있는 구리과학고 역시 토평고에서 회자 되고 있는 점을 볼때 구리여고가 자리하고 있는 토평동은 구리시의 교육중심지로서의 역할을 잘 수행 할것으로 보여져 미래를 보고 한번 가볼한 곳이라고 판단 합니다.2. 구리갈매고등학교는 =신흥 학교죠? 갈매 지구가 미니신도시로 개발하면서 원주민들이 떠나가고 의정부  남양주  중랑구에서 인구가 대거 유입됐죠.. 이전에 갈매동은 지역에서 소외받던 도시였지만 현재는 인구가 구리시에서 가장 많은 곳으로 선출직 선거에서는 (동시지방선거)무시할수 없는 도시입니다  갈매의 민심을 얻지 못하면 국회의원  시장  도의원 .시의원 다 떨어집니다.  비약적인 발전을 이룬 곳입니다. 더구나 최근에는 갈메역 반대편의 갈매 2지구가 본격 착수되면서 갈매동은 그야말로 최고의 구리시 불루오션으로 떠오르고 있습니다. 갈매 고등학교 역시 이런 호재를 타고 구리시와 구리남양주 교육지원청의 많은 지원과 관심이 예상 되며.. 구리시의 교육환경을 바꿀 다크호스로 주목을 받고 있는 상황입니다.3. 둘을 견주어 볼때 나름의 장단점이 있고   앞으로의 발전 가능성도 있기 때문에 어디가 나을 것이다의 예측은 상당히 어렵습니다. 다만 고등학교는 최종 목표인 대학교 진학을 위한 하나의 고정이라고 생각할 때  그래도 가까운곳에서  공부를 하시는 것이 자기발전에 좀 도움이 되지 않을까? 하는 생각과 최근 갈매동에 종합행정 복지타운이 개관하면서 도서관도 최첨단으로 들어서고 공부할수 있는 환경이 만들어져 이왕이면 편안하고 깨끗하게 집밥을 먹으면서 학업에만 전념 할수 있다면   개인적으로 갤매고고등학교가 쪼끔낮지 않을까 하는 생각입니다.4  개인의 의견이고요  우선 결정 하지 마시고 학원선생님이나 부모님과 상의하셔서 최선의 선택을 고민하셨으면 좋겠습니다. 화이팅!! 입니다. 미숙하지만 도움되셨다면 '채택'  부탁드립니다  ..,2024.11.05.
477436422,477436422_1,"(학생질문) 전 구리시에 사는데요예전에 롯데마트가 있어서 쇼핑하는게 즐거웠거든요카트를 굴리면서 이것저것 사재끼는?ㅋ사람들 북적북적이고 참 좋았는데요......어느순간 갑자기 문을 닫더니?엘마트로 바뀌고?시민마트로 바뀌고?가보면 없는 물품들이 너~무 많고?또다시 문을 닫았어요왜그래요?(답변)  답변 드릴께요   질문이 왔다 갔다 하는 것 보니 나이가 어린 학생 같아요 . 이것을 요약하면 이거지요가) 롯데마트가 문을 닫은 이유?나) 엘마트  시민마트도 문을 닫은 이유?  답변 드릴께요..1. 롯데마트는 구리시에서 사업을 한 10여년 했어요. 구리시가 전국에서 두번째로 작은 도시이지만 매출은 전국 1  2위를 할 정도로 매출이 뛰어 났고요. 그이유는 교통환경이 뛰어나서 인근의 남양주 .태릉. 중랑구에서도 오기 때문이지요..그러다가 코로나가 왔고 ..롯데마트는 보증금  월세   관리비에 부담을 느껴 구리시에 금액을 낮춰달라고 요구 했지만  구리시는 이에대해 공개경쟁입찰을 봍였어요  공개경쟁입찰은 여러 업체가 장사 하겟다고 와서 가장 높은 금액을 써낸 업체가 그곳에서 장사를 하는 방식이에요.. 그런데 하겠다는 업체가 없어서 금액은 약 30%까지 하락 했?어요  롯데마트가 여기서 입찰을 해서 해야 했는ㄷ에 욕심을 내다가 40%까지 떨어지면 하려고 했는데 갑작스럽게 엘마트가 30%의 떨어진 금액에 낙찰을 받아서 장사하게 됐어요.. 구리시민들은 반대를 했지만 구리시가 법적 손해에 휘말릴수 있어 그렇게 할수 밖에 없었어요.. 그래서 엘마트가 장사를 하게 됐지만 역시 콜오나를 이기지 못하고 높은 임대료를 내지 못해 수년간 약 30억원의 임대료와 보증금을 못냈어요. 그리고 추정인데 엘마트의 대표이사가 바뀌면서 회사가 시민마트로 바뀌었어요.. 그러니깐 같은 회사인데 마트 이름만 바뀐거지요.. (1.2번 답 됐지요..향후 계획이에요 아래는..)2) 엘마트  시민마트가 임대료 보증금을 내지 못하자 구리시는 마트보고 나가라고 했지만 나가지 않았어요 그래서 강제로 내보는 명도소송을 남양주법원에 했어요.. 그래서 일년만에 승소를 했고 현재 시민마트는 내보낸 상태에요.. 하지만아직 2층에  엘마트와 계약한 개인의 영업장 몇곳이 있어요.. 그래서 아직 진행중이고 ..내년 2-3월중에 다시 공개경쟁입창르 할거예요 ..여기에 다시 롯데마트가 입점할 의사를 가지고 있기 때문에 롯데마트가 다시들어올 가능성이 높습니다.충분한 답변이 되셨나요..? 또 궁금한점 있으면 질문 남겨주세요.. 화이팅!!학교폭력 예방표어 / ""가해자는 장난..피해자는 괴롭힘""-----------------------------------------------------------------------------오민석/ 법학사  학교폭력상담사  청소년 심리사  학교폭력 어벤져스 팀 운영자  현직 언론인 010-5631-3004 / 이메일 =joongboo2002@hanmail net유튜브 체널 = 알/쏭/달/쏭? 학교폭력 ..사례별 분석과 해법 연재중임다.""클릭 둘러보세요“https://youtu.be/qBLUiv6AWkw?si=secqVDsGauPSg0C8",2024.11.03.
477436422,477436422_2,대형 마트의 매출이 예전만큼 되지 못해서 그렇습니다.요즘은 마트간 경쟁이 아니라 오프라인 대형마트와 온라인 업체와 대결 양상인데  오프라인 업체가 현저히 밀리는 경향이 많습니다.지방에서도 대형마트  백화점들이 줄지어  폐장하고 있습니다.요즘은 집에서 모바일로 생수부터 모든 일용품들을 주문해서 집 앞까지 배달해주고 있으니까요.,2024.11.03.
477436422,477436422_3,시민마트 곧 롯데마트로 구리에도 대형마트 들어오나요구리엔 왜 대기업 대형마트가 없는것인가 속상했던 1인. 물론 엘마트가 낙찰되고 잘 운영했다면 상관없었겠...blog.naver.com찾아보니 블로그로 롯데마트가 다시 돌아온다는 블로그 글이 있네요구리시와의 임대료문제로 영업종료했다가구리 시민마트 내년 4월 롯데마트 영업 가능해졌다 - 머니S구리시가 지난 4일 시민마트(구 엘마트) 등 점포 명도 소송에서 승소하면서 내년 4월에는 롯데마트의 영업이 가능해졌다.25일 시와 의정부지방법원 남양주지원에 따르면 법원은 시민마트가 물품대금을 기초로 제3자에게 갖고 있는 채권에 대해 가압류와 강제집행을 판결했다.www.moneys.co.kr블로그에서도 언급된 기사인데읽어보시면은 엘마트  시민마트와의 문제도 해결이되어서롯데마트가 다시 영업할 수 있게 되었다고 합니다.참고바랍니다.,2024.11.03.
477377331,477377331_1,"(학생질문)한림대에 구리지역 학생들 많이 가나요?답변/ 다른 지역에 비해 많이들 진학 하는 것으로 알고 있습니다. 우리 가족중에 한명도 한림대 일본어학과 졸업해서 일본으로 단기유학 6개월 갔다와서 현재는 일본 대사관에서 근무중이거던요..이유로는 ..1) 교통환경이 뛰아나고 근거리라 다른 지역보다는 구리시에서 등 하교가 가능해 대학생활 생활비를 줄일수 있고 집밥 먹으면서 학업에만 전념할 수 있다는 장점이 있고 2) 그래도 한림대학교를 졸업 했다면 어디가서 개무시는 안당하는  비교적 이름이 있는 대학이기 때문에 그런것 같습니다.대학은 초  중  고를 졸업하고 처음 사회로 진출하는 징검다리입니다. 현명하게 잘 판단하셔서 행복한 대학 생활되시길 바랍니다. ..화이팅!!학교폭력예방 / ""가해자는 장난..피해자는괴롭힘""-----------------------------------------------------------------------------오민석/ 법학사  학교폭력상담사  청소년 심리사  학교폭력 어벤져스 팀 운영자  현직 언론인 010-5631-3004 / 이메일 =joongboo2002@hanmail net유튜브 체널 = 알/쏭/달/쏭? 학교폭력 ..사례별 분석과 해법 연재중임다.""클릭 둘러보세요“https://youtu.be/qBLUiv6AWkw?si=secqVDsGauPSg0C8",2024.11.03.
477377331,477377331_2,넵 남양주쪽  itx  경춘선 영향으로 많이 옵니다.,2024.11.06
477328325,477328325_1,"(학생질문) 내신 180점대이고 문과입니다.구리여고가 내신 점수 따는 것이 더 수월하다고 하는데 학생 수가 매번 미달이다 보니 걱정입니다.구리여고와 토평고 중 어느 고등학교에 가는 것이 더 좋을까요?(답변) 고민하는 모습이 아름ㄷ답네요.. 현명한 판단 하셔서 꼭! 큰 사람 되시길 바라며 답변드립니다.1. 구리여고와 토평고의 문제라.. 우선 장점만 말씀 드릴테니 한버 ㄴ판단을 해보세요..가)구리여고 = 구리시에서 꽤 역사가 깊은 곳입니다. 현재 2024년  이경희라는 시의원도 배출했고  각계의 사회  교육  봉사   행정기관 분야에서  다양하게 호라동중에 있습니다. 그러기 대문에 사회생활 할때 도움이 많이 되겠지요. 또하나의 장점은 여학교라는 점으로 꿈많은 학창시절 추억을 차곡차곡 샇는데 좋습니다. 그런데 문제는 역사는 깊은데 공부에서는 별로라  하지만 내신을 걱정 하신다면 내신을 쌓기에는  딱 좋은 곳으로 사료 됩니다.나)구리 토평고 = 구리 토평동이 택지개발 되면서 학고가 들어섰습니다. 그래서 역사는 그렇게 깊지 않습니다. 하지만 최근 구리시의 신흥 명문으로 떠오르고 있는데 택지개발로 유입된 인구의 대부분이 서울이다 보니 학업수준이 이전의 경기도 구리시 토박이들과는  여건이 다르기 때문입니다. 대부분 명문학원들도 학교인근에서 교문동 까지 이어지고 있습니다.하지만 고민하시는 것 처럼 대학을 위한 내 내신을 지키기 위해서는 자기노력이 그 만큼 필요하다고 생각해야 합니다.특히 남녀공학이라  좋을수도 있지만 학업에만 점념하고 싶은 경우에는 살짝 고민이 필요합니다.아무쪼록 현명한 판단하시길 바라고.. 좋은 결과 있기를 바랍니다. 추가 질문있으면 남겨주세요.  성심껐 답변드리겠습니다 학교폭력예방 / ""가해자는 장난..피해자는괴롭힘""-----------------------------------------------------------------------------오민석/ 법학사  학교폭력상담사  청소년 심리사  학교폭력 어벤져스 팀 운영자  현직 언론인 010-5631-3004 / 이메일 =joongboo2002@hanmail net유튜브 체널 = 알/쏭/달/쏭? 학교폭력 ..사례별 분석과 해법 연재중임다.""클릭 둘러보세요“https://youtu.be/qBLUiv6AWkw?si=secqVDsGauPSg0C8",2024.11.03.
477251152,477251152_1,정시 보다는 수시로 대학 진학 많이 합니다.올해 커트라인 소폭(5-10점) 올라 갈것 같습니다,2024.10.30.
477251152,477251152_2,"(질문)동화고 가고싶은 현중3 입니다..동화고 내신따기 어렵다고 들었는데요 동화고 오는 애들 대부분이 공부를 잘해서 걔네들 따라가기 어렵다고 하는데요.1. 정말 열심히해도 수시로 가는건 어려운가요? 정시로 가는것은 어떤가요?2.이번년도 동화고 커트라인이 올라갈까요?(답변) 공부욕심이 상당한 친구같아요.. 목표도 확실하고 응원합니다. 아무쪼록 깊은 고민하셔서 진학 성공하길 바라고 저도 동화중  동화고등학교 출신입니다. 반드시 진학하셔서 저의 후배가 되어주세요..^^1. 동화중  고는 사립학교 입니다. 미션스쿨 (기독교)이고요. 지역 인근의 학교보다는 공부  학업율이 대단합니다. 중학교 수업방식과는 다르지요.. 1985년도인가 ? 제가 중학교 다닐때 갑자기 커트라인이 생기면서 저의 친구 13명중 저만 동화고등학교 진출 하고 나머지는 전부 떨어져서 금곡  덕소 심지어는 양수리까지 진학을 해야 했습니다.그런데 친구들은 그쪽으로 가서 전교 5등안에 들더라고요.. 저는 중간성적 밖에 안되는데 대학진출에 조금 손해를 봤지요.. 하지만 그들보다는 좋은 대학에 진학을 했어요..2. 여기에 답이 있습니다. 내신이 아무리 좋더라도 내실력이 우선입니다. 향후 대학을 어느과를 진출 할지 모르지만  내신을 잘 받으려 하향 조정 하시기 보다는 내실력을 향상 시킬수 있는 고등학교를 진출 해야 합니다.동화고는 분위기가 싸합니다. 자기주도 학업을 하는 곳이라 여차 하면 적응 못합니다. 사회생활 할때도 유리합니다. 구리나 남양주에서 동화고 나왔다면 알아줍니다. 정치계  시청  경찰서  관공서  농협  등등 어느곳이던 동화고 인재들이 장악을 했습니다.3. 현재 중3이라고 하셨지요.. 내 꿈이 저곳에  있다면 쟁취 하셔야지요.. 지금와서?.. 좀 늦었겠지만 이번 기말부터 준비해보세요..조금더.. 조금만 더.. 그리고 봉사 등 가산점 받을수 있는 점수도 꼭! 챙기시고.  이번 년도 커트라인은 약간 올라갈것 같긴해요.. 해가 갈수록 진학하고자 하는 학생들이 정말 많아요.. .부모님   학원선생님과 잘 상의해 보시고 ..화이팅!! 학생의 꿈을 응원합니다. ..학교폭력예방 / ""가해자는 장난..피해자는괴롭힘""-----------------------------------------------------------------------------오민석/ 법학사  학교폭력상담사  청소년 심리사  학교폭력 어벤져스 팀 운영자  현직 언론인 010-5631-3004 / 이메일 =joongboo2002@hanmail net유튜브 체널 = 알/쏭/달/쏭? 학교폭력 ..사례별 분석과 해법 연재중임다.""클릭 둘러보세요“https://youtu.be/qBLUiv6AWkw?si=secqVDsGauPSg0C8",2024.11.03.
477155671,477155671_1,(질문)밖에 버려진 냉장고에 붙어 있는 쿠폰인데 이 쿠폰 현재 구리시에서 시용 가능한가요?답변 .1. 글쎄요 버려진 냉장고가 열마 얼마나 됐는지 확인해봐야 되고   냉장고 사용욘수가 보통 10년 넘어까지 사용하는데2. 그건 공공 쿠폰이 아니고 개인 사업자들 쿠폰이고   쿠폰에 사용기간이 적혀있지 않으면3. 그업체에 전화해봐서 아직 가게가 살아있다면 받지 않을까 십네요 ..일일이 전화ㅐ보는 수밖에는 ..,2024.11.04.
477078825,477078825_1,요즘은 100L 봉투 판매하지 않습니다75L 봉투가 제일 큰 봉투입니다,2024.10.25.
477078825,477078825_2,구리시내 편의점에서  75L 구입하면 됩니다.지금은 더이상 100L는 판매하지 않습니다.,2024.10.26.
476936613,476936613_1,구리시 한식집 논두렁24시구리점 추천합니다위치 참고하시기 바랍니다,2024.10.22.
476913970,476913970_1,고시원 개인별 화장실은 옵션별 선택 3 ~ 5만 원 정도 더 비쌈고시원 넷 에서 보면 지역 화장실 밥 창문 등 옵션 별로 전부 볼 수 있음,2024.10.21.
476913970,476913970_2,https://naver.me/x7BIALjV스테이 더 옴므 : 네이버방문자리뷰 4 · 블로그리뷰 5naver.me스테이 더 옴므 고시원 추천합니다. ^^,2024.11.02.
476584357,476584357_1,용산역이  중간,2024.10.13.
476102786,476102786_1,방금 검색한 따끈따근한 검색결과입니다츨시한지 얼마 안되었네요~!!인기가 많아 재출시한거라고 하니 얼른 전화해보시길 바래요,2024.10.02.
476045440,476045440_1,일단 구리시에서 전교권해도 국민대 중앙대 정도라고 했는데  그 말 부터 틀린 것 같네요. 저희학교 선배들 중에는 스카이랑 서성한 건동홍까지 가신 분들 꽤 있으십니다.광동고냐 토평고냐 고민하신다면 자신이 주변 분위기를 타는지 안타는지 생각해보시고 결정하는 것이 좋을 것 같습니다. 광동고는 학습환경이 잘 갖춰져있지만 내신 따기 어려울거고 반대로 토평고는 학습환경은 비교적 떨어지지만 내신따기는 비교적 쉬울겁니다.근데 성적이 그렇게 좋으시진 않은 거 같아서 토평고 추천해드립니다. 저도 중학교에선 전교권이었는데 고등학교에선 다 쓸모없더라고요.그리고 구리시랑 남양주시는 약간 통합되어있는 느낌이라서 구리시에서 남양주시 고등학교 지원할 수 있습니다.,2024.10.27.
476042081,476042081_1,교문동,2024.09.30.
476042081,476042081_2,1.네 있습니다  구리시 교문동 딸기원 입니다2.대책은 딸기원 버스 정류장에서 내리고 중개소에 예약 합니다,2024.09.30.
476014711,476014711_1,안녕하세요 갈매역 헬스장 찾으신다면갈매역 바로 앞 아이파크 애비뉴 상가에 있는초보자를 위한 진짜 헬스장 에그짐 구리 갈매역점을 추천드립니다에그짐 구리 갈매역점은 8월 오픈하여 쾌적하고 깨끗한 시설을 유지하고 있으며오롯이 헬스에만 집중 할 수 있는 센터로 자리매김하고 있습니다저희 헬스장은 주차 1500대 5시간 무료로 가능하며제일 최근에 생긴 헬스장으로 시설과 청결은 지역에서 최고라고 자부합니다현재 회원님들의 긍정적인 의견만 쌓이고 있으며 네이버 리뷰에서도 증명된 헬스장입니다가짜 PT  무료 OT를 PT로 속이는 그런 헬스장이 아닙니다등록전에만 친절하고 등록 후 나몰라라하지 않습니다회원님들이 운동을 오고싶어하게 만드는 그런 헬스장항상 관리가 잘 되어있는 에그짐 구리 갈매역점입니다별 5개짜리 헬스장을 찾으신다면 에그짐 구리 갈매역점으로 오세요깔끔한 시설  다양한 기구  친절한 직원  쾌적한 운동 환경을 제공합니다에그짐에서 회원님들의 건강을 도와드리겠습니다 :)문의사항은 편하게 연락주세요TEL : 031-571-9050에그짐 - 갈매헬스장 / 갈매헬스 / 갈매PT / 별내헬스장/별내헬스/별내PT(@eggym_galmae) • Instagram 사진 및 동영상팔로워 107명  팔로잉 171명  게시물 48개 - 에그짐 - 갈매헬스장 / 갈매헬스 / 갈매PT / 별내헬스장/별내헬스/별내PT(@eggym_galmae)님의 Instagram 사진 및 동영상 보기www.instagram.com에그짐 구리갈매역점경기도 구리시 경춘북로 252 제841동 제2층 제비220  221-1호,2024.09.30.
476014711,476014711_2,갈매헬스장에서 유일하게 해외머신으로 풀셋팅에 가장 넓은 샤인휘트니스 추천해드려요!!가장 많은 머신의 종류와 초고가 머신셋팅으로 되있는데 가격까지 착해요!!,2024.10.25.
475830045,475830045_1,"안녕하세요.구리 클래스원스테이 추천드립니다. 방이 넓고 아주 깨끗합니다 추천드립니다방구하는 어플  ""독립생활""이라는 앱을 통해 확인해봤어요.더 싸고 더 좋은 방이 많이 있으니 아래 링크나 어플을 통해 확인보세요~링크 : www.dokliplife.co.kr혹은 구글 플레이스토어휴대폰 어플 ""독립생활"" 앱을 통해 방을 손쉽게 구할 수 있는데 고시원 검색  이용정보  방 시설 사진을 확인하고 비대면 룸투어부터 온라인 예약 및 결제까지 한번에 진행 가능합니다!!!비대면 방보기 VR룸투어는 언제 어디서든 휴대폰에서 실시간 방을 볼 수 있습니다. 강추 합니다!""독립생활""은 원하시는 지역/대학/역세권/여성전용등으로 고시원  고시텔  원룸텔  쉐어하우스를 검색하고 원하는 금액대별로 찾아서 방을 둘러보고 월세  보증금 확인 후 방 예약  결제까지 한번에 가능합니다.한달 단위 계약이라 부담없이 지낼 수 있고 다른 고시원으로 이동하는데 전혀 부담이 없습니다.5  10만원 고시원별 할인쿠폰과 신규가입 할인과 후기작성 쿠폰으로 좋은 방을 싸게 할인받을 뿐 아니라 "" 한달 단기거주 "" 계약도 가능하여 부담없이 생활 할 수 있습니다.신용카드결제  카카오페이  네이버페이 결제도 가능합니다.",2024.09.26.
475830045,475830045_2,스테이 더 옴므 추천합니다. ^^스테이 더 옴므 : 네이버방문자리뷰 4 · 블로그리뷰 5naver.me,2024.11.02.
475760125,475760125_1,아쉽지만 갈매는 늦게까지 하는 코인노래방이 1시까지네요ㅠㅠ세븐스타 갈매점이 1시까지 운영해요옆쪽 별내로 넘어간다고 해도 여기도 최대 2시까지만 운영중입니다,2024.10.02.
475628840,475628840_1,네 있습니다  구리역 길건너 입니다구리 전통시장 주변이 번화가  입니다방탈출카페보드게임카페만화카페고양이카페디저트카페사주카페볼링장포켓볼탁구장당구장코노방인형뽑기방맛집가기영화관PC방등등 입니다,2024.09.21.
475628840,475628840_2,구리는 닥 돌다리사거리죠여기에 왠만한 거 다있어요,2024.10.02.
475299364,475299364_1,갈매동에 수중전골짬뽕집 영업시간 참고하세요영업시간화~토 11:00 ~ 21:30일       11:00 ~ 20:00화~금 휴식시간 15:30 ~ 17:00휴무일월요일,2024.09.13.
475231185,475231185_1,[ CJ대한통운 송장번호 : 687324821092 ]보내는분 : 주**받는사람 : 유**인창대리점 집화처리 2024-09-10 01:06:28구리MP SM입고 2024-09-10 22:42:22 구리MP구리MP 행낭포장 2024-09-10 22:42:22예상 배송일 : 09월 12일 [목요일] 입니다.경기도 구리시에서 강원도 원주시로 가는 택배인데요. 내일 받으실 확률이 높아보입니다. 지연된 상황이지만  정상적으로 발송처리된 상태입니다. 지금 상황으로는 내일 수령하실 확률이 높은 상태입니다.내일 오전중에 배송조회를 한번 더 해봐야 내일 수령여부를 보다 정확히 파악할 수 있을듯 합니다.허브[물류센터] 및 해당 지역의 배달물량에 따라 간혹 지연될수도 있습니다.,2024.09.11.
475231185,475231185_2,도착지 대리점 배송 준비중입니다오늘 배송 완료 됩니다운송장 번호보내는 분받는 분상품 정보수량687324821092주*유*모어 와이드 데님 팬츠 (OIL WASHED INDIGO) M 1 무신사1상품 상태 확인단계처리상품상태담당 점소상품인수2024-09-10 01:06:28보내시는 고객님으로부터 상품을 인수받았습니다인창대리점상품이동중2024-09-10 22:42:22배송지역으로 상품이 이동중입니다.구리MP배송지도착2024-09-12 07:31:17고객님의 상품이 배송지에 도착하였습니다.(배송예정:정성준 010-5390-0699)원주,2024.09.12.
